1,1,0,0,0,1,0,1,0,0,0,0,0,0,0,1,1,0,1,0,0,1,0,0,0,0,0,1,0,0,1,0,1,1,1,1,1,0,1,0,0,0,0,0,0,0,0,1,1,0,0,1,0,0,0,1,0,1,0,1,1,1,1,1,0,0,1,0,0,1,0,0,1,1,1,1,0,0,0,1,1,0,0,0,1,0,1,1,1,1,0,1,1,0,1,0,0,0,0,0,-0.056902585,-0.372524075,-0.067613451,-0.040011643,-0.036583441,-0.036602023,-0.093479912,-0.145032388,-0.171218461,-0.584760769,-0.151650823,-0.170158898,-14.72480326,-0.108568164,-0.313820949,-0.255014038,-0.290309522,-0.276418047,-0.383888701,-0.475190113,-0.382712186,-0.313285134,-0.305844653,-0.424743999,-0.901471963,-3.345814847,-10.12523553,-2.993322973,-8.85559729,-8.293422719,-1.075203216,-0.963449867,-3.384804715,-5.220750391,-1.236014278,-1.926957411,-1.578213648,-5.535770647,-1.6884086,-0.785863069,-0.372917898,-0.471647871,-2.217959873,-2.417168153,-3.359297443,-10.70003122,-10.82680823,-1.169810385,-0.589947487,-0.539911378,-1.087865973,-6.88145609,-6.037613644,-1.655797691,-1.035731954,-0.773821279,-0.722734269,-2.044756588,-0.908232993,-1.224834037,-0.613858326
0,1,1,1,1,0,0,0,1,0,0,1,0,1,1,0,0,0,1,1,0,1,0,1,0,1,1,0,0,0,0,1,1,0,0,1,1,0,1,0,1,0,1,1,0,0,0,0,1,0,1,0,0,1,1,0,1,0,0,1,1,1,1,1,0,1,0,1,0,0,1,1,0,0,1,1,0,1,1,1,1,1,1,1,0,0,1,1,0,0,0,1,0,0,1,0,1,1,0,1,-0.015697715,-0.017492331,-0.021027633,-0.025791434,-0.033649859,-0.055104746,-0.188165003,-0.103642754,-0.368402817,-0.018832518,-0.024646786,-0.035328511,-0.04862547,-0.07186802,-0.152661614,-6.9362131,-0.457985379,-0.409346318,-0.625868871,-1.149287088,-1.371778956,-0.557535746,-0.194246685,-0.909718421,-1.837632496,-0.337255845,-0.156973266,-0.135967311,-0.178230687,-0.307680771,-0.587275727,-2.084948524,-18.01712456,-2.151849076,-1.378839715,-1.356357312,-1.519532035,-1.499074252,-1.304219694,-1.13910727,-1.244327589,-1.504881969,-1.369509942,-4.272075963,-0.924655638,-0.616671414,-0.603514883,-0.616493373,-0.805409816,-2.603128027,-1.252039005,-0.793854384,-0.777272318,-0.845772047,-1.005418176,-1.285064114,-1.790792458,-2.244043634,-2.689421053,-2.791503378,-2.271206881
0,0,0,0,0,1,0,0,1,1,0,0,1,1,0,0,1,0,0,1,1,1,0,0,0,1,1,0,1,1,0,1,1,1,1,1,1,0,0,1,0,1,1,0,0,1,0,0,0,0,1,1,1,1,1,1,1,0,1,1,0,1,1,1,1,1,0,0,1,0,1,1,1,1,0,1,0,0,1,0,1,0,0,1,0,1,0,0,0,0,0,0,0,1,0,1,1,1,0,1,-0.003016676,-0.003345843,-0.004237385,-0.005217383,-0.006467725,-0.00821577,-0.009907492,-0.012271672,-0.014993592,-0.017503016,-0.020856504,-0.02378112,-0.025695288,-0.02969725,-0.033032401,-0.037619158,-0.043330671,-0.052170753,-0.058539427,-0.057759897,-0.064741748,-0.070082895,-0.075865638,-0.081536479,-0.088150245,-0.096695346,-0.107718356,-0.111439011,-0.118127059,-0.129270195,-0.13660222,-0.140695586,-0.146764322,-0.147922246,-0.154811642,-0.156164135,-0.153803824,-0.150309912,-0.145641667,-0.127491333,-0.134210834,-0.131587829,-0.128924161,-0.126595234,-0.127504596,-0.131010197,-0.144355835,-0.143664703,-0.144167126,-0.152426953,-0.162614474,-0.184944303,-0.194141549,-0.199851338,-0.214507006,-0.228005743,-0.238947801,-0.260535967,-0.288743408,-0.306285717,-0.346139395
0,1,0,1,0,0,0,1,1,1,0,0,0,0,0,0,1,0,0,1,1,0,1,0,0,0,0,1,0,1,0,1,0,1,1,1,1,0,1,1,1,1,1,0,1,1,1,1,1,0,1,1,0,0,0,1,1,1,0,1,0,1,0,1,0,1,1,0,0,1,1,1,0,0,0,0,0,1,0,1,0,0,0,0,0,1,0,1,1,1,0,0,1,0,0,1,1,1,1,1,-0.417120686,-0.006728493,-0.009040597,-0.013262144,-1.133845132,-0.109336682,-0.496614155,-0.105190702,-0.389648872,-0.428772523,-0.658157554,-0.467299985,-0.334318682,-0.158662467,-0.128712422,-0.61072235,-0.062309728,-0.636178732,-4.56280595,-0.11100447,-0.138163499,-0.207737345,-0.612360297,-1.009571425,-1.080668004,-1.196410681,-1.134724803,-12.14174955,-1.026001372,-2.489715831,-12.06023869,-2.963338973,-1.228112027,-0.613547263,-0.399100007,-0.448490942,-1.64242232,-8.363498357,-10.40957513,-3.55678989,-1.328220787,-1.744912982,-7.97720349,-2.470157572,-16.60430471,-1.255344023,-0.942413666,-1.120007241,-11.06636082,-5.850433739,-0.98810975,-1.570945717,-2.260450612,-2.891146152,-2.499795766,-1.326414005,-0.84329847,-0.72336631,-0.905474821,-0.457110432,-0.458914986
0,1,1,1,0,0,0,1,0,0,0,0,0,0,1,0,1,1,1,1,0,1,1,0,0,1,0,0,1,0,1,0,0,0,1,0,1,1,1,1,0,1,1,0,0,0,0,0,0,0,0,1,0,0,0,0,1,0,1,0,1,0,0,1,0,0,0,0,0,0,0,1,0,1,0,1,0,1,0,0,0,1,0,1,1,0,1,1,1,1,1,0,1,1,1,1,1,1,1,0,-0.018431432,-0.012127525,-0.01169045,-0.012228707,-0.013819148,-0.01765316,-0.018893865,-0.022787892,-0.027727728,-0.034165488,-0.039340852,-0.051189048,-0.060362582,-0.083061206,-0.123542622,-0.218631754,-0.499650477,-1.770303204,-2.070373148,-0.704487725,-0.349825289,-0.23270875,-0.234792495,-0.270877552,-0.368752337,-0.592293089,-1.099977786,-2.215545084,-3.111196378,-3.273356295,-1.917037908,-1.219753503,-1.630465757,-0.739399312,-0.609606099,-0.422259581,-0.378174439,-0.43932357,-0.641045945,-1.730117296,-9.239063285,-2.559310879,-2.00245423,-3.237064146,-6.407089826,-1.927869755,-0.85574477,-0.673203304,-0.870070728,-1.485070348,-3.64539461,-3.807666134,-1.60400243,-0.910490501,-0.633312844,-0.531608,-0.480984872,-0.452716508,-0.498934214,-1.074944137,-4.506257925
1,1,0,1,0,0,0,0,0,1,0,0,1,0,0,0,0,1,0,1,1,0,1,0,0,1,1,0,1,1,1,1,0,1,0,1,1,0,0,0,0,1,1,0,1,1,0,1,0,0,0,1,1,1,1,1,1,1,0,1,1,0,1,0,1,1,1,1,1,0,1,0,0,1,1,0,0,1,1,0,0,0,0,0,1,1,1,0,0,0,0,1,0,0,1,0,0,0,0,1,-0.007831875,-0.04273317,-0.053560548,-0.028806109,-0.024019819,-0.024283764,-0.027932894,-0.043800854,-1.591732818,-0.094713364,-0.060764287,-0.05872348,-0.06016538,-0.316794876,-0.099273417,-0.12491717,-0.108244927,-0.13163844,-5.340638899,-0.457464561,-0.495245026,-0.653750575,-0.865552464,-1.513565268,-3.429126041,-1.141364707,-0.688712972,-0.494682051,-0.418390661,-0.431248287,-0.670868373,-1.83496798,-0.404362787,-0.28709453,-0.250862619,-0.304269365,-1.417252312,-0.223932208,-0.222724592,-0.327622259,-0.859669881,-0.808059482,-0.277003284,-0.261173495,-0.335320942,-0.358305201,-0.501511731,-0.82084467,-1.587685641,-3.480845716,-8.499765181,-8.271884509,-4.557592076,-2.920305156,-2.171187738,-1.790006096,-1.653268739,-1.602358143,-1.54015351,-1.52545394,-1.562796311
0,0,0,0,1,0,1,1,1,0,1,1,1,0,0,1,1,1,1,1,1,0,0,1,0,1,0,1,1,0,1,0,1,0,1,1,0,1,1,0,0,0,0,1,1,1,1,0,1,1,1,1,0,1,0,1,0,0,1,1,0,0,0,0,1,0,0,0,1,1,0,0,1,0,1,0,0,0,1,1,1,0,1,1,1,0,0,1,1,0,0,1,1,1,1,1,0,0,0,1,-0.003015025,-0.003514669,-0.005928333,-0.00519732,-0.006541696,-0.008237571,-0.008884576,-0.012059143,-0.014827111,-0.017834365,-0.020765607,-0.023697823,-0.026362252,-0.029113669,-0.030960704,-0.037322981,-0.041116445,-0.048885493,-0.039136318,-0.059338924,-0.067331836,-0.070470125,-0.076283042,-0.078833789,-0.088701295,-0.097218541,-0.104189269,-0.110778274,-0.124646175,-0.133056187,-0.144561443,-0.14397073,-0.149479369,-0.152187225,-0.158915354,-0.157571165,-0.152494295,-0.152279347,-0.148950765,-0.144136543,-0.138986396,-0.135269335,-0.133615592,-0.133832918,-0.138058389,-0.140802966,-0.150600277,-0.1643875,-0.178893601,-0.184444482,-0.218830741,-0.194780935,-0.135926129,-0.147544273,-0.166244656,-0.198173747,-0.202273113,-0.226723679,-0.251118331,-0.249521757,-0.320422384
1,0,0,1,1,1,0,0,0,0,0,1,0,0,1,1,0,0,0,0,1,0,1,0,1,1,1,1,1,0,0,0,1,1,1,0,1,1,1,1,1,0,1,1,0,0,0,0,1,1,1,0,1,0,0,1,0,0,0,0,1,1,0,1,1,1,0,0,0,1,0,0,0,0,1,0,1,1,0,0,0,0,1,0,1,0,0,0,0,1,1,0,1,0,0,1,1,0,0,0,-0.027130951,-0.079524918,-0.118208226,-0.073056557,-0.04585815,-0.033727199,-0.028717963,-0.025998835,-0.704867909,-0.060453414,-0.077694512,-0.063958843,-0.074340443,-0.095865306,-0.11803593,-0.216869932,-0.59135867,-0.634947074,-0.24215383,-0.179469191,-0.580294606,-0.80728209,-0.130945267,-0.097207029,-0.104322337,-0.12634448,-0.160710135,-0.211547297,-0.303805793,-0.41937533,-0.616093603,-0.882370226,-1.282516681,-1.782468177,-2.169068047,-2.138264901,-1.982363834,-3.710651395,-0.976772197,-0.815997558,-0.628300421,-0.502144279,-0.518855045,-2.330814813,-1.027633422,-0.826178004,-0.722621743,-0.656653287,-0.627718608,-0.616083274,-0.594379859,-0.585388681,-0.633863308,-0.684295883,-0.628543891,-0.690286286,-0.781903747,-0.866995733,-0.986333271,-1.347855954,-2.147725369
1,0,0,1,0,0,1,1,0,0,1,1,1,1,0,0,1,0,1,0,0,1,1,1,0,1,1,1,1,0,1,1,0,0,0,1,1,0,0,1,1,0,0,0,1,1,0,0,1,0,1,1,0,0,1,0,1,1,0,1,1,1,0,0,0,1,0,0,1,1,0,0,0,1,1,0,1,0,1,0,0,0,0,1,0,1,1,1,0,0,0,1,0,1,1,1,0,1,1,0,-0.180757898,-0.264925098,-0.080231458,-0.031177428,-0.026406736,-0.028246603,-0.157619464,-0.982772695,-0.250625276,-0.510826418,-0.100275992,-0.140666806,-1.06976723,-0.306262093,-0.318570691,-0.17000658,-0.508777205,-1.265869126,-1.409536059,-0.591184896,-1.606767608,-0.528886128,-2.110618973,-0.397832615,-0.120710768,-0.307922422,-0.12036824,-0.101756931,-0.138327225,-0.250920053,-1.638127715,-1.350808738,-1.811888709,-1.873753398,-0.922776852,-0.288533707,-0.357561305,-2.209023061,-9.360196075,-4.717881808,-7.378974416,-1.231438983,-1.105176053,-1.977048308,-1.411266332,-0.730942384,-0.668225473,-1.012757377,-6.595267866,-1.625504622,-1.188525342,-2.63066624,-5.402498665,-1.835043776,-1.427821485,-1.696589272,-2.554419688,-2.029906308,-3.735458745,-3.828977885,-7.479225059
0,0,1,0,1,1,0,1,0,1,0,1,0,0,1,0,1,0,1,1,0,1,1,0,0,0,0,0,0,0,1,1,1,0,0,0,1,1,1,1,0,1,0,0,0,1,1,1,0,1,1,0,0,0,1,1,0,0,1,1,1,1,0,0,1,0,1,1,1,1,0,1,1,1,1,1,1,1,0,0,1,1,0,1,1,1,0,0,0,1,0,0,0,0,1,1,0,0,0,0,-0.032177975,-0.010583922,-0.021918185,-0.019348559,-0.022556929,-0.030315219,-0.26313963,-0.211803278,-0.058907678,-0.028213081,-0.045834454,-0.947831127,-0.625888201,-0.270023289,-0.247438705,-0.300905841,-0.314573819,-0.309279793,-0.323502566,-0.337213121,-0.26460841,-0.207105755,-0.138919263,-0.116416341,-0.100451256,-0.094490285,-0.090494747,-0.094717226,-0.088892619,-0.116466255,-0.217293838,-2.03928528,-1.240409742,-8.938856049,-4.300217772,-2.953321732,-0.96863803,-0.937296745,-0.735303238,-0.972929758,-1.651618442,-3.229650991,-1.748278206,-1.247889811,-1.021268838,-0.775881456,-1.286270892,-3.696886124,-6.082043405,-2.353904737,-1.449391985,-1.134576685,-0.973269392,-0.891485736,-0.883020988,-0.806116706,-0.862262554,-0.965867084,-1.175416103,-1.106621966,-1.15635981
1,1,1,1,1,0,0,0,0,0,1,0,0,0,1,0,0,0,1,1,1,1,1,1,1,0,0,1,1,1,1,0,0,1,0,0,0,0,0,1,0,0,1,1,1,0,1,0,0,1,0,0,0,1,0,1,0,1,1,1,1,0,0,1,1,0,0,0,1,0,1,0,0,1,0,1,0,0,0,0,0,0,0,0,0,1,0,0,0,0,0,0,1,1,1,1,0,0,1,1,-0.027041057,-0.018748693,-0.021035988,-1.683068619,-0.056925183,-0.134899663,-0.463291992,-0.485493296,-0.37820764,-0.32266188,-0.395311562,-6.474498849,-0.199778705,-0.304715413,-0.414013914,-0.412038739,-5.673169564,-1.462843313,-0.342916063,-0.295076465,-0.640140802,-0.630510121,-0.439349049,-0.29805178,-0.215207919,-0.153563887,-0.103116491,-0.186580299,-2.154390677,-0.670435764,-2.585121084,-0.533843112,-0.514175722,-0.530939979,-1.294069379,-0.713820287,-0.787110727,-1.008300927,-1.684042195,-3.187536482,-5.581250462,-0.749538769,-0.768158028,-12.11395501,-7.785467429,-3.086288806,-3.540749357,-6.855090066,-1.758972705,-3.754583226,-8.702690849,-7.420604476,-2.626107201,-1.730992783,-1.386507165,-1.676661241,-2.210715282,-3.24396005,-6.153140654,-6.618802408,-10.15711754
1,0,0,0,0,0,1,1,1,0,1,0,0,1,0,1,0,1,1,0,1,0,0,0,1,1,1,1,0,0,0,0,0,1,1,1,1,1,0,1,0,0,0,1,1,1,1,1,0,1,1,1,0,1,0,1,1,0,0,1,0,1,0,1,0,0,1,1,1,1,1,1,0,0,1,0,1,1,0,1,1,1,0,0,0,0,0,0,1,0,0,1,0,0,1,0,0,1,1,0,-0.080004474,-0.103834849,-0.028862431,-0.026775354,-0.083982696,-0.04421079,-0.080215895,-0.248233894,-0.362928212,-0.081649068,-0.056243287,-0.068076721,-0.14370279,-1.832510575,-0.23064919,-0.558905712,-0.781670904,-0.863024708,-0.477777687,-0.183420688,-0.113815134,-0.901865312,-0.358088863,-0.301353672,-1.077017375,-0.775387651,-0.694137922,-0.281952645,-2.890533919,-0.51414311,-0.179144932,-0.155189383,-0.202888655,-0.946880173,-4.511896482,-1.069875821,-0.894084381,-2.984670336,-3.230565698,-5.154066436,-2.174735308,-2.566508723,-0.569628086,-1.491722018,-0.554797643,-0.797299564,-3.367389941,-2.48205455,-0.738144917,-0.618181577,-0.560956507,-2.350950145,-0.838844002,-0.820683637,-1.742467448,-2.21241223,-3.83449261,-8.625248287,-1.08722935,-1.141495233,-8.767123502
0,1,0,0,1,0,1,0,0,1,0,1,0,1,1,0,0,1,0,0,1,0,0,0,1,1,0,1,1,0,0,1,1,0,0,1,1,0,0,1,0,1,1,0,0,1,0,0,1,1,0,1,0,1,0,1,1,0,0,0,0,0,0,1,1,0,1,1,0,1,1,0,0,0,1,1,0,0,0,0,1,0,1,0,1,0,0,0,0,0,1,1,0,1,0,0,1,1,1,1,-0.037498932,-0.082911133,-0.181442214,-0.122417113,-0.113332503,-0.082794736,-0.037593019,-0.015035579,-0.019395296,-0.030966408,-0.088929513,-0.09580306,-0.402251104,-0.030385365,-0.049661442,-0.107309736,-0.526039142,-1.250296832,-0.716182803,-0.253072685,-0.122726437,-0.089582988,-0.139756908,-0.064556897,-0.065882127,-0.062207251,-0.601306469,-0.194005931,-3.71959717,-0.500764678,-0.296229903,-0.261778358,-0.360959374,-0.565508817,-1.273595716,-16.5120032,-4.745340765,-11.75089342,-1.898927554,-3.338208211,-2.484436193,-13.01072669,-6.013978852,-1.775258656,-1.132613756,-0.985121566,-1.526348569,-1.544754519,-1.711489745,-1.736864835,-1.852948169,-1.940814581,-1.892407027,-1.758083231,-1.602225736,-1.504737858,-1.392898511,-1.310203218,-1.322129274,-1.428107896,-1.726586738
1,0,1,1,1,1,1,1,1,1,1,0,1,0,0,0,1,1,0,1,1,0,0,0,1,1,0,0,0,1,1,1,1,1,0,1,0,1,0,0,0,0,1,0,0,0,0,0,1,0,1,0,1,1,1,0,1,1,0,1,0,1,0,1,1,1,0,1,1,1,1,0,1,1,0,0,0,0,0,1,1,1,1,0,0,0,0,0,1,0,1,1,1,0,0,0,0,0,1,1,-0.011326692,-0.049499456,-0.093620419,-0.293373949,-0.058577948,-0.020769627,-0.073139201,-0.143998938,-0.710524377,-6.034101712,-0.669394152,-0.340033605,-0.077152989,-0.038586213,-0.026980324,-1.306890098,-0.062483923,-0.076094971,-0.378502038,-0.035239458,-0.042564134,-0.062781227,-0.069204743,-0.199727208,-4.847801638,-6.135764084,-0.214213689,-0.169841112,-2.337204818,-2.155710585,-0.674930883,-0.49218474,-0.48899562,-1.050270459,-4.314151284,-2.464681322,-1.341066797,-2.116167465,-3.586566407,-4.147968699,-5.353275267,-5.759985526,-3.464379095,-2.797120282,-2.412325854,-5.374929953,-6.17618577,-9.238138424,-3.596920802,-1.831447708,-1.124060889,-0.79604701,-0.623986943,-0.540118768,-0.545333484,-0.641252589,-0.850122522,-1.168449035,-1.589470073,-1.870271193,-1.775787425
0,1,1,1,1,0,1,1,1,0,1,1,0,1,1,1,0,1,1,1,1,1,0,1,1,0,0,0,0,1,0,0,0,1,1,0,0,1,1,0,1,1,1,1,0,1,1,1,0,1,0,0,0,1,1,1,1,0,1,1,1,0,0,0,1,0,1,0,1,0,1,0,0,0,1,1,0,0,0,0,0,0,0,1,0,0,1,0,1,0,1,1,0,1,1,0,1,0,0,0,-0.006172691,-0.007220034,-0.008593906,-0.009636925,-0.011464031,-0.014684168,-0.015162359,-0.018120134,-0.022795739,-0.023790107,-0.02990941,-0.03511295,-0.040586944,-0.043023529,-0.048251901,-0.057095089,-0.06274944,-0.075638351,-0.111935502,-0.174462777,-0.304466866,-0.629388901,-1.398655617,-1.581096344,-0.857777809,-0.440621605,-0.301258348,-0.210250582,-0.184819203,-0.190904585,-0.216224379,-0.250091282,-0.337736419,-0.49662633,-0.722010226,-1.435277492,-2.970443604,-11.64599621,-4.441503715,-1.583285764,-0.859205991,-0.52292212,-0.375991374,-0.288599862,-0.241935635,-0.21458198,-0.210378045,-0.209619145,-0.214489513,-0.218718751,-0.241343392,-0.270962729,-0.256961266,-0.237540985,-0.239633288,-0.249364577,-0.246045349,-0.238144324,-0.254990645,-0.324255644,-0.401940743
0,0,0,1,0,1,0,1,0,0,1,1,0,0,1,0,1,0,0,0,1,1,1,0,1,1,1,0,0,1,1,1,0,1,1,1,0,1,0,0,0,1,0,0,0,1,0,1,0,1,0,1,0,1,0,1,1,0,0,0,0,0,0,1,1,0,0,0,0,0,1,0,1,0,1,1,1,0,0,0,0,0,0,1,0,1,1,1,0,0,1,1,0,0,1,1,1,0,0,1,-0.00303331,-0.003652837,-0.005025517,-0.004961759,-0.006340516,-0.007972284,-0.009976399,-0.012425932,-0.015154321,-0.018601544,-0.021981142,-0.025614586,-0.029789591,-0.042091902,-0.031542811,-0.060165369,-0.031456599,-0.037362527,-0.049680922,-0.056311409,-0.062591596,-0.068426053,-0.074059661,-0.079339944,-0.086750814,-0.09605764,-0.102191745,-0.112980293,-0.131259847,-0.136907309,-0.15661428,-0.148629732,-0.204003135,-0.142849995,-0.148949969,-0.162577888,-0.147762307,-0.176182594,-0.137093171,-0.134753588,-0.129970144,-0.118559672,-0.123253482,-0.120187804,-0.121910732,-0.121685564,-0.122659134,-0.130215823,-0.142543487,-0.149283277,-0.151477387,-0.1565291,-0.165884594,-0.196267641,-0.208930075,-0.194268477,-0.231310784,-0.243497938,-0.260906348,-0.303159267,-0.344791373
0,0,1,1,0,1,0,0,0,0,1,0,0,1,0,1,0,1,1,1,0,1,1,0,0,0,1,1,1,0,0,0,0,1,1,1,0,0,0,0,0,0,1,0,1,0,1,0,1,1,1,0,0,1,1,0,1,0,1,1,0,1,1,0,0,1,0,1,0,0,0,1,1,1,0,1,1,0,0,1,0,1,1,1,1,1,0,1,0,0,0,1,0,1,1,1,1,0,1,0,-0.030681426,-0.032601323,-0.032259821,-0.027054218,-0.022270257,-3.581954864,-0.160568794,-0.534233141,-0.264750507,-0.35182897,-1.039902681,-0.794464918,-1.098993133,-1.017863861,-0.445807352,-0.842262724,-0.107205762,-0.111941481,-0.532274657,-0.674411322,-0.373964992,-0.896532341,-2.621916692,-1.845145185,-0.687153628,-2.065259589,-1.750457565,-1.146617157,-0.694768647,-0.802503231,-0.60214015,-8.613014005,-0.94215025,-0.936633493,-1.861665727,-3.888787367,-1.959498946,-1.772133071,-2.057723213,-4.343705216,-6.684461958,-3.527728914,-4.620275899,-6.456844171,-2.882414754,-1.512128289,-1.032224439,-0.86348205,-1.616262726,-1.919754275,-1.624191381,-3.400463784,-1.680060476,-0.777155229,-1.098875983,-1.951765313,-0.832068024,-1.138449343,-2.35124563,-1.200614335,-1.184788419
0,1,1,1,1,0,0,1,1,1,1,0,1,1,0,1,0,1,1,1,1,1,0,0,0,0,0,1,1,0,0,0,0,0,0,1,0,0,0,1,1,1,1,1,0,0,1,1,1,1,1,0,1,0,1,1,1,1,1,0,1,0,1,1,1,0,0,1,0,1,0,1,0,1,1,1,0,1,1,1,0,1,0,0,0,0,0,0,1,0,1,1,1,1,1,0,1,1,0,1,-0.236751034,-0.041278202,-0.612772386,-0.639216931,-0.11059931,-0.067542904,-1.135067293,-0.087690839,-0.092853439,-0.135440623,-0.50800786,-0.321675067,-0.092872983,-0.041291468,-0.069159174,-0.161352695,-7.40181574,-1.539445546,-0.3132558,-0.147141021,-0.354259774,-0.26895703,-0.435858664,-0.504444293,-0.413447081,-0.323585193,-0.465056484,-0.384320407,-0.347063691,-0.395934833,-0.619182854,-0.174438805,-0.28396809,-1.015670806,-1.017077418,-0.137954825,-0.149528704,-0.154495217,-0.189959727,-0.760719449,-2.048823551,-14.73671717,-0.973688962,-0.486141886,-0.427604956,-0.353359309,-0.586720016,-5.97589025,-0.885682134,-0.608446936,-0.554484088,-2.618302878,-8.483866328,-6.525368438,-3.903402314,-3.668155276,-2.877332243,-6.470148287,-2.282151915,-1.650344031,-1.33155733
0,0,0,1,1,0,0,0,0,1,0,1,0,1,1,1,0,0,1,1,1,0,1,1,0,0,0,1,1,0,0,1,1,0,1,0,1,0,1,0,0,0,1,1,0,1,0,0,0,0,0,0,0,1,0,0,0,1,0,1,0,1,1,0,1,0,1,0,0,0,1,0,0,0,1,0,0,0,1,0,0,0,0,1,1,0,0,0,0,0,0,1,1,1,1,0,1,1,1,0,-0.013284501,-0.018755861,-0.027341281,-0.040625397,-0.060909287,-0.112175511,-0.105497547,-0.076681387,-0.044184703,-0.034422914,-0.02981029,-0.028227012,-0.028795234,-0.02609801,-0.026460167,-0.026076907,-0.046268593,-0.063867263,-0.09986167,-0.140036407,-0.267238458,-0.451019891,-0.693876565,-0.882367993,-0.860943453,-0.664850154,-0.588157363,-0.446919797,-0.340234767,-0.275066679,-0.21440652,-0.196288409,-0.175268775,-0.163958105,-0.161489422,-0.160326168,-0.166711829,-0.20151276,-0.204927239,-0.227678682,-0.262803535,-0.313136729,-0.369503859,-0.450931971,-0.572405565,-0.762410146,-1.075920855,-1.841978105,-2.769501124,-2.690132433,-1.901043495,-1.454907167,-1.148893364,-0.986567334,-0.788478648,-0.984314544,-1.049691663,-1.161413151,-1.365725045,-1.718551188,-2.402888689
0,1,1,1,1,0,1,0,0,0,0,0,1,1,1,1,0,0,1,1,1,0,0,0,0,1,1,0,0,0,0,1,1,1,0,1,1,1,1,1,1,1,1,1,1,0,0,1,1,0,0,1,0,0,0,0,0,0,1,0,0,1,0,1,0,0,0,1,0,0,0,1,0,1,0,0,1,0,0,1,0,1,0,0,1,0,0,1,1,0,0,1,1,0,1,0,0,0,0,0,-0.01958908,-0.01999497,-0.022018551,-0.024963799,-0.024329021,-0.032890808,-0.044219393,-0.062973488,-0.096917405,-0.169927071,-0.308552071,-0.508362509,-0.395162802,-0.246925847,-0.172617213,-0.146694627,-0.147384682,-0.172335479,-0.227330865,-0.29370421,-0.289971709,-0.194755033,-0.110460531,-0.07169757,-0.050130597,-0.039162019,-0.034087088,-0.033018806,-0.039777371,-0.061850053,-0.273543621,-1.590655922,-0.128870681,-0.07664884,-0.071551754,-0.076909433,-0.100853024,-0.166277104,-0.114850065,-0.141058273,-0.299874315,-1.132021397,-0.244747158,-0.211655211,-0.201952574,-0.198735723,-0.200802614,-0.20454303,-0.215170201,-0.210019771,-0.216250581,-0.225876803,-0.231740627,-0.248202946,-0.266241793,-0.383906708,-0.312765337,-0.300462691,-0.299904234,-0.315805286,-0.355561361
1,0,0,1,1,1,0,1,0,0,0,1,0,1,0,1,0,0,0,1,0,0,1,0,0,1,0,1,0,0,0,1,1,0,0,1,0,0,1,0,1,0,1,0,0,0,0,0,1,0,0,1,0,1,1,0,0,1,1,1,1,0,0,1,0,0,1,0,0,0,0,1,0,0,1,1,1,0,0,0,0,1,1,0,0,1,1,0,1,1,0,1,1,0,1,1,0,0,1,0,-0.061027432,-0.087402891,-0.586932539,-0.019283881,-0.040114797,-0.086876994,-0.041542859,-0.06643193,-0.143572181,-0.830022643,-0.471097256,-6.820380137,-0.126006373,-0.753467633,-0.115158645,-0.10295604,-0.225458704,-1.239121981,-0.259590712,-1.950587569,-0.562622905,-0.408154672,-2.261808409,-0.185218368,-0.232589222,-0.377280878,-1.317063745,-3.708798838,-3.269286375,-1.816940799,-2.066231613,-2.757740249,-2.839039699,-2.083625497,-1.742505226,-1.377593163,-1.286234821,-1.087520488,-1.017845175,-1.160386192,-1.541970517,-4.300291121,-2.553817716,-0.312792241,-0.185475608,-0.228518712,-0.271321855,-0.289169942,-0.432706226,-0.298652327,-0.432665479,-0.42047377,-2.167945049,-0.969184359,-1.092180574,-1.417385829,-1.27098669,-1.364784898,-1.986964264,-3.416052878,-7.710169201
0,1,1,0,1,1,0,1,0,1,0,0,0,0,0,1,1,1,0,0,0,1,1,0,1,1,1,0,1,0,0,0,0,1,1,1,1,1,0,1,0,1,0,0,0,0,1,1,0,1,1,1,1,1,0,1,1,1,0,0,0,0,1,0,0,1,1,1,1,1,0,1,0,1,1,0,1,0,1,1,0,1,1,1,0,1,1,0,1,1,0,0,0,1,0,1,1,0,1,0,-0.25032888,-0.135983298,-0.030161739,-0.045254193,-0.139938834,-0.115821345,-0.244650368,-0.200404624,-0.097286831,-0.084466084,-0.060669283,-0.071602423,-0.265773421,-0.070348908,-3.244818608,-0.060808755,-0.045273479,-0.042247032,-0.044051037,-0.052497881,-0.041968202,-0.057065901,-0.078363502,-0.105563449,-0.165522463,-0.285894354,-0.949453445,-10.25261357,-0.808908265,-1.267603022,-0.298362881,-0.334697394,-0.415911953,-0.6270528,-1.121126581,-3.149388875,-9.149611145,-5.124351843,-2.415893273,-1.672970559,-1.504603112,-1.323638935,-1.106148437,-2.959441122,-2.662444,-1.403789024,-1.059808931,-1.198450982,-3.700401432,-2.463469052,-3.214799667,-7.959721072,-5.887020423,-3.839153023,-3.890937829,-5.857840484,-4.741789071,-5.357465647,-2.5018631,-1.542753091,-1.960411528
1,1,1,0,1,0,1,0,1,1,1,0,0,0,1,0,0,0,1,1,1,0,1,1,1,0,1,0,1,1,0,0,1,0,0,0,1,0,0,1,0,0,0,1,1,1,1,1,0,0,0,1,1,0,1,0,1,0,1,0,1,1,1,0,1,1,1,0,1,1,1,1,1,0,1,0,1,1,1,0,1,1,0,1,0,0,1,0,0,1,0,1,0,0,0,1,1,0,0,0,-0.007042611,-0.005596629,-0.008065578,-0.035335607,-0.017364075,-0.045026594,-0.038542875,-0.626353023,-0.82222772,-0.11365146,-0.093107681,-0.276123898,-0.074968025,-0.079013708,-0.077365476,-0.092948033,-0.889202127,-0.146663725,-1.145948396,-1.19233615,-0.975272383,-0.86675211,-0.462933788,-0.239554256,-0.175277164,-0.48649487,-0.443304219,-2.343044345,-0.207082782,-5.400737666,-0.144330993,-0.099663415,-0.117088059,-0.257289203,-0.124697549,-0.09499865,-0.128752336,-1.48232123,-0.246857248,-0.518246956,-19.02883207,-0.614413694,-0.394689726,-0.292998236,-0.353332212,-0.509701823,-0.731460958,-1.242125496,-3.547590955,-6.4209623,-5.878546596,-5.764714398,-5.626963476,-9.968734128,-4.321308865,-1.540086152,-1.002172091,-0.88676289,-0.976152482,-1.235605139,-1.651046965
1,0,0,1,1,1,0,0,0,1,1,1,0,1,0,0,1,1,0,1,1,0,0,1,1,1,0,0,1,0,0,1,1,0,1,1,1,0,0,1,1,1,0,1,1,1,0,0,0,1,1,0,1,0,0,1,0,1,0,0,1,1,1,1,0,0,1,0,0,1,0,0,1,0,0,0,1,0,1,0,1,1,0,0,1,0,0,1,1,1,0,0,0,1,0,1,0,1,0,1,-0.002754102,-0.00355923,-0.004195394,-0.005260067,-0.006505084,-0.008245778,-0.010129322,-0.012812843,-0.018169225,-0.01801388,-0.019781459,-0.026309328,-0.026272841,-0.029757115,-0.033834271,-0.039129433,-0.050818692,-0.070252501,-0.052880976,-0.061169875,-0.067684023,-0.07356766,-0.081026662,-0.088784329,-0.198085155,-0.09537376,-0.10575729,-0.114444697,-0.124075906,-0.133034775,-0.140318631,-0.145575713,-0.147888309,-0.150837828,-0.158919666,-0.150904808,-0.150948474,-0.13678186,-0.137108463,-0.130640786,-0.129655802,-0.127093419,-0.121579534,-0.116717156,-0.121730555,-0.135898111,-0.121219199,-0.131510262,-0.144708388,-0.152559028,-0.160421069,-0.178935349,-0.192961321,-0.203886192,-0.209387407,-0.229461525,-0.248234178,-0.257366773,-0.291500388,-0.318930219,-0.35346314
0,1,0,0,1,0,1,1,0,0,1,1,0,0,0,1,1,1,1,0,1,1,1,1,0,1,0,0,0,1,1,1,1,0,0,1,1,0,0,0,0,1,1,1,0,1,0,1,1,0,0,1,1,0,0,0,0,0,1,1,1,1,0,1,1,0,1,1,1,1,1,0,0,1,0,1,0,0,1,0,0,0,1,1,0,0,1,0,1,0,0,0,1,0,0,0,0,0,0,0,-0.00292639,-0.003441927,-0.004249264,-0.005233338,-0.006469597,-0.008164631,-0.00945022,-0.012063709,-0.014738709,-0.017983126,-0.020993453,-0.02393226,-0.026800532,-0.03083107,-0.031951775,-0.036577316,-0.0424169,-0.048213709,-0.056554477,-0.054476757,-0.063924985,-0.069769825,-0.075246581,-0.081184715,-0.087956926,-0.093809083,-0.102681273,-0.11091848,-0.118673662,-0.126649262,-0.139345275,-0.142610414,-0.146298088,-0.149940995,-0.155530151,-0.155924994,-0.155650799,-0.153825042,-0.149346651,-0.147233163,-0.13999355,-0.140243419,-0.131874432,-0.134418779,-0.143236804,-0.139200298,-0.14262222,-0.151214487,-0.15672347,-0.172958658,-0.207700661,-0.218277321,-0.220861019,-0.162231987,-0.137143014,-0.177188231,-0.199599523,-0.233823644,-0.256407945,-0.296567596,-0.316141785
0,0,0,0,0,0,1,0,0,1,1,1,0,1,0,0,0,1,0,0,0,1,0,0,1,1,1,0,0,1,1,1,0,0,1,1,0,1,0,1,0,0,1,0,1,1,1,1,0,0,1,0,0,0,0,0,0,1,0,1,0,0,1,0,0,0,0,0,1,1,1,1,0,0,0,1,0,1,1,1,1,0,0,1,1,1,0,1,0,0,0,0,1,1,0,1,0,0,0,1,-0.002967921,-0.003536342,-0.004273015,-0.005529003,-0.0067494,-0.00952415,-0.009123597,-0.01210255,-0.014688702,-0.017982534,-0.022093895,-0.023199733,-0.026302905,-0.030139363,-0.034401653,-0.044384759,-0.030414074,-0.045043001,-0.052189671,-0.059203917,-0.06539211,-0.070982846,-0.075546149,-0.08312521,-0.091462824,-0.096469677,-0.106534288,-0.099663172,-0.123414942,-0.128730724,-0.134952238,-0.143381183,-0.147612758,-0.150779736,-0.153641105,-0.159756548,-0.148573036,-0.138366525,-0.141406925,-0.141712762,-0.135598038,-0.12821647,-0.12271642,-0.129545616,-0.127104871,-0.128491977,-0.128807081,-0.1468031,-0.159612587,-0.139569479,-0.142139346,-0.157738249,-0.157564218,-0.186228999,-0.201939381,-0.223938708,-0.24935587,-0.275074113,-0.285148175,-0.323891219,-0.351760459
1,1,1,1,0,1,1,0,0,0,0,1,1,1,1,1,1,1,1,0,1,0,0,0,0,0,0,1,0,1,1,0,1,1,1,1,0,0,0,0,0,1,0,1,1,1,0,0,1,0,0,1,1,0,1,0,1,1,0,0,0,1,1,0,1,0,0,1,1,1,1,1,1,0,1,0,0,1,1,0,1,0,1,0,0,0,0,1,0,1,0,1,1,0,0,1,1,0,1,1,-0.002974828,-0.003562293,-0.004288597,-0.005378121,-0.016662642,-0.007607773,-0.009755798,-0.012092878,-0.014807882,-0.017819703,-0.020939307,-0.025370718,-0.029758136,-0.030543271,-0.043944218,-0.031858988,-0.039499998,-0.046064609,-0.052485343,-0.058687973,-0.064513005,-0.069896245,-0.075139392,-0.0793773,-0.08596239,-0.090280679,-0.120046026,-0.115922695,-0.115482114,-0.13349073,-0.141027074,-0.153944502,-0.162053662,-0.141847128,-0.151065298,-0.155723517,-0.15831998,-0.156368628,-0.145971046,-0.157512214,-0.155152297,-0.139909068,-0.135232579,-0.133059556,-0.13748112,-0.131941828,-0.13304184,-0.150410287,-0.170456001,-0.174278983,-0.195136254,-0.237064369,-0.224539169,-0.13114036,-0.15808685,-0.196935706,-0.234303754,-0.270214344,-0.267929076,-0.293817898,-0.310521309
0,0,1,1,1,0,0,1,1,0,0,0,1,0,1,1,0,1,0,0,1,0,1,0,1,1,1,0,1,0,1,1,0,0,1,1,1,1,0,1,0,1,1,1,1,1,0,1,0,1,1,0,0,1,1,0,0,0,0,1,1,1,1,1,1,1,0,0,1,0,0,0,1,1,0,0,0,1,0,1,0,0,0,1,1,1,1,0,1,1,1,0,0,1,1,1,0,1,1,0,-0.011041361,-0.011080833,-0.01188121,-0.013154824,-0.0148723,-0.017407234,-0.019725584,-0.024703745,-0.033381528,-0.052961244,-0.132787009,-0.558950706,-0.372451384,-0.397284525,-1.001625031,-0.216043796,-0.142844811,-0.123779622,-0.125513236,-0.144508878,-0.114717753,-0.159394614,-0.220233001,-0.739430419,-1.232585202,-0.937850037,-1.473472398,-2.539867161,-4.209563491,-3.893773097,-2.047431541,-1.124571065,-0.681364079,-0.47628364,-0.451222763,-0.962093654,-8.488287913,-0.868175834,-1.789050112,-0.715671406,-0.260314624,-0.187781832,-0.162494032,-0.156294374,-0.158296965,-0.174867205,-0.208978562,-0.286018783,-0.686074379,-1.558170872,-0.847521225,-0.702763797,-0.760243467,-0.986054031,-1.423491524,-3.068570698,-6.083239457,-2.745487178,-1.116019607,-0.768042684,-0.602177688
0,1,0,0,0,1,1,0,1,0,0,1,1,1,0,1,0,1,1,0,0,1,1,1,0,1,0,0,1,1,1,1,1,1,1,1,0,0,0,0,0,0,1,1,1,1,1,0,0,0,0,0,0,0,1,1,0,0,0,1,1,0,0,0,0,1,0,0,0,1,0,1,1,1,1,1,1,0,0,1,0,0,1,1,0,1,1,0,0,0,1,1,1,0,0,1,1,0,0,0,-0.002831368,-0.003473509,-0.004206166,-0.005171729,-0.0064216,-0.008015974,-0.010029292,-0.012730738,-0.016533111,-0.017341159,-0.020599685,-0.02282886,-0.025969628,-0.028821816,-0.032308873,-0.036774585,-0.041245356,-0.046755006,-0.05391483,-0.059526815,-0.06510083,-0.070656703,-0.077041547,-0.079764533,-0.087551531,-0.096280009,-0.098926779,-0.110670181,-0.12067835,-0.135116704,-0.140526951,-0.143651793,-0.145799725,-0.15122316,-0.171085614,-0.134093097,-0.161317349,-0.148718185,-0.141858395,-0.134836823,-0.132659073,-0.129688205,-0.130070739,-0.125835475,-0.125878171,-0.126729745,-0.133796961,-0.121704226,-0.150742817,-0.165655575,-0.153700725,-0.176414159,-0.178887959,-0.195329469,-0.214533648,-0.219773637,-0.290607811,-0.295087708,-0.320821703,-0.340592406,-0.350395155
1,0,0,0,1,1,0,0,1,1,0,1,1,1,1,1,0,1,1,1,0,0,0,1,0,1,1,0,1,0,0,0,0,0,0,1,1,0,0,0,1,0,0,0,0,0,0,0,0,0,0,0,1,1,0,1,0,1,0,0,1,1,1,1,1,1,1,0,0,1,0,0,1,0,0,0,1,0,0,0,0,1,1,1,0,0,0,1,1,0,1,0,0,1,1,1,0,0,0,0,-0.012805267,-0.121845838,-0.08078967,-0.048969415,-0.066173439,-0.040554315,-0.049455176,-0.070202937,-0.103026491,-0.123288619,-0.211002061,-0.13530192,-0.281913806,-8.894516118,-0.071725298,-0.182916144,-0.833102303,-1.308915503,-0.254051926,-0.375552636,-0.545706188,-0.741873652,-0.89191615,-0.928632877,-0.892900939,-0.842541324,-0.80091943,-0.745832973,-1.045208715,-1.108943678,-1.776146982,-1.758978873,-1.544895167,-3.701353966,-3.363458231,-1.459578623,-1.290726834,-1.387643463,-1.033630969,-1.856008781,-2.759816253,-0.778513713,-0.888686956,-3.458702545,-6.127065426,-0.762752266,-0.416485916,-0.331993701,-0.30373923,-0.308226848,-0.395446833,-1.452780076,-1.657798157,-21.28960884,-2.305774483,-1.251372949,-1.806312618,-7.568881596,-2.12972011,-1.385778512,-1.286990724
1,1,1,0,0,1,0,0,0,0,1,1,1,0,0,1,0,0,1,0,1,0,1,0,0,1,1,0,1,1,0,1,1,1,1,1,0,1,0,0,1,1,0,1,1,1,0,0,1,0,0,1,1,1,0,1,0,0,1,1,0,1,0,1,1,0,0,0,0,1,1,0,0,1,1,1,1,0,1,0,1,1,0,0,1,0,1,0,0,0,1,0,1,1,1,1,0,1,1,0,-0.002940207,-0.003513064,-0.004226362,-0.005166235,-0.006366025,-0.008036766,-0.009974239,-0.012304066,-0.014914115,-0.018461677,-0.021586329,-0.024003332,-0.027370532,-0.029065503,-0.033483573,-0.04103716,-0.040872617,-0.047142703,-0.054595008,-0.053970539,-0.064307646,-0.068683727,-0.084538664,-0.083162345,-0.090199034,-0.098486281,-0.106998524,-0.114962005,-0.125067232,-0.111676618,-0.123415653,-0.143434663,-0.149070741,-0.155065528,-0.148105202,-0.150718385,-0.150226648,-0.147396418,-0.143170007,-0.139085602,-0.133819061,-0.13058345,-0.126972661,-0.127462706,-0.12521897,-0.13078919,-0.127501267,-0.125179101,-0.119422341,-0.148267833,-0.162798506,-0.173178792,-0.187793522,-0.232498328,-0.248674474,-0.256245826,-0.275214888,-0.294508361,-0.331253201,-0.346397134,-0.360077177
0,1,0,0,1,1,0,0,0,1,1,0,0,1,1,0,1,1,1,1,1,0,1,0,0,0,1,1,1,1,1,1,0,1,0,0,1,1,1,0,1,0,1,0,0,0,1,1,0,0,0,0,0,0,0,1,1,0,1,0,0,0,0,0,0,1,0,0,0,0,0,0,0,1,1,0,1,1,0,0,0,1,0,0,1,0,0,0,1,1,1,0,0,1,1,1,0,1,0,0,-0.005646167,-0.006061022,-0.007086404,-0.008223771,-0.010080248,-0.010071037,-0.03069973,-0.013775783,-0.016232112,-0.018823858,-0.021929188,-0.024048292,-0.026958803,-0.026850854,-0.026756764,-0.026417534,-0.02618249,-0.023385177,-0.025686962,-0.0260866,-0.02637666,-0.026485751,-0.02651448,-0.026845802,-0.026219408,-0.0302356,-0.033522648,-0.034701506,-0.039026518,-0.044204238,-0.048919704,-0.060794698,-0.074259242,-0.081229626,-0.095950486,-0.110990138,-0.130206477,-0.156817598,-0.182011975,-0.18593571,-0.216061503,-0.246560212,-0.291669611,-0.322214544,-0.354071782,-0.381802656,-0.41209571,-0.461634575,-0.456387915,-0.53842546,-0.638573611,-0.761357607,-0.88980973,-0.956235694,-1.177650477,-1.254778413,-1.414176312,-1.586729579,-1.817757179,-2.244156648,-2.762891654
0,0,0,0,0,0,1,0,1,0,0,0,1,1,0,0,0,1,0,0,1,0,0,1,1,1,0,0,0,0,0,1,1,1,0,0,1,1,1,1,0,0,0,0,1,0,0,0,0,1,1,0,1,0,0,0,0,1,1,0,0,0,1,0,1,1,0,1,0,1,0,0,1,0,1,1,0,0,1,1,0,1,0,0,1,1,1,1,1,1,1,0,1,0,1,1,0,0,0,1,-0.002936626,-0.003574497,-0.005148966,-0.005167751,-0.006449727,-0.008055948,-0.010098294,-0.011356527,-0.014809263,-0.017824713,-0.020906973,-0.023991462,-0.026872443,-0.029567002,-0.033166616,-0.037625475,-0.043012289,-0.049188334,-0.05582913,-0.063079228,-0.085381424,-0.066212008,-0.075153838,-0.081061323,-0.088837307,-0.096994249,-0.104498551,-0.112894321,-0.123576274,-0.13315762,-0.14542262,-0.157219048,-0.18054563,-0.130080814,-0.137493661,-0.14856647,-0.149474267,-0.14749602,-0.14649002,-0.1348472,-0.132456173,-0.130460846,-0.128759549,-0.129996904,-0.128973849,-0.128799625,-0.145233333,-0.146638248,-0.159261558,-0.197473234,-0.236812895,-0.204505438,-0.218815672,-0.22810327,-0.219733725,-0.212610711,-0.177979977,-0.211249569,-0.298047315,-0.333441004,-0.316603335
1,1,1,1,1,0,0,1,1,0,1,1,0,1,0,1,1,1,0,1,1,1,1,1,1,0,0,1,0,0,1,0,0,0,0,1,1,0,1,1,0,0,0,0,1,0,1,0,0,0,1,0,1,0,1,0,0,0,1,1,0,1,1,1,0,1,1,0,1,0,1,1,1,1,0,0,0,0,1,0,1,0,1,1,1,1,1,0,1,1,1,1,1,0,0,0,0,0,1,0,-0.005666365,-0.007926591,-0.008352278,-0.00846572,-0.010754525,-0.012543608,-0.014622023,-0.015873713,-0.019685035,-0.022813803,-0.025776812,-0.029331298,-0.028910008,-0.031455532,-0.031924354,-0.034196317,-0.029869742,-0.031075984,-0.031160747,-0.031982442,-0.033762884,-0.030134104,-0.033707852,-0.03495657,-0.036094323,-0.037349249,-0.041236549,-0.049247639,-0.055516903,-0.061869282,-0.071460238,-0.084251217,-0.094413909,-0.114797522,-0.127873013,-0.151383078,-0.172274182,-0.188704683,-0.203727439,-0.23007307,-0.264454947,-0.275469718,-0.296490947,-0.310239152,-0.326135638,-0.345045973,-0.359660202,-0.378401089,-0.41342309,-0.423839277,-0.469151598,-0.530476473,-0.525526691,-0.615437413,-0.583591261,-0.564308918,-0.516481208,-0.635149976,-0.704692461,-0.813254164,-0.942114614
0,1,1,0,1,1,0,0,0,1,1,0,0,1,1,1,0,1,0,0,1,0,1,1,1,0,0,0,1,1,1,1,1,0,0,0,0,0,0,0,0,0,0,0,1,1,1,0,0,1,1,1,0,1,0,0,0,0,0,1,1,1,1,1,0,1,1,1,1,0,0,1,0,0,0,1,0,0,1,0,1,0,1,0,1,0,0,0,0,1,0,1,0,1,0,1,1,0,0,0,-0.014676749,-0.0240094,-0.036970681,-0.052468917,-0.097617672,-0.580926763,-0.309465116,-0.468355042,-0.505265364,-0.587882743,-1.22209123,-0.223673074,-0.439872423,-0.146121586,-1.550586604,-0.243272663,-0.346445711,-0.163708613,-0.559426296,-1.489839477,-0.351657822,-0.443930742,-10.68138377,-0.679201625,-0.712916479,-0.955898462,-0.86756551,-0.644772757,-0.715847711,-0.468212493,-3.242426843,-3.151104715,-1.304050926,-0.65047432,-1.619232332,-0.316940808,-0.277343884,-0.453050071,-0.694712936,-1.757713019,-6.152910607,-4.138276384,-9.3672789,-6.835313847,-1.618925798,-0.820511407,-0.526592803,-0.475708565,-0.754657392,-0.421209447,-0.575259588,-0.54282118,-1.018646551,-0.42279891,-0.35235024,-0.405957466,-0.708237459,-2.464136012,-8.140317448,-4.596004707,-1.302805882
0,1,0,1,1,0,1,0,0,0,1,0,1,1,0,1,1,0,0,1,1,1,0,1,1,0,1,1,1,1,1,0,1,1,0,1,0,0,1,1,0,0,1,0,1,1,0,0,0,1,1,0,0,0,0,0,1,1,1,1,0,1,0,0,1,0,0,1,0,1,0,0,0,0,0,1,0,1,0,1,1,0,0,0,0,1,0,0,1,0,1,0,1,1,1,1,1,0,1,1,-0.035718782,-0.213806687,-0.175576325,-0.040216168,-0.019051412,-0.05054542,-0.019840369,-0.1275402,-0.136906836,-0.03792634,-0.027687591,-0.044822899,-0.179136104,-0.326883122,-0.046273448,-0.101404931,-0.779880339,-1.790871232,-5.070117853,-0.457606352,-0.197615722,-0.174675112,-0.291503798,-2.926968412,-0.75754142,-0.269889953,-2.107181017,-0.423378618,-1.159358139,-1.59624678,-0.719767836,-4.555674911,-1.493437324,-2.252961072,-0.307791475,-0.304983691,-0.276049652,-0.310915596,-0.681615342,-1.576339511,-6.286001563,-1.545692463,-1.34275934,-6.771699516,-4.254469997,-1.283744835,-4.127971994,-2.098135462,-2.580013096,-3.151790512,-1.691660474,-0.979024583,-1.00813007,-7.046491412,-0.661211166,-2.169957374,-0.631085025,-0.687052458,-0.935641823,-2.735662661,-2.635735055
1,0,0,1,0,0,1,0,1,0,0,0,1,1,1,0,1,1,0,0,0,0,1,0,0,1,0,0,0,0,0,1,0,1,1,1,0,1,0,0,0,0,1,1,0,1,0,0,1,0,0,1,0,0,1,0,0,0,1,0,0,0,0,0,1,0,1,0,0,1,0,1,1,1,0,0,0,0,1,0,0,1,0,0,0,1,1,1,1,0,1,0,1,1,0,1,0,1,1,1,-0.008143221,-0.009967576,-0.011981172,-0.014940326,-0.019016099,-0.016825327,-0.096087038,-0.03530678,-0.050232667,-0.073702591,-0.115035112,-0.19709804,-0.29217395,-0.312036065,-0.213432287,-0.137552016,-0.07867769,-0.060803223,-0.046385783,-0.047211928,-0.036005809,-0.033403554,-0.019056328,-0.01945047,-0.018842843,-0.018338326,-0.019699813,-0.021532608,-0.023846865,-0.030724804,-0.049893981,-0.158639375,-0.078387187,-0.022509095,-0.029860044,-0.041050807,-0.055446473,-0.070980636,-0.10693515,-0.137394849,-0.174364501,-0.205653192,-0.310036169,-0.472585246,-0.732546819,-1.328732988,-2.555178408,-3.959528515,-3.091599404,-1.760385583,-1.180977717,-0.959101097,-0.817353211,-0.7307851,-0.66007061,-0.572332152,-0.503784868,-0.500186217,-0.517623114,-0.534505499,-0.541124036
1,0,0,1,0,0,0,1,0,0,0,0,0,1,1,1,1,1,1,1,0,0,0,1,1,1,1,1,1,1,1,0,1,1,1,0,0,1,1,0,1,1,1,1,0,1,0,0,1,0,1,1,1,0,1,0,1,1,1,1,0,1,0,0,0,0,1,0,1,1,1,0,0,1,1,1,1,1,0,0,0,1,0,0,0,1,0,0,1,1,1,1,1,1,0,0,1,0,1,0,-0.061127203,-0.945692577,-0.006946484,-0.00455092,-0.007006354,-0.024928602,-0.018237847,-0.013476589,-0.02058718,-0.826097535,-1.991115771,-0.922330779,-0.304491775,-0.698138409,-0.062144554,-0.055952936,-0.07044308,-0.359281795,-1.922354407,-11.64525985,-0.685836371,-6.728234565,-0.23711506,-2.728597858,-0.164167511,-0.532852342,-0.784603909,-1.102897233,-0.574083509,-0.378630346,-0.279924393,-0.624301272,-0.172707193,-0.156757576,-0.127872532,-0.319270512,-0.117347461,-0.087356908,-0.082824132,-0.09163778,-0.126244112,-0.258870609,-0.650106111,-0.296193218,-0.769720279,-1.005806401,-4.91291854,-3.158238416,-2.334850872,-3.238262683,-6.584847434,-5.53388679,-5.325594019,-1.687110986,-1.167794077,-2.546527042,-5.447020616,-7.499288395,-1.583917169,-0.802348893,-1.719030719
1,1,0,0,1,1,1,0,0,0,0,0,0,1,0,1,1,1,0,0,0,1,0,0,1,0,0,1,1,0,1,0,0,0,0,0,1,1,0,1,1,1,0,1,0,0,1,1,0,0,0,1,1,1,0,1,0,1,1,1,0,1,0,1,0,1,0,1,0,0,0,1,0,1,0,1,1,1,1,1,0,1,1,0,1,0,0,0,0,0,1,0,1,0,0,0,0,0,0,0,-0.002988026,-0.003549139,-0.0042785,-0.005315506,-0.006468088,-0.008093565,-0.010058406,-0.012410377,-0.015494181,-0.018517397,-0.021910687,-0.025708752,-0.036687793,-0.027250227,-0.031986007,-0.036759496,-0.042019375,-0.048088785,-0.054306076,-0.060407522,-0.066177597,-0.071508814,-0.076699307,-0.085304528,-0.089246092,-0.096420471,-0.102804719,-0.112096544,-0.125581203,-0.133488445,-0.145357112,-0.147462461,-0.14740881,-0.147864359,-0.149985417,-0.158308968,-0.157854065,-0.152716447,-0.145396893,-0.140320882,-0.135924684,-0.132710247,-0.128897563,-0.130195378,-0.123443099,-0.130273446,-0.13740015,-0.13713278,-0.152567859,-0.165758663,-0.170325791,-0.16923917,-0.195337387,-0.200876467,-0.206437478,-0.22365102,-0.242828189,-0.261369212,-0.282622239,-0.294142348,-0.29984739
0,0,1,1,0,1,0,1,1,1,1,1,0,0,1,0,0,1,0,0,1,1,1,1,0,1,1,1,0,1,0,1,0,1,1,1,1,1,1,1,0,0,0,1,1,0,0,0,0,1,0,1,1,0,0,1,0,1,0,0,1,0,1,1,0,1,1,0,0,0,0,0,1,1,1,0,1,0,0,1,1,1,1,0,1,1,1,0,0,1,0,1,1,1,0,1,0,1,1,0,-0.013245079,-0.013554897,-0.028324524,-0.048611488,-0.038728509,-0.013396376,-0.009530824,-0.011821815,-0.0163094,-0.022450951,-0.031086017,-0.041730408,-0.056637626,-0.085275603,-0.129210909,-0.320203325,-0.715917428,-0.385883638,-0.166710567,-0.087380841,-0.069929985,-0.702485194,-0.885405577,-0.263746165,-0.163056421,-0.134717523,-0.134792686,-0.189347226,-0.4116284,-3.163981996,-1.397286184,-0.417619849,-1.761724703,-0.179949206,-0.141692073,-0.154803495,-0.209736439,-0.71901899,-0.636788359,-0.183272514,-0.176488826,-0.192922862,-0.229318086,-0.283691023,-0.309214097,-0.421270558,-0.53085615,-0.741757007,-1.071529043,-1.839292686,-3.541682808,-3.323274043,-1.85066465,-1.737084499,-2.464436986,-4.336464659,-8.214315723,-7.21159375,-4.360566352,-3.330226094,-3.152085983
0,0,0,1,0,0,0,1,1,0,0,1,1,0,1,0,0,0,1,0,1,0,0,1,0,1,0,0,0,1,1,1,0,0,0,1,0,0,1,0,0,1,1,1,1,0,1,1,1,1,0,0,0,0,0,0,0,1,0,0,0,0,1,0,1,1,0,0,1,1,1,1,1,1,0,0,1,1,1,0,1,1,1,0,0,1,0,0,0,1,1,1,1,0,1,1,0,1,0,0,-0.010386947,-0.014955986,-0.016311378,-0.080257319,-0.020006495,-0.023232003,-0.033250287,-0.052183539,-0.094262798,-0.173673175,-0.679225819,-2.009757689,-0.667872563,-0.611138778,-3.798195489,-0.405465426,-0.229150321,-0.239766039,-0.496725549,-2.767930389,-1.67772271,-0.723857648,-1.136555552,-2.347638156,-0.233050492,-0.192683155,-0.364635507,-1.422680298,-4.529748698,-1.288058277,-0.595018246,-0.419724594,-0.336585618,-0.337119504,-0.494677076,-3.149702106,-0.838471147,-0.33274108,-0.392681732,-0.982887816,-4.364470954,-4.522209185,-1.385957172,-1.139655741,-2.70167175,-0.878331741,-2.741817117,-3.211730412,-0.99604466,-1.107404957,-1.175995384,-0.6071509,-0.552218654,-0.586822395,-0.646913446,-0.836884004,-1.819052842,-7.003574536,-1.860161603,-1.391670511,-1.428655959
1,0,1,0,0,0,1,0,1,1,1,0,1,1,0,1,1,0,1,1,0,0,1,0,0,0,1,1,1,0,0,1,1,0,1,1,0,0,1,1,0,0,0,1,0,0,0,0,1,1,0,0,0,0,0,0,0,1,1,0,0,1,1,1,0,0,0,1,1,1,1,1,0,0,1,1,1,1,1,0,1,1,1,0,0,1,0,1,0,0,1,0,1,0,0,0,0,0,0,0,-0.010981693,-0.012883918,-0.017802899,-0.025438072,-0.047278233,-0.226707474,-0.193916357,-0.03999769,-0.081547331,-0.306431585,-0.478567945,-0.245734853,-0.158317388,-0.150016922,-0.188617191,-0.388285233,-2.048187951,-3.021818363,-0.588668511,-0.49153917,-0.364903178,-0.167737287,-0.045041779,-0.059534268,-0.074833231,-0.156612162,-2.440969118,-0.055892098,-0.050341415,-0.068135403,-0.177009251,-0.259591305,-0.543133437,-1.332978139,-3.11227247,-2.751218163,-1.44434636,-1.026468221,-1.263430495,-6.478856945,-2.220088863,-1.720626074,-2.23545997,-2.108232812,-1.818950107,-0.816952252,-0.503164223,-0.38806766,-0.312261621,-0.289450784,-0.304641102,-0.392447284,-1.042995389,-0.949153803,-0.629874894,-1.710115428,-2.615455426,-0.523224196,-0.341307271,-0.329166069,-0.361155524
0,0,0,1,0,0,1,1,0,0,1,1,1,0,1,1,1,1,0,1,1,1,1,1,0,0,0,0,1,0,1,0,1,0,1,0,0,0,1,0,1,0,0,0,0,1,0,0,1,1,0,0,1,1,1,1,1,1,0,1,1,0,1,0,0,1,0,0,1,1,1,0,0,0,1,1,0,1,1,1,0,1,1,1,0,0,1,1,1,0,1,0,1,1,0,0,1,0,1,0,-0.011180719,-0.008178533,-0.008704379,-0.010397761,-0.012773084,-0.014873169,-0.018705456,-0.022887029,-0.028014986,-0.034632792,-0.054216748,-0.889638409,-0.088606935,-0.10017781,-0.141458321,-0.227685607,-0.407187685,-0.751639501,-1.089819016,-0.925842862,-0.615645207,-0.485126827,-0.589330352,-1.315183179,-4.13079906,-1.112941587,-0.346811782,-0.17973275,-0.105492521,-0.082497357,-0.078526393,-0.080416078,-0.267332531,-0.13833646,-0.182115943,-0.285347714,-0.524250201,-1.232676952,-5.379664071,-3.506946281,-1.541771345,-1.287759366,-1.343018258,-1.319616264,-1.43853082,-1.731558961,-2.093398465,-3.423708114,-1.48258819,-1.844056552,-3.292304426,-7.952364022,-17.82306315,-4.374833627,-1.728759776,-0.993644007,-0.879290186,-1.05664336,-1.606323707,-2.815794026,-5.60640307
1,0,1,1,0,1,1,0,1,0,1,0,1,1,0,1,0,0,1,0,1,0,0,1,1,1,0,0,0,0,1,0,1,0,0,0,0,0,0,1,1,0,1,0,1,0,0,0,0,1,1,0,1,1,0,1,1,0,1,0,1,0,1,0,1,1,1,0,1,1,0,1,0,1,1,0,0,0,0,0,0,0,0,0,0,1,1,0,0,0,1,1,1,0,0,0,1,0,0,0,-0.002967587,-0.003529247,-0.004264934,-0.005231006,-0.00647995,-0.008060871,-0.01006061,-0.012537739,-0.015496775,-0.012309339,-0.020046291,-0.023710354,-0.026539018,-0.02955778,-0.034619013,-0.036424617,-0.041665583,-0.047021123,-0.053086919,-0.058436406,-0.066547884,-0.070323183,-0.074643855,-0.084787013,-0.08926649,-0.09651365,-0.105958103,-0.113595005,-0.121914557,-0.131703978,-0.139539326,-0.146582342,-0.150296206,-0.154331531,-0.15548861,-0.153218477,-0.150412439,-0.149356244,-0.14375701,-0.129686691,-0.135325818,-0.129091462,-0.124983638,-0.122786182,-0.126705204,-0.128219806,-0.127983908,-0.134622771,-0.144095233,-0.153259981,-0.169363998,-0.178727918,-0.214722069,-0.229214856,-0.218512969,-0.221973283,-0.240973849,-0.259423106,-0.276408566,-0.301498052,-0.33130477
1,1,0,1,1,1,1,1,0,1,0,0,1,0,0,1,1,0,0,0,1,0,1,1,1,0,1,0,1,0,1,0,1,1,0,0,0,0,0,0,0,1,1,1,0,0,0,1,0,1,1,1,0,0,1,0,0,1,1,1,1,0,1,0,1,1,1,0,0,0,0,1,0,1,0,0,1,0,1,1,1,0,1,1,0,1,0,1,0,0,1,0,1,0,1,0,0,0,1,0,-0.002962057,-0.003557482,-0.004354423,-0.003861316,-0.006321994,-0.007945625,-0.009913444,-0.012347904,-0.014912085,-0.017933961,-0.021122411,-0.024104579,-0.026424923,-0.029436209,-0.032290784,-0.040191021,-0.046433583,-0.050380628,-0.058327179,-0.07263992,-0.049486691,-0.066822449,-0.074919874,-0.081435279,-0.088898999,-0.096792415,-0.10646561,-0.11452286,-0.124049968,-0.129964052,-0.134875728,-0.135018885,-0.143576007,-0.147900424,-0.150078719,-0.150987937,-0.154107145,-0.149481258,-0.144809168,-0.135453934,-0.139922513,-0.130338697,-0.131139622,-0.134519972,-0.136487854,-0.135963055,-0.149715059,-0.167862188,-0.172485265,-0.168231635,-0.170727063,-0.165611508,-0.135858391,-0.174460714,-0.181130744,-0.206505202,-0.242708817,-0.237690521,-0.296540239,-0.372102133,-0.316402492
1,1,0,1,0,1,0,1,0,1,1,0,0,1,0,1,0,0,0,1,1,0,1,1,0,0,1,1,0,0,1,1,1,0,0,1,0,0,1,0,0,0,1,0,1,1,1,1,0,1,0,1,0,1,0,0,1,0,0,1,0,0,1,0,1,1,1,1,0,1,0,1,0,1,1,0,1,0,0,1,1,0,1,1,0,0,1,1,1,1,0,0,0,0,1,0,0,1,1,0,-0.002977445,-0.003531098,-0.00427821,-0.005250087,-0.006505368,-0.008084595,-0.009921022,-0.012604561,-0.015389886,-0.01852575,-0.022113687,-0.025874372,-0.035048362,-0.023744627,-0.030998409,-0.036305483,-0.041688745,-0.048077658,-0.053794312,-0.059722444,-0.065574548,-0.074351963,-0.076080817,-0.081772548,-0.088420966,-0.102915316,-0.105306215,-0.115809837,-0.124311109,-0.129955723,-0.142897408,-0.150115665,-0.151670502,-0.152355036,-0.156402966,-0.139073503,-0.147522818,-0.145606677,-0.141251884,-0.129621671,-0.129200647,-0.135051334,-0.1323078,-0.117735906,-0.129655918,-0.129395051,-0.132974644,-0.141602152,-0.145153659,-0.148347746,-0.144860555,-0.157586267,-0.181613885,-0.191986397,-0.203880954,-0.222186756,-0.246205328,-0.25942229,-0.2919429,-0.328080971,-0.357034032
0,0,1,0,1,1,0,0,1,1,1,1,1,0,1,0,1,0,1,1,0,1,1,0,1,1,0,0,1,1,1,0,1,0,1,0,1,1,0,0,1,1,1,0,1,0,1,0,0,0,1,0,0,1,0,1,0,1,0,0,0,0,0,0,1,0,1,1,0,0,1,1,1,0,0,1,0,0,1,0,1,0,1,1,1,1,0,0,0,1,1,1,1,0,1,0,1,0,1,1,-0.003000401,-0.003542191,-0.004293431,-0.005257979,-0.006530834,-0.008140731,-0.010186292,-0.012323334,-0.015730796,-0.014491847,-0.020451153,-0.0237949,-0.029733486,-0.024826895,-0.032293139,-0.036644836,-0.042019499,-0.048044807,-0.054423709,-0.060275189,-0.067243672,-0.068211362,-0.066622993,-0.080464423,-0.084791174,-0.104855914,-0.110393022,-0.118354514,-0.12813175,-0.139454704,-0.153501422,-0.122048585,-0.132876526,-0.134657338,-0.144939873,-0.155899633,-0.154931006,-0.152732668,-0.150676602,-0.141061126,-0.137033091,-0.132844786,-0.13152746,-0.131868366,-0.131941476,-0.134634128,-0.139859684,-0.146287484,-0.154557314,-0.165244407,-0.189327324,-0.193621981,-0.210553924,-0.23570133,-0.218538821,-0.237453038,-0.222172767,-0.236172862,-0.275971614,-0.299674462,-0.319624762
1,1,1,1,0,1,0,0,1,0,1,1,1,1,1,1,0,1,1,1,0,1,1,0,1,0,1,1,1,1,1,1,0,0,1,1,1,0,0,1,1,0,0,0,0,0,1,1,1,1,0,1,0,1,1,0,0,0,1,1,0,0,1,1,0,0,1,0,1,1,0,0,1,1,0,1,1,0,0,1,1,0,0,1,1,1,1,1,1,0,1,0,1,0,1,1,0,0,0,1,-0.035896138,-0.207644534,-0.063613845,-0.096576975,-0.115054146,-0.17411497,-0.434093589,-0.223212542,-0.195856758,-0.326822354,-0.616225905,-2.094266196,-0.890069325,-0.63500233,-0.275283444,-0.28364161,-0.240266883,-1.273194895,-0.99185356,-0.743188195,-0.361295692,-0.632588706,-2.096888201,-0.652441569,-2.720285318,-2.616864592,-0.508683316,-0.733123276,-0.241349169,-0.281355792,-0.521708233,-1.930200415,-2.300560723,-1.808280611,-2.065744748,-9.047068481,-3.968336504,-2.457804923,-0.671004607,-0.831627598,-0.536366792,-1.36135513,-0.826453407,-3.53144673,-2.808153807,-6.842416624,-3.805943306,-3.539921895,-1.144245752,-4.401298766,-0.878768918,-0.742611014,-0.620136965,-1.299512553,-3.072929977,-1.061043038,-0.911462586,-1.015511806,-1.463545112,-0.727829881,-0.706030929
1,0,1,1,0,1,0,0,1,1,1,1,0,1,0,0,0,0,1,1,0,0,0,0,0,1,0,0,0,0,0,1,1,0,1,1,1,0,0,1,1,0,1,0,0,0,0,1,1,1,0,1,0,0,1,1,1,0,1,0,0,0,1,0,0,0,0,0,0,0,0,1,0,0,1,0,0,1,0,0,1,0,0,1,0,1,1,0,0,1,0,0,0,1,1,0,0,0,0,1,-0.092922606,-0.12268764,-0.082756812,-0.099834899,-0.149091858,-0.255522578,-0.398737131,-0.462858231,-0.250099441,-0.146366714,-0.100492226,-0.080910867,-0.078456631,-0.093122022,-0.32564289,-0.519472605,-1.731242204,-0.31176543,-0.252322832,-0.317858229,-0.60860286,-2.582424454,-2.046947,-0.58993418,-0.131177201,-0.087362384,-0.095299001,-0.075732609,-0.138332295,-0.568863594,-3.244803323,-0.65005535,-0.449300181,-0.470753419,-0.602772481,-0.912255466,-1.719277824,-2.33173585,-1.032744581,-0.625866229,-0.572036095,-0.695430647,-0.991276611,-1.777649796,-2.516398465,-2.904000707,-4.966834341,-1.730688268,-1.185775098,-1.939627385,-5.025631571,-5.377216403,-2.836388789,-2.352016029,-2.556436194,-3.101796642,-3.450112391,-2.666907233,-2.7666071,-3.86394611,-7.973923442
0,0,1,0,1,1,1,1,1,1,1,1,0,1,1,1,1,0,1,0,1,0,1,1,0,1,0,0,0,1,1,1,0,0,0,0,1,1,1,0,1,0,1,1,1,0,1,0,1,0,1,1,0,1,1,0,1,1,1,0,1,0,1,1,0,0,0,1,1,0,1,1,0,0,0,0,1,0,1,1,0,0,0,1,1,1,0,1,1,0,1,0,1,0,1,0,0,0,1,1,-0.016813131,-0.02911602,-1.612036793,-0.040530866,-0.119704106,-0.07533084,-0.288659684,-0.176439906,-0.197551779,-0.165957594,-0.147906836,-0.134728505,-0.150725554,-0.696233041,-0.438772795,-0.932961188,-1.508434963,-0.978111196,-0.883479453,-2.205211026,-3.824217999,-0.980940151,-0.633510583,-0.185080207,-0.098406796,-0.082197195,-0.115281197,-0.413295075,-6.814295779,-0.587403027,-1.053489373,-0.39728707,-0.330237416,-0.314631153,-0.424789089,-0.800614773,-4.135770054,-13.60998552,-2.953168389,-6.801667054,-2.607452729,-0.994254879,-0.593069262,-0.410777249,-0.351627583,-0.437826929,-0.64179639,-0.557062859,-0.88486903,-5.298272206,-4.467014738,-1.075476799,-0.887681758,-3.112567471,-2.326961715,-1.33156085,-1.382672755,-2.132479618,-2.113603064,-2.745257285,-2.851858586
1,1,0,1,1,0,1,1,1,1,0,1,1,1,1,1,0,1,0,0,0,0,0,1,1,1,1,1,1,1,1,0,1,0,1,0,1,1,0,0,0,1,1,0,1,0,1,1,1,0,0,0,1,0,1,0,0,0,0,1,1,0,1,1,0,0,0,0,1,0,0,0,0,0,1,1,1,0,0,0,0,0,1,0,1,1,1,1,1,1,0,0,0,1,1,0,0,1,0,0,-0.06493639,-0.058433756,-0.046474596,-0.032256977,-0.024711859,-0.013404749,-0.015714343,-0.016281389,-0.029827614,-0.067361884,-0.037838629,-0.057109769,-0.155108835,-0.50427342,-0.052922398,-0.034368427,-0.032732547,-0.036474391,-0.047469572,-0.079519693,-0.630116784,-1.160540129,-2.276503974,-0.235997333,-0.249476168,-0.640522689,-19.85206031,-1.95350744,-2.252333679,-4.152532319,-1.10483792,-1.098728226,-1.519609165,-1.879980991,-2.351072629,-2.387047147,-1.815584942,-1.75591838,-6.792262127,-1.653492854,-1.12897611,-0.674902681,-0.577117444,-2.197671373,-0.822152802,-0.859021723,-0.678075977,-0.616824423,-0.598835897,-0.598606326,-0.615553185,-0.598316406,-0.600572807,-0.621233223,-0.609019281,-0.660773972,-0.675447509,-0.750099041,-0.836792784,-0.980321711,-1.172055849
1,1,0,0,1,0,0,1,0,0,0,0,0,1,0,0,0,1,0,1,1,0,1,1,1,1,0,0,1,1,0,1,1,1,0,0,0,0,1,0,1,0,0,0,1,1,0,0,0,0,0,1,0,1,0,0,1,1,1,1,0,1,0,0,1,1,1,0,1,1,0,0,1,0,0,1,1,0,1,1,0,1,0,1,1,0,1,0,0,0,1,0,1,0,0,0,1,0,1,0,-0.009880819,-0.017085056,-0.056916667,-0.086765268,-0.054499725,-0.066252907,-0.090136546,-0.090346212,-0.101452766,-0.12306124,-0.13806367,-0.22404201,-0.208679906,-0.246809185,-0.391458853,-0.534632577,-1.484076158,-0.408860079,-0.092833436,-0.038296562,-0.028850658,-0.033737398,-0.136391486,-0.131728258,-0.053469091,-0.074318212,-0.075529496,-0.05325507,-0.084298445,-0.284553421,-0.423151685,-0.11403954,-0.124725056,-0.239287346,-0.134355987,-0.150026664,-0.197455856,-1.721586787,-0.219240896,-0.225906846,-0.41862125,-0.258045472,-0.438117511,-0.387988903,-0.445440453,-0.712865245,-0.586199182,-0.756388736,-1.460031026,-0.876866852,-0.613477433,-0.581904641,-0.576167991,-0.59122672,-0.572947715,-0.622475026,-0.661330253,-0.689610285,-0.74753113,-0.820039645,-0.944388635
1,1,0,1,1,1,1,0,1,1,1,1,1,0,0,0,1,0,0,1,1,1,1,0,0,0,0,1,0,0,0,1,0,0,0,1,0,1,0,0,0,1,0,0,0,0,0,0,1,1,1,0,1,1,1,0,0,0,1,0,0,0,0,1,0,0,0,1,1,0,0,0,0,0,1,1,0,1,1,1,0,0,0,1,1,1,1,0,0,0,0,1,1,0,1,0,0,1,1,0,-0.002983574,-0.003546,-0.004307783,-0.005476442,-0.006065169,-0.007760012,-0.009751063,-0.012058055,-0.014946635,-0.017727983,-0.020716223,-0.023324468,-0.026469455,-0.02902035,-0.033576153,-0.044816167,-0.039101712,-0.046463964,-0.056191422,-0.059505681,-0.065652808,-0.071392187,-0.076610363,-0.079849838,-0.087898287,-0.098032607,-0.10336434,-0.11672974,-0.120602059,-0.130053747,-0.137642367,-0.142912818,-0.146010251,-0.14665026,-0.155374264,-0.160294617,-0.155421161,-0.150721681,-0.147604152,-0.143315782,-0.1364318,-0.132362057,-0.141584832,-0.128774103,-0.134815544,-0.134495235,-0.140418974,-0.150688296,-0.164631834,-0.149374365,-0.130712594,-0.142092995,-0.164453162,-0.181944195,-0.193522174,-0.216003524,-0.229346455,-0.253776125,-0.294142828,-0.318697103,-0.368179354
1,0,1,0,0,1,1,1,0,1,0,0,1,1,0,1,1,1,0,1,0,1,0,0,0,0,0,0,1,1,0,0,0,1,0,1,1,1,0,1,0,1,1,0,0,1,1,1,0,1,1,1,0,0,1,0,1,1,0,0,1,1,1,0,0,1,0,1,1,0,0,0,0,0,0,1,1,0,0,0,1,1,0,1,0,1,0,1,1,0,0,0,0,0,0,0,0,0,0,1,-0.01483171,-0.005756242,-0.027051242,-0.011336536,-0.013986226,-0.018991693,-0.63094848,-0.03219536,-0.054956953,-2.484670539,-0.060185183,-0.056279153,-0.401987905,-0.070766099,-0.17337901,-0.478438389,-1.736532228,-2.302221297,-0.742124363,-0.385483093,-0.267732939,-0.093515491,-0.114617713,-0.117890765,-0.131841148,-0.237673006,-0.979118809,-0.226931229,-0.261085582,-0.419477265,-0.58195261,-1.022028616,-2.959007261,-4.252052247,-8.151933713,-6.508932599,-5.96742844,-4.11951326,-2.658537091,-2.099588046,-2.679875769,-10.17634417,-5.478440374,-4.295052967,-1.273384301,-1.007445746,-0.976463558,-1.10046069,-1.879026282,-19.6501024,-1.387394542,-1.214292198,-1.372497007,-1.784423399,-2.334368248,-2.921545654,-3.351093701,-3.046188014,-2.397725435,-1.863848342,-1.58087588
1,0,0,0,1,1,1,0,1,0,0,1,0,0,1,1,0,1,1,1,0,1,1,0,1,0,0,1,1,1,1,1,1,1,0,0,1,0,0,1,0,0,0,0,1,0,0,0,0,0,1,1,0,0,0,0,0,1,0,1,1,1,0,1,1,0,0,1,0,1,0,1,0,1,0,0,1,0,0,0,1,1,1,0,0,1,0,0,1,1,1,1,1,1,1,0,1,1,0,0,-0.012517433,-0.01448233,-0.014987651,-0.016406456,-0.016527004,-0.017801378,-0.016161349,-0.020185568,-0.056876656,-0.214807001,-0.116143405,-0.425892738,-0.073058106,-0.075705745,-0.093933726,-0.122223401,-0.179928756,-0.211830376,-0.237700698,-0.214414012,-0.327995892,-0.239325293,-1.026812615,-3.052831638,-0.450569178,-0.167598501,-0.108957441,-0.095959888,-0.237483944,-0.1560085,-0.156919596,-0.295394336,-1.160161647,-0.611133035,-0.592117621,-0.571899227,-1.587531045,-11.2002744,-6.195778811,-3.061130211,-2.377606445,-1.950820871,-1.591463125,-1.301880394,-1.020687031,-0.786529248,-0.726457486,-0.849335776,-1.05386995,-2.341044415,-0.574429078,-3.20412589,-2.676972101,-1.142344415,-0.399143285,-0.240034314,-0.187459558,-0.165639563,-0.159809938,-0.152743075,-0.176392325
1,0,1,0,1,0,1,1,0,1,1,1,1,1,1,1,0,1,0,0,1,0,0,0,0,0,0,1,1,1,0,0,1,0,0,0,1,1,0,1,1,0,0,0,1,0,1,1,0,1,0,0,1,0,0,0,1,0,1,0,0,1,0,1,0,1,1,1,0,1,1,1,0,1,0,1,0,1,1,1,1,1,0,1,0,1,1,1,0,0,1,0,1,0,0,1,0,1,0,0,-0.002971895,-0.003551823,-0.004184799,-0.005139793,-0.006407759,-0.007992102,-0.009928382,-0.012284199,-0.014987282,-0.018001152,-0.02109147,-0.023865989,-0.026514944,-0.030832439,-0.030135498,-0.038428765,-0.033117246,-0.045090941,-0.053050666,-0.059332759,-0.065908233,-0.07073369,-0.084953971,-0.08283049,-0.088177183,-0.098807313,-0.103282044,-0.11081146,-0.125973338,-0.129324552,-0.135566533,-0.152106045,-0.149204079,-0.148021384,-0.148398649,-0.156839123,-0.156904278,-0.153520109,-0.145346478,-0.139855657,-0.132917932,-0.129309359,-0.131212637,-0.131018568,-0.129616461,-0.125911759,-0.13452542,-0.13928349,-0.149449277,-0.146714536,-0.158268904,-0.172464126,-0.188851669,-0.191015972,-0.206401456,-0.230073291,-0.247184498,-0.279993618,-0.276368236,-0.333393257,-0.347943802
0,1,0,1,1,0,0,0,0,1,1,1,1,1,0,0,0,0,1,1,0,0,0,0,1,1,0,0,0,0,0,0,0,0,0,1,0,0,1,0,1,1,1,0,1,0,0,1,1,1,1,1,0,0,1,0,0,1,1,1,0,1,1,1,0,0,1,0,1,1,0,1,0,0,1,1,1,1,0,1,1,1,0,0,0,1,1,1,0,1,0,0,0,0,0,0,1,0,1,0,-0.123536678,-0.032417656,-0.263289468,-0.105234246,-0.035699046,-0.050637691,-0.147121434,-0.034837814,-0.049951872,-0.134959198,-0.560480053,-3.447393891,-0.259264811,-0.072253946,-0.377311434,-0.250949841,-0.128451955,-0.245140716,-0.098618842,-0.075083478,-0.088619863,-0.144513382,-0.053546818,-0.062089611,-0.056405198,-0.200569068,-0.051513312,-0.059792414,-0.054912195,-0.07062636,-0.071949292,-0.095922114,-0.164243303,-2.918895733,-0.154180661,-0.156193665,-0.303514888,-1.105439194,-0.146568418,-0.15915372,-0.170690801,-0.184560224,-0.236457846,-0.406199409,-0.384719039,-0.512151208,-1.658371776,-0.721040015,-0.536596289,-0.689011499,-2.124872985,-3.993870992,-1.512145134,-1.244264339,-1.533995867,-2.832567214,-2.436451911,-3.382414279,-31.17268981,-1.439836391,-1.584583752
1,0,1,1,0,1,0,1,0,0,1,1,0,0,0,0,0,1,0,1,0,0,0,1,1,0,1,0,1,0,0,1,1,0,1,0,0,0,1,1,0,0,1,0,1,0,0,0,1,0,1,0,0,0,0,0,0,0,1,1,1,1,1,0,0,1,0,0,1,0,0,1,0,1,0,0,1,0,1,0,0,0,0,0,0,1,1,0,0,0,0,1,1,0,0,0,1,1,0,1,-0.00281126,-0.0035581,-0.004332747,-0.005219159,-0.006369919,-0.008045579,-0.010076839,-0.012638685,-0.016839454,-0.016443682,-0.020629087,-0.02356097,-0.026671011,-0.030572605,-0.032573038,-0.037977879,-0.045056197,-0.059002459,-0.050621184,-0.05958245,-0.065323259,-0.068154985,-0.074555825,-0.082461713,-0.08916412,-0.097340437,-0.106194468,-0.115836752,-0.128669067,-0.11158018,-0.134936413,-0.141893831,-0.142631522,-0.150880398,-0.142910802,-0.155900913,-0.158001387,-0.160003796,-0.136021392,-0.139506803,-0.10814572,-0.12486732,-0.13420583,-0.135853456,-0.11909236,-0.131958906,-0.128666815,-0.131664515,-0.141210559,-0.156740938,-0.147885369,-0.159803909,-0.171213642,-0.185709483,-0.200238818,-0.239819553,-0.272130655,-0.297909479,-0.332930763,-0.350107821,-0.364174002
0,1,1,1,0,0,1,1,1,0,1,0,0,1,1,1,1,0,1,0,1,0,0,0,1,0,1,1,0,1,0,0,1,1,1,1,1,0,0,1,0,0,1,1,0,1,0,0,1,0,0,0,0,0,1,1,1,0,1,0,0,0,1,1,1,1,1,0,1,1,0,1,0,0,0,1,1,0,1,0,0,1,1,0,1,1,1,0,0,0,0,0,1,1,0,0,1,1,1,1,-0.002967999,-0.004165725,-0.004060136,-0.005146959,-0.00624104,-0.007853851,-0.009872144,-0.012267028,-0.015272404,-0.01558291,-0.020447886,-0.023717499,-0.025745406,-0.029138978,-0.033506135,-0.03679407,-0.042385703,-0.048484859,-0.049068772,-0.061032631,-0.067383056,-0.074312656,-0.09288885,-0.086964342,-0.099731407,-0.089626765,-0.101131566,-0.114408742,-0.122790285,-0.133393504,-0.143122593,-0.151655004,-0.154718136,-0.147898687,-0.152172189,-0.154874207,-0.149720003,-0.146716857,-0.148603769,-0.13154289,-0.133920625,-0.137242594,-0.14093156,-0.125535388,-0.128444524,-0.148285818,-0.134133425,-0.142101721,-0.144549044,-0.155414494,-0.170813288,-0.194069934,-0.195429687,-0.214430731,-0.183308999,-0.21022724,-0.248823005,-0.23795316,-0.273236627,-0.298867573,-0.316542461
1,1,1,1,1,0,0,0,0,0,0,0,0,1,0,1,0,1,1,0,1,1,0,0,0,1,0,0,1,1,0,1,0,1,1,0,1,0,1,0,1,1,1,1,1,1,1,0,0,0,1,0,1,0,1,0,1,0,0,0,1,1,0,1,1,0,1,0,0,0,1,1,0,1,0,0,1,0,1,1,0,1,1,0,1,0,1,1,1,1,0,0,0,0,1,1,1,1,1,0,-0.018608298,-0.014422922,-0.035567315,-0.020202212,-0.046798367,-0.131073068,-0.21326203,-0.225003107,-0.056853594,-0.062386461,-0.141004448,-0.515215531,-0.183782945,-0.066513731,-0.050220308,-1.986878094,-0.166877038,-0.552715235,-2.121421495,-0.410159157,-0.17354433,-0.38512421,-0.1403926,-0.073665401,-0.102892102,-0.071832536,-0.232094737,-0.112815461,-0.13594418,-0.186862155,-0.258252999,-0.351259593,-0.543572614,-0.717496264,-1.024216456,-1.250525572,-1.418156749,-1.417529243,-1.343256137,-1.26274813,-1.107519135,-1.046654914,-1.001385394,-0.976478912,-0.936636554,-0.910770686,-0.905172493,-0.920425495,-0.94928924,-0.982959816,-1.082178653,-1.168442354,-1.222231316,-1.266855053,-1.373673676,-1.670456342,-2.094322881,-2.604360098,-3.693886202,-5.235024591,-7.640731521
1,1,0,1,1,0,0,1,0,0,1,0,1,0,1,0,0,0,0,1,1,0,1,1,1,0,0,1,0,1,0,0,1,1,1,0,1,1,0,0,0,0,1,0,1,0,1,1,1,0,1,0,1,1,1,0,1,0,1,1,1,0,1,0,0,0,1,0,1,0,0,1,0,0,0,0,0,1,1,0,0,0,0,0,1,1,1,0,0,0,0,0,0,0,0,0,0,1,1,1,-0.002788192,-0.001880257,-0.003236756,-0.004975891,-0.008301484,-0.023169608,-0.092608721,-0.015781371,-0.01526352,-0.018738384,-0.022860874,-0.026779249,-0.030713043,-0.032618095,-0.033074056,-0.03944393,-0.102171273,-1.527724437,-0.093736643,-0.085229791,-0.114367373,-0.434923833,-1.165081479,-0.338475092,-0.323570044,-0.396339059,-0.7087077,-1.112505792,-2.132011501,-5.354168075,-6.943963273,-2.838364952,-1.571788551,-1.080216407,-0.851108311,-5.331984583,-1.941313639,-0.572154935,-0.363471323,-0.280673541,-0.237920091,-0.243244691,-2.128403578,-0.33778062,-0.332305819,-0.23106071,-0.231424252,-0.228018294,-0.251826067,-0.296625488,-0.70007892,-1.643334561,-0.686047647,-0.635022304,-0.433151793,-0.411348541,-0.659660317,-0.541056539,-0.599039325,-0.64414206,-0.695005515
0,1,0,0,0,1,0,0,1,1,1,0,0,1,0,0,1,1,0,1,0,0,0,0,0,0,0,1,0,1,0,1,1,1,1,0,0,1,1,1,1,0,1,0,0,0,0,1,0,1,1,0,1,1,0,1,0,1,1,1,0,1,0,0,1,1,0,0,0,1,0,1,0,0,0,1,0,0,0,0,1,1,0,0,0,1,1,1,0,0,0,1,1,1,1,0,0,0,0,1,-0.014266812,-0.023800285,-0.057734742,-0.289799329,-0.053950029,-0.171454711,-0.082416685,-0.351434618,-1.419623623,-1.186624394,-0.141892287,-0.075228494,-0.06244746,-0.057411206,-0.059670214,-0.081621235,-0.152376071,-0.764783946,-2.388386927,-1.307306627,-0.479073986,-0.424280796,-1.576694554,-0.827445032,-6.407543369,-0.444904018,-0.301201495,-0.287293507,-1.589117969,-0.598368293,-0.825370022,-2.940249408,-1.364130593,-0.418763987,-0.283292086,-0.420748565,-0.310117995,-0.950892681,-3.061644845,-0.802923501,-1.032951342,-0.501001882,-0.619805568,-1.045516279,-2.656540474,-23.38883256,-3.178955716,-5.059880082,-8.866090497,-4.226874481,-2.576463071,-2.51487903,-2.884615124,-2.490220271,-1.092534792,-1.096280347,-3.491360521,-9.6906904,-3.039650001,-1.694302913,-1.911918901
1,1,0,0,1,0,0,1,0,1,0,0,0,1,0,0,1,0,0,1,0,1,1,1,0,0,1,1,1,1,0,1,0,1,1,1,0,0,1,0,0,1,1,1,1,0,0,0,0,0,1,1,1,0,0,0,1,0,0,0,1,1,0,0,0,1,0,1,0,0,1,1,0,0,0,0,1,0,0,0,1,0,1,1,1,0,0,0,1,0,0,1,0,1,0,1,1,1,1,0,-0.002946138,-0.003424348,-0.004030688,-0.005234697,-0.006292918,-0.008005498,-0.009920025,-0.012335766,-0.012455139,-0.017542601,-0.020703192,-0.02409556,-0.026733931,-0.029633988,-0.033698145,-0.037245682,-0.04235807,-0.049052865,-0.052738551,-0.060866296,-0.071686776,-0.064758778,-0.074027842,-0.079991097,-0.088067823,-0.092003888,-0.103378823,-0.118715574,-0.121652717,-0.128451135,-0.135558518,-0.141306625,-0.14401006,-0.144823295,-0.156326702,-0.148405678,-0.147843466,-0.145398935,-0.141773949,-0.135943596,-0.147121615,-0.129921584,-0.1274187,-0.126564075,-0.126228857,-0.125789496,-0.129178945,-0.138850248,-0.141379044,-0.146417608,-0.151981185,-0.158776424,-0.181994441,-0.200651633,-0.236358431,-0.237050875,-0.223727963,-0.265937902,-0.356353508,-0.288412859,-0.322410772
0,1,1,0,1,0,1,1,1,0,1,0,0,0,1,1,0,1,0,0,1,0,1,1,0,1,1,1,0,1,0,0,0,0,0,0,1,1,1,0,0,1,1,1,1,1,1,1,0,1,1,0,0,0,1,0,0,0,1,1,1,0,0,1,1,1,0,0,0,1,1,0,1,0,0,0,1,1,0,1,1,1,0,0,0,0,0,1,1,1,0,1,0,0,0,1,1,0,0,1,-0.00301744,-0.003547948,-0.004341178,-0.005307549,-0.006582875,-0.008176228,-0.010290318,-0.014654999,-0.014394927,-0.018101943,-0.021486758,-0.023350572,-0.026393119,-0.029428275,-0.033084415,-0.036323787,-0.04218395,-0.049445184,-0.043441678,-0.059257105,-0.066129741,-0.072078556,-0.078483543,-0.083292996,-0.092269407,-0.097932921,-0.106814339,-0.116604045,-0.124914106,-0.132948712,-0.139015716,-0.149358098,-0.154855575,-0.161375268,-0.138637093,-0.143466408,-0.150398695,-0.149516633,-0.131658475,-0.140747876,-0.13661764,-0.13266902,-0.135635323,-0.132885789,-0.144672702,-0.138653554,-0.146576521,-0.169293737,-0.217573257,-0.162943318,-0.148220914,-0.170521448,-0.184437967,-0.191936271,-0.252688426,-0.178090741,-0.232740871,-0.280895634,-0.266555869,-0.287288464,-0.358970858
1,1,1,1,0,0,1,1,0,1,1,1,0,0,0,1,1,0,0,0,1,0,1,0,0,1,1,0,0,0,1,1,0,0,0,1,0,0,0,1,1,1,1,1,1,1,1,1,0,1,0,1,1,0,0,1,1,0,1,1,1,0,0,0,1,1,0,1,0,0,0,1,1,1,1,1,1,1,1,0,0,0,0,1,1,1,0,0,0,0,1,0,1,0,1,0,1,0,1,0,-0.002999027,-0.004529575,-0.003989862,-0.005101951,-0.006440533,-0.008644546,-0.009797472,-0.011322382,-0.014517221,-0.017142367,-0.020433815,-0.023342308,-0.026195778,-0.028959826,-0.032713565,-0.037231968,-0.043750962,-0.027517464,-0.051345758,-0.058093159,-0.063788368,-0.069279746,-0.075007121,-0.080520827,-0.107269463,-0.098793756,-0.107725982,-0.116305653,-0.128927924,-0.150900706,-0.134212585,-0.135182135,-0.145803734,-0.151347822,-0.152956777,-0.158942111,-0.156447327,-0.133750224,-0.140737546,-0.137356388,-0.131460535,-0.130984007,-0.131560678,-0.132697588,-0.138117243,-0.150615851,-0.131514239,-0.12312606,-0.142980207,-0.150664049,-0.159037899,-0.190696611,-0.223790245,-0.180943529,-0.224566361,-0.243537357,-0.267790601,-0.287070041,-0.32015062,-0.334139971,-0.353979153
1,0,1,1,1,0,0,0,1,1,1,1,1,1,0,0,1,1,0,1,1,1,1,1,0,1,1,1,1,0,0,1,0,0,0,1,1,0,0,1,1,0,0,0,0,1,1,1,1,0,1,0,0,1,1,1,1,1,0,1,0,0,0,0,1,1,0,0,0,1,0,1,0,1,0,0,0,1,1,0,0,1,1,1,0,0,0,0,0,1,0,0,0,0,1,0,1,1,1,0,-0.004293983,-0.012866875,-0.012375263,-0.014079408,-0.016124563,-0.023399338,-0.322409926,-0.627216088,-0.191724924,-0.145224243,-0.079487268,-0.074088288,-0.095734226,-0.645939859,-3.911684987,-0.142179647,-0.159340094,-0.321150803,-0.940324899,-1.246019251,-0.344659066,-1.216580589,-0.821380419,-1.121442411,-0.493203774,-0.806786357,-1.163075734,-0.69319842,-0.182350278,-0.162217674,-0.275217045,-0.202266598,-0.25277308,-0.304193611,-0.351728304,-0.399677515,-0.509787412,-0.608077528,-1.990464423,-0.611717556,-0.58334136,-0.59043097,-0.662249695,-1.058353237,-8.322668418,-1.352769009,-0.883274729,-0.75228394,-0.734192136,-0.761986406,-0.960927573,-1.290288319,-1.959905108,-3.768297874,-8.005813717,-13.57716406,-8.868729007,-5.077828201,-2.721478759,-3.385243357,-2.472618168
0,0,1,1,1,0,0,0,1,0,0,0,1,1,1,1,1,0,1,1,0,0,1,0,1,1,1,1,0,0,0,1,0,1,0,0,0,0,0,0,1,0,1,0,1,1,0,1,0,0,0,0,0,0,0,0,1,1,0,0,0,1,1,1,1,1,0,0,1,0,1,1,0,0,0,1,1,0,1,0,0,1,1,1,0,1,0,0,1,1,1,1,0,0,1,0,1,1,1,0,-0.013796458,-0.012807972,-0.018681436,-0.036551408,-0.150856297,-0.019881188,-0.021509068,-0.027739351,-0.053675437,-2.989968676,-0.067588161,-0.197432016,-0.860636766,-0.248559081,-0.315130823,-0.248791846,-1.4722703,-14.37070352,-0.115087221,-0.209866179,-1.181886604,-0.371165076,-0.692588193,-0.39166186,-0.567928296,-0.777780125,-0.932752864,-1.124919587,-9.05805299,-1.093550176,-2.103236236,-3.514309973,-6.75403799,-2.662187169,-0.605585178,-0.617891619,-1.133032221,-7.515351076,-7.723730291,-7.966534033,-2.312635513,-1.897104068,-0.949303066,-0.736097655,-0.597748991,-0.532697531,-0.442029315,-0.600109126,-0.466889811,-0.388319569,-0.360088613,-0.375763813,-0.386924103,-0.405805125,-0.47915641,-0.423086618,-0.412579061,-0.406007324,-0.421942616,-0.439365697,-0.507105718
0,0,1,1,0,1,1,1,0,0,0,1,0,0,1,0,1,1,1,0,0,1,0,1,0,1,0,0,1,0,1,0,0,1,0,0,1,1,1,0,0,0,0,0,1,1,0,1,1,1,0,1,1,1,0,0,0,0,0,1,1,1,0,0,0,0,1,0,1,1,0,1,0,0,1,0,1,0,1,1,0,0,0,1,0,0,0,0,1,0,1,1,0,0,1,1,0,0,1,0,-0.018232667,-0.061654514,-0.421175493,-5.397103179,-0.029023571,-0.015389879,-0.016660697,-0.022996493,-0.360651343,-1.713822597,-0.109598355,-0.159751782,-0.200743266,-2.618870973,-0.439814388,-0.039194493,-0.190013745,-0.090872788,-0.387186145,-0.452705614,-0.208140491,-0.245957537,-0.115951679,-0.156424941,-0.616013176,-0.416067285,-1.097308198,-1.309847811,-3.389228211,-10.98003311,-6.912076455,-1.794781917,-0.822224052,-0.722122227,-0.670476029,-0.774392762,-0.462184815,-1.670923941,-0.726865355,-0.46034338,-0.294207466,-0.3178631,-0.283098185,-0.254335339,-0.298209966,-0.56122055,-1.107099077,-5.838696332,-13.50971587,-4.753500077,-8.005986426,-1.924814399,-0.729177822,-0.409265822,-1.701819167,-1.397312367,-0.70787267,-0.592098067,-1.093838233,-5.753433346,-8.366390704
1,0,1,1,1,1,0,0,0,1,0,0,0,1,0,0,0,1,0,1,0,0,1,0,0,1,1,1,0,0,1,0,1,1,1,1,1,0,1,0,1,1,1,0,0,1,0,0,1,0,0,0,1,0,1,1,1,0,1,0,1,0,1,1,1,0,1,1,0,1,0,0,0,0,0,0,0,0,0,1,0,0,0,1,0,1,1,1,1,1,0,1,0,1,1,0,1,1,1,1,-0.045685375,-0.014524563,-0.023680301,-0.096798137,-1.069236774,-0.222697134,-0.063685265,-0.057078543,-0.070778351,-0.098319244,-0.140640877,-0.262753311,-0.794873878,-0.201521721,-0.104441244,-0.075074712,-0.051813106,-0.069911153,-0.14545161,-0.066597479,-0.046379593,-0.048809206,-0.061065295,-0.058542901,-0.14222794,-2.410079322,-4.317401944,-0.195359932,-0.094472211,-0.079681151,-0.060406914,-0.064971704,-0.158749188,-0.146606847,-0.109315137,-0.134129987,-0.360037573,-1.882613565,-0.400043137,-0.435079419,-1.028065784,-7.070506641,-2.245485493,-0.671712844,-0.692440257,-0.551402291,-0.655787119,-2.237562987,-1.682137274,-0.624348985,-0.429059512,-0.347097025,-0.317485839,-0.305874767,-0.297704899,-0.293337515,-0.329562898,-0.385990277,-0.465763963,-0.594456413,-0.767833534
0,0,0,0,1,0,1,0,0,0,1,0,1,0,0,0,1,1,1,1,0,1,1,1,1,1,0,0,1,1,0,0,0,0,0,0,1,1,1,1,0,1,1,0,0,1,0,0,0,1,0,1,0,0,0,1,0,0,0,0,0,0,1,1,0,1,1,1,0,0,1,1,1,1,1,1,0,1,1,1,1,1,0,1,0,0,0,1,0,1,1,1,1,1,1,1,0,0,0,0,-0.258437224,-0.12960372,-0.02766799,-0.012094953,-0.040220562,-0.932459052,-0.062756069,-0.089731427,-0.539669798,-0.104899002,-0.066607877,-0.0383135,-0.111534042,-1.552859349,-0.853684124,-2.580546368,-0.1258701,-0.07854449,-0.061651446,-0.051344464,-0.054712477,-0.087243772,-0.096718745,-0.065535311,-0.699069947,-0.099865854,-0.063671475,-0.051864801,-0.056361212,-0.061270896,-0.063036465,-0.065157722,-0.095799836,-0.081186803,-0.106157977,-0.123656506,-0.14010082,-0.165622499,-0.26206429,-0.347402425,-0.381438526,-0.243109327,-0.292580459,-0.482608896,-0.60715049,-0.533608991,-0.97610964,-1.964443924,-6.564886726,-3.903335338,-2.881780626,-1.559351279,-1.211231524,-1.39025417,-3.179990162,-4.965093803,-1.001668445,-0.93442797,-1.150162842,-1.784681899,-7.237143741
1,1,0,1,1,1,0,0,0,1,0,0,1,1,0,1,1,0,0,0,0,0,0,1,0,1,0,1,1,1,0,1,0,1,1,1,0,0,0,1,0,0,0,0,1,0,0,0,0,1,0,0,1,0,0,0,1,1,1,1,1,0,1,1,1,0,0,1,1,0,0,1,1,1,0,1,1,0,0,0,1,1,0,0,0,1,0,0,1,0,1,0,0,0,1,0,1,0,0,0,-0.009953644,-0.022893167,-0.038904518,-0.046250288,-0.153350689,-0.171560873,-0.062458836,-0.031968804,-0.022110649,-0.101969526,-2.395869405,-0.03777335,-0.040932961,-0.112547717,-0.094187729,-0.231611018,-0.280641134,-0.33401977,-1.727169264,-2.308855519,-0.487331318,-0.384162602,-4.748416473,-0.511887754,-0.86010467,-4.883776854,-1.09865379,-1.199517362,-2.90246091,-3.850881463,-1.898871614,-1.325952614,-1.015888724,-0.899335336,-2.762281933,-6.286112795,-1.49862666,-0.787045328,-0.755783024,-0.595846251,-0.610063935,-0.754512957,-0.593409391,-0.322347991,-0.38272353,-0.421785981,-0.356587118,-0.284058293,-0.267123706,-0.219801158,-0.204967217,-0.201459597,-0.208301337,-0.241905103,-0.387096684,-1.221026645,-1.971312922,-1.07231706,-0.516875422,-0.532565092,-0.980771667
0,0,1,0,0,1,0,1,1,1,0,0,1,1,1,1,0,0,1,1,1,1,0,0,1,1,0,0,1,1,0,0,0,0,1,1,1,0,0,0,1,0,1,1,1,1,0,1,0,0,1,0,0,1,1,0,0,1,0,0,0,1,0,1,1,0,1,1,0,1,0,0,1,0,0,1,1,0,1,1,0,0,0,0,0,1,0,0,1,0,1,0,0,0,0,0,0,1,0,0,-0.121739518,-0.068039367,-0.036315187,-0.061637024,-0.161307119,-0.510979251,-0.888936179,-0.26727226,-0.139677001,-0.154242865,-0.228260383,-0.127174436,-0.042817888,-0.043920021,-0.047416541,-0.056144457,-0.227882373,-0.061004255,-0.089464217,-0.135938964,-0.223454983,-0.576072074,-2.577354657,-1.08925134,-0.91727105,-0.98056515,-0.861961804,-1.62355466,-0.694101187,-1.673634102,-4.973846629,-0.894315993,-0.509798854,-0.471383134,-0.846078653,-4.77019493,-1.137486082,-0.374067178,-0.405059152,-1.337234758,-3.290596892,-0.643193776,-1.38748284,-1.191725883,-2.15685305,-8.946964801,-1.131571623,-0.581409167,-0.534787611,-0.487641926,-0.457405251,-0.3799431,-0.592104993,-4.493124067,-1.278897824,-0.783072643,-3.042428573,-0.710830758,-1.006260111,-4.018985685,-3.928054095
1,0,0,0,0,0,1,1,1,1,0,0,0,0,0,0,0,1,0,0,0,0,1,1,1,0,1,1,0,0,1,0,0,1,1,1,1,0,0,0,1,1,1,1,0,0,0,0,0,0,0,0,1,0,1,0,1,1,0,1,0,0,1,1,1,0,1,1,1,1,0,1,1,1,1,0,0,1,1,0,1,1,1,1,1,0,0,1,0,0,0,0,1,0,0,0,1,1,0,0,-0.00954296,-0.010007678,-0.069484857,-0.032489742,-0.026739737,-0.048133873,-1.270721043,-0.057589078,-0.113471019,-0.521627446,-0.02419056,-0.032401701,-0.039810249,-0.040653602,-0.018330547,-0.020035185,-0.023269872,-0.029624058,-0.057870991,-0.577812861,-0.14618894,-0.548052438,-0.409969912,-1.588737005,-10.49175931,-0.467557739,-0.689570362,-0.643562348,-0.267753092,-0.224600921,-0.31005191,-0.227212361,-0.261733366,-0.269113127,-0.324578722,-0.640938487,-0.574295768,-0.917515436,-1.940903934,-5.399216971,-11.44614521,-3.143427972,-23.53401081,-1.206391084,-0.506579536,-0.57956364,-0.315214615,-0.347966093,-0.509016057,-0.767738525,-0.34910905,-0.284569172,-0.653893014,-0.226537611,-0.227005395,-0.245871856,-0.257072526,-0.341222873,-0.487809894,-1.382011557,-0.58660663
0,1,0,1,1,1,1,1,1,0,0,0,1,0,0,1,0,1,0,0,1,1,1,1,1,0,1,1,1,1,1,1,1,0,0,1,0,0,0,0,0,1,0,0,0,0,1,0,1,1,1,1,0,1,1,1,0,0,1,0,0,1,1,0,1,1,0,0,0,0,1,1,1,1,0,1,1,1,1,1,0,1,1,1,1,1,0,0,0,1,0,1,1,0,0,0,1,0,0,0,-0.070576342,-0.079432253,-0.070505941,-1.422864137,-0.249248195,-0.347371343,-0.214142956,-0.118853604,-0.123287986,-0.18152017,-0.674684656,-0.646975215,-0.218216693,-0.484316278,-0.868349983,-3.343657667,-0.616753622,-1.039726129,-1.251496986,-1.902490523,-3.73929527,-0.499524104,-0.199857661,-0.176020355,-0.205105168,-1.412233399,-0.197458573,-0.266967518,-0.34611543,-0.68232168,-1.107814737,-2.102272331,-6.12908103,-5.30383801,-2.925524259,-1.935779891,-2.161745542,-4.541312834,-1.18257846,-2.209667543,-13.17357458,-2.476931298,-1.087035335,-0.796924494,-0.646169319,-0.611909077,-0.80055024,-0.470334696,-0.62770624,-2.138616139,-0.854514932,-1.882417698,-1.606467841,-0.797239703,-1.436123266,-6.480570068,-1.066185321,-0.637198391,-0.89245122,-2.079228729,-0.80846517
1,1,0,0,1,0,1,1,1,1,0,1,0,1,1,0,1,1,1,1,0,0,1,1,0,1,1,0,1,1,1,0,1,0,0,0,1,1,1,0,0,0,1,0,0,0,0,1,0,0,1,1,0,0,1,0,1,0,1,1,0,0,1,0,1,0,1,0,0,0,1,1,0,0,0,1,1,1,1,1,0,0,1,0,0,1,0,0,1,0,0,1,0,0,1,0,1,0,1,0,-0.041479217,-0.383864093,-0.095019467,-0.043320612,-0.03960441,-0.060498775,-0.604470927,-0.083928797,-0.069020213,-0.389032098,-0.90193092,-0.289307797,-9.044502516,-0.73923711,-0.261708232,-0.374122318,-1.396968815,-0.694247707,-0.527495361,-0.263348583,-0.300859176,-0.60287362,-0.275283405,-1.129276237,-0.290559214,-0.35550515,-0.763788439,-1.412098697,-0.255492799,-0.373779881,-6.267056246,-2.135162555,-6.190502618,-1.303670702,-1.98381237,-0.563545741,-0.531777344,-4.795490485,-2.00619359,-2.747342563,-9.311245683,-10.66498666,-4.119219946,-0.690508837,-0.703649727,-0.594009512,-0.927020578,-0.753900319,-4.033590398,-0.627574051,-0.681608869,-7.49923392,-16.10541505,-5.284534292,-2.913737285,-4.539288116,-2.460489422,-4.743389262,-5.651539291,-3.392348803,-4.334137617
0,1,0,1,0,1,0,0,0,1,1,1,0,0,1,1,0,1,0,1,1,1,0,1,1,0,0,0,0,0,1,0,0,0,0,0,1,1,0,1,1,1,0,0,0,0,1,1,1,1,1,0,1,1,1,1,1,1,1,0,0,1,0,0,0,0,0,1,0,0,0,0,0,0,0,1,1,0,1,0,1,0,0,1,1,0,0,1,1,1,0,1,0,1,0,0,1,0,0,0,-0.007956699,-0.25848448,-0.051262015,-0.061767239,-0.234514283,-0.118120905,-0.16656859,-0.546406721,-0.060728128,-0.044224823,-0.141010621,-0.321397469,-0.40653544,-0.169309665,-0.216455881,-0.109973982,-0.200040828,-0.242037863,-0.54041895,-1.069012415,-0.246588164,-0.119601172,-0.133088525,-0.423847593,-1.487082265,-1.776853968,-0.400895105,-2.420191055,-1.814979096,-0.715545225,-0.624140716,-5.130069039,-3.231133608,-1.063005998,-2.770516137,-3.074246235,-2.340003706,-3.330590262,-1.20331975,-1.814810298,-5.072014379,-1.246461651,-1.86730626,-4.528203715,-4.254053826,-3.438724061,-1.071604446,-1.130696237,-6.082662571,-1.471490187,-1.041283813,-0.665932937,-0.660359416,-1.506659959,-3.589957531,-9.087437855,-4.109121065,-3.455589818,-2.677171812,-2.491292632,-2.908534298
0,0,0,1,0,1,1,0,1,0,1,1,1,1,0,0,0,1,0,0,0,1,1,0,1,0,1,1,0,0,1,0,1,1,1,0,1,0,1,1,0,0,0,0,1,0,0,0,1,0,1,1,1,0,1,0,0,0,0,1,0,0,1,0,1,1,1,0,0,1,0,0,1,1,0,0,0,0,0,1,0,1,1,1,1,0,0,1,0,0,0,0,0,1,0,0,1,0,1,1,-0.039825571,-0.055075963,-0.021283549,-0.024844467,-0.062005183,-0.232714306,-0.052171184,-0.109475128,-0.622018107,-1.496110613,-0.914557651,-0.766578908,-0.353597466,-0.623406487,-3.259255775,-0.697540714,-1.688507516,-1.788250729,-0.480323905,-0.258244026,-0.814914231,-9.263074772,-0.207432882,-0.096049181,-0.082208368,-0.175704461,-0.143214095,-0.245059955,-0.683172141,-2.690133605,-2.418194074,-1.894925607,-7.529273316,-6.251213248,-4.612441686,-17.03449495,-3.742523594,-2.025226525,-7.22201153,-3.402844243,-4.428027716,-0.892408798,-0.643992471,-0.42465198,-0.461407136,-0.40754688,-0.774980298,-10.13776689,-1.529218187,-12.3212682,-5.069597273,-8.402150974,-10.21476509,-3.937916929,-1.620806947,-2.097928682,-1.544579453,-1.532160708,-1.836659555,-2.131904035,-2.586139218
0,0,0,1,0,1,0,1,1,1,1,0,1,0,1,1,1,1,0,1,1,1,1,1,0,1,0,1,0,1,1,0,1,0,0,0,1,1,1,0,1,0,1,0,1,1,1,1,1,1,1,1,0,0,1,1,0,0,0,0,0,0,0,0,0,1,0,0,1,0,1,0,1,1,0,1,0,0,0,0,1,0,0,0,1,1,1,1,1,1,0,0,1,0,1,1,1,0,1,0,-0.014725412,-0.288500853,-0.133546611,-0.330161093,-0.060336624,-0.048681534,-0.056340408,-0.081199548,-0.175492348,-1.783410249,-4.600340533,-0.075884464,-0.069952688,-1.224041407,-0.294175487,-0.517812443,-0.473043156,-0.50444327,-5.103464107,-0.527742786,-0.224833968,-0.151332393,-0.111792736,-0.698322094,-0.331778871,-0.231745773,-0.282835413,-0.985066853,-0.950439864,-0.272971035,-1.073510923,-0.854821696,-0.358759533,-0.246763337,-0.140720713,-0.121911351,-0.137876088,-2.006197264,-0.806671797,-0.889866714,-0.230382583,-0.205276991,-0.329963075,-0.414402886,-1.224441473,-2.302959746,-0.672213631,-0.378057434,-0.369876123,-0.566110597,-1.189780553,-3.470114553,-3.655990891,-1.728543201,-1.026314961,-0.831608589,-0.782110604,-0.842372185,-1.117063311,-1.687281584,-5.096921885
1,1,0,0,1,0,0,1,1,0,1,0,1,0,1,0,1,0,1,1,0,0,1,1,1,0,1,1,1,1,1,1,0,1,1,0,0,1,0,0,0,0,0,1,1,0,1,0,1,0,0,0,1,1,0,1,1,1,0,1,1,0,1,0,1,0,1,0,1,1,1,0,0,1,0,1,1,1,0,0,1,1,1,0,1,1,0,0,0,0,1,1,0,0,0,0,1,0,1,0,-0.007423426,-0.011491195,-0.021581714,-0.019893554,-0.024082822,-0.032748238,-0.024628604,-0.038830156,-0.054401975,-0.080923023,-0.135235801,-0.269825199,-0.678544799,-1.288211104,-1.755201092,-0.489759528,-0.509851539,-1.113458168,-1.117162723,-0.537388655,-2.294395044,-0.609111049,-0.234105533,-0.138583424,-0.109496697,-0.109766611,-0.149951049,-0.796423841,-0.214994115,-0.318858672,-1.167404668,-3.682763333,-2.250249263,-2.642375002,-2.483140135,-1.2050973,-0.672430043,-0.510429364,-0.472596387,-0.505667776,-0.561041542,-0.740684335,-1.155201314,-4.843629113,-0.767551342,-1.118532547,-7.521007886,-2.359622326,-1.496838143,-1.947455959,-4.728440673,-6.646261607,-1.356741581,-1.106316604,-1.179284828,-1.146697692,-1.074923982,-0.9660122,-0.856203657,-0.800687633,-0.788070294
0,1,1,0,0,0,0,1,0,1,0,1,0,1,1,0,0,0,1,0,0,1,0,1,0,1,0,1,0,1,1,1,0,0,0,0,1,1,0,0,1,0,0,0,0,0,0,1,1,0,1,1,0,1,0,1,0,0,0,1,1,1,1,0,1,0,0,1,1,1,0,1,1,0,0,0,1,1,0,0,0,0,1,1,1,1,0,1,0,0,1,0,1,0,1,0,1,1,1,1,-0.014708448,-0.023561999,-0.015275201,-0.013241089,-0.013183941,-0.013753321,-0.057879291,-0.193636418,-0.429899914,-0.276305358,-0.742012617,-0.305743216,-1.47577254,-0.966117612,-0.614209469,-0.583006521,-0.713458723,-1.009122096,-1.385526573,-1.378846943,-1.013458766,-0.699337861,-1.14605734,-0.583101267,-0.881856911,-1.001065273,-0.739539092,-4.342871587,-0.822820452,-0.467420324,-0.563741246,-0.880192705,-1.236988891,-0.630061073,-0.824693413,-0.663458659,-0.753989724,-0.743481836,-0.688149668,-8.702921912,-0.948612164,-5.615671781,-3.313970822,-2.007785827,-2.398966822,-10.35059466,-3.680902461,-2.673990815,-4.598445028,-7.304220645,-4.608145826,-3.034926178,-3.28876982,-6.948810796,-17.00477084,-5.663049816,-4.054195453,-6.30560612,-7.328662708,-1.793958886,-1.249971576
0,0,0,1,0,0,1,0,0,0,1,1,1,0,0,0,0,1,0,1,0,1,1,1,0,1,1,1,0,0,1,1,0,1,1,1,1,1,0,0,0,1,0,0,0,1,1,1,1,1,1,1,0,1,1,0,1,0,0,1,1,0,1,1,1,0,1,1,0,0,1,0,1,0,1,1,0,0,0,1,1,1,0,0,1,0,0,1,1,0,1,0,1,0,1,1,1,1,0,0,-0.002954828,-0.003530255,-0.004335119,-0.005356948,-0.00660302,-0.007873949,-0.009884021,-0.012429388,-0.014963218,-0.018125253,-0.021817096,-0.024035569,-0.027482815,-0.033173348,-0.041743253,-0.035620106,-0.034513977,-0.051166554,-0.049243844,-0.057106457,-0.064067116,-0.068669494,-0.075896168,-0.080044229,-0.087271462,-0.094728323,-0.105391471,-0.117881376,-0.12405176,-0.128676641,-0.13427608,-0.134979064,-0.150263248,-0.154814114,-0.15745045,-0.173888865,-0.175930142,-0.142278734,-0.14324036,-0.140585796,-0.128817462,-0.128058245,-0.129171476,-0.123139743,-0.123420088,-0.126421567,-0.13224682,-0.135520423,-0.142987391,-0.15748577,-0.163752177,-0.177618075,-0.186695281,-0.202064714,-0.182765662,-0.217884441,-0.260377632,-0.294380403,-0.292331151,-0.321475514,-0.339056459
1,0,0,1,0,0,1,1,1,1,1,1,1,1,0,1,0,1,0,0,0,1,0,1,0,1,0,0,0,1,1,0,0,0,0,1,0,1,1,1,0,1,1,1,1,0,1,1,1,0,1,1,0,0,0,0,0,0,1,0,1,0,1,1,0,1,1,1,1,1,1,0,0,1,0,1,1,0,1,1,1,0,1,1,1,1,1,1,0,0,0,1,0,0,1,0,0,1,1,0,-0.002991851,-0.003630405,-0.004342588,-0.005301446,-0.006659368,-0.00823128,-0.009273658,-0.012470108,-0.015112287,-0.010082573,-0.019998377,-0.023638125,-0.026426278,-0.02957557,-0.0337312,-0.032246784,-0.041671056,-0.048583782,-0.061262084,-0.058552001,-0.065043756,-0.071575189,-0.09098708,-0.093048556,-0.092361732,-0.102000246,-0.119784781,-0.116742177,-0.12545709,-0.128647892,-0.137840797,-0.141707548,-0.140337017,-0.163667488,-0.158531303,-0.147864533,-0.147762391,-0.17266828,-0.143435185,-0.139668244,-0.135726406,-0.130888856,-0.144866758,-0.12978768,-0.127882319,-0.133250693,-0.13588773,-0.145383723,-0.151147883,-0.161049404,-0.169857785,-0.160877257,-0.152945065,-0.190385483,-0.22255854,-0.250603534,-0.267984757,-0.322304052,-0.338291557,-0.374843877,-0.415685882
1,1,1,1,1,0,1,1,1,1,1,1,1,1,1,1,0,0,0,1,1,1,0,1,0,1,0,0,0,0,1,1,0,0,1,1,1,1,0,0,1,0,1,0,0,0,0,0,1,1,1,1,1,1,1,0,0,1,1,0,0,1,0,0,1,0,0,0,1,0,0,1,0,1,0,0,1,1,1,0,0,0,1,1,0,1,1,0,1,0,0,0,0,1,1,0,1,0,0,1,-0.002805273,-0.003466303,-0.004229714,-0.005193155,-0.006464753,-0.008136475,-0.010872477,-0.011561964,-0.017992073,-0.01747697,-0.020796538,-0.024143828,-0.025781545,-0.027163474,-0.033626109,-0.037164478,-0.042820359,-0.048975481,-0.056832578,-0.062014214,-0.079381253,-0.071076191,-0.077042716,-0.077252567,-0.095025086,-0.095465744,-0.10690385,-0.111740038,-0.12470047,-0.182114032,-0.122490551,-0.135789974,-0.145035568,-0.148839244,-0.150311026,-0.153599328,-0.150554498,-0.146472724,-0.147935744,-0.147896909,-0.132431357,-0.162876861,-0.120945498,-0.120230115,-0.130481465,-0.133640065,-0.145070965,-0.153871941,-0.16220014,-0.171460373,-0.186525631,-0.17826563,-0.19668168,-0.196630625,-0.20517921,-0.182374946,-0.211872672,-0.26759374,-0.235997294,-0.331432454,-0.352683152
1,1,0,1,0,1,0,0,0,0,0,1,0,1,1,1,0,0,0,0,0,1,0,0,0,0,1,0,1,0,1,1,1,1,0,0,1,1,0,1,0,1,0,0,1,1,0,0,0,1,1,0,1,1,1,0,0,1,0,0,0,1,1,0,0,1,1,1,0,1,0,0,1,0,0,0,0,1,1,0,1,0,1,0,0,0,1,1,1,0,1,0,1,0,0,0,1,0,1,0,-0.0967823,-0.06038985,-0.112326635,-0.081349278,-0.13486294,-0.264787028,-0.130703391,-0.045955888,-0.029563203,-1.104167281,-0.631239885,-0.156100905,-0.082366902,-0.07641047,-1.050139425,-0.128309999,-0.173730221,-0.674155011,-1.038038664,-1.504310465,-1.081627994,-0.903603963,-0.486910464,-1.087785135,-0.68334604,-0.506876025,-0.301361284,-2.797699458,-0.430884191,-0.582170573,-3.18288142,-4.029185985,-0.782571197,-0.32702509,-3.940629563,-0.92122253,-0.382669651,-0.264530714,-0.587127495,-0.441130194,-0.499241418,-0.86676329,-11.75520466,-2.257793622,-1.106892123,-1.142480865,-1.705896369,-4.504216386,-6.513653816,-5.277404127,-15.70460219,-2.762958175,-1.891647691,-2.468998939,-3.999719262,-1.301004327,-0.960873585,-0.870420179,-0.822591394,-0.886628348,-1.045386571
1,1,0,1,0,0,0,0,0,1,1,1,1,0,1,0,1,0,1,0,0,0,1,1,0,1,0,0,1,0,1,1,0,0,0,1,1,1,0,0,0,0,0,0,1,0,1,0,0,1,1,0,1,0,0,0,1,0,1,1,0,1,1,1,1,0,1,0,1,0,1,0,1,0,0,1,1,1,1,1,0,0,0,1,0,1,1,1,1,0,1,1,0,1,1,0,1,1,0,0,-0.017521393,-0.085999375,-0.103095478,-0.068889014,-0.167257841,-0.027724642,-0.043196312,-0.070758941,-0.226965921,-2.901166013,-0.79780543,-0.03372365,-0.04014371,-0.050714029,-0.095126009,-0.88831339,-0.171107066,-0.065746131,-0.118908867,-1.2520001,-0.248812817,-0.162978664,-0.360558224,-0.317103096,-1.767029367,-4.564375648,-1.111921998,-0.770827928,-0.373265293,-0.471298116,-12.42428458,-0.447193018,-1.152998001,-10.40850959,-1.78942789,-2.632307702,-2.896133809,-7.560648507,-8.220045571,-5.678615775,-2.984000737,-4.124115468,-4.005922967,-3.36655107,-1.28515351,-1.099461621,-2.929040687,-1.017062283,-1.171331039,-2.174263409,-1.871181777,-1.102013156,-1.324194514,-4.873670016,-1.939201005,-1.606396901,-1.538058854,-17.18027527,-1.634803523,-0.983319556,-0.799000703
1,1,0,1,1,0,1,1,0,1,1,0,1,0,1,0,0,1,0,1,0,0,1,1,1,1,0,0,0,0,1,0,1,0,1,0,0,1,1,0,1,1,0,0,0,0,1,1,1,1,0,0,1,1,0,0,1,0,1,0,0,0,1,0,1,1,1,1,0,0,0,0,1,1,1,0,1,1,0,0,0,0,0,0,0,1,1,1,1,0,1,0,0,1,1,0,0,1,1,1,-0.014570117,-0.015249554,-2.647735377,-0.12609947,-1.355308905,-0.48002309,-0.043232237,-0.025729206,-0.030489049,-0.04272712,-0.061333397,-0.096816347,-0.149822068,-0.26730749,-6.630319882,-0.121626815,-0.651443863,-1.540706837,-0.496026751,-0.234929141,-0.213227639,-0.314160673,-0.304213029,-0.588517836,-0.096660165,-0.086303868,-0.338152747,-2.442138591,-1.279933256,-0.400558016,-0.21493104,-0.149070619,-0.150800236,-1.40031995,-0.150753486,-0.102521434,-0.338382025,-0.147186451,-0.185759144,-0.200562962,-0.292561234,-0.623743151,-1.148039096,-2.058691722,-11.86898373,-1.400333181,-1.818086445,-0.920828085,-0.669866312,-2.109563783,-9.957719098,-1.536011826,-1.25119091,-2.999724579,-2.723177928,-0.887133819,-0.512528828,-0.438472516,-0.325651978,-0.346836101,-0.365831664
1,0,1,0,1,1,0,0,0,1,1,1,1,1,0,0,1,0,0,1,1,1,1,1,1,1,0,0,1,0,0,0,0,1,1,0,0,0,1,1,0,1,1,1,1,0,1,0,1,0,1,0,0,0,0,1,0,0,0,1,1,1,1,0,0,0,0,0,0,0,1,1,1,1,0,1,1,0,1,0,1,1,0,1,1,1,0,1,1,0,0,1,0,0,0,0,1,0,1,0,-0.018734331,-0.020904048,-0.0538085,-0.369315879,-0.238996786,-0.039183947,-0.028137718,-0.078926147,-0.082583843,-0.055614801,-0.128976639,-0.095928449,-0.049860756,-0.186617972,-0.438251485,-0.205118159,-0.043632916,-0.031780298,-0.098297764,-0.141683752,-1.925356886,-0.467213682,-0.22411359,-0.281300996,-0.450024754,-9.367578287,-0.521021002,-7.99838155,-1.393973833,-2.376291255,-2.854501772,-1.73248379,-0.945906677,-1.068593607,-1.46511758,-1.81371761,-11.14351263,-3.630699244,-0.822150903,-0.439674626,-0.55512235,-1.112176509,-0.298203099,-0.270153724,-0.286440314,-0.622758341,-4.444147999,-0.577383032,-0.535006888,-0.773220608,-3.575634462,-4.768050639,-6.886315914,-8.448310642,-9.564979537,-4.061241116,-2.435258481,-3.961832192,-2.376689196,-4.348538952,-14.48929766
0,1,0,1,0,0,1,1,1,1,1,0,0,1,0,1,1,1,0,0,1,1,0,0,1,0,0,1,1,1,0,0,1,1,1,1,1,1,1,1,1,1,0,1,0,1,0,0,0,0,1,0,1,1,0,0,1,0,0,0,1,1,0,0,0,0,0,0,1,0,0,1,1,1,0,1,0,0,0,0,1,0,1,1,0,0,0,1,0,0,0,1,1,1,1,0,0,0,1,1,-0.031954295,-0.00430619,-0.032000753,-0.026959759,-0.064390465,-0.162362152,-0.095673447,-0.250890062,-0.521938168,-0.330676642,-7.247988745,-0.226612465,-0.098905185,-1.166614519,-1.071733266,-0.321550086,-0.523127017,-0.821741725,-2.793682207,-1.522313384,-0.203984836,-0.772231699,-0.134974344,-0.098876229,-2.800938082,-0.575448813,-14.6857261,-0.865871455,-0.650737607,-0.520131397,-0.702134662,-0.7501727,-0.98313701,-0.589763002,-0.530956282,-0.902649032,-1.505787876,-3.013511787,-0.686903603,-0.512476925,-0.516247275,-0.567049201,-0.747169418,-3.060778875,-4.193377526,-0.856410619,-0.661941364,-2.950508506,-0.694741046,-0.890965176,-0.554293753,-0.798042231,-0.864054708,-0.69352627,-0.751034704,-0.631058991,-0.614034158,-0.671416811,-0.857471494,-1.427148008,-1.590363877
0,1,0,0,0,0,0,1,0,1,0,1,0,0,1,1,0,0,0,0,0,1,0,0,0,1,1,0,1,1,1,0,1,1,0,1,0,1,1,0,0,0,1,1,0,1,1,1,1,1,1,1,1,1,0,0,1,1,1,1,0,1,1,0,1,1,0,1,0,1,1,1,1,0,0,0,0,0,0,1,1,0,0,1,0,0,1,0,0,0,0,0,0,1,0,1,1,0,1,0,-0.066550039,-0.020312014,-0.155786328,-0.074847246,-0.035501952,-0.262369808,-0.043114433,-0.154321158,-0.048630173,-0.048313891,-0.06128052,-0.099932176,-1.459634424,-0.300575182,-0.377476395,-1.391093297,-0.165604072,-1.056009057,-0.061493292,-0.340648265,-0.173971689,-1.311431509,-0.781604652,-1.132989062,-0.492813407,-0.439183028,-2.839536563,-0.318371677,-0.205769144,-0.869166703,-0.145255954,-0.759142819,-0.188130616,-0.123642485,-0.165893572,-1.521299658,-4.209620673,-0.515412982,-0.312913722,-0.757245128,-1.663125301,-1.608874964,-2.310247986,-13.56008108,-1.339513136,-0.70751811,-2.949711495,-12.06998285,-4.277386138,-2.104366309,-2.436295808,-11.72662981,-1.932507509,-1.2927327,-1.13155504,-1.791486801,-2.279498472,-5.564160363,-2.625988288,-5.930573031,-5.329366733
1,1,0,0,0,1,1,0,0,1,1,0,1,0,1,1,1,1,1,0,1,0,1,0,0,0,0,1,1,1,1,1,0,1,0,0,0,0,1,0,0,0,1,0,1,0,0,1,0,0,1,1,0,0,1,0,1,1,1,1,1,0,1,0,0,1,0,1,0,1,1,0,1,1,1,1,0,0,1,1,0,1,0,1,1,0,0,1,1,0,0,0,0,0,0,0,0,1,1,1,-0.010020771,-0.019096078,-0.148949254,-0.064469226,-0.059315377,-0.139806041,-1.620459136,-0.090995884,-0.577370426,-0.370788446,-0.098779121,-0.159491076,-0.391088595,-0.519805827,-0.140147362,-0.130103306,-0.183202949,-1.13344631,-0.847125078,-0.167345398,-0.088321788,-0.082002619,-0.128183193,-2.901385807,-0.257611953,-0.311078718,-3.130976931,-0.716796103,-0.535771521,-0.603978019,-2.980742478,-3.032902997,-16.48178852,-3.497926028,-2.558399428,-0.396172798,-0.853848096,-0.233985506,-0.818319799,-0.235322069,-0.396780076,-0.134356711,-0.13126995,-0.147576986,-0.425633901,-0.162908602,-0.797355811,-0.440718983,-0.23165727,-0.347864753,-0.723643817,-2.357732301,-2.714699789,-1.091195327,-0.681453476,-0.618568305,-0.566208604,-1.265243566,-1.286680719,-1.045007121,-1.647695784
0,1,1,1,1,0,1,0,1,1,0,0,0,1,0,0,0,1,1,0,0,1,0,1,0,0,1,1,0,1,1,0,1,1,0,1,1,1,0,0,0,1,0,0,0,0,1,0,0,1,0,1,1,0,0,1,0,1,1,1,0,1,0,1,0,0,1,1,1,0,0,1,0,1,0,1,1,1,1,1,0,1,0,1,0,0,1,0,0,1,0,1,0,0,0,0,0,1,0,1,-0.027996147,-0.042268118,-0.509564553,-0.08669011,-0.161871036,-0.225833901,-0.067392437,-0.022296049,-0.033390276,-0.407064602,-0.089109635,-3.404434934,-0.953387627,-0.683287238,-0.701971171,-1.765679527,-0.849593363,-0.610286554,-1.273984577,-2.017008276,-1.201528075,-0.461713808,-0.806604482,-0.936206139,-1.855221987,-0.40963932,-1.8553078,-0.671611925,-0.282727013,-0.117999928,-0.206859877,-2.359524069,-0.777442053,-12.16775567,-3.593405163,-1.482673685,-1.932884115,-0.260187663,-0.194996712,-0.247517145,-0.789691194,-0.534422289,-2.795079619,-13.09478554,-1.431562909,-0.633294565,-0.753691022,-0.61986637,-1.051538045,-0.809649301,-3.655586001,-2.093515392,-3.930711258,-0.711302846,-1.066458917,-0.705977808,-2.163808832,-5.264788921,-11.81485879,-2.77007737,-2.974353975
1,0,0,0,0,0,0,0,0,1,1,0,1,0,0,0,1,1,1,1,1,1,1,0,1,1,1,1,0,0,0,0,1,0,0,1,0,0,1,0,1,0,0,0,1,0,1,0,0,0,0,1,0,0,1,1,1,0,0,1,0,1,0,0,1,1,1,1,0,0,0,0,1,0,1,0,1,0,1,1,0,0,1,1,0,1,0,1,0,0,1,1,0,1,0,1,0,0,0,1,-0.062301784,-0.072548895,-0.047314611,-0.034810202,-0.029386506,-0.038100141,-0.104357536,-0.065433137,-0.62509499,-0.207675144,-0.216012137,-0.977620689,-0.083912327,-0.102349403,-0.658592977,-0.064260503,-0.082571603,-0.460596485,-0.124021186,-0.732243893,-0.181396723,-0.07435935,-0.08944125,-0.12929212,-0.112305246,-0.147665861,-0.432743653,-0.299664585,-1.227158424,-4.83108062,-1.374476529,-2.016917573,-1.600196222,-5.788371389,-5.726836209,-4.861200418,-2.412669801,-0.965319154,-0.778037107,-1.484371199,-2.24682648,-1.086423116,-3.67244691,-1.225231538,-1.071627545,-2.723168313,-4.510487373,-7.648410503,-2.946402079,-2.287896177,-1.604512405,-1.333291646,-1.135691501,-1.017720735,-0.947331272,-0.869461299,-0.707658284,-0.623077081,-0.653605592,-0.828371323,-0.771829531
1,0,0,1,0,1,0,1,1,0,0,1,0,0,1,0,0,1,1,1,1,1,0,0,0,0,0,1,1,0,0,1,0,1,1,0,0,0,0,0,0,0,1,1,0,0,0,1,1,0,1,1,0,1,0,0,1,1,1,0,1,1,0,1,1,0,1,1,0,1,0,1,0,1,0,1,1,0,1,0,0,1,1,1,1,1,1,0,0,0,0,0,0,0,0,0,1,1,1,0,-0.003132944,-0.00334884,-0.004170561,-0.00514602,-0.006389584,-0.007952427,-0.009894086,-0.012237426,-0.015043014,-0.017788767,-0.023263126,-0.022877904,-0.025791625,-0.028579016,-0.030941403,-0.036690739,-0.04167732,-0.047294028,-0.049428912,-0.058621846,-0.064614779,-0.075736035,-0.077341477,-0.083155874,-0.090948829,-0.112320833,-0.104400519,-0.108397597,-0.118562165,-0.131770788,-0.129967747,-0.139044088,-0.140687974,-0.147509171,-0.1572677,-0.162281631,-0.158365071,-0.137075798,-0.136747119,-0.130794834,-0.13528132,-0.129092936,-0.126879537,-0.125340178,-0.122772285,-0.130123386,-0.133510147,-0.149688801,-0.152987101,-0.161807204,-0.174201122,-0.210891911,-0.148663574,-0.164780761,-0.187980542,-0.213643109,-0.231724211,-0.26004329,-0.289134923,-0.33828986,-0.367418262
0,1,0,0,1,1,0,0,0,1,1,0,0,0,1,1,1,0,0,1,1,0,1,1,1,1,0,0,0,0,1,1,0,0,0,0,1,0,0,0,0,1,1,1,1,1,0,1,0,1,1,1,0,1,1,0,0,1,1,0,0,0,0,0,0,0,0,1,1,0,0,0,0,0,0,0,1,1,1,0,1,1,1,1,0,0,1,1,1,0,0,1,1,1,1,0,1,0,0,1,-0.023232836,-0.05035058,-0.073496615,-0.0894205,-0.046399,-0.039444343,-0.00781387,-0.287083338,-0.046798222,-0.17311808,-0.334453941,-0.074991874,-4.516550461,-0.056737913,-0.059652092,-0.115294869,-0.351687751,-1.237569941,-0.255878924,-0.096521222,-0.125773148,-0.396809411,-13.9332626,-0.17826328,-0.860957051,-4.885711896,-0.317342424,-0.162644902,-0.123725529,-0.115228212,-0.187920345,-0.190784717,-0.751975214,-0.24297676,-0.39402351,-4.422615569,-0.368705029,-0.230361206,-0.230674092,-0.299897154,-1.132258593,-0.301337224,-0.311488926,-0.357698234,-0.443482471,-2.295451375,-1.553432249,-0.57402071,-0.875851992,-1.936418396,-4.428211945,-4.513146305,-5.493715961,-4.694589609,-3.690223035,-2.528078293,-1.94354542,-1.764880004,-1.905265441,-2.405601737,-3.540288427
1,1,0,1,0,0,1,0,0,0,1,0,0,0,1,0,1,0,0,1,0,1,0,0,1,1,1,1,1,1,0,1,0,1,1,1,0,0,1,0,0,1,0,1,1,0,0,1,0,1,0,0,1,0,0,1,1,1,0,1,0,0,0,0,1,0,0,0,0,1,1,0,1,0,1,0,1,1,1,0,1,1,0,0,0,0,1,0,1,1,1,1,0,1,0,0,0,0,1,0,-0.039467332,-0.386395463,-0.08319739,-0.226294165,-0.020865567,-0.042918092,-0.966438094,-0.707273981,-0.133287129,-0.12336751,-0.200316851,-0.069822013,-0.261915963,-0.06962751,-0.043035081,-0.052077041,-0.031993476,-0.037133473,-0.033322833,-0.302380056,-0.027034583,-0.035852371,-0.498664685,-1.664997315,-0.1848015,-0.561227188,-11.34990349,-0.76594351,-0.509824795,-0.445723653,-0.906562257,-2.243227496,-5.249485862,-2.134009459,-0.74567001,-0.573607632,-1.062992817,-0.28268584,-0.520381792,-0.297666056,-0.919948589,-0.448290008,-0.438351116,-0.25256584,-0.1609292,-0.269846032,-0.306077064,-0.268172571,-0.255154896,-0.257861077,-0.324360618,-1.252017626,-0.355871835,-0.309765941,-0.268923848,-0.249977252,-0.286291821,-0.440815143,-0.369651477,-0.388829903,-0.538871926
1,0,0,1,0,1,0,1,0,1,0,1,1,1,1,1,0,1,0,1,1,1,0,0,0,0,0,0,1,1,1,1,1,1,0,0,1,0,0,1,0,0,1,0,0,1,0,1,0,0,0,0,0,0,0,1,0,1,0,1,1,0,0,0,1,0,1,1,0,0,1,1,1,1,0,0,0,0,1,0,1,0,1,1,1,1,0,0,1,0,1,0,0,0,0,0,1,0,1,1,-0.019722071,-0.040265193,-0.134767687,-0.062390519,-0.08620864,-0.059227267,-0.128485877,-0.114241323,-2.239925573,-0.779557901,-0.438965265,-0.098423337,-0.073431223,-0.315805493,-0.046663924,-0.053588298,-0.03528232,-0.076253936,-0.100706245,-0.271322966,-8.515461391,-2.543210264,-0.981559141,-0.708962291,-8.199242142,-2.29079595,-1.327622983,-0.615559741,-0.621522981,-0.698819773,-0.987614021,-1.776435422,-4.423386508,-5.465452155,-1.703702608,-0.939554429,-0.692341781,-0.50227851,-0.484523256,-0.74495855,-0.678567399,-0.61840087,-1.227026792,-1.685226746,-10.82140142,-3.037136852,-4.184883769,-1.84295633,-1.04626674,-0.898816406,-0.807330672,-1.354573817,-1.726129293,-0.977769982,-0.850962096,-0.907853329,-1.013981959,-1.206762439,-1.679076904,-3.61171618,-10.74346346
0,0,1,1,0,0,0,0,1,1,1,1,0,0,1,0,0,0,0,0,1,1,0,1,0,1,1,0,0,0,0,1,0,0,0,0,0,1,1,0,1,1,0,1,1,1,1,0,0,0,0,1,0,1,0,1,0,1,0,0,0,0,0,1,0,1,1,0,0,0,0,1,1,0,1,0,0,1,0,1,0,0,0,1,0,0,1,1,0,1,0,1,0,1,1,0,0,1,1,0,-0.002787693,-0.003477576,-0.004650836,-0.00551626,-0.006388807,-0.007930033,-0.009904837,-0.012163067,-0.014925185,-0.017864502,-0.02093693,-0.023873478,-0.026797803,-0.029673398,-0.042284989,-0.037642471,-0.042688692,-0.049857791,-0.05197367,-0.066000631,-0.068858146,-0.077796431,-0.064274723,-0.079352361,-0.08902944,-0.100336413,-0.108796484,-0.10018684,-0.109215956,-0.124297439,-0.134536152,-0.142581766,-0.158453982,-0.145454479,-0.149269074,-0.145255769,-0.147578067,-0.14549186,-0.144505542,-0.138774084,-0.131454652,-0.128426518,-0.128813221,-0.12751497,-0.130658837,-0.134398179,-0.141371864,-0.152666598,-0.159392101,-0.161449221,-0.153313517,-0.146025355,-0.163211717,-0.173110619,-0.212038036,-0.243561263,-0.315179567,-0.296738761,-0.348948677,-0.326630618,-0.343930748
0,1,1,0,1,1,1,0,1,0,1,0,0,1,0,0,1,0,1,1,1,0,1,1,1,1,1,1,0,1,1,1,1,1,1,1,1,1,0,0,1,1,1,1,0,1,0,0,0,0,0,0,0,0,0,0,1,1,0,1,1,1,1,0,0,1,1,0,0,1,1,1,0,0,0,0,0,0,0,1,1,1,1,0,0,1,0,1,1,0,0,1,0,1,0,0,1,1,0,0,-0.003019232,-0.003539417,-0.004302463,-0.005575856,-0.006366603,-0.008060718,-0.009908538,-0.012280335,-0.015077871,-0.018381934,-0.021416003,-0.025303216,-0.026395072,-0.03063711,-0.042822339,-0.046321278,-0.04149544,-0.043226858,-0.051439372,-0.058126044,-0.064109916,-0.069911997,-0.071020806,-0.082421789,-0.089552174,-0.097160098,-0.105664892,-0.114132518,-0.125043903,-0.13347627,-0.141832412,-0.144962665,-0.158090374,-0.14808718,-0.154369304,-0.166292121,-0.139751275,-0.152395089,-0.124861941,-0.135025606,-0.127790798,-0.126418894,-0.129336793,-0.123674985,-0.13000608,-0.118069962,-0.125830503,-0.131045982,-0.135398203,-0.141868317,-0.172133426,-0.169297309,-0.175104487,-0.186314461,-0.203505252,-0.241961884,-0.250182223,-0.26339903,-0.297746061,-0.311242413,-0.355471867
1,1,1,1,1,0,0,1,0,1,0,1,1,1,0,1,1,0,0,1,0,0,0,1,0,1,1,1,0,0,1,1,1,1,0,0,1,1,0,1,0,0,0,1,0,0,1,0,1,0,0,0,1,1,1,0,1,0,1,1,0,0,1,0,1,0,0,1,1,0,1,0,1,0,1,0,1,0,1,1,0,0,0,0,0,0,1,1,0,0,0,0,1,0,1,0,0,1,0,0,-0.038643179,-0.026520286,-0.013453296,-0.014024806,-0.018728059,-0.078588573,-0.024759908,-0.01202608,-0.012063859,-0.011989386,-0.01319845,-0.068706209,-4.050984856,-0.329463031,-0.217643049,-0.237941007,-0.208751268,-0.223483956,-0.212450233,-0.194622168,-0.184219369,-0.187206414,-0.206879211,-0.24933524,-0.33682991,-0.725419109,-0.869336929,-1.481769476,-5.777299031,-2.282816012,-3.015663548,-3.403376354,-3.106977728,-3.953773697,-4.133936538,-2.83851631,-1.483031229,-1.261546853,-3.375545064,-4.887214061,-1.497877996,-1.095871845,-1.085674575,-1.320078439,-2.40211491,-8.017824868,-1.979204286,-0.932463171,-0.761860892,-0.809432534,-1.242176091,-2.565435855,-0.833680982,-1.106938553,-0.910937237,-0.68832389,-0.656193323,-0.66174137,-0.69529934,-0.805255208,-0.873843504
0,0,0,0,0,0,0,0,0,1,1,1,0,1,0,1,0,0,1,1,1,0,0,1,0,0,0,0,1,0,1,0,0,0,1,1,1,0,0,1,1,1,0,0,0,0,0,0,1,0,1,0,1,1,1,1,1,1,0,1,0,1,1,1,0,1,0,1,1,0,0,1,1,1,0,0,0,0,0,0,0,0,1,1,1,0,1,1,0,1,0,0,1,0,1,1,0,1,1,0,-0.014740278,-0.057742013,-0.107342236,-0.074415687,-0.11758348,-0.193600452,-0.264589269,-0.26617571,-0.235431527,-0.288935018,-0.13675888,-0.102713063,-0.096211242,-0.081360571,-0.072554574,-0.270497295,-0.103726753,-0.068588022,-0.079482621,-0.102559935,-0.185082842,-0.268262292,-0.38282216,-1.055017456,-2.540037547,-1.860330391,-2.301269814,-1.362089079,-1.909940773,-0.584048204,-0.258250223,-0.22322314,-0.190606485,-0.181614105,-0.18163664,-0.198338714,-0.217263636,-0.353804052,-0.338378291,-0.525870919,-1.07384384,-2.092959905,-2.100713786,-0.810945799,-0.600511461,-1.411574765,-3.604675475,-1.262773918,-4.283699953,-1.586940705,-2.61083754,-0.701714597,-0.614233062,-0.755589819,-3.68517783,-1.076752629,-0.911965564,-0.994615235,-3.683217098,-4.058484064,-4.621437733
0,1,0,0,1,1,1,0,1,0,0,1,0,1,1,1,1,1,0,1,1,0,0,1,1,0,0,0,0,0,1,0,0,0,0,0,0,1,1,1,0,1,0,0,0,1,1,0,0,0,1,0,0,1,0,0,1,0,1,1,0,1,1,0,0,0,1,0,0,1,1,1,0,0,0,1,0,0,0,0,0,1,1,0,0,0,0,1,1,1,0,1,0,0,0,0,0,0,0,0,-0.019152627,-0.021365652,-0.025063022,-0.023468457,-0.025640269,-0.028314194,-0.032180589,-0.037380784,-0.045103772,-0.06028207,-0.054706682,-0.060985373,-0.083042295,-0.095806585,-0.117010822,-0.162664264,-0.257799283,-0.547922446,-1.233412266,-0.515006078,-0.267754473,-0.134457473,-0.087053968,-0.073483194,-0.075562479,-0.090516413,-0.10342493,-0.149987737,-0.164724088,-0.260600981,-0.451584163,-0.897363647,-2.328658346,-8.053232387,-3.419742491,-1.620755777,-1.260100345,-1.073499273,-0.951627866,-0.805334487,-0.651922672,-0.575141836,-0.536082498,-0.559413528,-0.747325565,-0.453141983,-0.45921169,-0.482721701,-0.862921448,-2.273072507,-0.894590884,-0.827286411,-0.847232407,-0.90906271,-1.029228266,-1.172436685,-1.385004892,-1.72091815,-2.261316202,-3.14575625,-4.640335346
0,0,1,1,0,1,1,0,1,1,0,0,1,1,1,1,1,0,0,1,0,0,0,0,1,0,1,0,0,0,1,1,0,1,0,0,1,1,1,0,1,1,0,0,1,1,1,1,1,1,1,0,1,1,0,0,0,0,1,0,0,0,1,1,0,0,0,1,1,1,1,1,1,1,1,0,0,0,1,0,0,1,1,1,0,1,1,0,0,1,1,0,1,1,1,0,1,1,0,0,-0.005989,-0.007004647,-0.008340621,-0.009749742,-0.011534992,-0.013646367,-0.016583234,-0.017254035,-0.022245831,-0.029703909,-0.011677656,-0.02422014,-0.027997849,-0.029610463,-0.029758143,-0.029488255,-0.029087773,-0.029043617,-0.029165566,-0.030983904,-0.030604857,-0.031149472,-0.032331644,-0.033240507,-0.03469054,-0.037254811,-0.041269986,-0.046132135,-0.053931218,-0.062551547,-0.066665707,-0.083141212,-0.103302086,-0.155195961,-0.129067304,-0.153224965,-0.171702641,-0.193174546,-0.214092399,-0.237325529,-0.280438905,-0.286946203,-0.294292846,-0.308374653,-0.328905689,-0.345827991,-0.35733889,-0.375373117,-0.402444166,-0.438282231,-0.468759392,-0.50032049,-0.575498289,-0.658244189,-0.642252765,-0.674923129,-0.703626923,-0.69948855,-0.741701743,-1.062851278,-1.201344361
0,0,1,1,1,1,1,1,1,0,0,1,0,0,0,1,1,0,0,0,1,0,1,0,1,0,1,1,1,1,1,0,0,0,1,1,1,0,0,1,1,0,1,1,1,1,1,0,1,1,0,1,0,1,0,0,0,0,0,0,1,0,0,1,1,0,1,1,0,0,1,1,0,0,0,0,1,1,0,1,0,1,0,1,1,1,0,0,0,1,1,0,0,1,1,1,0,1,0,0,-0.003010926,-0.003582703,-0.004323006,-0.00530717,-0.006591578,-0.008509672,-0.009544538,-0.012549003,-0.015079933,-0.016405814,-0.020302175,-0.023362862,-0.026291191,-0.029042626,-0.031876276,-0.036102702,-0.041288761,-0.048297723,-0.051614614,-0.060867811,-0.066154359,-0.071564502,-0.076869471,-0.076974635,-0.089106538,-0.098938296,-0.104412753,-0.112267086,-0.117199632,-0.129533686,-0.135982785,-0.142367472,-0.152088595,-0.154134352,-0.157322211,-0.159441817,-0.159591379,-0.152011127,-0.150148528,-0.145169631,-0.145368625,-0.149927706,-0.158089172,-0.116045348,-0.122199724,-0.128706595,-0.139535724,-0.150104883,-0.155366756,-0.17104139,-0.189698733,-0.172041786,-0.18272688,-0.19695206,-0.210978895,-0.253949545,-0.264716829,-0.2935354,-0.294258297,-0.277819038,-0.282623744
1,1,0,0,0,0,1,0,0,0,1,1,1,0,1,0,1,1,1,0,0,0,0,1,0,0,1,1,0,0,1,1,0,0,0,1,1,1,0,0,1,0,0,1,0,1,0,0,0,0,0,1,1,1,0,0,1,0,0,1,0,1,0,0,0,1,1,0,0,0,1,1,0,0,1,0,0,0,1,1,1,0,0,1,1,0,1,0,1,0,0,0,0,0,1,0,1,0,1,1,-0.003622752,-1.123219649,-0.006548369,-0.005278022,-0.007017356,-0.009656797,-0.013054027,-0.017480884,-0.023534928,-0.031846334,-0.043811616,-0.063240426,-0.097602908,-0.16031241,-0.272269404,-0.449732001,-0.74665053,-1.517541439,-1.212381866,-0.564010684,-0.30687952,-0.192801002,-0.119741443,-0.091023636,-0.064573347,-0.051306155,-0.050422495,-0.067613528,-0.150500663,-1.01038772,-1.341843948,-0.37258354,-0.424875161,-2.128325134,-9.014922198,-1.537976109,-0.771673605,-0.542294007,-0.46852049,-0.475434303,-0.480644309,-0.531263023,-0.891800718,-0.863097216,-1.086482353,-1.57132613,-2.769886539,-3.93859295,-3.554226919,-2.328633593,-1.580549841,-1.20890409,-0.991931274,-0.892169801,-0.880140368,-0.80305169,-0.793532312,-0.792273982,-0.744708108,-0.874211818,-1.315178963
1,0,0,1,0,1,0,1,0,1,1,0,1,1,1,0,1,0,0,0,1,0,0,0,1,0,0,0,1,1,1,0,1,0,1,0,0,1,1,0,1,1,1,0,1,1,1,1,0,0,0,0,0,0,0,0,0,0,1,1,1,1,0,1,0,1,1,0,1,0,1,1,1,1,0,0,1,1,0,0,1,0,0,0,0,0,0,1,1,1,0,0,0,0,0,0,1,0,1,0,-0.022888678,-0.009931898,-0.345599056,-0.359330902,-0.051580594,-0.01758393,-0.254742688,-0.017888522,-0.118092585,-0.018268893,-0.017461808,-0.04690159,-0.139690859,-0.248910322,-0.058481658,-0.095409081,-0.396299812,-0.087361673,-0.050049134,-0.131113171,-0.193723434,-0.146706532,-0.149312809,-0.181170399,-0.265037748,-0.287659006,-0.44896339,-0.721511378,-1.022500928,-9.223304755,-5.941825784,-0.514501251,-1.031588142,-1.855329626,-9.456908657,-2.901377249,-3.532330646,-5.156193228,-4.745200422,-1.917157831,-1.524421771,-1.387456187,-2.361067646,-12.84880066,-1.969687945,-1.13024696,-1.24051781,-3.589458578,-1.627096476,-1.216825766,-1.142891965,-1.170481541,-1.998430297,-13.39002297,-3.080955283,-5.168989721,-3.440972073,-9.827686599,-5.937648155,-6.141484261,-5.731422977
1,0,1,0,0,0,1,0,0,1,0,1,0,1,1,0,0,0,1,0,1,0,0,1,1,0,0,1,0,1,0,1,0,0,0,1,0,1,1,0,0,0,0,1,1,0,0,1,1,0,1,0,0,0,1,1,1,1,0,1,0,1,1,0,1,0,1,0,1,0,1,0,0,0,1,0,1,0,0,1,1,1,1,0,0,0,0,1,0,1,1,0,0,1,1,0,0,1,0,1,-0.018902942,-0.028747812,-0.048103979,-0.103223151,-0.713747568,-0.157585925,-0.028422635,-0.01034452,-0.009925593,-0.012913623,-0.019315687,-0.033487351,-0.555894896,-0.048375019,-0.06926982,-2.480768883,-0.282244559,-2.321934533,-0.803106471,-0.205623749,-0.117290502,-0.116399479,-0.275635616,-0.398678671,-8.182142052,-0.15690934,-0.10640783,-0.274552329,-4.361937817,-0.996781107,-0.256950285,-0.145572227,-0.112808644,-0.103062965,-0.100424307,-0.910474112,-0.204244097,-0.285716548,-0.967794764,-1.663556486,-0.890562558,-0.344642045,-0.738364632,-4.107532274,-1.540287476,-0.420046619,-0.414931113,-0.360485606,-0.351527705,-0.392536201,-0.620625574,-4.913300827,-1.172891697,-0.647400265,-0.953556717,-10.64318452,-0.962109528,-0.59118301,-0.754603728,-2.928539745,-4.733162299
1,0,1,1,1,0,0,1,0,1,1,0,1,0,1,1,1,1,1,1,1,1,1,1,0,0,0,1,0,0,1,1,1,1,1,1,0,0,0,1,0,1,1,0,0,1,0,0,1,1,1,0,1,0,0,1,1,1,1,1,1,1,1,0,0,0,0,1,0,0,1,0,0,0,1,1,0,1,0,1,0,1,1,1,1,0,1,1,1,1,0,0,0,0,0,1,0,1,1,1,-0.002988706,-0.003522801,-0.004261142,-0.005276153,-0.0065002,-0.008102296,-0.010129184,-0.012820907,-0.012069471,-0.017955797,-0.02063941,-0.023588395,-0.025783786,-0.030776195,-0.027801588,-0.035669785,-0.041221738,-0.046959364,-0.056478809,-0.059216376,-0.065306793,-0.069803183,-0.076288329,-0.08101434,-0.088157932,-0.095971852,-0.104391756,-0.122412845,-0.118028085,-0.128622668,-0.136415802,-0.142493983,-0.14670692,-0.150698594,-0.153965951,-0.158766103,-0.143442487,-0.151920763,-0.144090043,-0.13508718,-0.134251792,-0.132120853,-0.127179129,-0.126263897,-0.126323614,-0.125392502,-0.134508916,-0.14163231,-0.143511099,-0.152111238,-0.159049493,-0.180691249,-0.194443985,-0.185790558,-0.215244624,-0.208605281,-0.261015187,-0.26692874,-0.275031952,-0.295358146,-0.314782705
0,1,0,0,0,0,1,0,1,0,0,1,1,0,1,0,0,0,1,1,1,0,0,1,0,1,0,1,1,1,0,0,1,0,0,1,1,0,1,0,0,1,1,1,0,0,1,1,0,0,1,0,1,1,1,0,1,1,0,0,0,1,0,0,0,0,0,1,1,0,0,0,0,1,0,1,1,0,1,0,1,0,0,1,1,0,0,0,1,0,0,1,1,0,1,0,1,0,0,0,-0.035416204,-0.267417285,-0.257455316,-0.144291499,-0.466696677,-0.03507564,-0.045910568,-1.049837922,-0.084003618,-0.030084021,-0.029550571,-0.052828649,-0.099416463,-0.246439145,-0.061366515,-0.070796424,-0.122518575,-0.286868081,-1.557313236,-3.764695728,-0.524375595,-0.218900044,-0.398774098,-8.528666142,-0.659630643,-1.41168464,-3.637390197,-0.931055961,-0.332258002,-0.206699721,-0.310198461,-1.326706126,-4.127456533,-5.808481755,-3.817913559,-2.935113589,-1.40172058,-5.359725707,-2.009353872,-6.978752088,-1.625746567,-0.785867668,-0.656245515,-1.79185058,-5.355214606,-0.849164599,-1.600526297,-3.528848805,-1.640426558,-10.98573766,-4.052327427,-9.881161398,-10.3800546,-5.422491013,-4.827950229,-10.57253547,-10.27747324,-6.228015574,-1.989908217,-1.251363602,-0.967963885
1,0,1,0,1,1,1,0,1,1,1,0,0,1,1,0,0,0,1,1,0,1,1,1,0,1,1,0,1,1,1,1,0,0,0,1,0,0,1,1,1,0,0,0,1,1,1,1,0,0,0,0,0,1,1,0,0,0,0,1,0,1,0,1,0,0,0,1,0,1,1,0,0,0,0,1,1,1,1,1,0,1,0,1,1,1,0,1,1,0,0,1,1,1,0,1,0,1,0,0,-0.037871013,-0.101936621,-0.03373905,-0.034163646,-0.051070056,-0.688259825,-0.26282325,-0.032667079,-0.009764778,-0.012366433,-0.031816608,-0.037871449,-0.205324885,-0.138835257,-0.705350199,-0.055684121,-0.184941418,-0.325280194,-0.153934939,-0.98382406,-0.120040251,-0.576803325,-0.08838666,-2.313590521,-0.177654032,-0.640702843,-5.216068028,-4.73637717,-11.43153384,-0.976917222,-5.744860566,-1.195747865,-0.214735523,-0.991838612,-0.15939787,-0.148717731,-0.479880368,-0.40645059,-0.288084231,-0.468964107,-0.537242633,-1.25121361,-0.567768241,-0.601313766,-0.420363311,-0.661275395,-0.579423891,-4.932303362,-1.072033958,-0.86326198,-0.86228802,-0.97808413,-0.949178438,-0.932619799,-1.188767012,-1.636026428,-1.844519321,-2.171730443,-3.60484923,-2.613871394,-3.450782739
0,0,1,1,0,0,0,0,1,0,1,0,0,0,0,1,1,0,0,0,1,0,1,0,0,0,0,1,1,0,1,1,1,0,1,0,0,0,1,0,0,1,0,0,0,1,1,1,1,0,0,1,1,1,0,1,0,1,0,0,1,0,0,0,1,1,0,1,0,1,0,0,1,1,0,0,0,1,1,1,1,1,0,0,1,0,0,0,1,0,1,0,1,1,1,0,0,0,1,0,-0.07674237,-0.063441457,-0.086202024,-0.045305829,-0.051912343,-0.068733822,-0.114315149,-0.222030512,-0.574051279,-0.532126442,-0.229516949,-0.134682951,-0.121215555,-0.08721007,-0.093363157,-0.082673659,-0.100749481,-0.14060306,-0.24943394,-0.542285783,-1.154763113,-1.224696836,-0.878537123,-1.434553201,-0.876929288,-0.471760206,-0.527476715,-0.903002867,-2.466516382,-2.360104141,-0.658115635,-0.283626085,-0.21002404,-0.196302568,-0.256119603,-0.502523305,-1.376287841,-3.843602307,-12.63154208,-8.848283848,-3.861897237,-2.897883729,-4.303669388,-1.065681786,-0.531447713,-0.695914906,-4.139291803,-0.791546454,-0.524188536,-0.498359826,-0.50050181,-0.464265401,-0.462892705,-0.483708784,-0.504687098,-0.526239755,-0.553604042,-0.620233965,-0.614764266,-0.645937034,-0.649326831
0,0,1,1,0,0,1,0,1,1,1,1,1,0,0,1,0,0,0,1,1,0,0,0,0,1,0,0,1,1,0,1,1,0,1,1,0,0,0,1,1,1,1,0,1,0,0,1,0,1,0,1,1,0,0,1,0,1,0,0,1,0,0,1,1,1,1,0,1,0,1,0,0,0,1,0,1,1,0,0,0,1,1,0,1,0,0,0,0,1,0,1,0,1,1,0,0,0,1,0,-0.008447457,-0.008301051,-0.010970229,-0.019637531,-0.031214495,-1.229372625,-0.034115093,-0.120324425,-0.191027707,-2.440979833,-0.068751943,-0.058386653,-0.111526829,-0.187187087,-0.249711296,-4.27205779,-0.575513198,-0.215787087,-0.118459992,-0.10709987,-0.1959509,-8.161809154,-0.216601844,-0.166965206,-0.145397517,-0.209815343,-0.309529485,-0.511957052,-1.133863011,-0.985091502,-1.355759294,-1.915739497,-2.354856856,-3.133518046,-1.714944573,-1.427540234,-1.219994645,-1.078211049,-1.06163592,-1.166230416,-1.385875567,-1.919736359,-4.274067593,-4.749855788,-1.055752965,-0.971824436,-2.535521112,-0.748424925,-0.740465991,-0.45621687,-0.425407625,-0.474614446,-0.794284548,-1.520251499,-0.858444203,-1.018706089,-1.413518665,-1.81502552,-2.475706056,-3.384561157,-4.604559595
1,0,1,1,1,0,0,1,1,0,1,1,0,0,1,0,1,0,1,0,0,0,0,0,1,0,0,0,0,1,0,0,0,1,0,1,0,1,0,1,0,0,1,1,1,0,0,1,0,0,1,0,0,1,1,0,1,0,1,1,1,1,1,0,1,1,0,0,0,1,1,1,1,0,0,0,0,0,1,1,1,0,0,0,0,1,0,1,1,0,0,0,1,0,1,1,0,1,0,0,-0.031059798,-0.104810952,-0.073024744,-0.202805985,-0.393856816,-0.212193171,-0.09685591,-0.100984106,-0.489919984,-0.215482787,-0.15876711,-0.169231047,-6.619341243,-0.082940534,-0.097770545,-1.916415806,-0.119980721,-0.063899104,-2.499233712,-0.428846966,-1.650817434,-0.987839941,-1.000385526,-0.198698009,-0.296745147,-3.16345878,-1.218786017,-4.921376123,-6.708928389,-5.790425627,-2.095726237,-0.208837228,-0.284754448,-6.701712047,-1.349497584,-0.787201333,-0.402149285,-0.634532368,-0.496443079,-0.411160009,-0.659975918,-1.688589796,-0.887056705,-2.589651054,-5.627586759,-2.578848753,-1.319577152,-1.036033187,-1.341106066,-3.835646334,-6.292229404,-4.317797412,-8.326290389,-3.075395169,-2.360956461,-2.272893286,-2.275419038,-2.937962621,-3.183706586,-3.534243069,-4.306053819
0,1,1,0,0,1,0,1,0,1,1,1,0,0,1,0,0,1,1,1,0,1,1,0,1,0,0,0,1,1,0,0,1,0,1,1,0,0,0,0,1,0,0,1,1,0,0,0,0,0,0,1,1,1,1,1,0,1,1,1,0,0,0,0,0,0,0,1,1,0,1,1,0,1,0,1,1,1,1,1,1,1,1,1,1,1,0,1,0,1,0,0,1,1,0,0,1,0,1,1,-0.082162621,-0.081080348,-0.028148394,-0.009091283,-0.006629256,-0.012648646,-0.071489363,-1.565066921,-0.121875939,-0.070578457,-0.092071089,-0.085919717,-1.510716847,-0.084524527,-1.137360447,-0.111108131,-0.082790796,-0.192255938,-0.063263239,-0.126027542,-0.074888142,-0.083284622,-0.092442776,-0.11236621,-0.148166393,-0.223600969,-0.471965943,-4.100776455,-0.93726121,-0.437999835,-1.184953337,-1.399846759,-2.680307716,-0.968723284,-1.583137876,-1.57883836,-1.466608763,-1.059128429,-0.75460173,-0.621081715,-0.63421167,-0.66206246,-0.847856664,-1.347142344,-3.012840341,-5.76044307,-3.141041521,-3.060480949,-4.256994132,-5.624747513,-8.342971987,-8.227834321,-5.838070673,-2.913759826,-2.266044654,-2.163030189,-5.996494604,-2.396459645,-1.31578141,-0.931107852,-2.199296201
0,0,1,1,1,0,1,1,1,0,0,1,0,1,1,0,1,1,0,1,1,0,1,1,1,1,1,0,0,1,1,1,1,0,0,0,1,0,0,0,0,1,0,1,1,1,0,1,0,1,1,0,1,0,0,0,1,1,1,1,1,1,0,0,1,1,0,1,1,0,0,0,0,1,1,1,1,1,1,1,0,1,0,1,0,1,1,0,0,1,0,1,0,1,1,0,1,0,0,1,-0.008660649,-0.139390501,-0.188578742,-0.067891648,-0.050949731,-0.049203543,-0.079268374,-0.062284433,-0.085453023,-0.136867369,-0.324058058,-2.595872988,-0.450255886,-0.158718516,-0.352510865,-0.123841298,-0.099806792,-0.105771504,-0.134163078,-0.355059622,-0.679189868,-0.331306785,-0.371373746,-0.48739468,-0.762209935,-1.191732021,-2.092953644,-3.974044433,-5.2033445,-3.209807499,-2.832097556,-1.096545501,-0.599450584,-5.523623701,-1.167205737,-0.879196369,-1.153500589,-2.582825592,-20.09373314,-3.213824677,-2.151176585,-2.256515369,-4.147522945,-22.31529203,-3.670955606,-2.074001309,-2.354295348,-2.267061438,-1.924945838,-1.744161872,-2.487087219,-1.451978837,-1.432080879,-1.524049165,-1.717822556,-2.048849188,-2.7747984,-3.315868941,-3.172091247,-3.368200582,-3.258265689
0,0,1,0,0,1,1,0,1,1,0,1,1,1,1,0,1,1,0,0,1,1,1,0,0,0,1,1,1,1,0,1,0,0,1,0,0,0,1,1,0,1,0,0,1,1,0,1,1,1,1,0,0,1,1,0,1,0,1,0,0,1,1,1,1,1,1,1,0,1,0,0,0,0,1,1,1,1,1,0,1,1,0,1,1,0,0,0,1,0,0,1,0,0,1,0,1,1,1,0,-0.346634401,-0.057098717,-0.029316351,-0.048311224,-0.02306248,-0.021328578,-0.03596313,-0.079794784,-0.050007828,-4.210659357,-0.093335624,-0.138268545,-0.087319909,-0.081201462,-0.036138409,-0.081832946,-0.105436742,-0.13264334,-0.159297973,-0.336874184,-0.212810673,-0.197431078,-0.199076159,-0.406430685,-0.261183649,-0.53073942,-1.963732295,-3.402253959,-0.832184949,-0.285560071,-0.177498929,-0.18308867,-0.168807607,-0.241017097,-0.40266633,-0.57954397,-0.763717238,-0.881005138,-0.827512723,-0.758451917,-0.986778871,-3.685724627,-0.773027231,-0.557738836,-0.478693212,-0.442066644,-0.42075573,-0.510275917,-2.37641591,-1.06257689,-1.870511045,-1.345746383,-0.816732634,-0.720556321,-0.671190565,-0.664762437,-0.711630078,-0.673320941,-0.72000161,-0.749408107,-0.884273182
1,0,1,0,0,0,1,0,0,1,0,1,1,0,1,1,0,0,1,0,1,1,1,0,0,0,1,0,1,0,1,1,0,1,0,1,0,0,0,1,1,1,0,1,0,0,1,0,1,1,0,0,0,0,1,1,0,0,0,0,0,0,0,1,1,1,0,0,0,0,1,0,0,1,1,0,0,0,0,0,0,1,1,0,0,0,0,0,1,0,1,1,1,0,0,1,1,1,0,0,-0.032115924,-0.07428381,-0.069227581,-0.076731916,-0.254825647,-0.059641198,-0.038620826,-0.04191102,-0.143242248,-0.975428385,-0.185157933,-1.777390234,-7.784667198,-0.457305189,-0.12321647,-1.551937686,-0.828513272,-1.202035969,-1.661782942,-2.611937712,-0.372330933,-0.361939793,-0.106654345,-0.104657639,-0.767424954,-11.90980184,-0.272490955,-0.108658532,-1.000929666,-0.193207634,-0.188661141,-0.227550499,-0.279036064,-6.882154294,-2.087226117,-2.599835343,-3.026022459,-6.104193424,-2.535241921,-3.464511928,-3.919134656,-7.783160458,-6.181447142,-4.525220918,-12.98617411,-7.335328959,-3.347932533,-5.589449105,-11.37381731,-1.976818844,-2.081542622,-4.005380296,-1.332652975,-1.269620669,-1.08453675,-2.740033402,-3.800821346,-1.92548818,-1.761080153,-1.968833797,-2.376857324
1,1,1,0,0,0,1,1,0,0,1,0,0,0,0,1,1,1,1,1,0,1,1,1,1,0,1,0,1,0,0,0,1,0,0,1,0,0,0,1,0,1,0,0,1,1,0,0,1,0,1,1,0,0,0,1,1,1,0,0,0,0,0,0,0,0,1,1,0,1,0,1,1,0,0,1,0,1,1,0,1,1,0,1,0,0,1,1,1,1,1,0,0,0,1,0,1,0,0,1,-0.029846294,-0.847279011,-0.229296926,-0.068695636,-0.515290497,-0.139446159,-0.268885721,-0.315560986,-0.181755865,-0.193576771,-0.278153513,-2.654993611,-0.832374326,-1.048130423,-0.248959332,-0.111897412,-0.276642685,-0.192431617,-0.229138581,-6.716168207,-2.056993591,-2.900373483,-0.563164223,-1.603288302,-2.045759884,-3.347928534,-0.503166609,-1.430133016,-5.132220046,-9.990369802,-11.98299732,-1.373217322,-0.858122502,-1.848852409,-1.560931237,-3.447909226,-2.257501871,-3.538479617,-4.773845699,-5.933195744,-14.64041211,-0.861524295,-8.974448953,-1.485328274,-1.854313712,-2.713793438,-3.047807637,-3.453430078,-2.383161552,-0.982943469,-2.967579973,-4.282323478,-1.98811064,-1.334525452,-2.658727153,-1.486198745,-0.721877015,-0.902260225,-2.02417884,-4.553565056,-2.125910524
0,0,0,0,0,0,1,1,1,0,1,1,0,0,1,1,0,0,1,0,1,1,0,1,0,0,0,0,1,0,0,1,1,1,1,0,0,0,0,0,1,1,0,1,1,1,1,1,0,0,1,0,1,0,0,0,0,1,0,1,1,1,0,1,1,0,1,0,0,1,0,0,0,0,0,1,0,0,0,1,0,0,0,0,0,1,1,0,0,1,0,0,0,0,0,1,1,1,1,0,-0.015162213,-0.015906462,-0.020723631,-0.034110914,-0.081828915,-0.20940671,-0.050642916,-0.081622635,-0.052175657,-0.715053886,-2.249601985,-2.087118428,-0.11273872,-0.139074279,-1.485405805,-2.29924902,-0.216911786,-0.18600821,-0.205167219,-0.274974511,-0.470782949,-0.968770668,-0.813035074,-0.352367665,-1.118293757,-1.272759253,-0.253055233,-0.282430528,-0.101551539,-2.016008264,-0.169803531,-0.85279134,-0.124132912,-0.158120049,-0.419801004,-3.371118061,-1.330487065,-0.325715171,-0.210721228,-0.218241199,-0.454671091,-0.57235706,-7.536707538,-0.83291316,-0.350154772,-0.292289296,-0.324525903,-1.310070373,-3.131287618,-9.884091933,-3.452979734,-1.294315658,-0.975347309,-1.826928073,-6.845457485,-5.146195426,-5.958559435,-4.670964659,-6.458589091,-3.313438839,-2.579254293
0,1,1,1,1,0,1,1,1,1,1,1,0,0,0,0,0,1,1,0,1,0,1,0,1,0,1,1,1,1,0,0,0,0,1,0,0,0,0,1,1,0,1,1,0,1,1,1,1,1,1,0,0,1,1,0,0,1,0,1,1,1,0,1,0,1,0,0,1,1,1,0,0,0,0,0,0,1,1,0,1,0,1,1,0,1,0,1,1,0,1,0,0,0,0,1,1,1,1,0,-0.399958238,-0.087894971,-0.099485891,-0.016571763,-0.021388964,-0.157790974,-0.049068872,-0.359299372,-0.040046747,-0.046166256,-0.056376302,-0.541265946,-3.985723539,-0.089060567,-0.783657568,-0.50311422,-0.414940923,-0.835592494,-2.393442896,-2.227756353,-1.610004782,-0.918598488,-1.867191684,-4.445567929,-0.935204647,-0.560956404,-0.506585443,-0.891250918,-11.65948342,-0.90835041,-0.246620473,-0.272354588,-0.309698531,-0.108185851,-0.106782129,-0.171580803,-1.618716193,-2.060445944,-0.340713632,-0.164817572,-0.382859394,-0.269070884,-0.732121295,-0.414972048,-0.619583933,-2.981571295,-1.682633846,-1.049233704,-3.477936821,-10.77748971,-1.000144438,-1.147408776,-3.31904833,-5.066128191,-1.983447795,-1.370242759,-0.797186965,-0.745242789,-1.247688725,-2.179271296,-0.882136481
1,0,1,1,0,1,1,1,1,0,0,1,0,1,0,0,1,1,0,0,1,1,1,1,1,1,1,0,1,0,0,1,0,0,0,1,0,0,0,0,1,1,1,0,1,0,1,1,0,1,1,0,0,0,0,0,1,1,1,0,0,0,0,0,1,1,1,0,1,0,0,1,0,0,1,0,0,1,0,1,1,0,1,1,0,0,0,1,0,1,0,1,1,0,0,0,0,1,1,0,-0.290611236,-0.30697091,-0.190515559,-0.074478733,-0.579647626,-0.032323262,-0.041493161,-0.185371268,-0.018339231,-0.011063732,-0.014824187,-0.048754376,-0.219800424,-0.072094516,-0.029208125,-0.186462769,-1.730032437,-0.15218376,-0.107629523,-0.08716573,-0.267343919,-0.074769614,-0.08828393,-0.053660098,-0.046323759,-0.087636664,-0.069610821,-0.073685939,-0.078982068,-0.139062808,-0.920202789,-0.178319924,-0.18323247,-0.342955121,-2.520987825,-1.335491938,-0.471344021,-1.010905807,-3.155033278,-0.384715874,-0.229069623,-0.209654783,-0.288406747,-0.538223684,-0.379072918,-1.020999351,-0.529015553,-0.461893225,-0.511141382,-0.632873946,-0.760882003,-0.61785546,-0.685243244,-0.783942206,-0.9800508,-1.704445913,-4.239518002,-2.587951886,-3.117261283,-5.200153213,-10.09309203
0,0,1,1,1,1,0,0,1,1,1,1,0,0,1,1,1,1,0,0,1,0,1,0,1,1,1,0,0,0,1,0,1,0,1,0,1,0,1,1,1,1,0,0,1,0,0,1,0,0,1,0,1,0,1,1,1,0,1,1,1,1,1,0,1,0,0,1,1,1,0,1,1,0,0,0,1,1,0,0,0,1,0,1,0,0,0,0,1,1,1,0,1,0,0,0,1,0,0,0,-0.020960083,-0.038583247,-0.08347867,-0.203416496,-0.263268808,-0.141999405,-0.083949381,-0.060980713,-0.05370978,-0.052366881,-0.051433853,-0.054685535,-0.052337667,-0.0510561,-0.054516338,-0.032087904,-0.037395908,-0.039245029,-0.043379079,-0.059260119,-1.50979662,-0.099024917,-0.076581379,-0.105271682,-0.126761813,-0.160704221,-0.219155366,-0.358640344,-1.15942133,-0.246996371,-0.424534295,-0.686870545,-1.053922872,-1.55845853,-1.698853777,-1.199272207,-0.714796034,-0.497982721,-0.402015013,-0.485296011,-0.869462154,-1.00549572,-0.838457121,-0.998175463,-0.957403965,-1.007885773,-0.876481035,-0.799280302,-0.715420355,-0.63838874,-0.566655207,-0.516789546,-0.474141882,-0.46595196,-0.511470211,-0.688388366,-1.15542189,-3.441834167,-8.410245993,-6.508049809,-3.136269973
0,0,0,0,1,0,0,0,1,1,0,0,0,0,0,1,1,0,0,1,1,0,0,1,0,0,1,1,1,1,0,0,0,0,1,1,0,1,1,0,1,0,0,1,0,1,1,1,1,0,1,0,1,1,1,1,0,0,0,0,0,0,1,0,1,1,0,1,1,0,1,0,1,0,1,1,1,1,0,1,1,1,1,1,0,1,1,0,1,0,1,1,1,0,0,0,1,1,1,1,-0.052187,-0.096852007,-0.285251268,-0.02778818,-0.041261185,-0.034956672,-0.087964289,-0.044375998,-0.066607564,-0.545751703,-0.154690279,-0.073442015,-0.228390163,-0.050850652,-0.081451969,-0.123534792,-15.20528282,-0.471859079,-0.183230474,-0.264739469,-0.489953695,-0.830213893,-2.278420241,-0.310860291,-0.27093995,-0.554615923,-2.894580718,-0.244964996,-0.266774467,-0.404301555,-0.801774867,-3.895304438,-4.212309535,-12.05827192,-4.437778185,-0.928214009,-0.63585546,-0.562173568,-0.584632684,-1.607844474,-10.39695409,-2.183227343,-1.012782119,-0.639035467,-2.271911983,-1.501689557,-1.268770658,-2.443826782,-0.932402156,-1.287864438,-2.761471191,-2.518624469,-2.391121102,-2.372910084,-2.350700995,-1.593485191,-1.397847215,-1.60096953,-2.008420944,-3.608088299,-6.737202021
0,0,1,0,1,1,0,1,0,1,1,1,0,0,0,0,1,1,1,1,1,0,0,1,1,0,1,1,1,1,0,0,1,0,0,0,0,0,1,0,1,0,0,0,1,0,1,1,0,0,0,0,1,1,1,1,0,1,0,0,0,0,0,1,0,0,1,1,0,1,0,0,0,1,1,0,1,1,0,0,1,1,0,1,1,0,0,1,0,0,0,0,1,1,0,0,1,0,1,1,-0.015839386,-0.021207627,-0.027927508,-0.035480613,-0.052435477,-0.033411978,-0.022255938,-0.19840395,-0.011058499,-0.012586346,-0.015257162,-0.018350905,-0.020451789,-0.021227629,-0.020947925,-0.020188531,-0.018548877,-0.017561973,-0.016956193,-0.01692189,-0.017858864,-0.030268126,-0.01467635,-0.018118053,-0.021488911,-0.041277502,-0.051609845,-0.075552388,-0.11762033,-0.219155088,-0.455602019,-1.255371219,-1.371100146,-1.419204619,-1.554462239,-1.920115628,-2.673909774,-3.651311622,-3.984642225,-3.262543654,-2.43202838,-1.859087995,-1.496692903,-1.325747382,-1.207141439,-1.134646866,-1.123883188,-1.103621027,-1.098328083,-1.128197331,-1.155219872,-1.195764228,-1.243675353,-1.297455611,-1.338252599,-1.42798415,-1.532740008,-1.744894992,-1.846230421,-2.299536917,-3.083626956
1,1,1,1,1,0,0,1,1,1,1,1,1,1,0,1,0,0,0,0,1,0,0,0,1,1,0,1,0,0,0,1,0,1,1,1,1,0,1,1,1,0,0,0,0,0,0,0,1,0,1,1,1,0,1,0,1,1,1,0,0,1,1,0,1,1,0,0,0,0,1,0,1,0,0,0,0,1,1,0,1,0,0,0,1,0,1,1,0,0,1,0,1,1,1,1,0,1,0,1,-0.032110846,-0.118682275,-0.222470468,-0.03564313,-0.084580649,-0.195837032,-0.042936654,-0.037375816,-0.033197953,-0.03504461,-0.658251454,-0.435621745,-0.12711143,-0.059316398,-0.047932893,-0.04588948,-0.055652332,-0.261313972,-0.095049623,-0.076469107,-0.369542896,-3.916831357,-0.23190197,-2.633409584,-0.233421644,-0.201704922,-0.246782652,-0.371715491,-0.649039323,-1.28002629,-2.101299812,-2.558655128,-2.784396247,-2.153414361,-1.798538089,-3.366976123,-1.541856451,-6.601322408,-2.621126613,-15.87834275,-1.467448819,-0.70214454,-0.971139559,-11.22937989,-1.689923715,-7.201714192,-4.953860337,-2.357322153,-1.816986316,-1.275114919,-0.600912469,-0.715933005,-0.946223572,-2.981127574,-4.661691546,-3.539383204,-6.917778785,-10.47558517,-3.654095501,-1.341976938,-1.657561917
1,0,0,1,0,0,0,0,1,0,0,0,0,1,0,0,0,0,1,0,0,1,0,0,1,1,0,0,0,0,0,0,1,1,1,0,1,0,1,0,1,0,0,1,0,0,0,0,1,1,1,0,0,0,1,1,1,0,0,1,1,1,0,1,0,0,0,0,0,0,0,1,1,0,1,0,0,0,1,0,0,0,1,1,1,0,1,0,0,0,0,1,1,1,0,0,0,1,1,0,-0.175550204,-0.173867676,-0.232074317,-0.060946792,-0.238262339,-0.051320095,-0.07029134,-6.804413239,-0.119841875,-1.228119285,-0.037787243,-0.043645388,-0.063108573,-0.106058422,-0.122173081,-1.407082504,-0.383838508,-0.252406447,-0.507200949,-1.542481642,-3.014741054,-0.952883279,-1.084353935,-1.361649163,-1.357445335,-0.934749444,-4.1822829,-0.642816624,-2.96225699,-1.374648438,-12.25431,-0.601820467,-0.447669724,-0.833640324,-10.98518585,-1.245510908,-1.239093236,-3.352169017,-5.452276716,-2.868006824,-0.557959604,-5.047023799,-0.407635179,-0.370087411,-0.572997738,-1.931876567,-1.697085728,-7.099341817,-4.053353292,-1.568903519,-0.95924543,-0.760003177,-0.667962215,-0.671134409,-0.85876806,-0.555510628,-0.407504389,-0.465293497,-0.739590775,-2.504151143,-0.462933472
1,0,1,0,0,1,0,1,1,1,1,1,1,1,1,0,1,1,1,1,0,0,1,1,0,0,1,0,1,1,0,1,0,0,1,0,1,0,0,0,0,1,1,1,0,1,0,1,1,1,0,0,1,0,0,0,0,0,1,0,0,1,1,0,0,0,0,0,0,1,0,1,0,1,0,1,0,1,0,1,1,1,1,1,1,1,1,0,1,0,1,1,0,0,0,1,0,0,1,0,-0.081542513,-0.026379609,-0.077791428,-0.109244837,-0.078726577,-0.135755489,-0.126191848,-1.230816311,-0.135657302,-0.118980166,-0.063321035,-0.047998285,-1.039956651,-0.091445845,-0.212433657,-0.098106494,-0.100325581,-0.127611019,-0.203308505,-0.559538314,-2.057972156,-1.079921328,-0.667038093,-2.514073559,-0.632600965,-0.252836756,-0.245469225,-0.321847073,-2.989054098,-0.46250071,-4.672127919,-0.795068644,-1.160876842,-1.763923096,-2.52089364,-2.972265966,-1.385700368,-0.887380162,-2.185527405,-3.452148724,-8.11080366,-1.738273733,-2.159331459,-4.950901736,-3.547667874,-1.234781681,-1.704373313,-4.122750526,-4.070382604,-1.353712641,-0.969817448,-0.635659334,-0.574753711,-0.671262394,-1.25028333,-4.787548677,-9.399996532,-9.834937975,-3.835645207,-2.501961823,-4.256476871
0,0,1,1,0,0,0,0,0,0,1,1,1,0,0,0,1,1,0,0,1,0,0,1,0,1,0,0,0,0,0,0,1,1,1,1,0,1,1,1,1,1,0,0,1,0,1,0,1,1,1,0,1,0,0,1,1,0,1,1,0,0,1,0,0,0,0,1,1,0,0,0,1,0,0,0,0,0,0,1,1,0,1,0,1,0,1,0,1,1,1,0,0,0,0,0,0,1,0,1,-0.03076442,-0.011910432,-0.008538359,-0.008588345,-2.300531913,-0.058252109,-0.078434659,-0.052430889,-0.037521229,-0.048196287,-0.063389711,-0.062782436,-0.100156308,-0.131738779,-0.237830951,-0.770755766,-0.6201149,-2.013690651,-1.148517272,-1.010641024,-0.840118611,-0.640023389,-2.757853238,-0.268244817,-0.219232571,-2.477694739,-0.162365109,-0.168921737,-0.347974681,-1.240765987,-0.193655342,-0.091550162,-0.050616486,-0.04494359,-0.077712904,-0.246222696,-0.148673285,-0.160362966,-0.191947742,-0.30915171,-0.598865714,-1.222191261,-3.533564726,-7.747436527,-3.71989821,-2.703291557,-4.954079297,-5.650685575,-2.837207575,-1.530589244,-1.014719508,-0.906008615,-0.79885188,-0.70074075,-0.575110919,-0.489386259,-0.443679724,-0.490538025,-0.523869385,-0.625750337,-2.123793052
1,0,1,0,0,1,0,1,0,0,0,1,1,1,1,0,0,0,1,0,0,1,1,1,0,0,0,1,0,0,0,1,1,0,0,1,1,0,1,0,0,0,0,1,1,0,1,0,0,0,0,1,0,1,0,0,1,0,0,0,0,1,1,1,1,0,0,0,1,0,1,0,0,1,0,0,1,0,1,1,0,0,1,0,0,0,0,1,0,0,0,0,0,0,1,1,0,0,1,0,-0.013975189,-0.016463731,-0.026096232,-0.565732282,-0.130166995,-0.172991631,-0.283048191,-0.145909449,-0.263248224,-1.502804465,-0.313379129,-0.098831733,-0.113133538,-2.049494426,-1.73163908,-0.149198622,-0.830715664,-0.02295793,-0.042744831,-0.080135895,-0.344064862,-10.43515819,-0.292494264,-0.276402894,-0.463616846,-3.344258419,-0.28026405,-0.580570375,-3.099420344,-2.089823254,-0.616662049,-2.616824978,-5.793633902,-3.387773169,-4.098382852,-2.938275686,-2.438483278,-1.330231698,-2.0020313,-4.60261559,-7.58483583,-4.971047769,-3.280346823,-1.792087105,-0.743404287,-1.15156503,-3.707573342,-2.999474971,-1.132346686,-1.518294539,-2.154831581,-7.29863811,-1.508235945,-0.711395882,-0.625046337,-0.777643603,-2.361628267,-1.406362809,-1.732371861,-2.495109561,-5.895772629
1,0,1,1,1,1,0,1,1,1,1,0,1,1,1,0,0,1,1,0,0,1,0,1,1,1,0,1,1,1,1,1,0,1,1,0,1,0,0,0,1,1,1,0,0,1,0,0,0,0,1,0,1,1,1,0,1,0,1,1,1,1,1,1,0,0,0,0,0,0,0,0,0,0,1,1,1,0,0,1,1,0,0,1,0,0,0,0,1,0,1,1,1,1,0,0,1,1,0,0,-0.008338147,-0.010633528,-0.0263402,-0.022797315,-0.014191161,-0.021507464,-0.038753291,-0.497268157,-0.122302443,-0.133097676,-5.41739964,-0.485338488,-0.214838821,-0.123111775,-0.090920707,-0.064463137,-0.056768005,-0.054127586,-0.056391719,-0.076500687,-0.056469405,-0.272504629,-0.170415735,-0.377542567,-1.38279372,-2.456290328,-1.092076095,-0.564284441,-0.598363193,-4.377245197,-0.634665472,-0.648035368,-0.199433876,-1.861853036,-0.326191921,-0.69370238,-0.187946396,-0.142285023,-0.31181142,-0.324587046,-0.289024336,-1.290223458,-1.33601229,-0.489772059,-0.447032546,-0.935812665,-18.97537191,-1.54468664,-1.521913421,-1.136182266,-0.67304959,-0.623896971,-0.735816801,-3.160997629,-0.828960295,-0.86239085,-0.986665996,-1.851570538,-0.873174193,-0.95811104,-1.194064627
1,1,0,0,1,1,0,1,1,0,0,1,0,1,1,1,0,0,0,0,1,0,1,1,0,0,1,0,1,0,0,1,0,0,0,1,1,1,1,1,0,0,1,0,0,1,1,0,0,1,0,0,1,1,0,1,1,1,1,1,1,1,1,0,1,0,0,0,0,1,0,0,1,1,0,0,1,0,0,0,0,0,0,1,0,0,0,0,0,0,1,1,1,1,1,0,1,1,1,0,-0.010184605,-0.011679061,-1.197532694,-0.039966676,-0.328133457,-0.029938386,-0.018842586,-0.020292932,-0.024041896,-0.03397835,-0.030514902,-0.03636761,-0.04192399,-0.048500207,-0.05176252,-0.058435433,-0.076053485,-0.121073372,-1.953370149,-0.160207451,-0.504631362,-2.835795617,-3.031421165,-0.352796079,-0.205264646,-1.880736056,-4.087455029,-1.145248225,-2.073619796,-5.017657394,-0.49510853,-0.31071735,-0.279699974,-1.079966341,-0.347059391,-0.24545319,-1.322886565,-0.597722504,-3.321328009,-3.873896584,-0.87670953,-0.375205794,-0.315692248,-0.283880828,-0.348703492,-1.830907274,-0.261823264,-0.194583245,-0.212755082,-0.292643454,-0.620301602,-0.468121612,-0.314801848,-0.265075233,-0.23578934,-0.218405509,-0.204574665,-0.194491626,-0.221254281,-0.27348401,-0.388244278
0,1,0,1,1,0,0,1,0,0,0,1,1,1,0,1,1,1,1,1,0,1,1,0,0,0,1,0,0,0,1,0,0,0,0,1,0,0,0,1,0,1,1,1,1,1,0,0,1,0,1,1,1,1,0,1,0,1,0,0,1,0,1,1,0,0,1,0,1,0,0,1,1,1,1,0,1,0,1,1,0,0,1,1,0,1,0,0,1,1,1,0,1,1,1,1,1,1,0,0,-0.017504618,-1.2228921,-0.018330867,-0.04428163,-0.270881858,-0.526172397,-0.102053141,-0.030660104,-0.025743852,-0.072570519,-0.432001025,-0.083339981,-5.463296856,-1.164031655,-0.575440563,-1.483998662,-0.357509025,-0.116673305,-0.082784604,-0.074223504,-0.141397601,-0.544291775,-0.141044642,-0.183665689,-0.340550598,-1.489161983,-13.93201541,-1.475560712,-1.456780901,-2.796569867,-1.83736609,-1.142942779,-1.372539452,-0.836551139,-0.984986445,-1.592486437,-8.756894602,-2.903312892,-2.623981628,-4.06244132,-5.432135425,-3.004221858,-6.583062138,-3.91945148,-21.38130803,-1.698578511,-1.404863825,-11.22354563,-2.605787157,-3.542151802,-10.50845534,-3.792651093,-2.56781349,-3.371756392,-16.2233162,-4.662087428,-11.13572946,-4.017767252,-1.680757974,-1.149028325,-0.945136053
1,0,1,1,0,0,1,0,0,1,0,0,1,0,1,1,0,0,0,0,0,1,1,1,0,1,1,1,1,1,1,1,1,1,1,0,1,0,1,1,1,0,1,0,1,1,0,1,0,1,0,1,0,0,0,0,0,0,1,1,1,1,0,0,0,0,1,1,1,0,0,1,0,0,1,0,1,1,1,0,0,0,0,0,1,0,0,1,1,1,0,1,1,0,1,1,0,1,1,1,-0.118833541,-0.14966275,-0.130283771,-0.112677885,-0.100635857,-0.739913029,-0.171541736,-0.166733024,-0.276147506,-1.343570057,-0.287885368,-3.056030426,-0.428941991,-0.743665576,-1.542502626,-0.291865998,-0.155820153,-0.124427969,-0.219958757,-0.92343238,-1.398279385,-0.429338282,-0.632758975,-0.079925556,-0.08603859,-0.161224685,-0.947849386,-0.28208613,-0.21218869,-1.070380248,-2.115230587,-0.140659074,-0.182587931,-3.603865392,-0.294403973,-0.23427022,-0.327300413,-1.056484921,-0.270503234,-0.254384567,-0.439139879,-2.084260157,-0.33740924,-0.309009407,-0.34349314,-0.327766707,-0.371962206,-0.403287631,-0.46646635,-0.483506575,-0.55162293,-0.657135154,-0.822981447,-0.753049752,-0.725044237,-0.785670682,-0.849473566,-0.777610612,-1.000966616,-1.173867195,-1.312220123
0,0,0,1,0,1,0,0,1,1,1,1,1,0,0,1,1,0,1,1,1,0,0,0,0,0,0,1,1,0,1,1,1,0,1,0,1,1,1,1,1,1,0,1,0,1,1,1,1,0,0,0,1,0,1,1,1,1,1,0,1,0,0,1,0,0,1,1,0,0,1,1,1,0,1,1,0,0,0,0,1,0,0,1,0,1,1,0,0,1,0,0,0,1,1,1,0,0,0,0,-0.01288179,-0.078144522,-0.007235587,-0.013872872,-0.020930533,-0.040213586,-0.130190186,-0.542814644,-0.182720368,-0.19052581,-1.515226333,-0.783909981,-0.268298868,-0.151547991,-0.13910646,-0.19454131,-1.001370798,-0.124700605,-0.825308218,-0.313161364,-0.193097886,-1.618008009,-0.506089329,-1.546374726,-0.693621637,-8.015841208,-0.718964792,-2.806063467,-1.3034031,-1.406363289,-1.528049592,-1.242312122,-1.300753128,-3.006416229,-0.590318547,-0.595576552,-2.738379424,-14.35399547,-5.014078237,-2.157418018,-1.332285268,-0.977982973,-0.804443152,-0.737743502,-0.658315473,-0.668721739,-0.517495761,-0.481189862,-0.469411076,-0.474023284,-0.486658474,-0.518437334,-0.64013173,-1.017106206,-2.973998375,-1.884957572,-1.009853038,-0.990691086,-1.150606731,-1.393646357,-1.843867443
0,0,0,1,1,0,0,0,1,0,1,0,0,0,0,1,1,1,0,1,0,1,0,0,1,1,1,0,1,0,1,0,0,0,0,1,1,0,0,1,1,0,1,0,0,0,1,0,0,1,0,0,0,1,0,1,1,0,1,0,1,1,0,1,0,0,0,0,0,0,1,1,0,0,1,1,1,1,1,1,1,1,0,0,0,0,1,0,0,1,0,1,1,1,0,0,0,1,1,0,-0.062461154,-0.646543361,-0.108147164,-0.046145449,-0.038183553,-0.046609765,-0.082032466,-0.151095764,-0.118931568,-0.076619396,-0.073685061,-0.07687195,-0.087786204,-0.127141182,-0.637694088,-0.136321125,-0.05191923,-0.052274556,-0.058615685,-0.062963966,-0.080336858,-0.096202368,-0.108828459,-0.139880706,-0.171444071,-0.168706809,-0.270264848,-0.457379404,-0.884737095,-2.68424941,-7.946157109,-1.44261101,-0.643303904,-0.609825349,-0.42522174,-0.565940891,-0.8165743,-1.618353522,-2.5741459,-6.13294403,-4.151328698,-7.90793107,-1.402152843,-1.101132925,-1.011316617,-1.078510735,-0.979572855,-0.978703236,-0.955296967,-0.89306107,-0.838865735,-0.773158119,-0.717981397,-0.908124789,-0.916084568,-1.575785305,-0.87786415,-0.729938883,-0.671061814,-1.004404523,-5.400940811
0,0,1,1,1,0,0,1,1,1,0,0,1,1,0,0,1,1,0,1,1,0,1,1,1,1,1,0,0,1,0,0,1,1,1,0,0,0,1,0,0,0,0,0,1,1,1,1,0,0,0,1,0,1,1,1,1,1,0,1,1,0,0,1,0,1,1,0,0,0,0,0,1,1,1,0,1,1,1,0,0,1,1,1,0,1,1,0,0,0,1,1,0,1,0,0,1,0,1,0,-0.002970507,-0.003480443,-0.004331227,-0.00541313,-0.006547023,-0.006567489,-0.009952956,-0.014888129,-0.013999183,-0.017244183,-0.020487955,-0.023043373,-0.027091038,-0.02900633,-0.032460019,-0.036739734,-0.04040747,-0.047527597,-0.05819034,-0.060860336,-0.065939331,-0.069798951,-0.077188315,-0.077792903,-0.087328715,-0.092682129,-0.109533565,-0.11371576,-0.120393268,-0.12850682,-0.147287848,-0.15118805,-0.15213114,-0.153815474,-0.155746699,-0.156206298,-0.156906069,-0.153465389,-0.150154829,-0.143856738,-0.144000983,-0.141050987,-0.141524385,-0.144220351,-0.141612703,-0.154799802,-0.162529866,-0.184065092,-0.219756455,-0.168474756,-0.124179007,-0.13306937,-0.158591459,-0.171693426,-0.189255237,-0.216754016,-0.236002634,-0.256312857,-0.29043474,-0.330402682,-0.358668407
0,0,1,0,0,1,1,1,0,0,0,1,0,0,1,0,1,1,0,1,1,1,1,1,1,1,1,0,0,1,0,0,1,0,1,1,1,0,0,0,0,1,1,0,1,0,0,0,1,1,1,0,0,0,1,0,0,1,0,0,1,0,0,0,1,1,1,1,0,1,1,0,0,1,1,0,1,1,1,0,1,1,0,1,0,1,1,0,0,1,1,0,0,1,1,0,1,1,1,0,-0.218256611,-0.085186918,-1.84357898,-0.020023177,-0.024462813,-0.04981332,-0.100279063,-0.529339762,-2.41245112,-0.233120656,-0.562822668,-0.332788793,-0.240514308,-0.238959612,-1.43146992,-0.164380224,-0.13993235,-0.444791782,-0.748687021,-0.172829686,-0.908797995,-0.195175011,-0.231473612,-0.174713941,-0.914778358,-2.881923299,-0.501135941,-0.331584085,-0.444851931,-0.639786923,-0.414778099,-2.203871377,-0.127457883,-0.069870917,-0.080707255,-0.104845656,-0.455907016,-0.19282149,-0.249943072,-1.140225093,-0.941898421,-15.63167827,-1.098174638,-1.774048604,-1.839527208,-2.941404762,-24.60357064,-1.567825119,-0.726662843,-0.810724418,-0.908166922,-2.018543712,-4.995724145,-5.117761065,-9.957794738,-6.729135601,-2.523323473,-1.738623442,-1.287448708,-1.271658759,-1.412324111
0,0,0,1,0,0,1,0,1,1,0,0,0,1,0,1,1,0,0,1,0,0,1,1,0,1,1,1,1,1,0,1,1,1,0,0,1,0,0,0,1,0,0,0,0,1,1,0,1,1,0,1,1,1,1,0,0,1,1,0,1,0,1,0,1,0,0,0,0,0,0,1,1,0,1,0,0,1,1,0,0,1,1,1,0,1,1,0,1,0,0,1,1,1,0,0,0,1,1,0,-0.019458302,-0.369989671,-0.414475159,-0.075827929,-0.052696,-0.070389872,-0.097708249,-0.132286355,-0.135716871,-0.111846203,-0.062103667,-0.201646791,-0.120385466,-0.111614999,-0.109407153,-0.117890454,-0.20371687,-0.111369467,-0.146965666,-0.196165787,-0.283010944,-0.412227974,-0.684621487,-1.328816982,-2.094939617,-1.593731014,-2.255792822,-0.610327676,-0.425585476,-0.402264288,-0.385521061,-0.611245615,-2.996323527,-4.947409704,-4.491013467,-2.977471828,-3.483671951,-2.054991143,-1.947830044,-9.523901824,-1.708877271,-0.998125854,-0.81360259,-4.176600549,-1.747479817,-1.207093848,-1.486500089,-4.410646238,-0.687406581,-0.470189058,-1.526702717,-0.418203338,-0.298491139,-0.292175861,-0.348752184,-0.547597086,-3.263435995,-0.813666455,-0.469970849,-0.435228712,-0.445709764
1,0,0,0,1,0,0,1,0,1,1,0,1,0,0,1,0,0,1,0,0,0,0,0,0,0,0,0,1,0,1,1,0,0,1,1,0,1,0,0,1,1,0,1,1,1,1,1,0,1,0,0,0,1,0,1,0,0,1,0,1,0,0,0,1,0,0,0,1,0,0,0,1,0,1,0,1,1,1,0,0,1,0,0,0,1,1,0,0,0,1,1,1,1,1,0,1,1,0,1,-0.002938662,-0.003497734,-0.004256674,-0.005279503,-0.006481515,-0.007908129,-0.009152729,-0.011984768,-0.016043066,-0.017910348,-0.020872127,-0.025839988,-0.027311468,-0.024825625,-0.032398372,-0.037897892,-0.041583006,-0.04842805,-0.053579546,-0.062582789,-0.063673298,-0.071826578,-0.071272082,-0.084780351,-0.0966871,-0.089146723,-0.109965599,-0.116081919,-0.125975629,-0.118427202,-0.13890038,-0.144204975,-0.151840925,-0.157154989,-0.141175534,-0.146107232,-0.144398255,-0.141961721,-0.138555525,-0.134563083,-0.129663438,-0.13250941,-0.12388889,-0.117527719,-0.12636898,-0.132271993,-0.135728674,-0.143097511,-0.150906747,-0.163774553,-0.142995907,-0.189516085,-0.191159612,-0.200052517,-0.238357317,-0.242055814,-0.249777719,-0.276642388,-0.313929952,-0.341626801,-0.400730722
0,1,0,0,1,0,0,1,0,0,0,0,1,0,1,1,0,1,0,1,0,0,0,0,0,0,1,0,0,1,1,1,1,1,1,1,0,1,0,0,1,0,1,1,0,0,1,0,1,1,0,1,0,1,1,1,1,1,0,0,0,0,0,1,0,0,0,0,1,0,1,1,0,0,1,0,1,0,1,0,0,1,0,0,0,1,1,0,1,1,1,0,1,0,1,1,1,1,0,1,-0.067586904,-0.389249876,-0.070079494,-0.214427461,-0.026866654,-0.018407062,-0.031986376,-0.06893673,-0.05139686,-0.086940665,-0.18607743,-2.002947746,-0.343965846,-1.558160469,-1.807452814,-0.377753034,-0.188233054,-0.107406758,-0.295120181,-0.085546852,-0.108363234,-0.446929991,-1.43582287,-0.27878857,-0.119563072,-1.76979425,-2.277331048,-0.589729933,-0.216454733,-0.637544908,-0.862662025,-1.193017911,-1.884088762,-6.218445843,-5.385975207,-0.986784461,-0.900892998,-1.398952628,-3.720068846,-7.715179926,-2.041523252,-1.660300288,-0.600782453,-1.862749914,-0.952536046,-1.327073179,-3.47006861,-1.233432637,-0.833304488,-0.993606718,-2.153656297,-1.92458199,-6.99428082,-3.598751295,-10.26212874,-5.190955846,-2.263320102,-1.254936827,-0.916987102,-1.65189925,-1.070837284
0,0,0,0,0,0,0,0,1,1,1,1,0,1,1,0,1,0,0,0,0,1,0,0,1,1,0,1,1,1,0,0,1,0,1,0,1,0,0,1,1,0,0,1,1,0,0,0,0,0,0,1,0,0,0,0,1,0,0,0,1,0,1,0,0,1,0,0,0,1,0,0,1,0,1,1,1,0,1,1,0,1,0,0,1,0,1,1,0,1,1,0,0,1,1,0,0,1,1,1,-0.010092253,-0.016354026,-0.03219697,-0.040755448,-0.050014748,-0.030024713,-0.049825361,-0.130209325,-0.495163695,-0.1167273,-0.081544901,-0.077805092,-0.083039518,-0.11580176,-0.26663734,-0.135120622,-0.323599451,-0.847540982,-1.158391978,-1.028666213,-0.946171555,-1.008652659,-1.744106235,-16.0348419,-0.48396083,-1.018604532,-10.03012518,-3.990954825,-5.019172195,-1.003583225,-0.865527166,-1.4381539,-1.672339154,-1.574967558,-3.542326413,-3.078144862,-2.260437639,-2.371806681,-1.917975532,-5.685508423,-5.334310668,-9.115926554,-3.776142821,-4.736508355,-1.051014804,-1.03746527,-0.51810289,-0.434044971,-0.367119626,-0.396256671,-0.851318984,-1.359453039,-0.648636237,-0.697275945,-2.840456738,-1.87709456,-1.006399251,-1.49191084,-1.355310814,-0.922752382,-1.220557939
1,1,0,0,1,0,1,0,1,0,1,0,1,0,1,1,0,0,0,0,1,1,0,1,0,0,1,0,0,1,0,0,0,1,0,0,1,0,1,0,1,0,0,1,0,1,1,1,0,1,0,0,1,1,0,1,1,0,1,1,1,1,0,0,0,0,0,0,0,0,1,0,0,1,0,1,0,0,1,1,1,1,0,1,1,0,1,0,1,1,0,1,1,0,0,0,1,0,0,0,-0.008150097,-0.013116274,-0.068264946,-0.035782597,-2.238217038,-0.143793552,-0.088804478,-0.091042451,-0.149877793,-0.368064301,-0.607153023,-1.911843969,-0.111011041,-0.114173096,-0.61418229,-0.427707774,-0.04925635,-0.031855405,-0.03069393,-0.032506444,-0.049841144,-0.027464527,-0.033649208,-0.986369532,-0.143187609,-0.15430337,-3.439993139,-0.278783098,-0.642672875,-1.242515551,-0.159816979,-3.356401039,-1.52244462,-4.767402145,-0.438379427,-0.332745057,-0.508437173,-0.609190113,-0.285617365,-0.45213463,-1.080135328,-0.518079184,-0.426978555,-0.40745459,-0.419172395,-0.413047716,-0.440944316,-0.465219921,-0.442875942,-0.499674719,-0.529931813,-1.057201258,-0.706022735,-0.680813194,-0.703371788,-0.704080401,-0.728122862,-0.772876121,-0.831897631,-0.797394409,-0.940746335
0,1,0,0,1,1,1,0,1,1,0,1,0,0,1,0,0,1,1,1,1,0,1,0,1,1,1,0,0,1,1,1,0,1,1,1,0,0,0,1,1,0,1,0,1,1,0,0,1,1,0,1,1,1,1,1,0,0,0,0,1,0,1,1,1,1,1,0,0,1,0,1,0,0,1,0,0,1,1,1,1,0,1,0,0,1,1,1,1,1,0,0,0,0,0,1,0,1,1,1,-0.00300782,-0.003637491,-0.004251603,-0.00607615,-0.006367318,-0.008041749,-0.010526068,-0.012129807,-0.015055988,-0.022526045,-0.0211277,-0.024500861,-0.027778371,-0.041020368,-0.036449603,-0.029824355,-0.039827181,-0.047895081,-0.048276326,-0.052515198,-0.062004875,-0.068129228,-0.073632099,-0.081737949,-0.086525123,-0.093542637,-0.100576877,-0.113706601,-0.147090166,-0.135504232,-0.137338589,-0.142286913,-0.152918331,-0.169899324,-0.155557418,-0.159953421,-0.199258443,-0.139887797,-0.13752153,-0.137776832,-0.133322216,-0.123023964,-0.123055888,-0.122874115,-0.129015673,-0.122502296,-0.127462464,-0.131607916,-0.140954546,-0.141951908,-0.162082308,-0.173203105,-0.181295988,-0.172474749,-0.188876613,-0.207963578,-0.245602013,-0.261877888,-0.292999751,-0.323143523,-0.364241429
1,1,1,1,1,1,0,1,0,0,0,1,1,1,0,0,0,0,1,1,0,1,0,0,0,0,0,0,1,0,0,0,0,1,1,0,1,0,1,1,1,0,0,0,0,0,0,0,1,0,0,0,0,1,0,0,0,1,0,1,0,0,1,1,0,1,0,0,1,0,1,1,1,1,1,0,1,0,0,0,1,0,1,0,1,0,1,0,0,1,1,0,0,1,1,0,0,1,0,0,-0.011497889,-0.245194328,-0.051152196,-0.132357211,-0.074847767,-0.686111928,-0.019118128,-0.105092931,-0.189922635,-0.025995961,-0.021777801,-0.058115452,-0.019834798,-0.021712993,-0.049613847,-0.174251327,-0.580261026,-1.052794017,-2.648768922,-0.401285295,-0.337678382,-3.994761696,-2.842567581,-1.836455654,-13.41759415,-3.147828502,-1.894975025,-1.675839181,-4.890960993,-1.467166862,-12.17408212,-1.412689832,-1.359983404,-3.923587988,-3.683106595,-0.519845158,-9.413367567,-3.459071177,-3.072453546,-2.418867989,-1.662265321,-1.272385552,-0.78125844,-1.613682126,-2.460692852,-1.457076357,-2.082366218,-4.472437719,-6.45206786,-1.931948552,-1.105164849,-2.821340315,-1.344360476,-1.148443753,-1.918072483,-1.798267269,-1.736144767,-0.829172135,-2.051412023,-2.631366039,-1.506526273
0,0,0,0,1,1,0,0,0,1,1,0,1,1,1,0,1,1,0,0,0,1,1,1,0,1,1,0,1,1,0,1,1,0,0,0,1,1,0,1,0,0,0,1,0,1,1,0,1,0,0,1,1,0,0,0,0,0,0,0,0,1,1,0,1,1,1,0,1,0,0,1,1,0,1,0,1,1,1,1,0,0,1,1,1,0,0,1,0,1,0,1,1,1,0,1,1,1,1,0,-0.016218666,-0.098198037,-0.020865191,-0.025708564,-0.041079235,-1.257410116,-0.02780228,-0.0396796,-0.523084084,-0.03328022,-0.729020998,-0.18806199,-0.383312412,-0.697700645,-0.347073464,-0.150473793,-0.101983981,-1.115854633,-0.530091294,-1.552460424,-0.268578824,-1.179250176,-1.499871172,-0.574893169,-0.620515085,-0.12441154,-0.137744729,-0.294214626,-0.180481131,-0.37536092,-1.081483397,-5.194551731,-5.815362763,-3.73518419,-1.522800079,-0.639092046,-0.53926885,-0.58697029,-0.760918949,-1.109433226,-1.5105049,-1.525992922,-2.53734074,-19.72547125,-3.378003715,-1.741024551,-1.949848368,-11.25826039,-2.074669491,-1.110959708,-1.891174038,-6.472827354,-1.138515102,-1.31481609,-1.697049968,-2.187085905,-2.595174318,-2.404013242,-2.639915186,-3.438668193,-4.993991872
0,1,0,0,1,0,1,0,1,1,1,0,1,0,1,1,0,0,0,1,1,0,1,0,0,1,1,0,0,1,0,1,0,0,0,0,1,0,0,0,1,1,0,1,1,1,0,0,0,0,0,0,0,1,1,1,0,1,1,0,1,0,1,1,1,0,1,0,1,0,0,0,1,0,0,0,1,0,0,0,1,1,1,0,0,0,0,0,1,1,1,1,0,1,1,0,0,1,1,1,-0.012527077,-0.012310293,-0.013353439,-0.012623216,-0.015126247,-0.031386794,-0.087186849,-0.132936321,-0.165009855,-0.218360129,-0.346975686,-0.604086928,-0.623769144,-0.334253712,-0.166497096,-0.139215266,-0.145598398,-0.18515579,-0.281772182,-0.440366497,-0.858119695,-1.199840089,-1.011801009,-1.26805839,-0.634005735,-0.375752457,-0.255292646,-0.202601706,-0.166956718,-0.163066177,-0.150263494,-0.167190406,-0.206893865,-0.31619587,-0.754956919,-7.577490361,-1.154600386,-0.410295588,-0.288622597,-0.286011941,-0.307802409,-0.349838685,-0.426415608,-0.58224136,-0.822851746,-1.697435076,-5.873788903,-10.19121017,-7.558289028,-6.466358793,-3.890424205,-3.054599106,-2.595690458,-2.537782256,-2.238168764,-2.037757439,-2.031709507,-2.136865498,-2.326759825,-2.638148969,-3.080979959
1,0,1,0,1,1,0,0,0,0,1,1,0,1,0,0,0,0,1,0,1,0,1,1,0,0,1,1,0,1,0,0,1,0,1,1,0,0,1,1,1,1,0,1,1,0,1,1,1,0,0,1,0,0,0,1,1,1,0,1,1,1,0,0,0,0,1,0,0,0,0,0,1,1,0,1,0,1,0,0,0,0,1,0,0,1,1,0,0,1,0,1,0,0,1,0,1,1,0,0,-0.003041928,-0.003564467,-0.004322584,-0.005306823,-0.006440585,-0.008049036,-0.010018086,-0.012743993,-0.01531202,-0.018591684,-0.02261288,-0.012316446,-0.030924307,-0.025443488,-0.031177771,-0.035639281,-0.041244812,-0.044891653,-0.053836713,-0.060135337,-0.065708554,-0.071028004,-0.075880437,-0.080084778,-0.084972279,-0.091349452,-0.10364757,-0.114717764,-0.123326942,-0.131824218,-0.140458169,-0.150095528,-0.147791398,-0.151053994,-0.156495582,-0.158263821,-0.159172288,-0.1579031,-0.157242033,-0.160412835,-0.19213307,-0.128277327,-0.120261625,-0.13707647,-0.138495776,-0.121701634,-0.121107218,-0.128061561,-0.135484331,-0.141671803,-0.152861388,-0.164407867,-0.168311904,-0.192821925,-0.210245179,-0.233987023,-0.252878411,-0.259010629,-0.297337539,-0.325162277,-0.36077867
1,0,0,0,1,1,0,1,1,0,1,0,1,0,1,0,0,0,0,0,1,1,0,1,1,1,0,1,1,1,0,1,1,0,0,0,1,1,0,0,1,0,0,0,0,1,0,1,1,1,1,1,1,1,1,0,0,0,0,1,1,1,1,1,1,0,1,1,1,0,1,0,0,0,1,1,0,1,0,1,1,0,0,0,1,0,1,0,0,0,0,0,0,1,0,0,0,0,0,1,-0.103881221,-0.292086917,-0.047576993,-0.063547871,-0.087290177,-0.067552729,-0.024728203,-0.549587851,-0.02946055,-0.041280323,-0.057209966,-0.087470365,-0.204294861,-0.456936706,-0.294626761,-2.80383713,-0.196088889,-0.32032581,-0.198331817,-0.434924762,-1.874590957,-0.093380336,-0.082769548,-0.080587787,-0.082353668,-0.091778827,-1.053275493,-0.21124665,-1.780524299,-1.857247021,-0.387334212,-0.500193761,-0.578671746,-0.714928535,-0.845601063,-1.958240741,-7.104018767,-3.263522098,-1.919754634,-1.47200859,-1.284311633,-0.899482549,-0.889956285,-1.000676622,-1.709898595,-7.960873789,-3.280255903,-5.288490194,-2.303331211,-2.537513684,-2.063578985,-1.422826513,-1.497968919,-3.159664604,-8.635230448,-1.903216736,-1.643677099,-0.963692518,-1.503848416,-2.001102429,-3.465245666
0,1,1,0,0,1,0,0,0,1,0,0,0,0,1,1,0,0,1,1,0,1,0,0,0,1,0,1,0,1,1,1,1,1,1,1,1,0,0,1,1,1,0,1,0,0,0,0,0,1,0,1,1,0,1,1,0,0,0,1,1,0,0,0,0,1,1,1,0,1,1,1,0,0,0,0,0,1,0,1,1,0,1,0,0,1,1,0,0,0,0,0,1,1,0,1,1,1,0,1,-0.002970484,-0.003571067,-0.004448037,-0.005449312,-0.006165802,-0.007838433,-0.00982149,-0.012290751,-0.014989226,-0.017546008,-0.020909923,-0.023840478,-0.026515862,-0.028326787,-0.032341862,-0.043511851,-0.043681418,-0.049756201,-0.057193093,-0.057457885,-0.06704277,-0.075598795,-0.07180843,-0.081736284,-0.088980026,-0.09557775,-0.094377268,-0.114287849,-0.12584218,-0.137914299,-0.145486503,-0.131821596,-0.144868583,-0.139971544,-0.14923709,-0.1663333,-0.158010786,-0.137182229,-0.133051252,-0.137070439,-0.131645715,-0.121703422,-0.125798796,-0.128386951,-0.112555248,-0.122848939,-0.129141584,-0.141122743,-0.141709548,-0.149446958,-0.168137224,-0.175444276,-0.179021019,-0.171101581,-0.195761272,-0.213098131,-0.232837858,-0.246416286,-0.247681772,-0.284053855,-0.375173598
0,0,0,0,1,0,0,0,1,1,0,1,0,0,1,0,0,1,0,0,0,1,1,1,0,0,1,1,0,1,1,1,1,1,1,1,1,1,0,0,1,0,1,1,0,1,0,1,1,1,1,0,0,1,1,0,1,1,1,0,1,0,0,0,0,0,0,0,1,1,0,1,1,1,0,0,0,0,0,0,1,0,0,1,1,0,1,1,0,1,0,1,1,1,0,1,1,0,0,0,-0.002961376,-0.0035444,-0.004281034,-0.005267113,-0.006524128,-0.008123102,-0.010230785,-0.011729959,-0.014867997,-0.017933917,-0.020469446,-0.023387774,-0.026898037,-0.029498257,-0.033124305,-0.036423538,-0.042536702,-0.048645522,-0.053303178,-0.059653203,-0.066338684,-0.071507987,-0.0764512,-0.081298502,-0.088619252,-0.094710707,-0.107830871,-0.115725446,-0.123373217,-0.132040845,-0.136808601,-0.142286305,-0.146347107,-0.160167457,-0.152351252,-0.154425657,-0.156267265,-0.152324574,-0.145667225,-0.145364499,-0.138818075,-0.135084859,-0.132446132,-0.132698855,-0.134108865,-0.143667841,-0.150222084,-0.138172215,-0.173040366,-0.198329637,-0.229162699,-0.258707197,-0.235030835,-0.140624575,-0.149981688,-0.178355924,-0.204980469,-0.230876772,-0.259117965,-0.291362043,-0.323641147
1,1,1,1,0,1,0,0,1,1,0,1,0,0,1,0,1,0,0,1,0,0,1,0,0,1,0,0,0,1,0,0,0,1,0,0,0,0,1,0,0,0,0,0,1,1,0,0,1,1,1,0,0,0,0,1,1,0,1,0,1,1,1,0,1,0,1,1,0,0,0,1,0,1,0,1,1,0,1,1,0,0,1,0,0,0,1,1,0,0,1,0,1,0,1,1,1,1,0,1,-0.04004508,-0.039572989,-0.013687785,-0.009301019,-0.008219678,-0.008478474,-0.009733563,-0.012909867,-0.03390072,-0.163559738,-0.04274954,-0.047203551,-0.1657062,-0.049177354,-0.016631186,-2.407707959,-0.032304966,-0.032543588,-0.07677862,-0.657567795,-0.154377784,-1.30387072,-0.772424139,-0.224326246,-0.450450326,-0.3007953,-0.577760569,-3.751015371,-1.043556154,-0.718931096,-1.820539905,-3.189975264,-2.206684897,-1.045119423,-0.554274583,-1.070525648,-3.059975847,-2.141895752,-2.038987041,-1.446304078,-1.312935802,-3.32525514,-7.775263359,-1.323245727,-0.62753296,-0.434308443,-0.417910171,-0.381036518,-0.542436242,-1.379963907,-9.873554306,-1.30632679,-0.934607394,-1.101058562,-1.283553441,-2.24404191,-5.008620446,-6.20362967,-3.23353504,-5.336254174,-2.045102325
1,1,1,0,0,0,1,0,1,0,1,0,1,0,1,1,0,1,1,0,1,0,0,1,1,1,0,0,1,1,0,1,0,1,1,1,0,0,1,0,0,0,0,1,1,0,0,0,1,0,1,0,1,1,0,1,1,1,0,0,1,0,0,0,1,1,0,0,0,0,0,1,0,0,0,1,0,1,1,1,0,1,1,0,1,0,1,1,1,0,0,0,0,0,0,0,1,1,1,0,-0.053845362,-0.102158559,-0.135615733,-0.572320611,-0.062892906,-0.0415008,-0.039611963,-0.17427557,-0.185618881,-0.076946012,-0.19865026,-1.043121999,-0.063649571,-0.042208812,-0.100910466,-0.077048972,-0.034390586,-0.039470491,-0.090488847,-0.18128519,-0.153606831,-0.645499788,-3.0097118,-0.501050967,-0.318253274,-0.16071191,-0.143486885,-0.148674968,-0.752605877,-1.166572768,-0.361501185,-0.359302961,-0.972727393,-0.933510588,-0.428823571,-0.452368671,-0.549912789,-1.778409969,-3.228949929,-2.480145151,-3.020499323,-0.922876956,-0.812584407,-0.782154278,-1.466883088,-1.183048245,-0.861254872,-0.792595221,-0.8765359,-1.168695663,-2.354717849,-4.007594635,-1.931067608,-3.891241495,-1.350747652,-0.845279867,-0.731215936,-0.658428372,-0.608125617,-0.620781559,-0.657047507
1,1,0,1,1,1,1,1,1,1,0,0,1,1,1,1,1,1,1,1,0,0,0,1,0,0,1,1,0,0,1,0,1,0,1,1,0,0,1,0,1,1,1,0,0,1,1,1,1,1,1,1,1,1,0,0,1,0,0,1,1,1,1,0,1,1,0,0,0,1,1,1,0,1,0,0,1,0,1,0,1,1,0,1,0,1,0,1,0,0,1,1,0,1,0,0,0,1,0,1,-0.003008343,-0.003571059,-0.004309189,-0.005272786,-0.006575102,-0.008183238,-0.010183124,-0.013146217,-0.013259406,-0.017213189,-0.020599655,-0.023584615,-0.026375753,-0.029230212,-0.032723195,-0.037038956,-0.04250155,-0.04866857,-0.052655507,-0.060403203,-0.067219327,-0.065131514,-0.075988747,-0.081508407,-0.089149976,-0.097745014,-0.108069325,-0.122762428,-0.104784052,-0.123882914,-0.138391423,-0.135015173,-0.143896449,-0.148061998,-0.151992305,-0.156573715,-0.145523637,-0.147697308,-0.144015669,-0.133245748,-0.138000299,-0.135172214,-0.127533446,-0.122204229,-0.14753218,-0.129587286,-0.13889906,-0.151961221,-0.143584442,-0.145909518,-0.153540139,-0.175247959,-0.158090912,-0.192224002,-0.220784802,-0.21260969,-0.227941326,-0.245749641,-0.304918403,-0.383151641,-0.404766823
0,1,1,0,0,1,1,0,1,0,0,0,0,1,0,0,1,1,0,1,1,1,1,0,0,0,0,1,0,0,1,0,1,1,1,0,0,1,1,0,1,1,0,1,0,1,1,0,0,0,0,1,1,1,0,0,0,0,0,1,0,1,0,0,1,0,0,0,1,0,1,1,0,1,0,0,0,1,1,0,0,0,0,0,1,0,0,0,1,1,0,1,0,0,1,0,1,1,1,0,-0.03608,-0.039865664,-0.027976379,-0.020339045,-0.017313887,-0.60999817,-0.013981375,-1.690272015,-0.030939084,-0.026505154,-0.032190684,-0.037440831,-0.047853696,-0.119170804,-1.25235052,-0.189856686,-5.964923407,-1.274127053,-1.156094068,-0.327099909,-0.453506937,-1.18006323,-0.163993381,-0.149326716,-0.130929743,-0.223067853,-0.738101938,-7.594370285,-0.827819399,-0.551521565,-1.989829906,-1.601770661,-2.955512949,-6.52000702,-11.21359597,-9.935741954,-2.509267345,-2.419459283,-1.709056866,-2.063200287,-2.515485627,-1.297555912,-0.784671579,-0.522124713,-0.435010357,-0.436323395,-0.445699956,-0.390183029,-0.400364676,-0.555226109,-0.555497187,-0.624049569,-0.711005078,-0.782307261,-0.807355074,-1.044742447,-1.170797827,-1.251988068,-2.183574486,-5.501712856,-3.045145096
0,1,0,0,0,0,1,1,1,0,0,0,0,0,0,1,0,1,0,1,0,1,1,0,0,1,0,0,1,0,1,0,0,0,1,0,0,0,0,0,1,0,1,0,1,0,0,0,0,0,1,1,0,0,0,0,1,1,0,1,0,1,0,1,1,1,1,1,0,1,0,1,0,0,0,0,1,1,1,1,1,0,0,0,1,1,0,0,1,0,0,0,0,0,1,1,0,1,1,1,-0.003001504,-0.003563108,-0.004295785,-0.005336173,-0.006677761,-0.007424748,-0.009922835,-0.012324984,-0.015146807,-0.01836407,-0.02166985,-0.025200948,-0.031501442,-0.026034661,-0.030272972,-0.036987741,-0.0469144,-0.048036072,-0.055033275,-0.06335954,-0.060594556,-0.077744728,-0.077678005,-0.083443307,-0.09098304,-0.097420814,-0.108644586,-0.116109398,-0.123482126,-0.137621516,-0.145826832,-0.161413184,-0.190558606,-0.133951129,-0.131043244,-0.143908993,-0.147700323,-0.147458922,-0.145263652,-0.125997746,-0.130359201,-0.128998569,-0.127270412,-0.128919014,-0.135243078,-0.142114056,-0.145126092,-0.151693586,-0.170320732,-0.190271765,-0.212092821,-0.2413608,-0.19731913,-0.171919274,-0.17095566,-0.178519078,-0.215484024,-0.249555103,-0.278894527,-0.306588165,-0.318325095
0,0,0,1,0,0,0,0,0,0,1,0,1,1,0,0,0,1,0,1,0,0,1,1,0,0,0,0,1,1,1,1,0,0,0,0,1,0,0,0,1,0,1,0,0,1,0,1,0,1,0,1,1,1,1,0,0,0,0,0,0,0,1,0,0,0,1,1,0,1,1,0,0,1,1,1,0,1,1,1,1,1,1,1,1,0,0,1,1,1,0,0,1,1,1,1,1,1,0,0,-0.103990927,-0.042010587,-0.071785435,-0.205059534,-0.432864969,-0.067737793,-0.119643059,-0.081989102,-0.494456873,-0.1355705,-0.214795675,-0.285619509,-0.254632727,-0.240824518,-0.856759358,-0.325355439,-0.246827987,-1.985451495,-0.549905607,-0.168303462,-0.114941002,-0.109637206,-0.171454597,-0.224475828,-1.682228659,-0.468212412,-0.971708871,-9.45092921,-0.270184129,-0.155902254,-0.160090828,-0.361737998,-1.088740085,-2.848715998,-0.463567092,-0.294391822,-0.331116156,-0.588067228,-0.874417435,-1.013465952,-1.761410915,-2.160073372,-12.0840939,-1.397480893,-0.866405535,-5.383704345,-2.826259834,-4.125325958,-1.540941182,-19.89390453,-1.822691903,-1.227383546,-2.051912327,-6.049248078,-4.465534978,-2.03037941,-3.19693807,-12.10487798,-5.40383648,-3.647796607,-4.531783756
1,1,0,0,0,1,1,1,1,1,1,0,0,1,0,0,0,0,1,0,1,0,0,1,0,1,0,0,1,0,1,0,0,1,0,0,1,0,1,1,1,0,0,1,1,1,1,1,1,0,0,1,0,1,1,0,0,1,1,1,0,1,0,0,1,0,1,1,0,0,1,1,1,0,1,0,0,0,1,0,1,0,0,1,0,1,1,0,1,1,0,1,1,0,0,0,1,1,0,1,-0.089276332,-0.188187141,-0.226732514,-0.066421921,-0.053081511,-0.058790501,-0.069822888,-0.105546541,-0.141793562,-0.145528198,-1.092229824,-0.486788434,-0.26924087,-0.186014998,-0.117782961,-0.097160354,-0.095241656,-0.08476162,-0.102476432,-0.174947239,-0.580728625,-11.34827141,-0.926470547,-0.279746659,-0.130212557,-0.092182405,-0.077295248,-0.0622777,-0.07511496,-0.143536263,-3.723558558,-0.286930046,-0.149164383,-0.129065404,-0.135664724,-0.161528419,-0.245346976,-1.060028305,-1.302366637,-0.364844437,-0.343970065,-0.854711605,-0.521801755,-0.709525587,-0.922716063,-1.782278511,-5.914477362,-3.043082367,-7.751469573,-2.964906029,-1.302200244,-1.60216832,-3.630725185,-12.75236034,-14.54300193,-5.616569373,-2.767889883,-1.750677352,-1.479500442,-1.52575095,-1.945468981
0,0,0,1,0,1,0,1,0,0,0,0,0,1,0,0,1,1,0,0,0,1,0,0,0,1,1,1,0,1,1,1,0,0,1,0,1,0,1,0,1,1,1,0,0,1,0,0,1,0,0,0,1,0,0,0,0,0,0,1,0,1,0,0,0,0,0,1,1,1,1,1,0,1,0,1,0,1,1,0,1,1,1,0,0,0,1,0,0,0,1,1,1,1,0,0,0,0,1,1,-0.054913656,-0.042114242,-0.424907565,-0.047419536,-0.020858195,-0.040428969,-0.058595001,-0.018061055,-0.020390087,-0.161500214,-1.84538816,-0.835953264,-0.418285312,-2.08739316,-0.353626937,-0.13847811,-0.09291762,-0.085290289,-0.096814333,-0.221957731,-1.037616154,-0.439324254,-0.279824598,-0.361283691,-0.815795775,-3.956315446,-3.410655082,-0.714868505,-0.523814372,-0.679068668,-5.994807715,-2.221226357,-1.008033023,-2.552034644,-2.329725913,-4.882791881,-0.723393804,-0.629954683,-1.511217415,-1.154818018,-1.388740664,-1.410960483,-3.603741187,-5.250195833,-2.326040417,-11.23063742,-3.223754296,-3.414951295,-1.412692763,-0.884728641,-0.699566338,-0.785981749,-0.609483861,-1.243196126,-2.212082975,-0.91355712,-1.507698906,-1.692756527,-3.522112447,-4.122998099,-4.529829704
1,0,0,1,1,0,1,1,0,1,1,1,0,1,0,1,1,1,1,1,1,1,1,1,1,1,0,1,0,1,0,0,0,1,1,1,1,1,0,0,0,1,0,1,0,1,0,1,0,1,0,1,1,1,0,0,0,1,0,1,0,1,0,0,1,1,0,0,0,1,1,0,1,0,1,1,0,1,0,1,0,1,1,0,0,1,0,0,1,0,1,0,1,1,0,0,1,0,1,1,-0.002886723,-0.003516032,-0.004251251,-0.005223737,-0.006826891,-0.00798837,-0.010046027,-0.01260687,-0.017169392,-0.016791229,-0.02038111,-0.023077211,-0.026595062,-0.029512058,-0.032667851,-0.037311877,-0.043368125,-0.049228838,-0.056236364,-0.062676269,-0.071730541,-0.068471076,-0.07636568,-0.083032489,-0.092623009,-0.100760728,-0.107846287,-0.118487024,-0.1294787,-0.140929064,-0.155390261,-0.138401294,-0.119071862,-0.137094036,-0.144586039,-0.146140206,-0.146005166,-0.139468969,-0.142926804,-0.137661342,-0.133634297,-0.126346714,-0.124332929,-0.122773699,-0.124495209,-0.122978073,-0.123588797,-0.133879101,-0.140679295,-0.142537218,-0.160154337,-0.168797268,-0.177270645,-0.185122592,-0.195406878,-0.208981039,-0.265913264,-0.331857541,-0.319063338,-0.344155841,-0.378529866
0,1,1,0,1,0,1,0,0,0,1,0,1,0,0,1,1,0,0,0,1,0,1,0,0,1,0,0,1,1,0,0,1,0,0,1,0,0,0,0,1,0,1,0,1,1,0,1,0,1,0,0,0,0,1,1,1,1,0,1,1,0,0,0,0,0,0,1,0,1,0,1,0,1,0,0,1,0,1,0,1,0,0,1,0,1,0,1,0,0,0,1,1,1,1,0,0,1,0,1,-0.010126086,-0.012721948,-0.138179774,-0.072431214,-0.191121552,-0.010101361,-0.067980821,-0.015585925,-0.024116215,-0.042144436,-0.123282111,-0.231989312,-0.522902084,-2.086995674,-0.176686568,-0.118977812,-0.097969376,-0.15850816,-1.24033428,-0.492991943,-0.258517626,-1.611625213,-3.059730118,-1.056715714,-0.249383506,-0.154659746,-0.137541922,-0.369867931,-0.503318761,-0.33440057,-6.835709265,-1.09818237,-3.924449371,-4.568333704,-5.809664992,-2.134032646,-0.887666737,-0.671380145,-0.69584331,-0.790309327,-2.13887927,-4.070578084,-13.96712714,-1.607795757,-0.750304512,-1.173721133,-4.502456278,-6.165488592,-2.245226295,-3.873765044,-3.04779659,-1.301669508,-1.932442442,-1.087821916,-2.05577574,-4.721134463,-6.316827646,-3.667090373,-3.268433102,-4.998973677,-16.5460377
1,1,1,1,0,1,0,1,1,0,0,0,1,0,0,1,1,0,0,1,1,1,0,1,0,0,0,0,0,1,0,1,1,0,1,1,1,0,1,1,0,0,0,1,0,1,1,0,1,1,1,1,1,0,0,1,1,1,1,1,0,0,0,1,1,0,0,1,1,1,1,0,1,1,0,0,0,0,0,1,0,1,0,1,1,1,0,1,0,0,0,1,0,0,1,1,1,1,1,1,-0.062366285,-0.013651845,-1.704329098,-0.026297565,-0.443402225,-0.067259264,-0.91649983,-0.551404711,-0.952753728,-0.031222587,-0.032137747,-0.128711017,-0.269655489,-0.069660777,-0.163212177,-0.057396298,-0.078933183,-0.166402575,-3.670900469,-0.097026245,-0.059670549,-3.609663573,-0.050290741,-0.446593734,-0.034997027,-0.158182427,-0.344804093,-0.063207343,-0.044483891,-0.068276744,-0.902585325,-0.246089427,-0.17953827,-1.135843036,-0.387649593,-0.863886053,-0.271488768,-1.321231625,-0.412662223,-0.725919604,-10.08016489,-1.727957172,-0.80459813,-2.476549423,-0.649529083,-0.522895983,-1.166278196,-0.546505545,-0.408825246,-0.513880151,-0.692028517,-1.68185644,-1.073328049,-1.275680863,-6.293448047,-1.738996889,-1.675674233,-2.23662626,-1.568685886,-3.178808984,-5.054180864
1,1,1,0,0,0,1,0,0,0,0,0,1,0,1,0,1,1,0,1,0,0,1,1,1,1,0,1,1,0,0,0,0,1,1,0,1,0,0,0,1,0,0,1,0,1,1,1,0,0,0,0,1,0,0,0,1,1,0,0,0,1,0,0,1,1,0,1,0,1,0,1,0,1,0,1,0,0,1,0,1,0,0,1,0,0,0,1,1,1,1,1,1,0,1,0,0,0,1,0,-0.04053899,-0.100788879,-0.47893636,-0.192624846,-0.381838023,-0.035841005,-0.032429765,-0.039200383,-0.043704937,-0.099892011,-0.152340598,-0.444729525,-1.230301621,-0.847349595,-0.664512523,-0.75633735,-0.883107481,-0.237177725,-0.980469353,-0.103777128,-0.067017981,-0.06231449,-0.110186635,-0.066338818,-0.082844049,-0.118734186,-0.242862921,-1.658662617,-2.661890919,-5.095607857,-2.365357934,-10.8274269,-1.845758851,-1.517877228,-2.747858885,-5.556828562,-6.815224037,-1.704097621,-6.73504762,-5.410757277,-3.65060035,-5.871258211,-4.663320334,-0.905949783,-1.088958989,-7.709215977,-4.919816031,-4.39380789,-4.737019423,-7.982879856,-9.028038809,-7.02252026,-2.459256998,-7.619549727,-3.69018241,-8.597494444,-7.02329327,-18.4675526,-7.533196662,-2.931778463,-4.365756144
1,1,0,0,1,0,1,0,0,0,1,0,0,0,1,1,1,0,1,1,0,0,0,1,0,0,0,0,1,0,0,0,0,1,0,0,0,1,0,1,1,0,0,0,1,0,0,1,1,0,0,1,1,1,1,1,1,0,1,1,1,0,0,1,0,1,1,0,0,1,1,0,0,0,0,0,1,0,0,0,0,1,0,0,0,0,1,1,0,1,0,1,1,0,1,1,1,0,1,1,-0.182516537,-1.256616852,-0.157442629,-0.194045098,-0.039909965,-0.064982426,-0.218826413,-0.423847513,-1.677436013,-0.084508042,-0.063643608,-1.903618601,-0.08987871,-0.065783811,-7.607365242,-0.120079038,-0.082011532,-0.083125996,-0.131524363,-3.062407097,-2.542242108,-0.980704883,-0.655490738,-0.965693042,-2.696084894,-2.454294035,-1.175530122,-0.684745061,-0.481700804,-0.654229643,-0.962817546,-0.812418739,-1.435523364,-3.722865033,-3.372591662,-3.47658037,-4.642455102,-3.158043977,-2.174024238,-7.228009149,-8.473055548,-4.53621046,-2.834872479,-2.005372165,-1.691834206,-2.848663993,-7.559517536,-1.296192703,-0.699952779,-0.586655405,-0.438701165,-0.426023122,-0.674172628,-0.457026054,-0.871789615,-9.07098679,-2.506638362,-1.194117985,-0.731661735,-0.65111964,-0.623649496
1,0,1,1,1,1,0,0,1,1,1,0,0,0,0,0,0,0,1,1,0,1,1,0,1,0,0,1,0,1,0,1,1,1,0,1,0,0,0,0,1,0,1,0,0,0,0,1,1,1,0,1,1,1,0,1,0,1,0,0,0,0,1,1,1,1,1,1,0,0,0,1,0,1,0,1,0,1,0,0,0,0,1,1,0,0,1,0,1,1,0,1,1,0,0,1,1,0,1,1,-0.003123399,-0.003533466,-0.004296267,-0.005299032,-0.006687918,-0.00719286,-0.010035127,-0.012236704,-0.015123784,-0.017831633,-0.021116375,-0.02425498,-0.027572386,-0.027950139,-0.033225394,-0.038784135,-0.049518211,-0.04557609,-0.056091316,-0.080388909,-0.062319277,-0.086261227,-0.078269764,-0.08238684,-0.095051696,-0.074588794,-0.098460797,-0.110776359,-0.118626683,-0.128596162,-0.137861849,-0.144416641,-0.149886566,-0.153158762,-0.158849887,-0.161714339,-0.169561009,-0.174750424,-0.121546037,-0.116875263,-0.11905868,-0.120235315,-0.117203675,-0.119672106,-0.134551302,-0.124229875,-0.120229453,-0.126349762,-0.131061859,-0.1427414,-0.154287315,-0.199237077,-0.185198776,-0.187079263,-0.197998421,-0.210308048,-0.241703418,-0.261452686,-0.288297043,-0.310657001,-0.312832906
1,0,0,0,1,0,0,0,0,1,0,1,0,0,1,0,1,0,0,0,0,0,1,0,1,1,0,0,0,1,0,0,1,0,1,1,0,0,1,1,0,1,1,1,1,1,0,0,0,0,1,1,0,0,0,0,0,0,0,0,1,0,1,1,1,0,0,0,0,0,0,1,0,0,1,1,1,0,0,1,1,1,0,1,0,0,0,0,0,0,1,1,1,1,1,0,0,1,0,1,-0.006139412,-0.007045569,-0.008234899,-0.009402347,-0.01086253,-0.014034036,-0.013983144,-0.015857072,-0.017655914,-0.02048958,-0.023083599,-0.025685958,-0.028274242,-0.030334664,-0.032721375,-0.036761266,-0.043377655,-0.056721561,-0.060504379,-0.070561156,-0.090952281,-0.115299783,-0.149016729,-0.18771798,-0.236545532,-0.307744472,-0.411797688,-0.48649006,-0.700821766,-0.919912787,-1.256928034,-1.657295416,-1.705103757,-1.496793101,-1.340191643,-1.143610535,-0.862226975,-0.721292627,-0.637701581,-0.544576466,-0.495255171,-0.455226479,-0.454423359,-0.460408303,-0.449877217,-0.460549761,-0.469249483,-0.464417481,-0.479962766,-0.491836279,-0.497762748,-0.515401128,-0.53614025,-0.576848902,-0.67241112,-0.717744766,-0.80162692,-0.899146308,-1.113169637,-1.280165133,-1.765338522
0,0,0,0,1,0,1,1,0,0,0,1,0,1,1,0,0,1,0,1,1,1,0,0,0,1,0,0,0,0,1,1,0,0,1,0,1,1,1,1,1,1,1,0,1,0,0,1,1,0,0,1,0,0,0,1,1,1,1,1,0,1,0,1,0,1,1,0,0,0,1,1,1,1,1,0,0,0,1,1,0,1,1,0,0,1,0,1,0,1,1,1,1,0,1,1,0,1,1,0,-0.235067583,-0.146300684,-0.035733017,-0.039121257,-0.079584876,-0.098481286,-0.293636075,-0.150373348,-0.032241806,-0.039065201,-0.067693859,-5.107637938,-0.077743776,-0.050815037,-0.066520221,-0.17244638,-1.347616627,-0.497201018,-6.705485593,-1.53107853,-2.601545345,-0.455953275,-0.262656729,-0.214673184,-0.191468083,-0.213916481,-0.502512618,-0.209113338,-0.196464749,-0.234209153,-0.319770672,-2.247319443,-6.060927972,-3.146941453,-4.64989825,-2.193548664,-1.080730051,-1.120686814,-4.567241064,-1.809313796,-2.068763799,-2.107339665,-1.915336684,-8.283417857,-3.224439457,-1.315870087,-0.989452697,-1.205929417,-1.078286324,-1.655642153,-3.94414824,-5.227174167,-4.304162189,-3.632846578,-2.16538592,-1.629223455,-2.944209267,-4.012243615,-2.285848893,-1.791890672,-1.767946758
0,1,1,1,1,1,1,0,1,0,0,0,0,1,0,0,1,1,0,0,0,0,1,1,0,0,0,0,1,0,0,1,1,0,1,1,0,1,0,1,0,0,0,0,0,1,0,1,1,0,0,1,0,0,0,1,1,1,1,1,1,0,0,0,1,1,1,1,1,1,1,1,1,1,0,0,1,1,0,0,1,1,1,1,0,0,1,1,0,0,1,0,0,1,1,0,1,0,1,0,-0.024216203,-0.031281206,-0.020015009,-0.048281417,-0.081553753,-0.070309139,-0.139057408,-0.378834014,-1.525690491,-0.817932651,-0.586431107,-3.373927559,-0.207825574,-0.096158877,-0.061960184,-1.118147527,-0.218757867,-0.20395211,-0.147896576,-0.193409837,-0.45632213,-0.483207766,-0.065249856,-0.096970875,-3.765389253,-0.187728893,-0.145572583,-0.362353975,-4.815375248,-1.859175697,-0.599780906,-0.192583859,-0.288629293,-0.201349631,-0.217945857,-0.190283479,-0.264890887,-0.237454756,-0.266982226,-0.272911798,-0.277285613,-0.317182982,-0.32422948,-0.342422245,-0.531125848,-0.409158126,-0.407600602,-0.442140381,-0.457415399,-0.463705331,-0.61567094,-0.577092826,-0.516860358,-0.567685469,-0.575165731,-0.608226553,-0.690194324,-0.785542619,-0.790449593,-0.772088746,-0.847042051
0,0,1,0,1,1,1,1,0,0,1,0,0,1,1,0,0,0,0,0,0,0,0,0,1,0,1,0,0,1,0,0,1,0,1,1,0,1,0,0,0,0,1,1,1,1,0,0,1,0,0,0,1,0,0,1,1,0,0,0,0,1,0,0,1,0,1,0,0,1,1,1,1,1,1,1,1,0,0,1,1,1,0,1,1,1,1,1,1,1,1,1,1,1,0,1,0,0,0,1,-0.00752572,-0.008994445,-0.010667311,-0.012520491,-0.014565902,-0.016791703,-0.019681109,-0.02242487,-0.14162773,-0.02917244,-0.033974427,-0.039274802,-0.045350806,-0.053562017,-0.063266281,-0.076186096,-0.094439229,-0.07864313,-0.150663381,-0.216071457,-0.294770343,-0.42576741,-0.567177136,-0.762750228,-0.875248048,-0.796278957,-0.711734957,-0.538351501,-0.408328126,-0.307592186,-0.241250932,-0.192830834,-0.159260298,-0.137591226,-0.126241176,-0.131092343,-0.124584891,-0.135739428,-0.159863911,-0.263216385,-0.263421437,-0.298868904,-0.343722627,-0.409821143,-0.40928957,-0.494798347,-0.50580296,-0.644443359,-0.811272712,-0.974539141,-1.28986164,-1.455052823,-1.616975719,-1.748911036,-2.334302459,-2.780559991,-2.689580278,-2.247502237,-2.030957559,-2.171089645,-1.93260664
1,0,0,0,0,1,0,0,0,1,1,1,1,1,1,1,0,1,0,1,1,1,0,0,0,0,1,1,0,0,0,1,0,1,0,0,1,0,0,1,0,0,1,0,1,1,1,0,1,0,0,1,0,1,0,1,1,1,1,0,1,0,0,1,1,1,1,0,0,0,1,0,0,0,1,1,0,0,1,0,0,0,0,1,0,1,0,1,0,1,1,0,0,1,0,1,0,0,0,1,-0.021068646,-0.021822783,-0.041321323,-0.092322228,-0.19608821,-0.173148046,-0.193958554,-0.044631578,-0.059486675,-0.127594959,-1.123945165,-0.599020423,-0.650887379,-0.191216447,-4.423879002,-0.127870407,-0.224991355,-0.150866466,-0.051233044,-0.091561544,-2.171773376,-0.857000766,-0.079104488,-0.144447322,-0.91710037,-0.114919305,-0.109519056,-1.990416623,-0.041494966,-0.058828842,-0.0635297,-0.073796481,-0.099164335,-0.116408764,-0.129860164,-2.282523829,-0.704766134,-0.637545714,-0.288113516,-0.357462769,-0.390259004,-1.472015463,-1.351868647,-0.687388723,-0.538873162,-0.49135089,-0.488901329,-0.482659345,-0.498390845,-0.501164606,-0.515071809,-0.774609688,-0.730101295,-0.624629629,-0.633894045,-0.658484871,-0.698810703,-0.751165491,-0.800629384,-0.776483609,-0.88334615
0,1,0,1,1,0,1,1,1,0,0,0,1,1,1,1,1,1,1,1,0,0,1,1,1,1,1,1,0,1,1,0,0,1,0,0,1,1,0,1,1,1,1,1,0,0,0,1,0,1,0,1,0,0,0,1,1,1,0,0,0,1,0,1,1,1,0,0,1,0,1,1,1,1,1,1,1,0,1,1,0,0,1,1,1,0,1,0,0,1,1,0,0,0,1,0,0,1,1,0,-0.00297224,-0.003629618,-0.004320264,-0.005400317,-0.006136513,-0.007904105,-0.009855286,-0.012219771,-0.014997759,-0.017843406,-0.014788383,-0.023848316,-0.026523265,-0.029364172,-0.031590156,-0.037202776,-0.042475987,-0.048839044,-0.053723061,-0.060511205,-0.066078234,-0.070355907,-0.078128545,-0.082622243,-0.089554493,-0.100396012,-0.112625696,-0.108304651,-0.119831813,-0.13070078,-0.145871607,-0.132118156,-0.1421703,-0.146737737,-0.149195878,-0.150413433,-0.150991174,-0.148501931,-0.14325504,-0.140470887,-0.13682713,-0.13655298,-0.130534043,-0.128140532,-0.126334141,-0.137113932,-0.133065957,-0.133631665,-0.137621976,-0.135051709,-0.133608971,-0.13644516,-0.142753951,-0.15719847,-0.19510973,-0.243638385,-0.26766648,-0.258170032,-0.304240228,-0.330655788,-0.359482594
1,1,0,1,0,1,0,1,0,0,0,0,0,1,0,1,0,1,0,0,1,0,1,0,1,1,1,1,0,0,0,1,0,1,0,1,0,0,1,1,0,0,0,1,0,1,0,0,1,0,1,1,0,0,0,0,1,0,1,0,0,1,1,0,1,0,0,0,0,1,0,1,0,0,1,0,1,1,0,0,1,0,1,0,1,1,0,1,0,0,1,0,0,1,0,1,1,1,0,0,-0.007412308,-0.013006607,-0.010707935,-0.012586134,-0.01501442,-0.017634533,-0.020800956,-0.024635521,-0.029888723,-0.033762528,-0.045982059,-0.059475177,-0.079289105,-0.112694997,-0.157776896,-0.230746676,-0.332884087,-0.376038929,-0.542746811,-0.611674385,-0.529249834,-0.458744808,-0.377556,-0.331701062,-0.250011579,-0.228656572,-0.192618078,-0.262708732,-0.141361692,-0.164504333,-0.116502423,-0.125560254,-0.115936242,-0.110908027,-0.117374327,-0.12918012,-0.150456566,-0.176343122,-0.196172811,-0.236273968,-0.284802494,-0.362154015,-0.5196007,-0.838310837,-1.186449003,-1.794700306,-2.220280315,-3.341142385,-2.68870344,-1.958895024,-1.550272997,-1.363089151,-1.271546916,-1.111416424,-1.019292324,-1.034707794,-1.094174525,-1.408556223,-1.841200613,-2.436378345,-3.349328305
1,1,0,0,1,0,1,0,1,0,1,1,0,1,1,0,1,0,0,1,0,0,1,0,0,0,1,0,0,0,1,0,1,0,1,1,1,0,0,1,0,0,0,1,0,0,0,0,1,1,1,0,0,1,1,0,0,0,1,0,0,0,1,0,0,0,0,0,1,1,1,0,1,0,0,1,1,1,0,0,0,1,0,1,1,1,0,1,0,1,1,0,1,1,0,1,0,1,1,1,-0.041907565,-0.009025205,-0.012434492,-0.031516677,-0.260772978,-0.346670445,-0.040815423,-0.04382323,-0.06236564,-0.874388456,-0.460479615,-0.322823525,-0.081153016,-0.060979267,-0.291543779,-0.409279308,-2.462648097,-0.159799935,-0.071685594,-0.064292189,-0.151411507,-0.226236178,-2.5544392,-0.999851094,-0.592590534,-0.346354193,-0.312956679,-0.786722617,-0.400565497,-0.699710083,-2.02341381,-4.16179214,-0.552469355,-0.246182062,-1.335681863,-0.243828599,-0.191224344,-0.209750977,-0.268508428,-0.221599755,-0.235936016,-0.301781139,-0.446526607,-0.870170961,-3.30932008,-8.806351047,-13.06331851,-3.67464114,-5.218581277,-2.451158874,-9.432594824,-2.457017507,-1.059721665,-1.000730343,-1.312196554,-3.498839909,-6.740728086,-2.187198997,-2.262543485,-3.267989292,-5.742153976
1,0,0,1,1,1,0,0,1,1,0,0,1,1,0,1,0,1,1,0,0,1,0,1,0,1,1,1,0,0,0,1,0,0,0,0,1,0,0,1,1,1,1,1,1,1,1,0,1,1,1,1,0,1,1,0,0,0,0,0,0,0,1,1,0,0,1,0,1,1,1,1,1,1,1,0,1,0,0,1,1,1,1,1,1,0,0,0,0,1,1,1,0,1,0,0,0,0,1,1,-0.002894287,-0.003525115,-0.004264107,-0.005231894,-0.006498297,-0.010071561,-0.009926968,-0.012385628,-0.015466525,-0.017749028,-0.021048033,-0.024068295,-0.026931661,-0.030062507,-0.033236115,-0.038371531,-0.044300073,-0.051505709,-0.048463764,-0.058998233,-0.065722115,-0.072552065,-0.077329189,-0.083546375,-0.091308337,-0.092581849,-0.098941753,-0.114754829,-0.124905915,-0.135693264,-0.136600787,-0.145116232,-0.15246934,-0.145600792,-0.158888376,-0.161376207,-0.151329496,-0.151719839,-0.144389392,-0.14211736,-0.140981303,-0.138872695,-0.138776972,-0.141954596,-0.132855093,-0.140024077,-0.150690282,-0.164019069,-0.172346168,-0.185825888,-0.23098821,-0.241159836,-0.165683445,-0.163807852,-0.187408128,-0.222820481,-0.254708136,-0.215684575,-0.249102012,-0.258660252,-0.305617664
0,0,0,1,0,0,1,1,0,0,0,0,1,1,0,0,0,1,1,1,0,1,1,0,0,1,1,1,1,0,0,1,0,0,1,0,1,1,1,0,1,1,0,1,1,0,1,0,1,0,0,0,0,1,0,0,0,1,0,1,1,1,1,0,0,1,1,1,1,1,0,1,0,1,1,1,0,1,1,1,1,0,1,0,1,0,0,0,0,1,1,1,0,1,0,0,1,1,0,0,-0.010050816,-0.015366014,-0.015058794,-0.007911658,-0.007743769,-0.008320969,-0.010321918,-0.073200376,-0.016100231,-0.015779957,-0.019906983,-0.14108304,-0.019465129,-0.021767142,-0.034164243,-0.046367291,-2.705085807,-0.040711975,-0.037664217,-0.021947715,-0.016397879,-0.016440478,-0.026579481,-0.023911385,-0.04209898,-0.33626748,-0.242472342,-0.129477897,-0.531143414,-0.345756959,-0.373055697,-5.57922933,-0.415714595,-0.657493605,-1.803216721,-1.132309259,-1.765028746,-2.592209499,-4.20287835,-4.081038504,-5.003795266,-1.45060667,-5.11971116,-1.613682464,-0.845653257,-0.537453122,-0.44005387,-0.400770605,-0.383553484,-0.426684268,-0.698968882,-0.781781331,-0.93446997,-3.36058315,-5.827729285,-4.197458047,-0.857452261,-0.635997503,-0.766757635,-1.898500703,-1.487143128
0,0,1,1,1,0,1,1,1,1,1,0,1,0,0,0,0,0,0,0,1,1,0,0,1,0,1,1,0,1,1,0,0,0,0,1,1,0,0,0,1,1,0,0,1,0,1,0,0,1,0,1,1,1,1,0,0,1,0,1,1,1,1,1,1,1,0,1,1,0,1,0,1,1,1,1,1,1,0,0,1,1,1,1,0,0,0,0,1,1,1,1,1,1,0,0,1,1,0,1,-0.002978313,-0.003515395,-0.004175535,-0.005048143,-0.006365973,-0.007944591,-0.009994221,-0.01217321,-0.014895866,-0.01829395,-0.019286152,-0.023556241,-0.026789668,-0.030516257,-0.034818386,-0.039717271,-0.070477855,-0.038056658,-0.049719591,-0.057194026,-0.064172592,-0.065208554,-0.07370601,-0.080105292,-0.08861249,-0.090308273,-0.099967515,-0.11487783,-0.119040631,-0.12308861,-0.138035612,-0.144742059,-0.148373396,-0.149389488,-0.153666992,-0.152829111,-0.152332205,-0.146805586,-0.143954765,-0.138344437,-0.130305907,-0.134986541,-0.125742945,-0.155391659,-0.131723366,-0.133562432,-0.134825761,-0.143723368,-0.147974691,-0.162783628,-0.182346229,-0.172297847,-0.186945867,-0.185708146,-0.184284443,-0.221897975,-0.244866447,-0.229722384,-0.279084833,-0.363663907,-0.421849234
1,0,0,0,1,0,1,0,0,1,1,1,1,1,0,1,1,0,0,0,1,0,1,0,0,1,0,0,0,1,0,0,0,0,0,1,1,1,0,1,1,0,1,0,1,0,0,0,0,0,0,1,1,1,1,1,1,0,0,0,1,1,0,0,1,0,0,1,0,0,1,1,0,1,0,0,0,1,0,0,1,1,1,0,0,0,1,1,1,0,0,0,1,1,1,0,1,1,0,1,-0.043104486,-0.028429393,-0.855501218,-0.118324389,-0.133518471,-0.046363772,-0.019182129,-0.021979745,-0.038274041,-0.029341729,-2.821655644,-0.173553301,-0.157324911,-0.204931254,-2.195179062,-0.923008407,-1.727032303,-0.554523508,-0.590015222,-1.074008454,-0.821465434,-1.392456699,-0.853722731,-1.045400422,-0.293994457,-1.30752228,-0.285879279,-0.256695565,-2.810260031,-0.165747043,-0.33048636,-1.698276628,-3.683732395,-16.1122214,-3.159347128,-0.974233219,-0.683704443,-0.671404053,-8.13190159,-0.490965507,-0.476665373,-0.46355557,-0.527168898,-0.565246552,-1.473287543,-1.401785253,-1.093870092,-1.454127508,-2.70540837,-3.403914866,-2.866949754,-6.176567151,-3.8895725,-2.409605288,-1.844812017,-1.664389007,-1.691870538,-1.727359871,-2.541266857,-3.22886986,-5.044247427
0,1,1,0,0,1,0,0,1,1,0,1,0,1,0,0,1,1,0,0,1,0,1,0,0,0,0,0,1,1,1,1,0,1,1,0,1,0,1,0,1,1,0,0,1,0,1,1,0,0,0,1,1,1,0,1,0,1,1,0,1,0,1,1,0,0,1,0,1,0,1,1,1,1,1,0,0,0,1,0,1,1,1,0,1,1,0,0,1,0,1,1,0,0,0,1,1,1,0,1,-0.019533733,-0.569876463,-0.083990267,-0.054118325,-0.030417614,-0.039094156,-0.080883609,-1.892404132,-0.043010971,-0.031137598,-0.042508422,-0.050191873,-0.17980471,-1.454612831,-0.124951698,-0.150865236,-0.429122891,-0.660935445,-0.750947075,-1.644010383,-5.85442383,-0.694071915,-0.286448058,-0.183843379,-0.511934881,-4.27239542,-1.071304644,-1.071827748,-2.401685278,-2.525519531,-1.381979076,-1.531494205,-3.993559925,-1.205419795,-4.178160367,-1.297218939,-0.739619913,-0.952727402,-2.604925498,-2.622530796,-1.282341781,-3.608557809,-2.873392943,-4.299241552,-2.789582661,-1.22462672,-0.851456097,-1.461652744,-8.722176773,-2.49480153,-3.354222195,-13.35353158,-2.471027476,-3.017037491,-8.126352423,-14.19192032,-6.230295315,-7.320962629,-11.44558005,-11.17492072,-4.401382803
1,0,0,1,0,0,1,0,1,0,0,1,1,0,0,1,1,1,1,0,1,1,1,1,1,0,0,0,0,1,1,0,0,0,1,1,1,0,0,1,1,0,1,0,1,0,0,0,0,0,1,0,1,0,0,1,0,1,1,1,1,1,1,1,0,0,0,0,0,0,1,1,0,1,1,1,0,0,0,0,1,1,0,1,1,0,1,0,0,0,1,0,0,0,1,1,0,1,0,0,-0.002978787,-0.003508121,-0.004257447,-0.00526439,-0.006379267,-0.008315933,-0.009878276,-0.012265449,-0.014711343,-0.017954339,-0.021210759,-0.024052787,-0.027849091,-0.028107587,-0.032499904,-0.035736557,-0.041534264,-0.047680921,-0.057425334,-0.054113533,-0.064927138,-0.071460321,-0.07681922,-0.07643745,-0.086067906,-0.091381774,-0.097566192,-0.109644163,-0.119296264,-0.128779493,-0.138181736,-0.143026885,-0.149877815,-0.152547772,-0.153212087,-0.150654922,-0.151167535,-0.148602279,-0.143305191,-0.132074706,-0.132578446,-0.13122332,-0.122403983,-0.125991408,-0.13176354,-0.131155665,-0.124136553,-0.129591119,-0.137893322,-0.147576986,-0.157421702,-0.156537699,-0.146320114,-0.164555017,-0.210400376,-0.253936949,-0.273210697,-0.289896955,-0.310331527,-0.340571232,-0.362312194
0,1,1,0,0,1,0,1,1,0,1,1,1,1,0,1,0,0,0,1,0,1,1,1,0,1,1,0,0,1,0,0,0,0,0,1,0,1,1,0,0,1,1,1,1,0,0,1,1,0,0,1,1,1,0,1,0,0,0,1,1,1,1,1,0,1,1,0,0,1,1,0,1,0,1,1,0,0,0,1,0,0,0,1,0,1,1,0,1,1,1,0,1,1,1,1,1,1,0,0,-0.011198256,-0.013484416,-0.016734966,-0.019650624,-0.028580106,-0.040033433,-0.058040795,-0.116551698,-0.191623618,-0.226890564,-0.130587679,-0.095357469,-0.090979984,-0.151728036,-0.415195657,-1.168484176,-0.111424168,-0.067950713,-0.082309396,-0.154860271,-0.449829309,-1.428367764,-0.932669528,-0.336104461,-0.207726222,-0.297644974,-3.082810913,-0.922438628,-0.253608696,-0.148298827,-0.110372872,-0.089948548,-0.085366229,-0.162789216,-0.162793511,-0.085274248,-0.100953025,-0.148763586,-0.266549044,-0.923222898,-6.063808065,-0.992206269,-0.426607119,-0.310272995,-0.273160725,-0.270985664,-0.321706857,-0.522633315,-1.477121506,-5.821929209,-1.275889893,-0.778077361,-0.638926247,-0.589445184,-0.567182026,-0.552408879,-0.551324222,-0.560833702,-0.583233138,-0.644364881,-0.729547443
1,1,0,1,1,1,1,1,0,1,0,0,1,1,0,0,0,0,0,0,0,1,1,1,0,1,1,0,1,1,1,1,1,1,1,0,0,1,0,0,1,1,0,0,1,0,0,1,0,0,0,1,0,1,0,1,0,1,0,1,1,0,0,0,0,1,1,0,0,1,1,1,1,0,0,0,1,0,1,1,1,0,0,1,1,1,1,1,0,1,0,1,1,0,1,0,0,0,0,0,-0.191967983,-0.086834298,-0.025729147,-0.018545876,-0.019532823,-0.041079234,-1.197464735,-0.025322062,-0.103378245,-0.191541916,-0.079280104,-0.201265507,-0.617589097,-0.330469123,-0.16524442,-0.065455915,-0.053488931,-0.050740513,-0.059471446,-0.102947272,-0.631122406,-0.680593814,-2.358098596,-1.153197373,-0.274107356,-0.214803424,-11.90404501,-0.574481634,-0.573722312,-1.424544046,-3.433757597,-2.396359015,-0.991548569,-0.850896527,-0.495740023,-0.598728181,-2.088927547,-6.245453442,-0.831530328,-0.534730901,-0.662853877,-1.307689712,-6.249674074,-6.183439099,-1.968179752,-1.689531465,-1.08913884,-1.060881793,-0.956279636,-0.839077338,-1.288978547,-0.945559005,-1.012797729,-1.15990298,-1.318164468,-1.554427598,-1.975179322,-2.347383915,-3.460949065,-4.038753788,-5.594053625
0,1,0,0,0,1,1,0,1,1,1,1,0,0,1,0,1,0,1,1,1,0,0,0,1,1,0,0,1,0,0,0,1,1,1,0,0,0,1,0,1,1,0,0,1,1,1,1,1,0,0,0,0,1,0,1,0,0,0,0,0,0,0,0,1,1,1,0,1,1,0,1,0,1,0,1,0,1,0,1,0,1,0,1,0,1,0,1,1,1,1,0,0,0,1,1,0,0,1,1,-0.002664985,-0.003585534,-0.004065144,-0.005231315,-0.006569593,-0.008311696,-0.010056641,-0.011834131,-0.014768791,-0.01817092,-0.019540059,-0.024296602,-0.026396922,-0.028935993,-0.031237258,-0.036974641,-0.041055356,-0.048056307,-0.051884936,-0.059652801,-0.065338137,-0.071712748,-0.074727618,-0.083988611,-0.088211382,-0.0949128,-0.091068559,-0.110034913,-0.118133259,-0.128148323,-0.128734121,-0.139593084,-0.142844733,-0.147504162,-0.151994168,-0.157868606,-0.153406107,-0.150139153,-0.13954754,-0.138595884,-0.130790716,-0.126602388,-0.121396704,-0.118596104,-0.130668155,-0.118038937,-0.128349921,-0.143083154,-0.152166409,-0.167203061,-0.186922707,-0.152076013,-0.16302592,-0.190692352,-0.190321311,-0.206655336,-0.226695425,-0.247348007,-0.28157417,-0.322363301,-0.453125462
1,0,1,1,0,1,0,0,1,1,1,1,1,0,0,0,1,1,0,0,1,0,1,1,1,0,1,0,0,1,0,1,1,0,0,1,0,0,0,0,1,1,1,0,1,1,1,1,0,0,0,0,0,1,1,0,0,1,0,0,0,1,1,1,0,0,1,1,0,1,0,0,1,1,1,1,1,1,1,1,1,0,0,1,0,1,1,1,1,0,0,1,0,0,1,1,1,1,0,0,-0.002833152,-0.0034865,-0.004239358,-0.00521369,-0.006447835,-0.008054205,-0.01014934,-0.012849101,-0.032094171,-0.017820336,-0.021548592,-0.022012002,-0.025879577,-0.028996952,-0.03269678,-0.03734189,-0.040342973,-0.047829259,-0.051047985,-0.077412987,-0.061646623,-0.06985085,-0.079699248,-0.077344553,-0.088792137,-0.098590488,-0.112873359,-0.117001381,-0.146820732,-0.110731956,-0.132219738,-0.140503569,-0.146878272,-0.151740816,-0.182237655,-0.151743574,-0.150102456,-0.151481495,-0.151056459,-0.138908374,-0.131414794,-0.129994633,-0.129624232,-0.122953076,-0.130047465,-0.131729613,-0.142325092,-0.134499492,-0.14346723,-0.15207793,-0.161489463,-0.168592925,-0.151979681,-0.179590896,-0.188033813,-0.183010472,-0.242656893,-0.260581871,-0.303926744,-0.319559142,-0.336975232
0,1,1,0,1,0,1,1,0,0,1,1,0,0,0,0,0,1,1,1,1,0,0,1,0,1,1,1,1,1,1,0,1,1,1,1,1,1,0,1,0,0,0,0,1,1,0,1,1,0,0,1,1,0,1,1,1,1,0,0,0,1,1,0,1,0,0,1,1,1,0,0,0,1,0,1,0,0,1,1,0,0,0,0,1,1,1,1,0,1,1,1,0,1,1,0,0,1,1,1,-0.002963105,-0.003509242,-0.003998181,-0.005301418,-0.006546867,-0.008250959,-0.009698688,-0.012406809,-0.015763368,-0.015583165,-0.020566923,-0.023544021,-0.026876042,-0.029398879,-0.032733076,-0.03772513,-0.04307159,-0.048420059,-0.055645605,-0.062058069,-0.068716053,-0.075937095,-0.075587925,-0.083726116,-0.090552105,-0.099608618,-0.105911427,-0.085737094,-0.115984793,-0.130886012,-0.140204657,-0.146757652,-0.149723616,-0.148224278,-0.155817479,-0.153247425,-0.156405502,-0.152896285,-0.148268132,-0.135937243,-0.132217236,-0.129989722,-0.127879568,-0.127233747,-0.12812421,-0.131213514,-0.133444564,-0.139471852,-0.143009431,-0.150964195,-0.161639691,-0.175288404,-0.191878662,-0.2228311,-0.239861924,-0.254169181,-0.214361466,-0.273646224,-0.300426024,-0.338725439,-0.386147145
0,1,0,1,1,0,0,1,0,1,0,0,0,1,1,0,1,1,1,0,0,0,0,0,0,0,1,0,0,0,1,0,1,0,0,1,0,0,1,0,0,0,0,0,1,1,1,0,0,0,1,1,0,0,0,0,1,1,0,1,1,0,1,1,1,1,0,0,0,1,1,1,1,1,0,1,1,1,0,0,0,0,0,1,0,0,1,0,0,1,1,0,1,1,0,0,0,0,0,0,-0.159439391,-0.094228625,-0.070984288,-0.07953094,-0.069225827,-0.256826152,-0.335020766,-0.154677824,-0.218116305,-0.249207003,-0.123458011,-0.114684643,-0.154425116,-0.316409528,-0.195307925,-2.756979709,-0.169746409,-0.176551068,-0.435814846,-4.167025276,-0.536402091,-2.137687239,-0.381127928,-0.294929868,-0.219203881,-0.345126879,-2.420957104,-0.831296877,-0.498060903,-1.91322814,-1.883807633,-4.74801191,-4.145498805,-2.380099961,-9.530058213,-9.086295405,-5.325147964,-1.558282209,-1.209826819,-1.212575995,-1.556977824,-2.657142705,-6.522215891,-5.315706263,-1.956495726,-1.068849465,-1.007655055,-0.827759106,-1.279574039,-3.601006749,-0.72561092,-0.61194989,-0.860088516,-0.544295748,-0.569108544,-0.948544261,-0.585133339,-0.562949694,-0.602206416,-0.681244758,-0.857317837
1,0,1,1,1,1,0,0,1,1,1,0,1,0,0,1,1,1,0,0,0,1,0,0,1,1,0,1,1,1,0,0,0,0,0,0,1,0,1,1,1,1,1,0,0,1,0,1,0,0,0,1,0,0,1,1,0,0,1,0,1,1,0,0,0,1,0,1,1,0,0,1,0,1,1,1,0,0,1,1,0,0,1,0,0,1,0,1,0,0,1,1,1,0,1,1,1,0,1,1,-0.026429993,-0.053865219,-0.095438616,-0.182006738,-0.11387728,-0.097924204,-0.146577261,-0.36478814,-0.694761165,-0.660341317,-2.222300954,-0.392346919,-0.144756765,-0.101534746,-0.095003102,-0.132153813,-4.87285293,-0.932883512,-0.395496086,-0.208912418,-0.38062936,-1.838097019,-0.554148948,-1.083257273,-3.145561058,-0.500236123,-0.323713908,-1.242402688,-2.39756354,-0.21961174,-0.217803144,-0.716880704,-1.546777533,-0.575157111,-0.331769708,-0.444960799,-1.175939198,-10.15580889,-1.755343317,-0.82642205,-0.821985418,-2.084260538,-5.203810841,-0.680739946,-0.4782089,-3.661685509,-5.505386856,-0.705691759,-0.932691138,-1.220744615,-1.083928479,-6.913934937,-1.23467065,-0.944164017,-3.108478864,-1.170071084,-0.733269156,-0.670544752,-0.641867849,-0.616135664,-0.644880811
0,1,0,0,1,0,1,0,1,1,1,0,0,1,1,1,1,1,0,0,1,1,1,1,1,0,0,0,1,1,0,0,0,0,1,1,1,1,0,0,0,1,0,0,0,0,1,1,0,1,0,0,0,1,1,1,0,0,1,0,0,1,0,1,1,0,0,0,0,1,1,0,1,1,1,1,1,1,0,1,0,1,1,0,0,0,1,0,1,1,0,0,0,0,0,1,0,0,0,1,-2.339776464,-0.025991649,-0.040275765,-0.013380575,-0.016165674,-0.029204785,-0.085836617,-0.509261866,-0.362437788,-8.176020864,-0.688781249,-0.138303409,-1.302499562,-0.13046027,-0.064610272,-0.085780218,-0.104529189,-0.525701219,-0.763527213,-0.37553002,-0.203748802,-0.078306823,-4.846959993,-0.235317181,-0.255111485,-2.380936694,-0.263659482,-0.626418594,-2.964917157,-3.102959346,-1.854502801,-3.605778541,-0.257037487,-0.111862677,-0.106730995,-0.085070987,-0.092915871,-0.146978694,-0.925378531,-1.16784171,-3.387804884,-0.222885379,-0.550991706,-0.283643372,-0.297508211,-1.201885205,-0.447372011,-1.431277673,-1.184002284,-4.696458155,-9.084785995,-1.613118229,-2.536955224,-3.45149929,-1.56115131,-1.228619583,-1.310410614,-2.049391914,-4.444521858,-5.038263778,-3.042208799
1,1,0,0,1,1,1,1,1,1,1,1,1,0,1,1,1,1,1,1,1,1,1,1,1,1,1,0,1,0,1,1,1,1,0,1,1,1,0,0,0,0,0,1,0,0,1,0,0,1,0,0,0,1,1,0,0,1,1,0,0,0,1,1,0,1,1,0,1,0,0,0,1,1,0,1,0,1,1,1,1,0,0,0,0,1,0,0,0,1,1,1,1,1,1,0,0,1,1,0,-0.003025943,-0.003422509,-0.00427191,-0.005307742,-0.006644921,-0.008733753,-0.013475884,-0.011223246,-0.014552128,-0.018135578,-0.034518384,-0.021806233,-0.031656994,-0.02781841,-0.032716644,-0.037006268,-0.042304858,-0.048365094,-0.054931274,-0.093467034,-0.067247148,-0.075529202,-0.072552105,-0.08097875,-0.088468189,-0.096309387,-0.106039266,-0.121435348,-0.099355021,-0.120832743,-0.138045539,-0.139184765,-0.155217588,-0.150878852,-0.152030168,-0.156171894,-0.156303686,-0.154238051,-0.152918696,-0.149536042,-0.120685349,-0.133376745,-0.120497717,-0.118524377,-0.120736038,-0.125297364,-0.125038949,-0.124683914,-0.145637502,-0.149529322,-0.16029253,-0.171530799,-0.205791073,-0.203106063,-0.216400634,-0.22098001,-0.231453245,-0.283817429,-0.322036212,-0.390815802,-0.368416953
1,0,1,0,0,0,0,1,1,0,0,1,0,1,1,0,0,0,0,1,0,0,1,0,1,1,1,1,0,1,0,1,1,1,1,0,1,1,1,1,0,0,1,0,0,1,1,0,1,0,0,1,1,0,1,0,0,1,0,0,1,0,0,0,1,0,1,0,0,1,1,1,1,1,0,0,0,0,1,1,0,0,0,0,1,0,1,1,0,0,1,1,0,1,0,0,1,0,1,0,-0.0300093,-0.022825179,-0.144900461,-0.080361191,-0.117576408,-0.030143968,-0.032488435,-0.02976663,-0.070867713,-0.434810787,-1.750086448,-0.703162827,-0.301829069,-0.034161673,-0.046149073,-0.069921421,-5.546259906,-0.18402377,-0.130042057,-0.198119878,-0.453874199,-2.599983705,-2.059961831,-0.972279181,-2.430814888,-1.33129295,-1.014975429,-0.892856457,-0.909003984,-0.377279327,-0.248823416,-0.184252198,-0.153199599,-0.145377613,-0.179726911,-0.486971628,-2.293486008,-1.168062984,-0.287480349,-0.234761533,-0.184146139,-0.262727942,-0.730135825,-5.583773045,-1.964716371,-0.554846078,-0.411696771,-0.491967112,-0.859729886,-1.765033385,-7.051323128,-10.31359432,-3.12789245,-1.554763447,-0.986829712,-0.764745397,-0.649327245,-0.46757023,-0.678966048,-0.50883896,-0.356407995
1,0,1,0,0,1,1,0,1,0,0,0,0,1,0,0,0,1,1,1,1,0,1,1,0,0,1,1,0,1,1,0,1,1,1,0,0,0,1,1,0,0,0,1,1,0,1,1,1,0,1,0,1,1,0,1,1,1,0,1,1,0,0,0,1,1,0,1,0,1,0,0,1,0,1,1,1,1,0,1,0,0,1,1,1,1,0,1,1,0,1,1,0,1,0,0,0,0,1,1,-0.173013923,-0.013861968,-0.009133956,-0.017772536,-0.02364918,-0.075942852,-0.024480871,-0.019927122,-0.03677097,-0.720227272,-0.056324636,-0.135012993,-0.338107774,-0.073355757,-0.089921226,-0.14720954,-0.346537024,-3.144246206,-4.235356369,-0.648364401,-0.448878697,-0.450736295,-1.587650582,-1.171712956,-0.602020095,-5.188321578,-0.803640694,-1.394827356,-0.633179949,-0.659045688,-1.139108163,-10.72508834,-1.074468502,-1.51529569,-1.071967344,-2.400182384,-3.790603946,-3.698671186,-12.34020253,-5.949542163,-1.782892952,-0.796990885,-0.594958384,-0.593277384,-0.601235688,-0.825236238,-0.594596086,-0.531816361,-0.698261464,-0.970946695,-1.216601993,-1.727050517,-3.806121221,-2.110991472,-2.258749009,-3.010866489,-1.768705516,-3.591569743,-1.48837469,-1.638082966,-3.224090072
1,0,0,1,0,0,0,1,1,1,1,1,0,0,0,1,0,1,0,0,0,0,1,0,0,0,1,0,1,1,1,0,1,1,0,0,1,0,1,1,1,0,0,1,1,1,1,0,0,0,0,1,0,0,1,1,0,0,1,0,0,1,1,0,0,0,0,0,0,0,1,1,0,0,0,1,1,0,1,1,1,0,1,1,1,1,1,0,1,0,0,0,1,0,1,0,0,1,0,1,-0.057043192,-0.520368603,-0.065217704,-0.032962701,-0.027408589,-0.025858708,-0.027444164,-0.140250995,-0.082444296,-0.085772224,-0.0989353,-0.117060995,-0.139385893,-0.164063166,-0.185709995,-0.206324799,-0.165319544,-0.172456773,-0.138990095,-0.1282309,-0.113416457,-0.112891056,-0.163950991,-0.676022564,-4.328743134,-0.69127319,-0.390082985,-0.328873565,-0.263985153,-0.275563292,-0.34092207,-0.44183532,-0.652312163,-1.021642689,-1.805057717,-2.601876947,-2.356835826,-1.677718229,-1.259478877,-1.101454593,-2.166747573,-0.681081692,-0.579435013,-0.912222352,-1.571296132,-2.997450227,-3.107419282,-2.01543635,-1.413589823,-1.164150851,-0.966511755,-0.983019177,-0.951996344,-0.952826531,-0.995277414,-1.179748806,-1.781235331,-4.735606616,-6.906193454,-1.614747949,-1.129229942
1,0,1,0,1,0,1,1,0,1,0,0,1,0,1,1,1,0,1,1,0,1,1,1,0,0,0,1,1,1,1,1,0,1,1,1,1,0,1,1,0,0,0,0,0,1,1,1,0,0,1,0,1,1,0,1,1,0,0,0,1,0,1,1,0,0,1,1,1,1,0,0,0,0,1,0,0,1,1,1,1,0,1,1,0,1,0,1,1,1,1,0,1,1,0,1,0,0,1,0,-0.043359573,-0.24752559,-0.029789869,-0.04789404,-0.539959478,-0.13720841,-0.060684798,-0.572240526,-0.0556683,-0.194791288,-0.066106239,-0.070310232,-0.147480238,-0.097175674,-0.113473561,-0.124700373,-0.172163323,-0.702636329,-0.17875294,-0.091471454,-0.952479956,-0.129376912,-0.144996151,-0.318344157,-5.183868089,-0.309643084,-0.696493357,-0.798652515,-0.870666155,-0.65958885,-0.518361359,-0.441808885,-0.542243786,-1.157220306,-3.4227307,-5.089756564,-0.69710828,-0.323039087,-0.257690033,-0.271178383,-0.361660891,-0.313863267,-0.366964598,-0.467628558,-0.554891726,-1.469286628,-2.093197571,-1.060762744,-0.898169713,-0.970953635,-2.455933844,-1.003389129,-0.708545786,-0.74270078,-0.800822469,-1.44899072,-1.696617882,-1.668937354,-1.95520014,-2.962981886,-6.21532726
0,0,0,1,1,0,1,1,1,1,0,0,1,0,1,1,0,1,0,0,0,1,1,0,1,1,0,0,1,1,0,0,0,0,1,1,0,1,0,0,1,1,0,0,0,1,1,1,1,0,1,1,1,0,0,0,1,1,1,0,0,0,0,0,0,0,0,0,1,0,1,0,1,1,0,1,1,1,0,1,1,1,0,0,0,0,1,1,0,0,0,0,1,0,1,0,0,1,0,1,-0.006755143,-0.007044639,-0.008423815,-0.005307125,-0.010619349,-0.012601319,-0.014773297,-0.017122092,-0.021335697,-0.022945526,-0.026141495,-0.029038306,-0.030824411,-0.031810431,-0.032854387,-0.029216515,-0.030198573,-0.030674138,-0.030368799,-0.031661005,-0.032714532,-0.034053552,-0.030759329,-0.033394121,-0.035076773,-0.037820847,-0.044370883,-0.049404315,-0.051294438,-0.051068831,-0.068663226,-0.078723092,-0.09466933,-0.116107069,-0.128690673,-0.12413383,-0.167013341,-0.186379496,-0.207390783,-0.230054389,-0.249446526,-0.274897027,-0.310770044,-0.314962058,-0.323001535,-0.36229995,-0.375598008,-0.389449935,-0.406047715,-0.422638287,-0.412179036,-0.493152602,-0.514637016,-0.547984964,-0.569050306,-0.572426115,-0.592352198,-0.660065944,-0.728450565,-0.826994703,-0.934527991
0,0,0,1,0,1,1,1,0,1,0,1,1,1,1,0,0,1,1,0,0,1,1,1,1,0,1,1,0,1,1,1,0,1,1,1,0,0,0,1,0,1,0,0,0,1,1,0,0,1,0,0,0,1,0,1,1,1,1,0,0,0,1,0,1,0,0,0,1,0,1,0,1,1,0,0,1,0,0,0,1,0,1,1,0,0,0,1,0,0,0,1,0,0,0,0,1,1,1,0,-0.223519123,-0.127444807,-0.324213671,-0.210102999,-0.277986442,-1.925357183,-0.186052681,-0.09917976,-0.809044699,-0.101678345,-0.072307087,-0.174114839,-0.233965963,-0.32778419,-0.12612152,-0.202781699,-0.135830001,-2.428590068,-0.330861185,-1.121109636,-2.405538647,-0.998910586,-0.389009745,-0.199978924,-0.177044261,-0.189889203,-0.339036452,-0.277721007,-0.381390485,-0.64621566,-1.4047874,-1.414615052,-3.985928708,-3.048556874,-2.543410995,-5.428258788,-2.949157078,-1.89192579,-13.97288523,-2.691966046,-1.072611238,-0.892533615,-0.711317057,-0.518244702,-0.36222458,-0.418301371,-0.345750611,-0.340862551,-0.328383463,-0.323105624,-0.370478874,-0.590654634,-0.973194522,-1.138608708,-2.212001005,-2.510494014,-0.830125105,-3.285833013,-5.297151586,-1.745192831,-1.159381868
0,0,0,0,0,1,0,1,0,0,1,1,1,1,0,0,0,0,1,1,0,1,1,1,1,1,1,0,0,1,0,0,1,1,0,0,0,1,0,0,1,0,0,1,0,0,0,0,0,1,0,0,0,1,0,0,0,1,0,0,0,0,1,1,0,1,0,1,0,0,1,1,0,0,1,1,0,0,1,1,0,1,1,0,0,0,0,1,0,1,1,1,0,0,0,1,1,1,0,1,-0.02911839,-0.044262551,-0.248182227,-0.178171338,-0.095350996,-0.102500468,-0.083230329,-0.049343817,-0.142306543,-0.432727673,-0.019799721,-0.033962621,-3.827877447,-0.173019018,-0.072025279,-0.052820197,-0.047026838,-0.044594507,-0.041958754,-0.071783476,-1.162169846,-0.0686557,-0.02865089,-0.0320225,-0.174777261,-0.29216226,-0.104692843,-0.567099465,-0.445808368,-7.628210126,-0.529163305,-8.234587025,-0.395242905,-0.724448078,-0.220246235,-0.774109203,-0.242223707,-0.432827892,-0.185008262,-0.62881586,-0.23388703,-0.321203262,-2.811065276,-2.302836762,-1.518259721,-0.559781336,-0.36846598,-0.469398316,-0.437398532,-0.544710208,-1.346110479,-15.03397161,-2.24516771,-0.98602632,-0.583191263,-0.482882611,-0.494655529,-0.426820529,-0.404723626,-0.400458446,-0.411634443
1,0,1,0,1,0,0,0,0,1,1,0,0,1,0,1,1,0,1,1,1,1,1,1,0,0,1,0,1,1,1,0,1,1,0,0,1,0,0,1,1,0,1,1,1,0,1,1,1,1,1,0,0,1,1,1,1,0,1,1,0,1,1,0,1,1,0,0,0,0,0,1,0,0,1,0,0,0,1,1,0,1,0,0,1,0,1,1,0,1,0,0,0,1,1,0,0,1,0,0,-0.041624415,-0.095656584,-0.28008669,-0.100166017,-0.022405268,-0.011988322,-0.011610649,-0.016929168,-0.027042024,-0.044463218,-0.09226357,-0.245764934,-0.484390464,-0.296760235,-0.152734813,-0.082371023,-0.053032999,-0.035706595,-0.024635883,-0.021538312,-0.045099016,-0.526844941,-0.876514997,-0.270467126,-0.20269106,-0.227908435,-0.206877849,-0.306546471,-0.533516339,-1.677949272,-7.823247965,-0.876877237,-0.761682007,-0.886816559,-1.065014884,-1.135343268,-1.064288518,-0.903354414,-0.779254108,-0.686708696,-0.662494854,-0.706484217,-4.556904106,-1.768212573,-1.333296882,-1.758576754,-2.288005583,-1.995259286,-1.460906291,-1.214606485,-1.303905617,-1.72015826,-2.548331227,-4.70807517,-7.086786789,-4.694762413,-2.733562596,-2.024486002,-2.0596623,-3.418601045,-7.051823612
1,0,0,0,1,1,1,0,0,1,0,1,0,0,1,0,0,0,0,0,1,1,0,0,0,0,0,1,0,0,0,0,0,1,1,1,0,1,0,1,1,1,0,1,1,0,0,1,0,0,0,0,0,0,1,0,1,1,0,1,1,0,0,0,0,1,1,1,1,0,1,1,1,0,1,1,1,0,0,0,1,0,0,0,0,0,1,1,1,1,0,0,0,0,0,1,0,1,1,0,-0.014575048,-0.151346593,-0.03653451,-0.045364928,-0.162111442,-0.089195251,-0.15325762,-0.252951761,-0.94780531,-0.204268767,-0.183104009,-0.163651491,-0.17701777,-0.165208551,-0.207772667,-0.565825959,-0.695915529,-0.415239023,-0.575511236,-0.760262521,-0.900880847,-0.97497552,-0.820925814,-0.700703931,-0.55669876,-0.452528249,-0.377944471,-0.327833921,-0.31127209,-0.617235329,-0.340335197,-0.304494353,-0.316279942,-0.638510631,-0.56632537,-2.375432969,-0.95984237,-6.173405254,-1.032038334,-1.185574292,-1.739700078,-3.187660657,-5.191471003,-2.034550269,-1.463200418,-0.872673357,-0.600207922,-0.472585522,-0.665475803,-1.232421981,-8.103333207,-2.796800472,-1.112256176,-0.678686825,-0.51208258,-0.440746831,-0.777858967,-0.655898388,-0.444458073,-0.402470939,-0.509839968
0,0,1,0,1,0,0,0,0,0,1,1,0,1,1,0,1,0,0,0,0,0,1,0,0,1,0,0,0,0,1,0,0,1,1,1,1,0,1,0,1,1,0,1,0,0,1,1,1,1,0,0,0,1,0,1,0,0,0,0,0,0,0,1,1,1,0,0,1,1,0,1,1,0,0,0,1,1,0,1,0,1,0,0,0,1,0,0,1,1,0,1,0,0,0,0,1,0,1,0,-0.014361701,-0.039061468,-0.013834483,-0.021641788,-0.053020725,-0.404532402,-0.172827413,-0.247055753,-0.537645278,-0.268376289,-0.353793106,-0.635490987,-2.337709481,-0.839633418,-0.224375774,-0.135494671,-0.386924753,-0.215278613,-0.159452348,-0.308192822,-1.773282743,-1.033802516,-1.256155623,-1.960789011,-1.587485728,-2.076738663,-9.347647144,-1.195177461,-3.830726865,-0.682302738,-4.688923332,-1.171219739,-1.076865872,-2.302952582,-0.55167043,-0.882626325,-3.698287652,-1.713979096,-3.059194814,-3.536892529,-1.497408868,-5.503373091,-1.32568251,-4.630433111,-2.227782157,-1.229519029,-2.897074972,-4.148062808,-1.577296802,-1.150885679,-2.466216832,-8.586271074,-7.481695167,-3.496801273,-5.679515164,-2.158769683,-1.956927609,-1.921240019,-3.148708736,-7.903056859,-12.49470313
0,0,0,1,0,1,1,0,0,1,0,0,0,1,1,1,0,1,0,0,1,1,0,1,0,0,1,1,0,0,0,0,0,0,1,0,1,1,0,1,1,1,0,0,0,1,1,0,0,0,0,0,0,1,1,0,0,0,1,1,0,1,0,0,1,1,1,1,1,1,1,1,1,1,1,1,0,0,0,1,0,0,0,0,1,1,0,0,1,0,1,0,0,1,1,1,0,0,1,0,-0.026110407,-0.055514321,-0.273996136,-0.242756059,-1.632834326,-0.208505125,-0.142094214,-0.20684786,-0.106115049,-0.084727352,-4.006680286,-0.190803221,-0.757302175,-1.966597089,-0.979322878,-3.251185881,-0.382132913,-0.192257819,-0.289402137,-1.697890748,-3.115348708,-2.950515531,-0.252630978,-0.328215325,-7.498751367,-0.708664457,-0.936324882,-0.764887069,-1.120152855,-1.852123187,-3.183116473,-1.843659316,-1.119257871,-1.709430853,-14.74537206,-6.253992957,-2.457280621,-2.255521933,-0.815604015,-0.541354414,-3.591266272,-0.562132743,-0.663783785,-0.410970278,-0.934616879,-3.314226349,-1.763429231,-1.738016664,-3.706831478,-0.534559421,-0.429875755,-2.908481599,-17.20399103,-2.232746834,-1.28595449,-1.093074758,-1.569794784,-2.587446417,-1.490830717,-1.519677058,-1.56742979
0,1,0,1,1,1,0,1,1,1,1,0,0,1,0,0,0,1,1,1,1,1,1,0,0,1,1,0,1,1,0,1,0,1,1,1,1,1,0,1,0,1,0,1,1,1,0,1,0,1,0,1,1,0,0,0,1,0,1,1,1,0,0,1,0,1,1,1,1,1,1,0,0,1,1,1,1,1,1,0,0,1,1,0,0,0,1,0,1,0,1,0,0,1,1,1,0,0,1,0,-0.683091962,-0.078348455,-0.222390757,-0.022293916,-0.017098543,-0.018832635,-0.023001582,-0.030044467,-0.049459168,-0.176307853,-0.02393157,-0.538404571,-0.122324624,-0.352261694,-0.178104765,-0.142200119,-1.218950665,-0.568529179,-0.581337026,-1.032909135,-1.467633963,-0.804685895,-0.572407471,-1.053609395,-0.235293861,-0.636719906,-2.51146187,-0.910963451,-0.946203207,-4.07970937,-2.601746024,-4.63835272,-2.872951548,-6.945140909,-5.074236536,-1.299615363,-0.990879603,-1.944460381,-8.549901228,-3.08611562,-2.95993798,-8.10644954,-10.84303514,-3.353719263,-0.819406317,-1.073391223,-0.750087152,-1.025852104,-6.370332065,-3.158688019,-1.210296842,-1.315067126,-1.188392975,-1.617162145,-12.5210752,-2.979054309,-1.497943059,-1.660828127,-1.476844887,-1.166616602,-1.446152205
1,0,0,1,1,1,0,0,0,1,1,0,0,0,0,0,0,0,1,1,1,1,0,0,0,0,0,0,1,0,1,0,1,1,1,0,1,1,1,0,1,1,1,0,1,0,0,0,0,0,0,0,1,1,0,0,0,0,0,0,0,1,1,0,1,0,0,1,1,0,1,0,0,0,0,0,1,1,0,1,0,0,1,1,0,1,1,0,1,1,0,1,1,0,0,1,0,0,0,1,-0.013392466,-0.010288691,-0.011216184,-0.031964043,-0.026937423,-1.230751473,-0.028607625,-0.075817324,-6.724350102,-0.833279088,-0.140050777,-0.080710598,-0.064503013,-0.059948314,-0.061029435,-0.086934218,-0.080798362,-0.252834401,-0.660794229,-0.087678517,-0.070725129,-0.159120899,-0.741478382,-0.108418522,-0.164328807,-0.163162549,-0.915882889,-0.339873778,-0.507006482,-1.055262413,-2.600751194,-3.805889187,-2.907298417,-1.323812898,-0.636486015,-0.408456851,-0.275653495,-0.415617642,-1.571267026,-4.252971196,-1.274962287,-12.41180019,-4.310295453,-8.012168186,-5.866448933,-3.686560302,-3.13336021,-5.413793312,-1.132178892,-0.8810022,-0.696589148,-2.370541631,-2.00656702,-0.779385466,-0.596113639,-0.682229109,-0.600158337,-0.672399306,-1.095177803,-1.830073446,-3.064401886
0,0,0,0,1,1,1,1,0,1,1,1,1,0,0,0,0,0,1,1,1,0,0,1,0,1,1,1,0,0,1,1,0,0,1,0,0,1,1,0,0,1,1,1,0,0,1,0,0,0,1,1,1,0,0,0,1,0,0,0,1,1,1,1,0,1,1,0,0,0,1,0,1,0,0,0,0,0,0,0,1,1,1,0,1,0,1,0,0,0,0,0,1,1,1,0,1,0,0,0,-0.022827709,-0.013384791,-0.012809007,-0.012927885,-0.019939324,-0.028575067,-0.046948701,-0.117448336,-0.407617357,-0.174554434,-0.070680257,-0.050995106,-0.047571075,-0.051836413,-0.072782813,-0.135716821,-0.413605375,-0.983570532,-0.365099514,-0.143936374,-0.080036063,-0.057098808,-0.049334387,-0.056628599,-0.089844858,-0.215157319,-0.824243776,-0.889493265,-0.335303924,-0.188066253,-0.128937434,-0.099637004,-0.084879079,-0.074461803,-0.078790731,-0.081349866,-0.090412427,-0.101699352,-0.11486795,-0.130714473,-0.148924393,-0.169071962,-0.184867308,-0.195934716,-0.208689989,-0.21702145,-0.262024395,-0.776244567,-7.888096077,-1.678656025,-1.082176289,-1.043816261,-1.078672476,-1.183766743,-1.346815815,-1.532916009,-1.812753576,-2.275166021,-3.021122054,-3.733677885,-4.65873624
1,1,0,1,1,1,0,0,1,0,0,1,1,0,1,0,0,0,0,1,1,1,0,0,0,1,1,0,1,1,0,0,1,1,1,1,0,0,0,1,1,0,0,1,0,1,1,0,0,1,1,0,0,1,1,0,0,0,1,0,1,0,0,0,0,0,0,0,1,1,1,0,1,1,1,1,0,0,0,1,0,1,1,0,1,1,1,0,1,0,0,1,0,0,0,1,1,0,1,1,-0.023830334,-0.008502116,-0.009441288,-0.011604472,-0.013887203,-0.016787986,-0.02011649,-0.02522835,-0.033606123,-0.048405137,-0.073732388,-0.144005627,-0.220646643,-0.377600801,-0.430982787,-0.463436637,-0.29533605,-0.276583786,-0.251129886,-0.260588679,-0.225329839,-0.233308319,-0.249011355,-0.235117009,-0.260108434,-0.28222336,-0.324015906,-0.407898594,-0.515270671,-0.683187593,-0.758473244,-0.948475635,-1.165489883,-1.263442786,-1.230512523,-1.064994517,-0.901849272,-0.771634883,-0.690312528,-0.654525447,-0.671122999,-0.670178443,-0.855682003,-0.903051906,-1.375490984,-3.250954161,-14.5691179,-3.306315948,-1.279862003,-0.819943375,-0.607917899,-0.564480897,-0.551053362,-0.542478414,-0.548523299,-0.552455733,-0.568547736,-0.584126252,-0.636064897,-0.672574843,-0.729440905
1,1,0,1,0,1,1,0,1,0,1,1,0,1,1,1,0,0,1,0,0,1,1,0,1,0,1,1,0,1,1,1,0,0,1,1,0,0,1,0,0,1,0,0,1,1,0,1,0,1,0,0,0,0,0,1,0,0,1,1,0,1,0,1,0,0,0,0,1,0,0,0,1,0,0,1,0,0,0,1,0,0,1,1,1,1,0,0,0,1,1,0,1,0,1,0,1,1,1,0,-0.002971819,-0.003529,-0.004261212,-0.005218497,-0.006451448,-0.007979801,-0.009977999,-0.012345328,-0.015011784,-0.01808321,-0.021100637,-0.023998598,-0.026739626,-0.02840253,-0.03316686,-0.037494518,-0.041876666,-0.047840548,-0.052829687,-0.06065691,-0.051924078,-0.073740989,-0.077610695,-0.078902181,-0.088450218,-0.097715193,-0.112223527,-0.112047122,-0.119430536,-0.126004083,-0.139012382,-0.144734932,-0.153124282,-0.152942587,-0.154429643,-0.156385693,-0.15456924,-0.152640365,-0.147032672,-0.140429764,-0.134876592,-0.127322538,-0.129915844,-0.130102697,-0.129716575,-0.132254893,-0.135517341,-0.141706657,-0.145317726,-0.141271997,-0.138153413,-0.175158353,-0.21130926,-0.233262373,-0.208139986,-0.203357329,-0.23859575,-0.26379956,-0.290403897,-0.311751513,-0.345161558
1,1,1,1,0,1,1,1,1,0,0,1,0,1,1,0,1,0,1,0,0,1,0,1,1,1,0,1,1,1,0,1,0,1,0,0,0,1,0,0,1,1,0,1,0,1,1,0,0,0,0,1,0,1,1,1,0,1,1,1,0,0,0,1,1,1,0,0,0,0,1,1,1,1,0,1,1,0,0,0,0,1,1,0,1,0,0,1,1,1,0,1,1,0,1,0,1,0,1,1,-0.002849645,-0.003503568,-0.004246857,-0.005170572,-0.006414134,-0.007958094,-0.011666732,-0.012346132,-0.01506244,-0.018085974,-0.02132531,-0.02312562,-0.026100642,-0.029002794,-0.032586511,-0.036523194,-0.041502769,-0.047301021,-0.055263468,-0.059821495,-0.064642603,-0.071324311,-0.076101666,-0.081976936,-0.089226349,-0.096144247,-0.107446372,-0.11234053,-0.122216287,-0.138257892,-0.13242355,-0.145847521,-0.147651366,-0.149443708,-0.15351531,-0.153673035,-0.149738595,-0.149447502,-0.143624801,-0.140415931,-0.134737724,-0.133111349,-0.125475624,-0.123729176,-0.12259749,-0.120074295,-0.12559041,-0.130440656,-0.147879112,-0.143720928,-0.133708562,-0.176033768,-0.180921839,-0.180719383,-0.212526358,-0.215159962,-0.220912814,-0.262522105,-0.295898906,-0.334716356,-0.358655307
0,1,1,0,0,1,0,1,1,0,1,0,1,0,0,0,0,1,1,1,0,1,0,1,1,1,0,1,0,0,1,1,1,1,0,1,0,0,1,0,0,1,1,1,0,1,1,1,1,1,1,1,0,1,1,0,1,0,0,1,1,0,1,0,1,1,1,1,0,1,1,1,0,1,1,1,0,1,1,0,0,1,1,1,0,1,1,1,1,1,1,0,1,1,0,1,0,0,0,1,-0.032585397,-0.017493787,-0.014793675,-0.013325085,-0.013162738,-0.016571116,-0.065344698,-0.117896432,-0.051147687,-0.069867934,-0.126601939,-0.320342779,-0.690503159,-0.389559687,-0.145936676,-0.069494978,-0.042575658,-0.031806797,-0.029457308,-0.042765348,-0.033739679,-0.061047651,-0.181481529,-2.503799445,-0.367341918,-0.343556941,-1.695355748,-1.162368729,-1.363145381,-0.185789557,-0.166361997,-0.22504774,-0.386391123,-0.729246355,-0.323542369,-1.310705358,-0.562197345,-0.193535806,-0.298763344,-5.310829826,-0.37684185,-0.279525832,-0.237039524,-0.26540504,-0.320853609,-2.979816888,-2.436843993,-0.424195739,-0.31863335,-0.289434803,-0.305382617,-0.807473647,-0.465892201,-0.279850133,-0.253058656,-0.376331367,-0.396239013,-0.313354464,-0.37883782,-0.709179954,-0.512932894
0,0,0,0,1,0,0,0,0,0,1,0,0,1,1,0,0,1,1,0,0,0,1,0,1,0,1,0,0,0,1,0,0,1,0,0,1,1,1,1,1,1,1,1,0,0,1,0,1,0,0,0,0,1,1,1,0,0,1,0,0,1,1,1,0,1,1,0,0,1,1,0,0,0,1,1,0,0,1,0,0,0,1,0,1,0,1,0,1,1,0,0,0,0,1,1,0,0,1,0,-0.05365093,-0.138784988,-0.169056092,-0.054660353,-0.015898148,-0.173584476,-0.032773327,-0.024422053,-0.029812148,-0.066446987,-0.389675658,-0.854418636,-1.905004794,-0.356926315,-0.097600678,-0.325908334,-0.088753695,-0.069915325,-0.065354721,-0.061702376,-0.055611723,-0.056282523,-0.052406189,-0.087852379,-0.082849194,-0.104468039,-5.903542552,-0.081279437,-0.08267974,-0.06952591,-0.07501567,-0.09043377,-0.089920027,-0.10924567,-0.139516403,-0.367420679,-0.162586018,-0.168548639,-0.268283171,-0.251620572,-0.428035421,-0.394972155,-0.564022203,-2.153975234,-4.024276236,-0.878746189,-0.720783466,-0.571415155,-0.618617066,-1.41566324,-1.243662788,-0.945751224,-1.312411439,-1.253055539,-1.293922721,-1.431248915,-1.543336253,-1.57887146,-2.198127936,-10.14512434,-5.356727962
1,1,0,1,0,0,1,0,1,1,0,1,0,0,1,0,1,0,1,1,1,0,1,0,0,0,0,1,0,1,0,1,0,0,1,1,1,1,0,1,1,0,0,1,1,0,0,1,1,0,0,0,0,0,1,0,1,1,1,0,1,1,1,1,0,0,0,1,1,1,0,0,0,0,0,1,1,0,1,1,1,0,0,1,0,1,1,0,1,0,0,1,1,0,1,1,1,1,1,1,-0.002977785,-0.003848817,-0.00425039,-0.005270185,-0.006313409,-0.0082601,-0.00992497,-0.012264818,-0.014965816,-0.017973599,-0.021236183,-0.023613048,-0.027245577,-0.030381681,-0.035479542,-0.032662343,-0.041224548,-0.048413757,-0.048158393,-0.058239282,-0.067050673,-0.065450385,-0.075226209,-0.081884083,-0.087572624,-0.094708904,-0.099158075,-0.113806894,-0.123323295,-0.13362079,-0.140627809,-0.146309003,-0.150908283,-0.158758722,-0.154369614,-0.157655249,-0.156097257,-0.158247762,-0.144942108,-0.142551635,-0.137029928,-0.122961214,-0.123800706,-0.124998668,-0.129802238,-0.131191068,-0.127828059,-0.134479663,-0.127219069,-0.148121457,-0.159604589,-0.170766606,-0.184146726,-0.19973882,-0.217417214,-0.245528482,-0.260002222,-0.276364945,-0.299370721,-0.307024424,-0.33835002
1,1,1,1,1,1,0,1,1,0,0,1,1,0,1,0,1,0,1,0,1,0,0,1,0,1,0,0,1,0,0,0,1,1,1,1,0,1,0,1,1,1,1,0,0,0,0,1,1,0,0,0,0,0,0,0,1,0,0,0,0,1,1,0,1,1,1,0,0,0,0,1,1,1,0,1,1,0,0,1,1,1,1,0,0,0,1,0,0,1,1,0,1,0,1,1,0,0,0,0,-0.062733883,-0.028542137,-0.030960124,-0.057322963,-0.028068854,-0.066900044,-0.218853692,-0.062501792,-0.150329994,-0.418765727,-0.23671272,-0.112557109,-5.732831716,-0.461333563,-2.904283215,-0.485495683,-0.728195416,-1.383334007,-1.348903555,-0.834940565,-0.740803054,-0.305757914,-0.243649595,-0.219961443,-0.363915707,-0.228519322,-0.139765149,-0.145727074,-0.126823274,-0.133187489,-0.132769258,-0.146567068,-0.195132818,-0.172375461,-0.20572736,-0.185715138,-0.217819097,-0.226726463,-0.254214069,-0.274817823,-0.299492676,-0.314029279,-0.355224989,-0.373784777,-0.39164144,-0.333998324,-0.429946774,-0.456871826,-0.467868645,-0.486159359,-0.548088089,-0.567363853,-0.598592475,-0.635428374,-0.677471734,-0.728767314,-0.664401281,-0.727855954,-0.816973824,-0.868042521,-0.946225549
0,1,0,1,1,1,1,0,0,0,0,0,1,0,0,1,0,1,1,1,1,1,0,0,1,1,1,0,0,0,0,0,0,0,0,0,1,1,0,0,1,0,1,1,1,1,0,0,0,1,1,1,1,0,1,0,0,0,1,0,1,1,1,0,0,0,0,0,0,0,0,0,0,0,0,0,0,1,1,1,1,0,0,1,0,1,0,0,0,0,0,1,0,1,0,1,1,1,1,1,-0.002834833,-0.003447011,-0.00417083,-0.005080365,-0.006617512,-0.008028335,-0.010339172,-0.012311365,-0.015055726,-0.017341322,-0.020872611,-0.02367208,-0.02647325,-0.028542994,-0.032954777,-0.038880482,-0.043514556,-0.046554194,-0.053424071,-0.059076075,-0.078873351,-0.072382874,-0.077345205,-0.083755129,-0.093887788,-0.094153815,-0.099076478,-0.114524509,-0.125305958,-0.124462276,-0.125994668,-0.140914759,-0.148443984,-0.151313048,-0.151390648,-0.144117819,-0.144835234,-0.146505502,-0.141570338,-0.135049211,-0.130747871,-0.128335682,-0.1242419,-0.119751808,-0.122652252,-0.106791506,-0.139670641,-0.156627584,-0.145032167,-0.157053055,-0.130605784,-0.15521774,-0.178770045,-0.199061879,-0.22448165,-0.230540105,-0.248397247,-0.277939355,-0.31587439,-0.352740241,-0.35350981
0,0,1,1,1,0,0,0,1,0,1,0,0,1,0,1,1,0,1,0,0,0,0,0,0,0,0,0,1,0,1,0,1,0,0,0,0,0,0,1,0,1,0,1,1,1,1,0,0,0,1,1,1,0,0,1,1,0,0,0,0,1,0,0,1,1,0,0,1,1,0,1,1,1,1,1,0,1,1,1,0,1,0,1,0,1,0,0,1,1,1,0,0,1,0,1,1,1,0,1,-0.477093857,-0.055066519,-0.018510624,-0.003147064,-0.003209372,-0.004329273,-0.085630219,-0.012365494,-0.381542235,-0.030297696,-0.024317918,-0.02086268,-0.020142694,-0.015447214,-0.015457542,-0.01459135,-0.018389625,-0.041258001,-0.01380957,-0.014392338,-0.026249413,-0.04555515,-0.092405266,-0.222484373,-2.321571285,-0.887638886,-0.702131654,-0.425564162,-0.283345518,-0.211768557,-0.177576195,-0.249247415,-0.366579377,-1.495894455,-0.445894107,-1.617757014,-2.220766965,-0.317857759,-0.259412155,-0.812727395,-14.69039159,-2.165379755,-18.33950886,-1.124217225,-0.77698021,-2.279985961,-0.620719298,-0.567252469,-0.479523318,-0.614159186,-0.697161763,-0.87231337,-0.920677294,-1.303548031,-1.784850263,-1.197905244,-1.378691589,-4.654968974,-2.009356976,-2.305401887,-2.963129158
0,1,1,1,1,1,1,0,1,1,0,1,0,1,1,0,1,1,1,0,1,0,1,1,1,1,0,0,0,1,0,1,1,1,1,1,1,0,1,1,0,1,0,0,1,1,1,0,0,0,1,1,1,0,1,1,0,0,0,1,0,0,0,1,0,0,0,0,1,1,0,0,0,1,0,0,0,0,1,0,0,1,0,1,1,1,0,0,1,1,0,0,1,1,1,1,1,1,1,1,-0.014140677,-0.065641381,-0.024834762,-0.041343445,-0.33563156,-0.039129812,-0.017201023,-0.133042189,-0.908585329,-0.23990028,-0.07406414,-0.852993891,-0.509005054,-0.309191746,-1.111494195,-0.497378577,-0.09153468,-0.076779278,-0.25374362,-0.943900718,-1.008725474,-1.021560969,-0.297099535,-0.754059661,-1.614898495,-2.68067774,-0.482840795,-0.224356655,-0.185896392,-0.173955215,-0.805537251,-1.60493399,-0.9695296,-2.031025789,-2.266282503,-0.83318509,-1.037896844,-0.284604934,-0.385082855,-1.931249072,-5.540731741,-1.415875666,-1.583174512,-2.052081552,-0.946240411,-2.382446538,-3.817175564,-1.010141309,-1.109063861,-1.532996496,-4.241833715,-11.33117568,-2.517903584,-3.619621547,-24.00422312,-4.919951612,-2.419533211,-4.591092185,-4.796682052,-1.298998529,-0.809520519
0,1,1,0,1,1,1,1,0,0,0,0,0,0,0,1,0,1,1,0,1,0,0,0,1,0,0,0,1,0,1,1,0,1,0,1,0,1,1,0,1,1,0,1,0,0,1,0,0,0,1,0,1,1,0,1,0,1,0,0,1,1,1,0,0,0,1,1,1,1,0,0,1,0,0,1,1,1,0,1,0,0,0,1,1,1,1,1,0,1,1,0,0,0,1,1,0,1,1,0,-0.002957389,-0.003524699,-0.004282647,-0.005224561,-0.006492293,-0.008133253,-0.009907601,-0.012358759,-0.01485534,-0.017984431,-0.020886654,-0.024416862,-0.026887944,-0.032261349,-0.037852082,-0.036833491,-0.042119474,-0.047856096,-0.053806309,-0.059728491,-0.064752475,-0.06952078,-0.074365057,-0.077082952,-0.068110568,-0.101333144,-0.107285302,-0.111318289,-0.124519276,-0.134375503,-0.140898705,-0.147249955,-0.15063606,-0.160202577,-0.152842405,-0.153951582,-0.152648896,-0.154408835,-0.142674042,-0.141978184,-0.136138586,-0.121285755,-0.127834138,-0.129647362,-0.130519637,-0.133448994,-0.139522671,-0.145829141,-0.14342476,-0.164331273,-0.174087857,-0.18823957,-0.203454342,-0.221739949,-0.227827826,-0.249266586,-0.263640165,-0.277738787,-0.306731691,-0.320232789,-0.343779567
0,0,0,1,0,1,0,0,0,1,0,1,1,0,1,1,1,0,1,0,0,0,1,1,0,1,0,0,1,1,0,0,1,0,1,1,0,1,0,1,1,0,1,0,0,0,0,0,1,0,0,1,1,1,1,1,0,0,0,1,1,1,0,0,1,1,0,0,0,0,0,0,1,1,1,1,0,0,0,1,0,1,0,1,1,0,0,0,0,0,0,0,0,1,1,0,0,1,0,0,-0.032706283,-0.009058661,-0.070322613,-0.044847556,-0.683463466,-0.17599055,-0.237545664,-0.228963547,-0.297248775,-0.769083378,-0.560906125,-0.288234564,-0.62988679,-0.142779827,-0.103134828,-0.081793737,-0.066671666,-0.058248321,-0.052347083,-0.049187087,-0.046439803,-0.045024634,-0.047364626,-0.072617162,-0.055754819,-0.238841638,-0.264031378,-0.139567288,-2.260665891,-0.419052106,-0.142696154,-1.003827768,-0.200902154,-0.226884054,-0.494388797,-0.588284723,-0.411309095,-1.752818364,-1.638649355,-0.506240014,-0.54182585,-0.684070808,-0.497932064,-0.50872108,-0.581444589,-1.429243722,-1.964457315,-16.00756602,-4.360664702,-2.366864525,-2.877628917,-11.81017342,-2.24956871,-2.304834689,-2.480949948,-6.640124626,-4.824967378,-3.295276821,-1.590188321,-1.068855755,-0.964237305
1,1,1,1,0,0,1,1,1,1,1,0,1,1,1,0,0,1,1,0,0,0,1,1,1,1,0,0,1,1,1,1,0,1,1,0,1,1,1,1,0,1,0,0,1,0,1,0,1,0,0,1,1,1,0,1,1,0,0,1,0,0,1,1,0,0,0,0,0,1,1,0,1,0,1,1,0,1,0,0,1,0,0,0,1,1,0,0,1,1,1,1,0,0,1,1,0,1,1,1,-0.030873885,-0.090414222,-0.034452048,-0.087973253,-0.060298224,-0.081320413,-0.07546012,-0.078750273,-0.151777914,-0.995786635,-0.056064888,-2.052527349,-0.200863042,-0.5850099,-0.070696363,-0.124065084,-0.275764732,-1.83007318,-0.397541443,-0.629690841,-13.41786547,-0.309760997,-0.531131588,-1.366869878,-1.261654854,-0.379098617,-0.433246393,-1.228331019,-0.654002182,-1.422985729,-6.894111571,-8.881581157,-2.37619676,-1.244859279,-0.76160511,-0.626119189,-1.251592144,-12.39476809,-3.698499694,-3.989959214,-1.716295932,-0.998631357,-0.952545574,-0.548609386,-0.441805403,-0.430818136,-0.459379422,-0.416920034,-0.456697715,-0.463175882,-0.415506184,-0.423230811,-0.4491202,-0.490528145,-0.68630268,-1.238941925,-4.814806923,-3.282715008,-1.144680367,-0.618107222,-0.634078295
0,1,1,1,1,1,0,0,1,1,1,1,0,0,0,0,1,0,0,0,1,0,1,0,0,0,1,1,1,1,1,0,1,1,0,1,1,1,0,1,1,1,1,0,1,0,0,1,1,1,1,0,0,1,1,1,0,0,1,0,1,1,0,0,0,0,1,1,1,1,0,0,1,1,0,0,1,0,0,0,0,1,1,0,1,1,0,1,1,0,1,0,0,0,1,1,1,1,1,0,-0.007678766,-0.007488438,-0.011735209,-0.014121212,-0.020639169,-0.018861821,-0.022376025,-0.025705456,-0.029345222,-0.03380395,-0.038635598,-0.045023727,-0.04568666,-0.048685698,-0.056209909,-0.061624098,-0.064485659,-0.061107637,-0.057797465,-0.050908932,-0.044494782,-0.039037154,-0.030019953,-0.027071311,-0.023846617,-0.030267417,-0.021800726,-0.02050401,-0.024316227,-0.02208674,-0.024619907,-0.028477192,-0.031106399,-0.037129017,-0.046789431,-0.053618352,-0.067101299,-0.079748995,-0.093473581,-0.106554267,-0.121477951,-0.141090999,-0.15044946,-0.165942161,-0.172159848,-0.188453833,-0.192098242,-0.207738925,-0.211838915,-0.194682997,-0.22400112,-0.246142418,-0.222771347,-0.226614041,-0.249667411,-0.26983464,-0.284527558,-0.30298483,-0.353220838,-0.417874996,-0.427069529
0,1,0,0,1,1,0,0,0,0,0,1,1,1,0,1,0,0,1,1,1,0,1,0,1,0,1,0,1,0,0,0,0,0,1,0,0,0,0,1,0,0,1,0,1,1,1,0,0,0,0,1,1,1,1,0,0,1,1,1,1,0,0,1,0,0,0,0,0,1,0,0,0,1,1,1,1,0,0,0,0,0,0,1,0,0,1,0,1,1,1,0,0,0,1,1,1,0,1,0,-0.002973821,-0.00351851,-0.004269523,-0.005265114,-0.006706123,-0.005737526,-0.00971495,-0.01213459,-0.01498835,-0.01796769,-0.023280872,-0.023604793,-0.023616855,-0.028806143,-0.032387816,-0.037015477,-0.042273505,-0.048207386,-0.054165593,-0.058420642,-0.068191053,-0.073594306,-0.077318059,-0.083256587,-0.088955765,-0.097998358,-0.111562305,-0.119472058,-0.122226227,-0.132774791,-0.139107242,-0.145646252,-0.148767755,-0.150403482,-0.157277416,-0.152998415,-0.151583941,-0.151440837,-0.142697059,-0.141268551,-0.134122642,-0.13102923,-0.12714869,-0.124054826,-0.128537561,-0.125071439,-0.134189815,-0.141733075,-0.150019928,-0.129975448,-0.139532595,-0.171249346,-0.188017031,-0.19532222,-0.219653086,-0.209086954,-0.2407645,-0.273575594,-0.297940554,-0.330897276,-0.362744382
0,1,0,1,1,0,0,1,1,0,1,0,0,1,1,1,0,0,0,1,1,1,0,1,0,0,0,0,1,1,1,0,1,1,0,0,1,1,0,1,1,0,1,0,1,1,1,1,0,0,0,0,0,1,0,1,0,0,0,0,1,0,0,0,1,0,1,0,0,0,1,1,1,0,0,0,1,1,1,0,0,0,0,0,1,0,1,0,0,1,1,1,0,0,1,1,0,0,1,0,-0.002999935,-0.003529477,-0.004338197,-0.004999359,-0.006449459,-0.008097259,-0.009817399,-0.012638184,-0.012102527,-0.01679649,-0.020406207,-0.02343365,-0.026021905,-0.029062456,-0.032547798,-0.035887662,-0.045515097,-0.050015901,-0.076311103,-0.06101304,-0.06870269,-0.082399483,-0.076809886,-0.085181199,-0.098772694,-0.071690298,-0.099577299,-0.118006396,-0.126391731,-0.136578415,-0.157601009,-0.138476409,-0.149010081,-0.148543216,-0.158124383,-0.153589536,-0.15252978,-0.150137477,-0.149833135,-0.148937729,-0.142181552,-0.144847225,-0.141247669,-0.112249414,-0.11725519,-0.128129802,-0.135994873,-0.146700065,-0.163966481,-0.174273827,-0.22745251,-0.15265044,-0.152102629,-0.162851051,-0.19076649,-0.209136416,-0.244444233,-0.285185778,-0.310386082,-0.338469701,-0.362348945
0,1,1,1,0,0,0,1,0,0,1,0,0,1,0,1,1,0,0,1,0,1,0,1,0,1,1,1,0,1,0,0,0,1,1,1,0,0,1,0,1,0,1,0,0,0,0,0,0,0,1,0,1,0,0,0,0,0,1,0,1,0,1,1,0,0,1,1,0,0,1,0,0,1,1,1,1,0,0,1,0,1,0,1,1,1,1,1,1,0,1,0,0,0,0,1,1,0,1,0,-0.006943684,-0.00821561,-0.00976835,-0.012852547,-0.012342983,-0.014949791,-0.019075017,-0.032371019,-0.024004007,-0.030188656,-0.032280394,-0.041507839,-0.053929547,-0.069676405,-0.175087315,-0.086486161,-0.105550518,-0.13196111,-0.114590472,-0.112622188,-0.108287258,-0.107498541,-0.102042576,-0.096740455,-0.092454329,-0.089518437,-0.090203774,-0.092629003,-0.097702881,-0.100705088,-0.113833862,-0.125724247,-0.133723528,-0.158238312,-0.175129632,-0.192244459,-0.220262194,-0.237974525,-0.25754099,-0.281614968,-0.321787805,-0.354497099,-0.373116434,-0.385217475,-0.435088895,-0.44508242,-0.441482102,-0.488069725,-0.528297805,-0.532343693,-0.584735577,-0.62275266,-0.698331855,-0.796402411,-0.854330133,-0.868147129,-0.842281195,-1.032877135,-1.192374386,-1.404191877,-1.698751588
1,1,0,0,0,1,1,0,0,0,1,0,1,1,1,1,0,0,1,0,0,0,1,0,1,0,0,1,0,1,1,1,1,0,1,1,0,0,1,1,0,1,0,0,0,1,1,0,0,0,1,0,1,1,1,0,0,0,1,1,1,1,1,0,1,1,1,1,1,1,1,1,1,0,0,0,0,1,1,1,0,1,1,1,1,0,0,0,1,1,0,1,0,0,0,1,0,0,1,0,-0.002947535,-0.003527584,-0.004300661,-0.003623308,-0.006319183,-0.007921101,-0.009874168,-0.012251909,-0.014209934,-0.017723171,-0.020823581,-0.023706548,-0.027647704,-0.028729005,-0.032353484,-0.036770873,-0.042070584,-0.047987787,-0.052848266,-0.06254391,-0.067917694,-0.075425093,-0.085108451,-0.074053936,-0.084574219,-0.093477795,-0.102301846,-0.111679013,-0.119569477,-0.128252065,-0.13896219,-0.148989888,-0.148333476,-0.149936041,-0.151839751,-0.153279461,-0.155680952,-0.1444106,-0.142663531,-0.139812502,-0.13575858,-0.130028439,-0.126410813,-0.12623995,-0.127247676,-0.128281074,-0.13010705,-0.133049497,-0.140553788,-0.148147522,-0.159482589,-0.171587313,-0.188220915,-0.198480715,-0.199947453,-0.222383866,-0.238339611,-0.259436951,-0.298239293,-0.330154796,-0.33996069
1,0,0,0,0,0,1,1,1,0,1,1,0,1,0,1,0,1,1,1,0,0,0,0,0,1,0,1,1,0,1,1,1,0,0,1,0,0,0,1,0,1,1,0,1,0,1,0,1,1,1,1,1,1,0,1,0,0,0,1,0,1,1,0,0,0,1,0,1,1,1,0,0,1,0,0,1,0,1,0,0,0,1,1,0,0,1,0,1,1,0,1,1,1,0,1,1,0,1,1,-0.011626447,-0.01309266,-0.018539925,-0.022866644,-0.026205917,-0.028753303,-0.030562079,-0.034812591,-0.097908847,-0.042601604,-0.027312754,-0.02903499,-0.031970803,-0.034251414,-0.035339555,-0.042485569,-0.054699157,-0.497604026,-0.293408093,-0.086420083,-0.072354556,-0.087576617,-0.234277174,-1.082212198,-0.092361149,-9.042063349,-0.255652992,-0.123673284,-0.104657948,-0.124830201,-1.033860386,-0.08754884,-0.119446386,-2.423998596,-0.472516586,-1.452894197,-3.126868237,-0.638645604,-0.292482288,-0.240798443,-0.275300702,-1.893472442,-0.252599917,-0.266339472,-0.358676764,-0.720700009,-1.613908946,-4.726365469,-1.382752967,-1.487205631,-0.787886535,-0.482194117,-0.397678284,-0.345091292,-0.334752292,-0.389478366,-0.418647495,-0.39306159,-0.454405234,-0.627102974,-1.042227776
1,0,0,1,1,1,1,1,1,1,1,1,0,0,0,1,1,1,1,1,1,0,0,0,1,0,1,1,0,0,0,1,1,0,1,1,0,0,0,0,1,0,0,0,0,1,0,0,1,1,1,1,0,1,0,0,1,0,0,0,0,0,1,1,1,1,0,0,0,1,1,1,0,1,0,1,1,1,1,1,0,1,1,0,0,0,1,1,1,0,0,0,0,1,0,0,0,0,1,0,-0.157582227,-0.093870381,-0.072821028,-0.04465883,-0.072398314,-0.053110837,-1.121218413,-0.111754035,-0.154276384,-0.861826404,-0.358708755,-0.034278214,-0.044886845,-0.042424557,-0.060347248,-2.167617439,-1.413646084,-0.738552837,-0.347050903,-0.24694288,-1.400032525,-0.120334998,-0.160187448,-2.744665955,-0.168805279,-2.867580506,-0.305592349,-0.203674048,-0.319769373,-1.268580204,-0.328065474,-1.114639896,-1.326142485,-1.112165595,-1.114710723,-18.23668357,-10.29563255,-1.470101854,-8.906753551,-2.800687166,-1.08760399,-0.617205195,-0.532990725,-1.335425883,-0.514166981,-0.401150523,-3.188334255,-0.519377158,-0.349605019,-0.464155801,-1.632100579,-0.703590293,-0.583895027,-0.634377926,-0.501316538,-0.645647208,-1.081557007,-4.103062271,-0.910677646,-0.575839277,-0.531286618
0,1,0,0,1,1,1,1,1,1,1,1,1,0,0,1,1,0,1,0,1,1,1,0,1,1,1,0,1,1,0,1,0,0,0,1,0,0,0,1,1,1,0,1,1,0,1,1,1,1,1,1,0,1,1,0,1,1,0,0,1,1,0,1,0,0,0,0,0,1,0,0,1,0,1,1,1,0,1,0,0,0,1,1,1,0,0,1,1,1,0,1,1,1,1,1,0,1,0,0,-0.01690034,-0.207284842,-0.082624992,-0.263637529,-0.126041913,-0.028504888,-0.367823762,-0.019195653,-0.917364783,-0.049845241,-0.026879219,-0.031739324,-0.02685056,-0.068698955,-0.03777406,-0.380149806,-0.129508235,-0.06079997,-1.493289176,-1.649441699,-5.369266552,-3.504312544,-0.179655135,-0.196357586,-0.729868725,-1.87566491,-0.272467786,-0.563103141,-3.520786661,-0.145891743,-0.123077473,-0.837239508,-2.791807781,-10.44287621,-1.227332728,-9.170555915,-1.948619753,-1.09564227,-1.089300508,-0.870043653,-3.445640783,-0.923002343,-1.145193283,-2.633088888,-0.937650702,-1.035249088,-1.908081731,-13.09681159,-1.789711251,-1.179948968,-2.334418484,-30.57918902,-2.578940767,-2.548304266,-4.531082081,-5.068143051,-1.729484833,-2.019266806,-6.007894574,-9.225452282,-2.659320434
0,0,1,0,1,1,0,0,1,0,1,0,1,0,0,0,1,1,0,1,1,1,1,0,1,1,1,1,1,1,0,0,1,1,0,1,0,0,0,0,0,0,1,1,0,0,0,1,0,1,1,0,0,0,0,1,1,0,1,0,0,0,1,1,0,1,0,0,0,1,1,0,1,1,1,1,1,0,0,1,0,0,1,1,0,0,0,1,0,0,1,1,0,1,1,0,0,1,0,1,-0.008585096,-0.013014948,-0.022173199,-0.022399553,-0.020972437,-0.025681608,-0.057572293,-0.029292996,-0.038101633,-0.05670886,-0.083768316,-0.134701228,-0.270648661,-0.98823824,-3.28985888,-0.350876153,-0.125879866,-0.078538468,-0.070615276,-0.093094588,-0.167947977,-2.922134284,-0.316687891,-0.391350964,-0.76593815,-1.798568204,-3.096200919,-1.741347735,-0.939457424,-3.715779812,-1.295693181,-0.449454791,-0.367748981,-0.75333042,-11.29087252,-1.610563164,-0.732348749,-0.5505413,-0.520865431,-0.587331316,-1.205013058,-8.572582495,-1.589393427,-1.009628967,-1.32072259,-4.294071064,-1.497694081,-1.491835777,-2.203856809,-3.959114497,-1.546965202,-0.926644553,-0.720431774,-0.63513964,-0.717445983,-1.6837371,-0.464978834,-0.325196092,-0.323954106,-0.345620101,-0.297533695
1,0,1,1,1,1,0,1,1,1,1,1,1,1,1,0,1,1,1,0,0,1,1,1,0,1,1,0,1,1,0,0,1,0,1,1,1,0,1,1,1,0,0,1,1,1,1,0,0,0,1,0,0,1,0,1,0,0,0,0,0,0,1,1,1,1,1,0,1,0,0,0,1,0,0,1,0,1,0,0,1,1,1,0,1,1,1,1,1,1,0,1,0,1,0,0,0,1,0,1,-0.028034925,-0.026360854,-0.027422468,-10.88324667,-0.112504867,-0.871995965,-0.224521299,-0.086978708,-5.78867365,-0.439117148,-0.094142618,-0.101414512,-0.115203158,-0.120485002,-0.467512975,-0.157455202,-0.123680467,-0.186539552,-0.561652816,-2.314380813,-1.879328629,-1.523714465,-1.298639662,-0.366604008,-0.189223138,-8.119614566,-0.067530048,-0.039217623,-0.039891542,-0.055957681,-0.053858787,-0.187571238,-0.193721531,-0.610894024,-0.231349081,-0.161164924,-0.97085398,-0.143151536,-0.196292686,-0.791791392,-0.707016118,-6.343407042,-1.156302686,-1.636336826,-0.639796829,-0.37188525,-0.299130508,-0.433365869,-0.368743075,-0.328135525,-0.391552625,-0.459344561,-1.000122057,-6.950734111,-1.556965948,-0.520854918,-0.492500382,-1.112342608,-1.148749359,-1.509569771,-4.474445282
1,1,0,1,1,1,1,1,1,1,0,1,1,0,0,0,1,0,1,1,0,0,1,0,0,0,1,0,1,0,0,0,0,1,1,1,1,1,1,1,0,0,1,1,1,1,1,0,1,1,0,1,1,0,0,1,1,1,0,0,1,0,1,0,1,0,0,0,0,0,0,0,0,0,1,1,1,1,0,1,1,0,1,0,1,1,0,1,1,0,1,1,1,0,1,1,1,0,0,1,-0.086926886,-1.788332651,-0.097262317,-0.111708903,-0.039531089,-0.118735952,-0.232939975,-0.019524341,-0.012418056,-0.01877119,-0.073582742,-6.477908289,-0.299899921,-1.45959919,-0.069649142,-0.059276423,-0.13067279,-1.018023201,-0.563140343,-0.27579492,-0.519743857,-1.138107979,-0.754828859,-2.598510661,-1.894662322,-0.575336844,-6.095363314,-0.544320776,-0.382528495,-0.597489589,-2.588175647,-1.144668365,-0.288111097,-0.333728513,-1.999095036,-0.790778822,-4.306297172,-2.133560659,-5.325413774,-13.42991251,-3.04976953,-3.376937044,-2.274691383,-1.0747449,-1.185508214,-1.978966231,-0.573555717,-0.276246605,-0.28108916,-0.286129716,-0.305232189,-0.337191856,-0.490235971,-0.830599984,-0.401198407,-0.560019799,-1.534252745,-9.034924731,-10.79466679,-6.948412563,-6.108463054
0,0,0,0,1,1,1,1,1,1,0,1,1,0,0,0,1,1,0,0,0,0,1,0,1,0,0,1,1,0,0,0,0,1,0,1,1,0,0,1,0,0,0,1,0,1,1,1,0,1,0,1,1,0,0,1,0,1,0,1,1,1,1,0,0,0,0,1,0,0,1,0,1,1,0,0,1,1,0,1,1,1,0,1,1,1,1,1,1,1,0,1,0,0,1,0,0,0,0,0,-0.013096058,-0.024042208,-0.007774655,-0.010999852,-0.014654743,-0.077587288,-0.022286904,-0.028219179,-0.036128215,-0.047200802,-0.06459278,-0.086314599,-0.126769928,-0.198954542,-0.344575052,-0.579030718,-0.696321862,-0.577443419,-0.421854554,-0.345405187,-0.673193835,-0.276105289,-0.149336255,-0.128837722,-0.131029335,-0.156076814,-0.25236668,-0.948073667,-3.132604256,-1.791990558,-0.713209948,-1.746792509,-3.092715367,-4.331667856,-2.454387322,-0.482136375,-0.260346266,-0.195565313,-0.154760461,-0.144502749,-0.140835356,-0.145050414,-0.148299222,-0.156350407,-0.166172215,-0.226697058,-1.098050434,-2.338228156,-1.074641472,-0.615231774,-0.526729598,-0.692036658,-0.849147284,-0.746434899,-0.697490792,-0.690285302,-0.806661753,-0.870552542,-0.972204706,-1.128538866,-1.368871457
1,0,0,0,1,1,0,1,0,1,1,1,0,0,1,0,0,1,0,0,1,1,1,1,1,1,1,0,0,0,1,1,1,0,0,1,1,0,0,0,0,1,1,1,1,0,0,0,0,0,0,0,0,1,0,0,1,0,1,1,0,1,0,0,1,1,1,0,0,1,1,0,0,0,1,1,1,0,1,1,0,0,1,0,0,1,0,1,0,0,0,1,1,0,1,0,1,0,1,0,-0.678633487,-0.13372381,-0.036894652,-0.017517069,-0.012097537,-0.006336939,-0.010300305,-0.021268809,-0.052818932,-0.172231936,-0.532702093,-0.353293554,-0.128763537,-0.0695388,-0.060089192,-0.055522031,-0.052925923,-0.083373505,-0.519837199,-0.107831062,-0.080079932,-0.074474744,-0.072224,-0.072869277,-0.076233508,-0.085652473,-0.102265333,-0.149419493,-0.378079362,-2.730538176,-0.186310825,-0.145410597,-0.288020314,-0.248931979,-0.280255382,-0.355151063,-0.796432125,-4.324905831,-0.973662945,-0.665972902,-0.717063767,-1.147549678,-0.678597689,-0.536708842,-0.488878625,-0.491638389,-0.460102929,-0.45508773,-0.483683215,-0.526174001,-0.627450486,-0.821798332,-0.734330809,-0.897516283,-0.969557831,-1.107440634,-1.256559042,-1.36266399,-1.646632978,-1.766525702,-2.685325746
1,1,1,1,0,1,1,0,0,0,1,1,1,0,0,1,1,0,1,1,0,1,0,1,0,0,1,1,0,0,1,1,1,1,0,1,0,1,1,1,0,0,0,0,1,1,0,0,0,1,1,1,1,0,1,0,1,1,0,1,0,1,1,0,0,0,0,0,1,1,1,0,0,1,1,0,1,1,1,0,1,0,0,1,1,1,0,0,1,0,0,0,0,1,0,0,1,1,1,1,-0.010962104,-0.014531159,-0.019710477,-0.030175916,-0.386543235,-0.13555988,-0.19533122,-0.100097566,-0.044009246,-0.028146036,-0.026701428,-0.026093226,-0.030413848,-0.079076067,-0.053552246,-0.08835182,-0.333280783,-0.0730374,-0.095906966,-0.387441678,-0.018459173,-0.015290992,-0.018236542,-0.023612342,-0.039665413,-0.07616322,-0.146407124,-0.405094845,-1.566371119,-3.886287436,-1.854771022,-1.178788428,-9.665735976,-0.426763383,-0.284793922,-0.553922513,-1.887169558,-3.809982468,-1.915142122,-1.145950107,-0.886453345,-0.789587101,-0.774337362,-0.824686577,-0.958629568,-1.681102419,-2.49401588,-0.693180498,-0.595113389,-0.590658002,-0.634413998,-0.714143222,-0.863545464,-1.175727839,-1.103613615,-1.48067837,-1.766573183,-2.1051219,-2.504285264,-3.72690642,-7.235328259
1,0,0,0,1,0,1,1,0,0,1,1,1,1,0,0,0,0,1,1,1,0,0,1,0,0,0,1,1,1,0,1,0,0,1,0,1,0,1,1,1,1,1,0,1,1,1,1,1,1,0,1,0,1,1,1,0,0,1,1,0,0,0,1,1,1,0,1,1,1,0,0,0,1,1,0,1,1,0,1,1,0,1,1,1,1,1,0,1,0,0,1,1,0,1,0,1,0,1,0,-0.037932252,-0.103344879,-0.384243437,-0.567732895,-0.185532233,-0.094989876,-0.069629754,-0.083543475,-0.083352257,-0.258989929,-0.036395239,-0.024920621,-0.04425165,-0.087702696,-0.526634914,-0.299952395,-0.03548804,-0.017531977,-0.011436182,-0.117542687,-0.12518211,-0.126323803,-0.205791823,-0.441838897,-1.260497299,-1.89817129,-0.719851173,-0.334311216,-0.193273584,-0.132967659,-0.106283768,-0.120592037,-0.247128929,-2.159136787,-0.762758296,-0.382410509,-0.5346867,-0.97877706,-2.630791693,-1.775400079,-0.924807842,-0.740798399,-1.441338741,-4.65810892,-9.082543896,-2.307469697,-2.364840562,-1.277226672,-0.744703532,-0.628286967,-0.653863575,-0.817961083,-1.269981796,-4.106384682,-5.827673914,-3.89052088,-1.11617027,-0.67655205,-0.6166731,-0.739962631,-1.078709856
0,1,0,1,0,0,0,1,0,1,1,1,1,0,0,1,1,1,0,1,0,1,0,0,1,0,0,0,1,1,0,1,0,1,0,0,0,1,1,0,1,1,0,1,1,1,1,0,0,1,1,0,1,0,0,1,0,0,0,1,0,0,0,1,1,1,0,1,1,0,1,1,0,0,0,1,1,0,0,1,1,1,0,0,0,1,0,0,0,0,1,0,1,1,0,1,1,1,1,0,-0.01258936,-0.013341152,-0.016502276,-0.021628602,-0.036928767,-0.096730194,-0.238420288,-0.044319715,-0.023691131,-0.024701779,-0.037013827,-6.870809404,-0.024126087,-0.019795716,-0.030199917,-0.180845919,-0.051081028,-0.04382374,-0.045892089,-0.052980125,-0.065925559,-0.088749244,-0.128890311,-0.217497157,-0.51653555,-1.881680923,-2.535512007,-0.545676489,-0.61532872,-3.681424011,-2.125088078,-0.691392739,-0.609130969,-1.000403415,-8.014279967,-1.532517185,-0.695833931,-0.666800904,-0.848929035,-1.208562763,-1.658992031,-1.964462292,-2.065467774,-3.326150656,-5.961120586,-1.191390766,-0.658603737,-0.525159567,-0.539806412,-0.756202513,-1.892883948,-9.884391441,-1.72837908,-0.741065336,-0.519011248,-0.500667949,-0.961351383,-0.424986921,-0.326832013,-0.342404262,-0.419532278
0,1,0,1,1,0,0,0,0,1,0,0,0,1,1,1,1,1,1,0,1,1,1,1,0,0,1,1,0,0,1,1,0,0,1,0,1,0,1,0,1,1,1,1,1,1,1,1,1,1,1,0,1,0,1,0,0,0,0,1,1,0,1,0,0,0,0,0,1,1,1,1,1,1,0,1,1,1,0,0,1,1,0,0,0,0,1,0,0,1,0,0,0,0,0,0,1,0,0,1,-0.028858704,-0.048953156,-0.075736276,-0.108850529,-0.105387223,-0.075445206,-0.053343064,-0.043669536,-0.039311443,-0.041864502,-0.04630272,-0.050969488,-0.055495601,-0.062292056,-0.077095423,-0.111208764,-0.166843718,-0.210413342,-0.198740119,-0.151406322,-0.132981058,-0.117204766,-0.120941304,-0.143611526,-0.201776623,-0.337243971,-0.628121783,-1.393570489,-5.099277464,-10.31052108,-2.386300121,-0.985620133,-0.530347871,-0.427621158,-0.854105917,-10.36619364,-1.389465452,-0.783333362,-0.570327661,-0.56243532,-0.548444511,-0.646549186,-0.76083123,-1.055246411,-1.72654737,-4.043536595,-6.785823473,-2.75589405,-1.689603613,-2.081242105,-5.246577438,-11.17981519,-3.762792983,-1.779456223,-0.982948531,-1.056439746,-1.153682049,-1.1698965,-1.147502413,-1.163009624,-1.478407496
1,0,0,1,1,1,1,1,1,1,1,1,0,1,0,1,1,0,1,0,0,0,0,1,1,1,0,1,0,1,0,0,1,1,0,0,0,1,0,1,1,0,0,0,1,0,1,0,1,0,0,1,0,0,0,1,0,0,0,1,0,0,0,0,1,1,0,0,0,1,1,1,1,1,0,1,0,1,0,0,0,0,1,0,1,1,1,1,0,1,0,0,0,1,0,1,1,0,1,0,-0.00297237,-0.003541518,-0.00426655,-0.005197337,-0.006469814,-0.007984521,-0.009967549,-0.012305446,-0.015022965,-0.018163875,-0.021046917,-0.023920354,-0.026615794,-0.029465852,-0.032894157,-0.037152912,-0.042513962,-0.047962236,-0.054683416,-0.06034295,-0.068572652,-0.061337773,-0.077325314,-0.082794362,-0.089359011,-0.09796486,-0.106054801,-0.11436102,-0.125629907,-0.131236414,-0.138998034,-0.145526838,-0.146910763,-0.151992245,-0.156662732,-0.156635637,-0.1575523,-0.151058753,-0.146001919,-0.143637228,-0.136944883,-0.136679109,-0.132983233,-0.130252108,-0.137888908,-0.128718514,-0.140410053,-0.143986988,-0.136824438,-0.140776738,-0.162538206,-0.213679209,-0.199828609,-0.204620964,-0.150444219,-0.184964666,-0.212074473,-0.256184651,-0.277104214,-0.30820381,-0.365029562
1,1,1,1,1,1,0,1,0,0,0,1,1,1,1,1,0,1,1,0,0,0,1,0,1,0,1,1,0,0,0,0,1,0,0,0,0,0,0,1,1,1,1,1,1,0,0,1,0,1,0,0,0,0,0,0,0,1,1,0,0,1,1,1,0,1,1,0,1,1,0,0,1,1,0,0,1,1,1,0,1,1,1,1,1,0,1,1,0,0,1,1,1,0,0,0,1,1,1,0,-0.057873194,-0.042244687,-0.017799388,-0.023179915,-2.087031675,-0.080715803,-0.046637485,-0.074086825,-0.25028457,-0.651743783,-0.75741442,-3.14912068,-0.750594359,-0.901832254,-0.703123812,-0.385620668,-0.257408133,-0.23870833,-1.644243615,-0.455037051,-0.410243338,-11.45854312,-0.589133491,-1.237457942,-1.790314067,-5.438642056,-3.055122565,-1.557905152,-0.985774867,-0.596388909,-1.290222045,-2.222253908,-1.787126684,-0.360095822,-0.336023836,-0.789441456,-0.488731731,-0.719745547,-4.055241682,-2.494019831,-1.186830902,-1.158516394,-0.981768192,-0.68736371,-2.106789203,-3.115677238,-1.146884414,-1.627468202,-4.139495931,-10.66188307,-6.047283874,-4.206243216,-5.830455669,-3.378468559,-1.969034058,-1.791241426,-3.657803461,-6.864895849,-4.237107862,-1.909214535,-1.673419093
1,0,0,1,0,1,1,0,0,0,1,0,0,0,1,1,0,0,1,0,1,1,0,0,1,1,1,1,1,0,1,1,0,0,0,0,1,0,1,0,1,1,0,1,0,0,0,1,1,0,0,1,0,0,0,1,1,0,0,1,1,1,1,0,0,0,0,1,1,1,1,1,1,1,1,0,0,1,1,1,0,1,0,0,0,0,0,0,0,1,0,0,0,0,0,0,1,0,0,1,-0.040420118,-0.015299972,-0.052283489,-0.905596491,-0.027288822,-0.016193554,-0.012890741,-0.023838207,-0.021193805,-0.028487316,-0.038332224,-0.160911155,-0.078894842,-0.118328417,-0.267134236,-1.295219652,-0.600736283,-6.078474085,-0.228883894,-0.13792307,-0.325204597,-0.091107474,-0.211824193,-2.620927047,-3.865065405,-1.623302865,-0.48933746,-0.240903698,-0.15905173,-0.124057918,-0.114225366,-0.174169621,-0.473294147,-2.071659233,-1.712887101,-0.85690858,-0.613531777,-0.558803786,-0.895178739,-15.73564824,-0.883348751,-0.538336489,-1.329784868,-0.751978781,-1.095038268,-10.08748209,-0.599878183,-3.532103024,-2.859479105,-0.763829413,-0.354827134,-0.337327776,-0.501995645,-0.582254172,-0.92369149,-1.524924617,-1.488584129,-1.780054565,-1.88609009,-1.246111955,-0.881660151
0,1,1,1,0,0,0,0,0,0,0,0,1,0,1,0,1,0,1,0,1,1,0,1,0,0,1,0,1,0,0,0,0,0,0,1,1,0,1,1,0,1,0,1,1,0,0,1,0,0,0,0,0,1,1,0,0,0,1,0,1,1,0,1,0,0,0,1,1,1,0,0,0,0,1,0,0,1,1,1,1,1,0,0,0,1,1,1,0,1,0,1,0,1,1,1,1,0,0,0,-0.024181828,-0.023299919,-0.024152811,-0.026836737,-0.031095387,-0.037319903,-0.046535081,-0.058830889,-0.078359363,-0.109440867,-0.196065077,-0.259824419,-0.598636348,-2.366019805,-0.15051513,-0.089201273,-0.121980683,-0.129675286,-0.096220516,-0.081010501,-0.065826494,-0.040099361,-0.036843234,-0.06195132,-0.244135625,-3.237490199,-2.436448381,-0.582768188,-0.333259339,-0.25013226,-0.32423272,-0.289354774,-0.438597008,-1.139820461,-8.665478579,-2.328182893,-0.718554404,-0.500214789,-2.455965804,-5.61880849,-1.452546992,-0.879495487,-0.768978085,-0.780126682,-0.840255663,-0.90810307,-1.112539294,-1.705396151,-3.384989857,-4.790466945,-3.138759836,-2.308462448,-2.000113186,-1.874417032,-1.898388752,-1.859747987,-1.786642345,-1.967853403,-2.247012983,-2.665018385,-3.384389541
1,0,0,0,0,1,0,0,1,0,1,0,0,1,0,0,1,0,1,1,1,0,1,0,0,1,0,1,1,0,0,0,0,1,1,1,1,0,1,0,0,0,0,0,1,0,1,1,0,0,1,1,1,1,1,0,0,1,0,1,1,0,1,1,0,1,1,1,1,1,0,0,0,1,0,0,0,0,1,0,1,1,1,0,1,0,0,0,0,0,1,1,0,1,1,0,0,0,0,0,-0.018675783,-0.018706404,-0.02287666,-0.025247869,-0.024330384,-0.023976241,-0.021346473,-0.02513191,-0.016990442,-0.015928816,-0.017068868,-0.020164996,-0.024623236,-0.027255081,-0.045552746,-0.059240362,-0.047526036,-0.050269969,-0.060310915,-0.09575124,-0.116697006,-0.102297253,-0.199794722,-0.883281367,-2.368493881,-0.570633053,-0.281150234,-0.210542994,-0.196966601,-0.227864184,-0.411591817,-5.009111211,-0.659627996,-0.263397633,-0.241541256,-0.228100723,-0.239744955,-0.310544344,-0.261225261,-0.280315255,-0.306456814,-0.330013149,-0.345162472,-0.384838184,-0.382719737,-0.404428319,-0.414952449,-0.440917547,-0.440221573,-0.366534599,-0.451850637,-0.502880456,-0.546824945,-0.570020017,-0.614561037,-0.565085529,-0.664786048,-0.694361264,-0.764957,-0.801459434,-0.82266074
1,0,0,1,1,0,1,1,1,1,0,0,1,0,0,1,0,0,0,0,0,1,0,0,1,0,0,1,1,0,1,0,0,0,0,1,0,0,1,1,0,1,1,1,0,0,0,0,1,0,0,0,0,0,0,0,1,1,0,0,1,0,1,1,1,1,0,0,0,0,0,0,1,0,0,0,1,0,1,0,0,1,1,0,1,0,0,0,0,0,0,1,1,1,0,0,0,0,1,1,-0.017929733,-0.028780788,-0.049207813,-0.086099531,-0.134635939,-0.171774539,-0.157139171,-0.133607594,-0.13639304,-0.218076428,-2.138588055,-0.033430965,-0.049149384,-0.058278069,-0.071265527,-0.096382512,-0.159774146,-0.2609778,-0.258406251,-0.186233134,-0.143246844,-0.135818816,-0.627310412,-0.328540795,-0.186023891,-0.244314017,-0.339347937,-0.538750113,-1.185267784,-8.527493388,-2.955941594,-3.169772893,-3.046498743,-3.154209829,-2.232106513,-1.374362818,-1.612713899,-0.824426299,-0.995614073,-3.413646059,-3.312770549,-1.475574379,-0.941959604,-0.724287788,-0.695490491,-0.744136756,-1.600191855,-0.99876729,-2.550174191,-1.977124054,-0.511272462,-0.468586847,-0.64861538,-2.402107511,-1.723087607,-0.777216342,-0.362217852,-0.458066464,-0.698657201,-1.814513328,-11.82880293
1,1,0,0,0,0,1,0,1,1,0,0,0,0,0,1,0,1,1,1,1,1,1,1,0,0,1,1,0,1,0,0,1,0,0,1,1,0,1,0,1,1,0,1,1,0,0,0,1,0,1,1,1,0,0,1,1,0,1,1,1,0,0,0,1,1,1,1,1,1,0,1,1,0,1,1,1,1,0,0,0,1,0,1,0,0,0,1,0,0,1,0,1,1,0,1,1,0,1,1,-0.061829322,-0.110286426,-0.384558289,-0.03231597,-0.107278189,-0.030000043,-0.022171935,-0.021295507,-0.031425972,-1.051768039,-0.226407864,-3.645607833,-0.085914162,-0.388942096,-0.049174327,-0.138653494,-0.051627559,-0.071642415,-0.121981087,-0.093492988,-0.112510426,-0.096014396,-0.13591097,-0.160547559,-0.208931442,-0.232875937,-0.315799519,-0.455293098,-0.886585234,-6.328916306,-2.407502244,-3.247827271,-5.866748333,-8.212679748,-0.86334444,-5.648498989,-0.83249389,-1.604940154,-6.631945478,-2.183748152,-3.453210944,-3.867582088,-2.790971567,-2.272899515,-2.374023412,-9.200951281,-3.317792091,-2.101332736,-2.139835615,-1.776415698,-2.1124765,-5.282796182,-1.854541681,-2.502838072,-18.07124566,-2.133415979,-1.325844415,-2.301751377,-4.060266037,-7.656390556,-11.2929816
1,0,1,0,1,1,1,1,0,1,0,1,1,0,1,1,0,0,1,1,1,0,0,1,0,0,0,1,0,1,1,1,0,0,1,0,1,1,0,0,1,1,0,0,0,0,1,1,1,0,1,1,1,1,1,0,1,0,1,1,1,1,1,0,1,1,0,0,0,1,0,0,0,0,1,0,0,1,0,0,1,1,1,0,0,0,1,0,1,0,0,0,0,1,0,0,1,0,1,1,-0.070757617,-0.051576991,-0.169761572,-1.750227016,-0.035851254,-0.036357476,-0.039164234,-0.04877796,-3.146461606,-0.191215793,-0.306596475,-2.979153966,-0.628659124,-0.409665515,-0.794373756,-0.399112336,-0.454342411,-0.883329339,-1.82150337,-0.737202524,-10.17920193,-0.848123704,-0.459823278,-4.766553762,-9.646020953,-1.01127422,-1.009359242,-20.4428876,-2.34487737,-20.9174822,-1.39001077,-0.396526085,-0.202507933,-0.789534334,-16.38997814,-1.080809216,-0.622291701,-3.147235708,-0.681967666,-0.674899844,-0.509255308,-6.23543958,-4.244257198,-3.077863562,-1.788924752,-7.582058925,-1.304152396,-6.537547016,-3.705528875,-2.831085131,-1.724902403,-6.545278965,-7.927454211,-9.285787334,-3.481276541,-0.97277178,-0.914455558,-1.762376897,-1.491571467,-2.024070789,-1.415711394
1,0,0,1,0,0,0,1,1,1,0,1,1,1,0,0,0,0,1,0,1,1,0,0,1,0,0,0,1,1,1,1,1,1,1,0,0,0,0,0,1,0,1,1,1,0,1,0,0,0,0,0,1,0,1,1,1,1,1,1,0,0,0,1,1,1,0,1,0,0,1,0,0,1,1,1,0,0,0,0,0,1,1,0,1,0,0,0,1,0,0,0,0,0,1,0,1,1,1,0,-0.006108765,-0.003431383,-0.004207218,-0.005049389,-0.00642522,-0.007655259,-0.01019859,-0.046922484,-0.014060455,-0.017269874,-0.020560252,-0.024509584,-0.026209146,-0.029297199,-0.033608815,-0.035804063,-0.041945921,-0.053113519,-0.058626121,-0.06017012,-0.059739935,-0.068373409,-0.082289246,-0.078205235,-0.088472745,-0.103061969,-0.112666134,-0.110262581,-0.125155007,-0.129013925,-0.13525101,-0.142991348,-0.144566358,-0.147834189,-0.153850418,-0.146649767,-0.154457207,-0.152753989,-0.14741776,-0.120473396,-0.12890328,-0.129807026,-0.135834824,-0.121894389,-0.124329807,-0.13082107,-0.138808741,-0.149570578,-0.129113275,-0.119158655,-0.149028678,-0.16225298,-0.170622811,-0.188842039,-0.206579223,-0.217714881,-0.231850581,-0.251357424,-0.298220421,-0.350427247,-0.34431555
1,0,0,1,0,1,1,0,0,0,0,1,0,1,1,0,0,0,1,0,0,0,1,1,0,1,0,0,1,0,0,0,1,1,0,1,0,0,0,0,0,1,1,1,1,1,0,0,1,0,1,1,0,0,0,1,1,1,0,0,1,1,0,0,1,1,0,1,1,0,0,1,0,0,0,1,1,1,1,0,1,1,1,0,1,1,1,1,0,1,0,1,1,1,1,0,1,1,0,0,-0.090027262,-0.106051893,-0.020811838,-0.028471799,-0.049992968,-0.047176563,-0.109016693,-4.016475881,-0.089622871,-0.122817777,-0.748266195,-1.149330578,-4.84373038,-2.045523847,-0.859907572,-0.429162974,-0.263328242,-0.187510926,-0.187821008,-0.779657538,-0.152722346,-0.246745861,-0.709314982,-0.308259995,-0.478425605,-1.168959148,-9.22034669,-0.654960322,-1.843195068,-2.455829897,-4.278682311,-5.294585082,-11.499963,-4.532505669,-3.915202529,-4.2368396,-1.703562123,-1.272861811,-1.81521739,-2.250872237,-2.267879125,-1.996367924,-6.263318568,-1.993713667,-4.118438608,-1.497062669,-0.601912163,-0.475528427,-0.426649821,-0.440784192,-0.499431275,-0.86596208,-2.770363596,-0.953463316,-0.997926686,-0.824198923,-0.747302835,-1.119879301,-0.526483788,-0.298851299,-0.283432671
0,1,0,0,0,1,0,0,1,0,1,0,0,0,0,1,0,1,0,0,1,1,0,0,1,0,1,0,0,0,0,0,1,0,1,0,1,1,1,0,1,1,0,1,0,1,0,1,1,0,0,0,1,1,1,0,0,0,0,0,0,1,0,1,1,0,0,1,1,0,0,0,1,0,0,0,0,1,0,1,0,0,1,1,0,1,1,1,1,0,1,0,0,1,0,0,0,0,1,0,-0.007180451,-0.007568733,-0.008521036,-0.008769963,-0.027427234,-0.02725779,-0.040588046,-0.1264607,-0.124170902,-0.065868856,-0.092750357,-1.856870273,-0.075041932,-0.064740067,-0.069953062,-0.089325406,-0.117216717,-0.137933661,-0.13513108,-0.117965217,-0.100379789,-0.084910805,-0.089685936,-0.130448753,-0.397094872,-1.14232747,-0.153476996,-0.079226863,-0.087232976,-0.163375161,-9.505283595,-0.651461434,-0.503472974,-0.697814994,-1.017692591,-1.876918649,-9.351693999,-7.481409076,-4.430751862,-5.238981312,-4.529816426,-1.602931222,-1.085959481,-0.869799368,-0.763574262,-0.710685276,-0.648473989,-0.626891812,-0.618127229,-0.648142539,-1.702479584,-0.910393071,-0.883151477,-0.808838597,-0.816011353,-0.835777181,-0.890522862,-1.051166459,-1.217532063,-1.435614245,-1.900174255
0,0,1,1,0,1,1,1,0,1,1,0,1,0,0,0,0,0,0,0,0,1,1,0,0,0,1,1,0,0,1,0,0,0,1,0,1,1,0,1,1,0,1,1,0,1,1,0,0,1,0,1,1,0,0,1,0,0,0,1,1,0,1,1,1,0,1,1,0,0,1,0,1,1,1,0,0,0,0,0,1,1,0,1,1,0,0,1,0,0,0,1,0,1,1,1,1,1,0,0,-0.003051796,-0.003606384,-0.004344214,-0.005620294,-0.006097376,-0.007888837,-0.009874461,-0.012188098,-0.014954562,-0.018081202,-0.021114252,-0.024109314,-0.027043972,-0.019403609,-0.032201641,-0.036420854,-0.041846672,-0.048195692,-0.053096323,-0.056601447,-0.067846768,-0.071675513,-0.077041838,-0.082972267,-0.089812667,-0.098189058,-0.107139578,-0.114912845,-0.125122912,-0.138133108,-0.16050506,-0.13778035,-0.143845597,-0.148238026,-0.151596028,-0.154155229,-0.154482743,-0.14692322,-0.146431716,-0.137274133,-0.135101366,-0.130076644,-0.132661194,-0.133179813,-0.133366038,-0.136728848,-0.141255211,-0.155044782,-0.157931671,-0.165778421,-0.183348689,-0.194411626,-0.225533962,-0.228344093,-0.192785042,-0.220030569,-0.288315987,-0.228509359,-0.230394378,-0.250000473,-0.297828789
0,0,1,0,1,0,1,1,0,0,1,1,0,0,0,1,0,0,1,1,0,0,1,0,1,1,1,1,0,0,0,1,0,0,1,0,0,1,0,1,1,0,0,1,1,0,0,1,0,0,0,1,0,1,0,0,1,0,0,1,1,1,0,0,0,1,1,0,1,1,0,1,1,1,1,1,1,1,1,0,1,0,0,1,0,0,1,1,1,1,0,0,1,0,1,1,0,0,1,0,-0.008128864,-0.010131789,-0.012823368,-0.016279306,-0.02094773,-0.027725161,-0.036949127,-0.059419033,-0.105753756,-0.252616588,-1.014561591,-1.315356732,-0.701510306,-0.736394509,-3.06335593,-0.181326928,-0.063807043,-0.05312911,-0.051215165,-0.057818372,-0.052377113,-0.058042999,-0.074137303,-0.083530589,-0.109133822,-0.152602845,-0.214212778,-0.376279537,-0.67346852,-1.116368213,-2.531713154,-5.873106966,-4.312543831,-3.013545551,-2.880037461,-1.541824933,-1.078208079,-0.80048351,-0.618789033,-0.492949529,-0.427752103,-0.385768172,-0.364764842,-0.361357278,-0.374811837,-0.43781634,-0.828308908,-1.126060521,-2.050613025,-9.509629155,-1.05212636,-0.577470758,-0.517368559,-0.507005655,-0.521763465,-0.643917697,-0.90554532,-1.374843495,-2.736151911,-9.421462164,-6.549238811
1,1,1,0,0,0,1,0,0,1,1,1,0,0,0,0,0,1,1,0,0,0,1,1,0,1,1,0,1,0,1,0,0,1,1,0,1,0,1,1,1,1,0,1,1,1,1,1,1,1,1,1,0,0,1,0,0,1,1,0,1,0,0,1,1,0,0,1,1,0,1,0,1,0,1,0,1,1,1,1,1,0,1,1,1,0,0,0,0,0,1,1,0,1,1,0,1,1,1,1,-0.007648693,-0.00653485,-0.008305522,-0.368612266,-0.048581505,-0.045413107,-0.048123268,-0.074661501,-0.171377148,-0.16180504,-0.284946363,-0.518230271,-0.591217865,-0.507688359,-1.462345052,-0.2765094,-0.28454651,-0.989522989,-0.587864685,-0.406714403,-0.107090712,-0.120708955,-0.135237278,-0.121135541,-0.169959289,-0.375241626,-0.261871287,-0.424702925,-1.739935774,-1.322854965,-0.38946157,-0.269333129,-0.231088975,-0.291752753,-0.657967787,-0.412261597,-0.726441751,-1.906631588,-3.600077547,-1.70133357,-0.453265021,-0.266674315,-0.669197548,-0.351410436,-0.267663095,-0.343262406,-0.354336474,-5.432433284,-0.984554098,-0.489858191,-0.390841207,-0.471521544,-0.377689666,-0.364600436,-0.353116097,-0.363947165,-0.439872276,-0.589084514,-0.603903064,-0.75365431,-0.975432817
1,1,0,0,0,1,0,1,0,0,0,1,0,0,1,1,1,0,1,1,0,1,1,0,0,1,1,0,0,1,1,1,1,1,0,0,0,0,0,1,1,0,0,0,0,0,0,1,0,0,0,1,0,1,0,0,0,1,1,1,0,1,0,1,0,1,0,0,1,1,1,1,1,0,0,0,0,1,1,1,1,1,1,1,0,1,0,1,0,1,0,1,0,1,1,0,1,0,0,1,-0.052858444,-0.061339681,-0.023760238,-0.018389342,-0.018022786,-0.017906735,-0.019014798,-0.019742411,-0.047881424,-0.414636251,-0.228803996,-0.250532236,-0.398141476,-1.056749451,-2.886124344,-0.941282335,-0.567049243,-1.294088377,-0.932329048,-0.205251636,-0.132641234,-0.1608298,-0.26478215,-0.672427953,-3.411370893,-7.014642778,-1.780603093,-0.935523204,-0.753227492,-0.630683653,-0.783248826,-1.448849688,-1.534434469,-4.997935209,-2.557594998,-1.720636072,-20.62341071,-2.273191156,-5.935273303,-2.00429559,-0.774609958,-1.25861126,-1.242702455,-0.866624606,-0.911008256,-1.016480772,-1.154540253,-1.343216618,-1.597432073,-2.038315119,-2.910531248,-3.427513502,-2.739518283,-2.024113125,-1.633876028,-1.763808814,-2.24231913,-1.427673342,-1.054316709,-1.797533529,-1.347501769
0,1,1,1,0,1,1,1,1,0,1,0,1,1,1,0,1,0,1,1,0,1,1,0,0,1,1,1,1,0,0,0,0,0,0,1,1,0,0,0,0,1,1,1,0,1,1,1,0,1,1,0,0,1,0,0,0,0,0,0,0,0,0,1,0,0,0,0,1,1,1,0,1,1,0,0,0,0,0,1,0,1,0,1,1,0,1,1,0,1,0,0,0,1,0,0,1,0,1,0,-0.026234542,-0.287688195,-0.055201442,-0.117482441,-0.140608628,-0.181727764,-0.127317303,-0.180565182,-0.300691261,-0.04566885,-0.095343693,-0.228966076,-0.722953879,-1.144389547,-0.785489127,-0.2319672,-0.184785397,-2.488277141,-0.19207007,-0.115819829,-0.280434464,-0.837956858,-1.255597347,-1.0660353,-0.189774977,-0.186447015,-0.492509464,-0.368990794,-0.619442308,-0.912699199,-2.467777124,-2.218615178,-0.563025734,-5.844232628,-0.647654444,-0.75666843,-4.00211712,-1.715360284,-5.861285191,-3.295000049,-2.149861703,-10.22968481,-3.498860788,-6.381846224,-0.879871759,-0.790687136,-13.71440253,-5.901468945,-21.01006488,-3.511268841,-1.141551345,-1.075351501,-5.717353139,-1.848679957,-0.967978234,-0.691870676,-0.810267962,-1.483803128,-7.811577416,-3.905918441,-6.800197608
0,1,0,0,0,0,1,0,1,0,1,0,1,0,1,1,1,1,0,0,1,0,0,1,0,0,0,0,0,0,0,1,1,1,0,1,1,0,1,0,1,0,1,1,1,1,0,1,0,1,1,1,1,0,0,0,0,1,0,0,0,1,0,1,1,1,1,1,1,1,1,0,1,0,1,1,0,1,0,0,0,1,0,0,0,0,0,1,1,0,0,0,0,1,1,0,1,0,1,1,-0.011594003,-0.011298198,-0.013103184,-0.021703648,-0.06755585,-0.024519113,-0.035263928,-0.063877097,-0.2071622,-1.362228055,-0.11258859,-3.128515789,-0.186569584,-0.308183928,-1.625060468,-1.134908551,-0.125419199,-0.089530599,-0.120003737,-0.246872624,-0.759876899,-1.35950781,-0.922135385,-3.038337497,-0.948059519,-0.291429765,-4.479406118,-0.417704667,-0.206414842,-0.130346422,-0.103862099,-0.090024327,-0.086560144,-0.133631826,-0.732458536,-0.394179174,-0.108247683,-0.112270739,-0.150521897,-0.195598743,-0.455715461,-1.551170872,-1.123704733,-0.764726686,-1.130678667,-2.073852116,-3.416675211,-2.392684611,-3.302327382,-1.644313524,-0.81513988,-0.622304244,-0.506493623,-0.419822412,-0.394399755,-0.372967446,-0.353773777,-0.336494703,-0.311857572,-0.307841799,-0.354452797
0,1,1,0,0,0,1,1,1,1,1,0,1,0,0,0,0,1,1,0,1,1,1,0,0,0,1,0,1,1,0,1,1,1,1,0,0,0,1,1,1,0,1,1,1,0,0,0,1,0,0,1,0,0,0,1,0,0,1,1,1,1,1,0,0,0,1,1,1,0,0,0,1,0,0,0,1,1,1,1,1,0,0,0,1,1,1,0,0,0,0,0,1,0,0,1,1,0,0,0,-0.002951508,-0.003539585,-0.00426459,-0.005233189,-0.006530847,-0.0080026,-0.009942162,-0.012205107,-0.015071632,-0.01802588,-0.021111282,-0.02380059,-0.026368661,-0.029647797,-0.034721516,-0.039046566,-0.046243346,-0.047084585,-0.054315599,-0.061265803,-0.066071765,-0.072534422,-0.074266147,-0.082239711,-0.089391817,-0.097475816,-0.10588759,-0.120449844,-0.129962972,-0.137714687,-0.148200849,-0.120362618,-0.145213694,-0.152397833,-0.132977631,-0.14488428,-0.144022544,-0.14050914,-0.139436883,-0.129155887,-0.128682222,-0.128136791,-0.125581505,-0.121987894,-0.123100122,-0.127888577,-0.130620706,-0.132545452,-0.140839687,-0.153002218,-0.162631992,-0.165416138,-0.185094927,-0.198850305,-0.211034719,-0.226436189,-0.253022465,-0.281546318,-0.3614494,-0.349464705,-0.374276242
0,1,0,0,1,1,1,0,0,0,0,1,0,0,0,1,0,1,0,0,1,1,0,1,0,1,1,0,0,1,0,1,0,0,1,1,1,1,0,0,1,0,1,1,0,0,1,0,0,1,1,1,0,0,0,1,1,1,1,1,0,1,1,0,0,1,1,0,0,0,1,0,1,0,0,1,0,1,0,0,0,1,1,0,1,0,0,0,0,1,0,1,1,1,0,1,0,0,1,0,-0.007251902,-0.009331868,-0.010115545,-0.012606661,-0.014739268,-0.017384574,-0.02027649,-0.024447656,-0.029524449,-0.036761099,-0.044695655,-0.056667174,-0.095019886,-0.107737038,-0.155664348,-0.22397854,-0.320372124,-0.436197303,-0.527830162,-0.547776617,-0.544006564,-0.457438017,-0.371016116,-0.297610863,-0.240953464,-0.202973474,-0.180767984,-0.13780537,-0.130377575,-0.123534973,-0.118158784,-0.105851316,-0.106822327,-0.10788626,-0.109148121,-0.122954426,-0.134564636,-0.164350996,-0.18573031,-0.223930954,-0.269384847,-0.345351065,-0.495891456,-0.79443987,-1.228559991,-1.819133327,-2.716930079,-3.496747455,-2.457304212,-1.807773256,-1.374793012,-1.127646113,-0.980647256,-1.020603965,-0.99830333,-1.230188056,-1.307996941,-1.405452865,-1.655700916,-2.209845136,-3.259748944
1,1,1,1,1,1,0,0,0,0,0,1,0,1,0,0,1,1,1,1,0,1,0,0,1,0,0,1,0,1,0,0,1,0,1,1,1,1,0,1,1,0,1,1,1,1,0,0,1,1,0,1,0,0,1,0,1,0,0,0,0,1,1,1,0,0,0,0,0,0,0,0,0,1,1,1,1,1,1,0,0,1,0,0,0,1,0,1,1,1,1,1,0,0,1,0,1,1,1,0,-0.00289138,-0.003520365,-0.004265881,-0.005244302,-0.006530804,-0.008566155,-0.009679701,-0.012204532,-0.015012992,-0.018250699,-0.021427512,-0.025142037,-0.029059529,-0.045734449,-0.026718047,-0.034351734,-0.040142158,-0.050795343,-0.05242498,-0.058812795,-0.065044015,-0.077574477,-0.074522996,-0.080434911,-0.086955553,-0.094685994,-0.106016372,-0.112999336,-0.120682642,-0.129738686,-0.141905798,-0.144836869,-0.150051599,-0.160902705,-0.155542628,-0.152406188,-0.15411399,-0.146512998,-0.12527438,-0.13979059,-0.137226685,-0.137781018,-0.145856505,-0.118370569,-0.129673664,-0.132359297,-0.130004892,-0.135642234,-0.139715353,-0.149759692,-0.161219328,-0.171521619,-0.180679955,-0.196038539,-0.191182979,-0.208510456,-0.226293941,-0.257074996,-0.269925614,-0.264263718,-0.362107613
0,1,0,0,1,1,0,0,0,0,0,1,1,0,0,0,1,0,0,1,1,0,1,1,0,1,1,1,1,0,0,1,0,1,1,0,0,1,1,0,0,0,0,1,1,0,0,0,1,1,0,0,0,0,1,0,1,0,1,0,1,1,0,1,0,0,1,0,0,1,0,1,1,0,0,0,0,0,0,1,1,1,0,0,1,0,1,1,0,1,0,1,1,0,0,0,0,0,0,0,-0.00573346,-0.005946705,-0.01697783,-0.00923924,-0.01090242,-0.012734435,-0.014636114,-0.01715257,-0.019953733,-0.023170438,-0.02707572,-0.026283833,-0.029979891,-0.03132344,-0.031512072,-0.027852377,-0.030593276,-0.031008722,-0.031781137,-0.033429735,-0.032307227,-0.03433424,-0.034786554,-0.036076996,-0.037674201,-0.039576754,-0.044686176,-0.053946544,-0.055854984,-0.061362749,-0.071137041,-0.075599986,-0.103392211,-0.105503634,-0.128374734,-0.130264487,-0.149612045,-0.173732015,-0.19920352,-0.220763661,-0.244784632,-0.270516892,-0.29730279,-0.274240331,-0.321330991,-0.334766008,-0.349834749,-0.370633101,-0.388767425,-0.426564967,-0.468955464,-0.463364193,-0.555558573,-0.541140844,-0.554206427,-0.55676263,-0.59903774,-0.671138625,-0.739757314,-0.865354537,-0.969274742
0,0,1,0,0,1,1,1,1,0,1,1,1,1,0,1,1,0,1,0,1,0,1,0,1,0,0,0,0,0,0,1,1,0,0,1,0,0,0,1,0,1,1,1,0,0,1,0,0,1,0,0,0,0,0,1,0,1,1,0,1,0,0,0,0,1,0,0,0,1,1,0,0,1,1,0,1,1,0,1,1,0,0,0,0,0,0,0,0,1,0,0,1,1,1,0,1,0,1,0,-0.008960479,-0.218680357,-0.034248322,-0.014358973,-0.009286431,-0.052565443,-0.257142027,-0.135215591,-0.150624648,-0.13890961,-0.147566315,-0.35421502,-0.928421556,-0.851481394,-0.178578314,-0.27529439,-0.656135006,-0.672363675,-0.541366872,-3.992355032,-0.896307763,-0.675647178,-1.34886211,-0.5461949,-0.419804098,-0.45907021,-0.174394138,-0.170657035,-0.471099199,-5.027260032,-1.544232808,-0.508430503,-0.917676965,-1.69305617,-0.879478358,-0.809554422,-1.036183391,-1.580601365,-2.084249442,-3.178924131,-4.486712769,-1.787573444,-1.160729092,-1.255589237,-1.696103484,-2.390207102,-2.89839629,-2.815077828,-2.613875702,-3.03332372,-5.578674819,-14.40784611,-3.927493848,-1.889315479,-1.044725399,-0.837890225,-0.980959419,-2.436008035,-7.767477291,-1.097384386,-0.515707208
1,0,0,1,1,1,1,1,1,0,0,0,1,0,0,0,0,1,0,1,0,1,0,1,1,1,0,0,1,0,1,1,1,1,0,0,0,0,0,1,0,1,1,0,0,0,0,1,1,1,1,0,0,1,0,1,0,1,0,1,1,1,1,0,0,0,1,1,0,0,0,0,0,1,1,1,0,1,0,0,0,1,0,1,1,0,0,0,0,1,0,0,1,1,1,1,1,1,1,1,-0.058527475,-0.005248235,-0.008557229,-0.033364369,-0.039460671,-0.021249574,-0.022484287,-0.069414744,-0.190780293,-1.39749749,-0.169972973,-0.122136934,-1.939267332,-0.425939619,-12.91886032,-0.161832158,-0.253800992,-1.22586004,-1.530999352,-0.988895946,-2.396281966,-0.385645034,-0.2848197,-0.48267513,-4.315076911,-0.214679144,-5.110908698,-0.157328358,-0.21476456,-0.45893925,-1.661015536,-5.16177504,-3.566887697,-0.898651876,-0.525134321,-0.766941687,-0.60628641,-5.803427281,-0.816915794,-0.875121054,-0.270268944,-0.309334677,-1.113903468,-5.448388733,-0.434736112,-0.291591007,-0.401548834,-3.017958667,-3.097369525,-1.051450066,-1.089414689,-2.021598064,-3.860573012,-10.39040123,-7.276839666,-1.734141614,-1.118358655,-1.11687156,-1.075322518,-2.101625824,-8.780063142
1,0,1,1,1,1,0,1,1,0,1,0,1,0,0,0,1,1,1,0,1,1,0,1,1,0,0,1,1,0,0,0,0,1,1,0,1,0,0,0,1,1,0,1,1,1,1,1,0,1,0,1,0,0,0,1,0,0,0,0,1,1,1,0,0,1,1,1,0,0,0,0,0,0,1,0,1,0,0,0,0,1,1,0,0,1,0,1,1,1,1,1,0,1,0,0,0,1,1,1,-0.087049305,-0.011459979,-0.027203039,-0.022959019,-0.553142045,-0.034096314,-0.110723154,-0.115721888,-0.042186589,-0.194951852,-0.349616171,-1.127103626,-1.228425085,-0.25166139,-0.812418915,-3.047248363,-0.589894533,-0.421354057,-9.328516634,-0.392265286,-0.254646525,-3.244462011,-0.200033294,-0.083446962,-0.09932894,-0.182357266,-0.359361845,-0.945165473,-4.115619658,-4.428165112,-0.39592705,-0.243487775,-0.285752829,-1.915410221,-2.026516278,-1.309932963,-0.929967713,-1.213458376,-3.629324628,-7.239569464,-5.815793849,-3.557581863,-11.51847636,-1.363449748,-4.031454365,-1.638000564,-1.561942794,-18.47375043,-2.505668568,-2.84312415,-2.812894979,-9.852994523,-9.030141398,-3.28580619,-1.881355906,-2.157617078,-2.260009848,-1.883945437,-2.206994175,-2.738660878,-3.563582514
0,1,0,1,1,1,0,1,1,0,1,1,1,1,1,0,0,1,1,0,0,0,0,1,1,1,0,1,0,1,0,0,1,0,1,0,0,0,1,1,0,0,0,0,1,1,1,1,1,0,1,1,1,0,0,0,1,1,1,0,1,1,1,0,0,0,1,1,0,0,1,1,1,0,0,0,1,1,1,1,0,0,0,0,0,1,0,0,0,1,1,1,0,1,1,1,1,0,1,0,-0.156779177,-0.108062631,-0.075117508,-0.178775359,-0.10993391,-0.04083764,-0.036989387,-0.144240338,-0.508641632,-2.692662391,-0.10907332,-0.547475238,-0.186221285,-0.400759717,-1.422901016,-0.275124766,-0.087144272,-0.055861194,-0.042938431,-0.039514165,-0.079557415,-0.058366028,-0.12648892,-0.698007645,-0.361101348,-0.112742947,-0.075134716,-0.218104001,-1.07854671,-0.169632433,-0.113782333,-0.303019058,-0.095135955,-0.108435096,-0.189694681,-0.497292333,-0.079293969,-0.087855705,-0.484315574,-0.127360448,-0.131183734,-0.142038722,-0.158704857,-0.173510221,-0.186479926,-0.209642444,-0.224737907,-0.287994417,-0.250984488,-0.271434952,-0.297431124,-0.325374844,-0.367333503,-0.411559673,-0.448797615,-0.518007343,-0.592663055,-0.697270231,-0.849989258,-1.144813786,-1.69221181
1,1,0,0,1,0,0,0,0,1,0,0,0,1,0,1,1,1,1,1,1,0,0,0,0,0,0,1,0,0,1,1,1,0,1,0,0,1,0,0,0,1,0,1,1,0,0,1,1,1,0,0,1,0,1,0,0,1,0,0,1,1,0,1,0,1,0,1,1,0,0,1,1,0,0,0,1,1,1,0,1,1,0,0,1,1,0,1,1,1,1,0,1,1,0,0,1,0,0,0,-0.008240972,-0.009913357,-0.011899881,-0.014302957,-0.014458311,-0.020688814,-0.025730485,-0.032931126,-0.046196748,-0.065496103,-0.111075114,-0.248905838,-0.71055877,-0.493680351,-0.153419286,-0.095937599,-0.091364579,-0.092022928,-0.0846099,-0.093110066,-0.106266004,-0.124742777,-0.147452628,-0.17364225,-0.205504042,-0.250143875,-0.31532887,-0.411101103,-0.554803156,-0.7636762,-1.069377641,-1.705678042,-2.334189515,-2.687633016,-2.315446452,-1.421125988,-1.059640311,-0.755480903,-0.495156113,-0.375298041,-0.347419715,-0.355093107,-0.3013678,-0.448940247,-0.535864187,-0.621156135,-0.82577717,-1.019007377,-1.234506532,-1.397278409,-1.489421531,-1.62988142,-1.37864601,-1.279840539,-1.202232024,-1.120425115,-0.991961354,-0.918992474,-0.83896577,-0.758370658,-0.728442545
0,0,1,1,0,1,1,0,1,0,0,1,0,0,1,0,0,1,1,0,1,0,0,0,0,0,0,1,0,1,0,1,0,1,1,0,0,1,0,1,1,0,1,1,1,1,1,0,1,1,1,1,1,1,1,0,0,0,0,1,1,0,0,1,0,0,1,1,1,0,0,1,0,1,1,0,1,0,0,0,1,0,1,0,1,0,1,0,1,1,1,0,1,0,1,0,1,1,0,0,-0.012159088,-0.010189198,-0.028257137,-0.328860295,-0.196625923,-0.051232439,-0.074163636,-0.630648233,-0.537185801,-0.328709619,-0.228226353,-0.314166033,-0.865855995,-3.996076668,-0.564111285,-0.920468449,-0.721388296,-0.272394556,-4.035128978,-1.172251151,-1.746482002,-0.709483408,-0.236625107,-0.549319676,-0.154967814,-0.145794342,-0.447026223,-0.245523555,-0.70577011,-0.285641866,-0.241968895,-0.640343183,-0.421525788,-0.639552677,-1.012148532,-1.753105433,-1.715136088,-4.050353421,-1.111113909,-3.553176473,-5.927081188,-1.461092714,-1.42513082,-4.366100991,-2.408296315,-1.33694951,-2.169224561,-4.306507792,-0.883585915,-0.742371531,-4.003045454,-1.935327447,-0.921164805,-0.492943529,-0.554550245,-1.08548604,-0.283709268,-0.27059114,-0.314327314,-0.235958625,-0.32623963
0,0,1,0,1,1,1,0,0,1,1,0,0,1,0,0,0,1,0,0,1,0,0,0,0,1,0,0,1,1,1,0,0,0,0,0,1,1,1,0,1,1,1,1,1,0,1,1,1,1,1,1,0,1,0,1,1,0,0,0,0,1,1,1,1,1,1,0,1,1,0,0,0,0,1,0,1,0,0,0,0,0,1,0,0,1,1,0,0,0,0,0,1,1,0,1,1,1,0,1,-0.00304879,-0.003453821,-0.004160037,-0.005235469,-0.00636969,-0.00807783,-0.010017355,-0.012437731,-0.023541587,-0.017830288,-0.021353535,-0.023802776,-0.026840419,-0.028756642,-0.0328512,-0.037242497,-0.042967987,-0.048374249,-0.055617511,-0.061935257,-0.077574241,-0.067107651,-0.074832312,-0.080695375,-0.087184682,-0.097182577,-0.105397769,-0.109656778,-0.13407641,-0.115903338,-0.128434239,-0.144226414,-0.144767954,-0.149995616,-0.159255661,-0.159055837,-0.15910324,-0.157669436,-0.156497523,-0.156664115,-0.159177497,-0.18606198,-0.115610527,-0.134210115,-0.105239638,-0.11278273,-0.125863937,-0.137728275,-0.149392617,-0.192028349,-0.169977597,-0.214633254,-0.203766045,-0.208377284,-0.137700772,-0.163269839,-0.193129,-0.217061181,-0.245869868,-0.277307031,-0.314588549
0,1,1,0,1,1,0,1,0,1,1,1,0,0,0,1,1,0,1,1,0,1,0,1,1,1,0,1,1,0,0,0,1,0,1,1,0,1,1,0,0,1,0,0,1,0,1,1,1,0,1,0,0,0,0,1,0,1,1,0,1,1,0,1,0,0,1,1,0,0,0,0,0,0,0,0,1,1,1,0,1,1,1,1,1,0,1,1,0,1,1,1,1,0,0,0,0,1,0,1,-0.002913529,-0.003538958,-0.004163957,-0.005167064,-0.006460351,-0.007834244,-0.009926703,-0.012460449,-0.014075995,-0.017844129,-0.020036198,-0.01995253,-0.026062581,-0.029680573,-0.035037874,-0.031527289,-0.040888911,-0.047304444,-0.053805771,-0.060875408,-0.065654007,-0.072336536,-0.076351809,-0.083268674,-0.090025636,-0.097642192,-0.101565212,-0.10082434,-0.12520984,-0.136929981,-0.140525506,-0.147531115,-0.146939429,-0.154592475,-0.153586034,-0.152846576,-0.147144664,-0.149611986,-0.143590189,-0.140891889,-0.136832245,-0.131600974,-0.1295633,-0.129363493,-0.134470134,-0.140831841,-0.143194474,-0.144851662,-0.151827892,-0.158049714,-0.164446826,-0.168104687,-0.196888237,-0.212046033,-0.21962939,-0.23141099,-0.248305941,-0.26985723,-0.31427385,-0.352372528,-0.388338861
1,1,1,0,1,0,1,0,1,1,0,1,1,0,0,1,0,0,1,0,0,1,0,0,1,0,0,0,1,1,1,0,1,0,0,1,1,0,0,0,0,0,1,1,1,1,1,0,1,1,1,1,0,0,0,0,0,0,0,1,0,1,1,0,0,1,1,0,1,0,0,0,1,0,0,1,0,0,0,0,0,0,1,0,0,0,1,0,0,0,1,0,0,1,1,1,1,1,0,1,-0.037438114,-0.109382464,-0.1484384,-0.545187122,-0.039373097,-0.059407156,-0.15899181,-0.731060252,-0.317007022,-0.063149843,-0.060472053,-0.127727449,-1.019406533,-1.864778089,-0.259613389,-0.253806239,-0.36969233,-0.109338197,-0.089142234,-0.192522369,-0.843186586,-2.721043225,-0.134293303,-0.335990996,-0.101349013,-0.069705086,-0.144371734,-2.96377512,-0.972422978,-2.352989907,-1.872770813,-7.705689743,-3.646497198,-2.444903909,-0.721155512,-0.888041314,-4.532837257,-0.832919404,-2.386043881,-0.719714849,-0.416888801,-0.721113844,-5.186442473,-4.239802879,-1.129423465,-0.752526983,-3.956108229,-1.605835452,-1.998981884,-1.262437791,-2.706976097,-0.838136539,-0.655563824,-0.796849641,-4.597163534,-4.617317006,-1.55752858,-1.915767244,-0.763650481,-0.674431306,-2.077462749
1,1,1,0,1,0,0,0,1,0,1,0,1,1,0,1,0,0,1,1,0,1,0,0,0,1,1,0,1,1,0,0,1,0,1,1,0,1,1,0,1,1,1,1,0,1,1,0,0,1,1,0,0,1,0,0,0,0,1,0,0,1,0,0,0,0,0,0,0,1,0,1,1,0,0,0,1,1,1,1,1,0,0,1,1,1,0,0,0,1,0,1,1,1,0,0,1,1,1,0,-0.009128006,-0.062115791,-0.043542784,-0.037727434,-0.062128793,-0.162459595,-1.047081029,-0.513805316,-0.183985105,-2.659527215,-0.449111238,-0.669374371,-0.482212479,-0.622526255,-0.115941697,-0.151181858,-0.738822749,-0.525235988,-0.864965705,-0.682279755,-2.371106755,-1.085459858,-0.376405479,-0.202375889,-0.147235196,-0.174561015,-0.111911599,-0.148280404,-0.23991146,-0.530332968,-2.757115629,-0.795504263,-3.172124598,-0.914873355,-4.901886018,-1.483001409,-0.607510417,-0.612380824,-1.021373269,-3.592774687,-21.42028517,-2.85168591,-1.062011103,-0.554406185,-0.407613913,-0.337924692,-0.324428449,-0.556286857,-0.354627755,-0.49182243,-1.365980077,-0.697581141,-0.3626479,-0.284255833,-0.245804817,-0.22468733,-0.186977824,-0.156018242,-0.150746542,-0.152060317,-0.162719546
0,0,0,0,1,0,0,1,1,0,0,0,0,0,1,0,0,0,0,1,1,0,1,0,0,0,1,0,0,1,0,1,0,1,1,1,1,1,1,0,1,0,1,0,1,1,1,0,0,1,0,0,1,1,0,1,0,1,0,1,0,1,0,0,1,1,1,0,1,1,0,0,0,1,0,1,0,1,0,0,0,1,0,0,1,0,1,0,1,1,0,1,1,0,0,0,1,1,0,0,-0.02132373,-0.06254471,-0.27246169,-0.038957808,-0.210954809,-0.023293219,-0.105748771,-0.120134963,-0.073851489,-0.067522709,-0.084509773,-1.551413534,-0.138867451,-0.389273011,-4.186505351,-0.918637451,-0.22635365,-0.260934764,-0.863201186,-1.762550582,-7.356779978,-1.598604361,-0.872233669,-4.678421137,-0.180499257,-0.192972934,-0.405418815,-5.03286919,-4.959882717,-4.994877047,-3.531126596,-3.8438913,-4.613295568,-14.66501802,-0.800069335,-1.153756818,-0.522953571,-0.361698131,-1.003347733,-0.388127165,-0.321372602,-1.191803908,-1.175254544,-1.533521139,-7.393190547,-5.761386542,-26.20473811,-4.219755882,-4.560101017,-6.507260333,-17.97050167,-15.77169069,-6.575931205,-12.02976726,-8.338596536,-10.24590712,-8.944456085,-7.537171662,-12.78355665,-3.126484681,-3.091759514
0,0,0,1,1,0,1,0,1,0,1,0,0,0,1,1,1,1,1,0,0,1,1,0,1,1,0,1,1,0,1,1,1,1,1,0,1,1,1,0,1,1,0,1,0,0,1,1,1,1,0,0,1,0,1,1,1,1,0,0,1,0,0,1,0,0,0,1,0,0,1,1,0,0,1,0,0,0,0,1,1,1,0,1,0,1,0,1,1,0,0,1,0,0,0,0,0,1,0,1,-0.111598416,-0.815600936,-0.013621337,-0.032386071,-0.039726631,-0.099417826,-0.147927375,-0.141535168,-0.406138616,-0.101839046,-0.083137279,-0.134607203,-0.361776756,-0.422953553,-0.308058444,-0.321124586,-0.294075244,-0.466955652,-1.297148262,-0.91265612,-0.16958337,-0.139221065,-0.180629798,-0.494370802,-1.315655241,-1.287693291,-0.920807386,-2.27310568,-16.08725392,-2.616000379,-4.938824648,-0.554263091,-0.417161089,-0.667427775,-2.892669852,-8.79622072,-5.269294388,-0.776266431,-0.541285334,-2.647849281,-1.402522752,-0.885137772,-7.953412617,-4.180363549,-3.852987453,-1.210017674,-0.682923307,-0.867948586,-4.084732031,-5.229966312,-6.351271378,-4.220329437,-1.925492266,-1.519187146,-2.271945192,-13.91613823,-9.078699016,-4.336360628,-2.551231298,-2.46380045,-2.815263414
1,1,1,0,1,1,0,0,0,1,0,0,0,0,0,1,1,0,0,1,1,1,1,0,1,1,1,1,0,1,1,0,1,1,1,1,1,0,0,0,1,0,0,0,0,1,0,1,0,0,0,1,1,1,1,1,0,1,0,0,1,0,1,0,1,1,0,0,0,1,0,1,0,0,0,1,1,0,0,0,1,0,0,0,1,1,0,1,1,1,1,1,0,0,1,0,1,1,1,0,-0.013334372,-0.0099129,-0.064056145,-0.058850751,-0.19220073,-0.073380263,-0.272755256,-0.028273182,-0.032434516,-0.044057883,-0.033266233,-0.031679334,-0.033226791,-0.035047546,-0.035744484,-0.037236029,-0.0398245,-0.042763555,-0.049921971,-0.061530701,-0.046053745,-0.067365535,-0.082046731,-0.103114416,-0.144613263,-0.1704004,-0.51498942,-0.622184708,-4.807347293,-0.789856223,-0.432349735,-3.998655928,-1.427126979,-0.958033993,-1.155084944,-1.794980819,-2.22870499,-1.207598184,-1.28142568,-0.940084988,-0.778237388,-1.91385254,-0.559232209,-0.430569851,-0.369243187,-0.336431435,-0.334395019,-0.346983202,-0.41751177,-0.551754285,-0.898692105,-2.184752208,-7.767592392,-13.93255467,-2.292192603,-1.015835547,-1.44198597,-1.488669558,-0.772946087,-0.851964784,-1.107493037
0,0,0,0,1,1,1,1,0,0,1,1,0,1,1,0,1,0,0,1,1,0,0,1,0,1,0,1,1,0,0,1,1,1,0,0,1,1,1,1,1,0,0,0,0,0,1,1,0,1,0,0,0,1,0,1,1,1,1,1,0,1,1,0,1,0,1,0,0,1,0,1,1,0,1,1,0,1,1,0,0,0,1,1,0,1,0,0,1,1,1,0,0,0,1,0,0,0,1,1,-1.018106188,-0.044853772,-0.276886608,-0.03022452,-0.012210954,-0.012610052,-0.02248488,-0.089601051,-0.3304829,-1.060452985,-0.05032922,-1.291984536,-0.672871011,-0.02320836,-0.019675875,-0.01916625,-0.119607228,-0.031610289,-0.071300154,-1.359026758,-0.1275385,-0.056555705,-0.021704483,-0.012660093,-0.015015833,-0.025742708,-0.061453212,-1.454134361,-0.893009113,-0.66363773,-0.948100155,-1.566034836,-2.706194657,-0.603406998,-0.237318284,-0.463439409,-2.449960139,-1.18702449,-4.547853184,-8.926139913,-0.966450165,-0.624228743,-0.714262001,-0.891713114,-9.538078624,-0.73204944,-0.787393784,-1.280955095,-3.733765034,-6.642602189,-7.627529069,-3.403733158,-1.565853678,-1.005559889,-1.081198387,-1.956815439,-0.648272785,-1.567242045,-2.699297554,-4.432746869,-2.815652327
1,1,1,1,1,1,0,0,0,0,1,1,1,1,1,1,0,1,1,0,1,1,1,1,0,0,0,0,0,0,0,1,1,0,0,0,1,1,0,1,0,0,1,0,1,1,0,1,1,1,1,0,1,0,0,0,1,0,0,1,0,1,0,1,1,1,0,0,1,1,0,0,0,1,0,1,1,1,1,1,1,0,0,1,0,1,0,1,0,0,0,1,0,0,1,1,1,0,0,0,-0.003148305,-0.003433276,-0.0042428,-0.005133559,-0.006398926,-0.008217916,-0.010263072,-0.011858676,-0.014793307,-0.01787473,-0.021157366,-0.024470129,-0.027004613,-0.030418537,-0.03215211,-0.038891142,-0.03558707,-0.04600842,-0.052816308,-0.059372772,-0.064965557,-0.071202463,-0.076463165,-0.082785663,-0.08966666,-0.098617274,-0.105601458,-0.122699919,-0.125089913,-0.132343489,-0.133144384,-0.146958619,-0.128865813,-0.152066698,-0.147060898,-0.15124035,-0.151146057,-0.144988397,-0.142353509,-0.137768268,-0.133032421,-0.130555318,-0.124339944,-0.123328762,-0.124693801,-0.12588912,-0.13252322,-0.130763186,-0.134057944,-0.151459031,-0.155971453,-0.171811315,-0.19128383,-0.209969651,-0.229051953,-0.257934846,-0.292889003,-0.268484242,-0.347343089,-0.362914729,-0.386904235
1,0,1,0,0,1,1,1,1,1,0,0,1,0,1,0,1,0,0,0,0,0,1,1,0,1,1,0,0,0,1,0,1,0,0,1,1,0,0,0,1,1,0,1,0,0,0,0,1,0,0,0,1,1,0,1,1,0,0,0,1,1,0,0,0,1,1,0,0,0,1,1,1,1,1,1,0,1,1,1,1,1,0,0,1,1,1,0,1,1,1,0,0,0,0,0,1,1,0,0,-0.002984495,-0.003523805,-0.004313774,-0.005294941,-0.006585774,-0.007978751,-0.010188521,-0.01274975,-0.016135258,-0.043615812,-0.019381808,-0.023001721,-0.025978799,-0.029004044,-0.032602599,-0.037350988,-0.04373973,-0.045879858,-0.052769092,-0.058894384,-0.064216566,-0.071111317,-0.076111913,-0.081944446,-0.089253808,-0.097248205,-0.105374646,-0.113955272,-0.114599119,-0.145765127,-0.179384211,-0.124253566,-0.135715761,-0.140870512,-0.143889262,-0.145419364,-0.15414504,-0.152092461,-0.148021871,-0.145681904,-0.140644038,-0.135657713,-0.133325985,-0.132338812,-0.13482577,-0.141436001,-0.129353103,-0.143505921,-0.166689034,-0.121223765,-0.146060172,-0.162870809,-0.17661043,-0.190188842,-0.203067931,-0.222274794,-0.26550242,-0.276548412,-0.274248903,-0.322724489,-0.416995268
1,0,1,0,1,1,0,0,1,1,1,0,1,0,1,0,1,0,1,1,1,1,1,1,1,1,1,1,1,0,1,0,0,0,1,0,0,0,0,1,0,1,0,1,0,0,0,1,0,1,1,1,0,1,0,0,1,0,1,0,0,1,1,0,1,1,0,0,1,0,1,0,1,1,1,0,0,1,1,0,0,1,1,0,0,0,1,0,1,0,1,1,0,1,0,1,1,1,0,1,-0.002983577,-0.003563675,-0.004288057,-0.005240884,-0.006444456,-0.008027683,-0.010010011,-0.012317019,-0.015035637,-0.018068192,-0.021127296,-0.02406312,-0.026572371,-0.02970203,-0.03278901,-0.038075371,-0.043913095,-0.047694401,-0.057664979,-0.061529334,-0.068028865,-0.074302747,-0.079119413,-0.078590323,-0.08740658,-0.089279473,-0.102632203,-0.106165129,-0.124376155,-0.133613119,-0.156657797,-0.141955893,-0.145335001,-0.169048828,-0.147267913,-0.15655584,-0.154177742,-0.148397246,-0.183412027,-0.140245385,-0.128502517,-0.137334203,-0.133306669,-0.13799387,-0.127936119,-0.131209483,-0.13563773,-0.149999635,-0.136049761,-0.124947098,-0.158060327,-0.170159071,-0.189476885,-0.198099322,-0.190176725,-0.226835014,-0.239875904,-0.25171107,-0.257042752,-0.303715112,-0.285839737
0,1,0,0,0,0,1,0,1,0,1,1,0,1,1,1,0,0,1,1,0,0,0,1,1,1,0,0,1,0,0,0,1,0,0,1,0,1,1,0,1,1,1,0,1,1,0,1,0,0,0,0,1,0,1,0,0,1,1,0,1,0,0,1,1,0,0,1,0,0,0,0,0,0,1,1,1,0,0,1,1,0,1,0,1,1,0,1,0,1,0,0,1,1,1,0,0,0,1,0,-0.10505731,-0.047809421,-0.108325519,-0.028865649,-0.771694728,-0.374135292,-0.07614036,-0.03066675,-0.03279206,-0.064935339,-0.058802723,-1.057252487,-0.911128084,-1.898313836,-0.048314508,-0.065423117,-0.080931394,-0.232623777,-3.529314285,-4.353556821,-0.327226388,-0.223079779,-0.122115244,-0.204964653,-2.759995332,-0.140077335,-0.132831478,-0.111863945,-0.126930303,-0.293824496,-2.125950926,-3.462180986,-5.566739134,-1.508739632,-5.269025305,-3.293602226,-0.881155635,-0.711095678,-0.855563572,-1.676935918,-11.82548076,-2.594400514,-11.6312442,-4.139103577,-2.732170107,-1.22004039,-1.040722504,-1.294270482,-0.641393155,-0.911658387,-1.755106881,-1.833980765,-4.631709465,-0.96549869,-1.154703588,-1.449770844,-2.124862424,-3.397707095,-5.917602114,-6.601856266,-3.658084457
0,1,1,0,1,0,1,1,0,0,1,0,1,1,1,1,0,0,0,0,0,0,0,0,0,1,1,0,0,0,1,1,0,0,0,1,0,1,0,1,1,1,1,1,0,1,0,1,1,0,0,0,0,0,0,0,1,0,0,1,1,1,1,0,0,0,0,1,0,0,0,0,1,1,1,0,0,0,1,0,0,0,1,0,0,1,0,1,1,0,1,1,1,1,1,0,1,1,0,1,-0.092012212,-0.273600923,-0.01197453,-0.02369392,-0.034931513,-0.054836416,-0.198371399,-0.039770906,-0.0481015,-0.808393255,-0.101783081,-0.0993199,-0.095570078,-0.102332888,-0.107328378,-0.204498599,-0.198662475,-0.589108481,-0.449314361,-1.44961234,-0.24869757,-1.016731698,-7.157668224,-0.619251204,-0.837686047,-1.722447364,-0.531166162,-0.20046564,-0.158547002,-0.078041167,-0.074002176,-0.095262699,-0.139568562,-0.245427576,-1.415919225,-8.575704884,-0.322580789,-0.19169403,-0.183866383,-0.236668384,-0.274376846,-0.237921376,-0.22601136,-0.273810789,-1.28714616,-0.460792404,-0.243930628,-0.38501282,-0.566608733,-0.283596631,-0.262398587,-0.286313358,-0.306281925,-0.309543283,-0.333007051,-0.388708274,-0.49230714,-0.353161679,-0.253061212,-0.294002326,-0.385657919
1,0,0,1,1,1,0,1,1,0,1,1,0,0,0,1,1,1,1,1,1,1,1,0,0,0,0,0,0,0,0,0,1,0,0,0,1,0,0,0,0,1,0,1,0,0,1,0,0,1,0,1,1,1,1,0,0,0,1,1,1,1,0,0,0,1,0,1,1,1,0,1,1,1,0,0,1,1,0,0,1,1,1,0,0,0,0,1,0,0,1,0,0,0,1,0,0,0,0,0,-0.004082311,-0.004584148,-0.00596031,-0.007961213,-0.012192801,-0.177019478,-0.018732513,-0.022068342,-0.030686959,-0.046937614,-0.135310126,-0.137986694,-0.05014959,-0.076299038,-0.131400237,-0.257623056,-6.784006073,-1.464775097,-1.523808863,-1.02616572,-0.797891901,-0.310043835,-0.223995612,-0.175012524,-0.16500309,-0.11776511,-0.080309667,-0.077032869,-0.069092017,-0.069350513,-0.070550165,-0.068896834,-0.081492246,-0.09127383,-0.103679745,-0.122213267,-0.142252249,-0.172508223,-0.197503843,-0.350115915,-0.354189894,-0.285884332,-0.416758986,-0.560440757,-1.071940717,-5.43566851,-4.064419365,-1.845180585,-1.914661239,-2.062438332,-3.488834184,-4.840934855,-4.302061772,-2.984024661,-1.925413753,-1.390520735,-1.008505126,-0.827850639,-0.71074213,-0.679314987,-0.654877447
1,0,1,1,1,0,0,1,1,0,1,0,1,0,0,0,1,0,0,0,1,1,0,1,0,0,0,1,0,0,0,1,0,0,0,1,0,1,0,0,0,0,1,1,0,0,1,0,1,0,0,1,1,0,0,0,1,1,1,0,1,0,0,0,1,1,0,1,1,0,1,0,0,0,1,1,1,0,0,0,1,1,1,1,0,0,0,1,0,1,1,0,0,1,1,0,1,0,1,1,-0.005720296,-0.018224097,-0.013955962,-0.016146142,-0.685911151,-0.03440956,-0.086523211,-0.039335649,-0.050007324,-0.699794099,-0.100963539,-0.178971545,-0.377218632,-1.180470636,-1.545098928,-0.706690493,-1.038696209,-0.333046283,-0.129607018,-0.522475524,-0.108797545,-0.271371855,-0.642378805,-0.72992674,-0.509078926,-10.3691085,-0.58237737,-0.687659518,-1.486302946,-13.31249974,-0.304168119,-0.207235163,-0.210387444,-0.273300584,-0.529910831,-4.532904753,-1.086186009,-0.971193175,-1.524503537,-3.777405997,-12.47241077,-1.335387314,-2.735370996,-3.645358171,-3.249258586,-5.147259097,-12.23357473,-1.792420578,-1.068877023,-0.989100259,-1.078189748,-1.32948803,-3.287150805,-4.058815015,-3.720676173,-2.164233504,-1.618017844,-1.564250798,-1.676306548,-1.709717249,-1.827992394
1,0,0,0,0,1,0,0,0,1,1,0,1,1,0,1,1,1,0,0,0,0,0,0,1,1,1,1,0,0,0,0,1,0,0,1,0,1,1,1,1,0,1,0,0,0,0,0,1,0,1,1,0,1,1,0,0,0,0,0,1,1,1,0,1,0,1,1,0,1,0,1,1,1,1,1,1,1,1,1,1,1,0,1,0,0,1,1,0,0,0,0,0,1,0,1,0,1,0,1,-0.002995872,-0.003571387,-0.00432843,-0.005337712,-0.006939778,-0.008148067,-0.010279518,-0.012920998,-0.016791552,-0.023261231,-0.02018913,-0.019527476,-0.025831149,-0.027829728,-0.037066415,-0.032862962,-0.03956842,-0.044800481,-0.05497335,-0.062944838,-0.069506461,-0.096171782,-0.067962247,-0.077564357,-0.085460547,-0.093035226,-0.102105964,-0.111598199,-0.120501399,-0.128092644,-0.134322944,-0.145938636,-0.148422455,-0.155093998,-0.18800122,-0.15273746,-0.144430227,-0.149555181,-0.147139063,-0.146860913,-0.159028617,-0.111398497,-0.116038771,-0.118217474,-0.12425269,-0.13407923,-0.115615623,-0.119896009,-0.133574941,-0.158294636,-0.163908921,-0.173301179,-0.185689944,-0.200357944,-0.226174445,-0.226574655,-0.238469049,-0.25127839,-0.227984036,-0.283917916,-0.279478755
0,0,0,0,1,1,1,1,0,1,0,1,0,1,0,0,0,1,1,1,0,0,0,0,0,1,1,0,1,1,0,0,1,1,0,1,1,1,0,0,1,0,0,1,0,0,1,0,1,1,0,0,1,1,0,0,0,0,0,1,1,0,0,0,0,1,0,1,0,0,0,1,1,0,0,0,1,1,0,0,0,1,1,1,1,0,0,1,0,1,0,0,1,1,1,0,0,0,0,0,-0.00298981,-0.003580341,-0.004373023,-0.008996504,-0.006323079,-0.007879003,-0.009902766,-0.012293806,-0.013686165,-0.01773749,-0.021061836,-0.025376903,-0.026431266,-0.027403804,-0.032467328,-0.036913664,-0.042270756,-0.047748319,-0.054312841,-0.062160505,-0.065084903,-0.072502359,-0.069502661,-0.080817768,-0.088802462,-0.091895387,-0.100213983,-0.11503068,-0.121916191,-0.130401371,-0.137828301,-0.144483086,-0.152867439,-0.154184294,-0.160262612,-0.156306718,-0.157544668,-0.147849843,-0.147605915,-0.142880406,-0.136616665,-0.133934052,-0.131794208,-0.1305549,-0.116834777,-0.124793752,-0.137320567,-0.141354819,-0.145984009,-0.141348454,-0.163953398,-0.171999395,-0.177634377,-0.18350347,-0.180148866,-0.213847651,-0.236317542,-0.233698529,-0.254617277,-0.299278048,-0.321391075
0,0,0,0,0,1,1,1,0,0,0,0,0,1,1,1,1,1,0,0,0,1,1,0,0,1,0,0,0,1,0,0,1,1,1,1,1,1,0,1,0,0,1,0,0,1,0,0,0,0,1,0,0,0,0,1,0,0,0,1,0,0,1,0,1,1,0,0,0,1,0,0,1,0,1,0,1,1,1,1,1,0,1,1,0,0,1,1,0,0,0,0,1,1,1,0,0,0,1,1,-0.040476171,-0.045066081,-0.049090431,-0.063027126,-0.111421369,-0.154579587,-0.075419097,-0.233332742,-0.384975354,-0.467970438,-0.341700399,-0.297450762,-0.263619901,-0.257465145,-0.427205635,-0.356837873,-0.249793036,-0.19306067,-0.669614906,-0.647824233,-0.366626869,-2.272557726,-1.967295903,-1.74523505,-5.720580311,-10.58882077,-1.984190182,-0.676947861,-0.379087999,-0.255371888,-0.220282103,-0.203828079,-0.230532436,-0.562044505,-0.684934406,-0.289604169,-0.338679086,-0.528075419,-1.078570337,-2.274248272,-2.48727646,-2.989436344,-8.385724696,-3.132433256,-2.148658264,-0.72011602,-1.555793654,-1.199881143,-0.511016541,-0.434709161,-0.578868447,-3.132326222,-3.627566887,-0.863959084,-0.833662822,-1.444298239,-20.4729059,-3.373580081,-1.357656018,-0.913566106,-0.542794179
0,1,0,0,0,1,1,1,0,0,0,1,0,0,1,0,0,1,0,1,1,0,0,1,0,0,1,1,0,0,1,1,1,0,0,1,1,1,1,0,0,0,1,0,0,1,0,1,1,0,1,0,1,1,0,1,1,0,0,0,1,0,0,1,0,1,1,0,1,0,0,0,1,0,1,1,0,0,0,1,0,0,1,0,1,1,1,1,0,1,1,1,0,0,1,0,1,1,1,0,-0.039774409,-0.048326268,-0.372908379,-0.024621599,-0.039497434,-0.093522239,-0.243724796,-0.396994179,-0.260181925,-0.243583136,-0.199180774,-0.165439729,-0.281489418,-0.131306855,-0.13832746,-0.559329287,-0.083856464,-0.302830515,-0.175865268,-0.264527278,-1.275738557,-0.750301375,-0.237064014,-0.137146874,-0.151311016,-0.484440475,-0.196242028,-0.118847111,-2.824677186,-0.352419029,-0.696091596,-5.432866147,-0.975698394,-11.48194994,-1.543070734,-1.221693423,-13.52951164,-0.862024584,-0.877539338,-10.10515625,-0.811955271,-1.408033722,-6.638031837,-2.096693376,-2.464945273,-1.498212296,-0.842374434,-1.275045574,-4.672985947,-10.67268437,-1.980829924,-1.0272947,-1.158716619,-5.901620245,-2.917273661,-1.459074747,-7.64625818,-2.538201269,-3.159132508,-5.977806979,-4.361073668
1,0,1,1,0,1,0,0,0,0,1,0,1,0,1,0,1,0,1,0,0,1,1,1,1,0,0,1,0,0,0,0,1,1,0,1,0,1,0,1,0,0,1,1,1,0,1,1,0,1,1,0,0,0,1,0,1,1,1,1,0,0,1,0,1,0,1,1,1,0,0,0,1,0,1,0,0,1,1,1,1,0,0,1,1,0,0,0,0,1,1,1,1,0,1,0,1,0,1,0,-0.005852134,-0.007030913,-0.008219832,-0.010754774,-0.011735526,-0.013873511,-0.016309151,-0.020556114,-0.022706501,-0.027168271,-0.030054383,-0.032942749,-0.032628193,-0.034549613,-0.033784564,-0.032614053,-0.031658394,-0.030633401,-0.030669656,-0.030408243,-0.030350312,-0.032417195,-0.033631028,-0.034910042,-0.036964615,-0.041373138,-0.053222235,-0.045685656,-0.054359005,-0.067061208,-0.077961733,-0.093103019,-0.115338685,-0.14002161,-0.168933225,-0.198650696,-0.211990314,-0.219689057,-0.238400839,-0.269910771,-0.295690795,-0.315496619,-0.339202325,-0.356502797,-0.376737977,-0.397338835,-0.381738113,-0.379247523,-0.373592688,-0.425678612,-0.515722941,-0.487442568,-0.53499576,-0.602090399,-0.680646144,-0.652967115,-0.757125574,-0.848422147,-0.866857742,-0.731082573,-0.844205125
0,0,0,0,0,0,0,1,0,1,1,1,1,1,0,1,0,1,0,0,1,0,1,0,0,0,0,1,1,0,0,1,1,0,0,1,0,1,0,1,1,0,1,1,0,1,0,1,1,1,1,1,1,0,0,1,0,1,0,0,0,1,1,0,1,0,0,0,1,1,0,0,0,1,1,1,1,1,0,1,0,0,0,0,1,1,1,1,0,1,1,1,0,0,0,1,0,0,1,1,-0.009341841,-0.012961975,-0.016842022,-0.023690872,-0.033750511,-0.051186828,-0.09780661,-0.138698045,-0.238977246,-0.275900715,-0.210423385,-0.150234571,-0.115485467,-0.094390066,-0.080939148,-0.071215027,-0.065033518,-0.058332252,-0.054408244,-0.050192698,-0.047545141,-0.044748261,-0.042326094,-0.039903544,-0.041405825,-0.237269244,-0.18438433,-0.096810065,-0.089718875,-0.095250917,-0.107856741,-0.127801677,-0.163319995,-0.230967493,-0.371824631,-1.097126569,-2.272751113,-0.529193314,-0.252804639,-0.218936719,-0.230806161,-0.267717331,-0.322148648,-0.404827671,-0.556073562,-0.878284802,-2.104051936,-5.780428769,-2.459389503,-1.408164879,-0.920696791,-0.804861026,-0.793875146,-0.83499155,-0.825303583,-0.961758691,-1.109559264,-1.292932099,-1.567689072,-2.003782702,-2.77496843
1,0,1,1,0,1,1,0,1,1,1,1,0,0,1,0,1,0,1,1,1,1,1,1,1,0,0,0,0,1,1,1,0,0,1,0,0,0,0,0,0,0,1,1,1,1,0,1,0,0,0,0,1,0,0,1,1,0,1,1,1,0,1,1,1,1,0,0,1,0,1,0,0,1,0,0,0,1,1,1,0,0,0,0,1,1,0,1,1,1,0,0,1,1,1,1,1,0,1,0,-0.00934711,-0.01479099,-0.01973762,-0.025198874,-0.032273349,-0.038754551,-0.050663637,-0.077844797,-0.109548206,-0.192438938,-0.366977215,-0.436634968,-0.516278145,-0.434286396,-1.634037945,-0.205200667,-0.395104846,-0.207605518,-0.111905608,-0.12771878,-0.206337682,-0.250422249,-0.348596304,-1.422105402,-0.372029268,-0.313142653,-0.595178483,-3.43590202,-7.777060623,-1.517832159,-2.049899977,-0.982812835,-0.457963899,-0.371850718,-0.854253553,-1.31035888,-0.620466493,-3.150617656,-1.628328286,-0.472567195,-0.280884994,-0.225074316,-0.199370699,-0.205340733,-0.166669833,-0.162413401,-0.175768242,-0.181582302,-0.177165849,-0.206879719,-0.248804717,-0.413141309,-0.973001217,-3.839778915,-14.40386264,-2.980884538,-1.429993042,-0.952513933,-0.754215185,-0.67989136,-0.680607446
0,0,0,1,0,1,1,0,0,0,0,1,1,0,1,1,1,1,0,1,0,1,0,0,1,1,0,0,0,1,0,0,1,0,1,1,1,0,0,0,0,0,1,1,1,1,1,1,1,0,0,0,1,1,0,0,0,0,1,1,1,1,0,1,1,0,0,1,0,1,0,1,0,0,0,0,0,0,1,1,1,0,1,0,1,1,1,0,0,1,0,1,0,0,1,0,0,0,1,1,-0.00809492,-0.009972513,-0.013866394,-0.017905182,-0.015740613,-0.03209216,-0.048570049,-0.031134675,-0.052737388,-0.074308909,-0.110819405,-4.627983279,-0.250816517,-4.373375547,-3.545247068,-0.300662103,-0.274381275,-1.25459065,-0.189643509,-0.12040816,-0.10834439,-0.470160742,-4.48991482,-0.412313167,-0.432935794,-0.549642325,-0.708696152,-0.739808154,-0.84159283,-0.796704048,-0.628228152,-0.5067443,-0.681547196,-0.421932749,-0.355673351,-0.378121869,-0.93089904,-1.503852108,-0.995641456,-1.019273607,-0.490977801,-1.670550819,-1.348464239,-1.613621199,-3.936912739,-6.812894615,-3.919022293,-1.655139198,-1.257498004,-8.215826235,-1.643836167,-1.675758091,-1.624851112,-2.190322952,-1.157401051,-1.062772588,-0.993143203,-1.54942029,-1.938189525,-1.380091379,-1.504584844
1,1,1,1,0,0,0,1,1,0,1,0,0,0,1,1,1,0,1,0,0,1,0,1,0,1,0,1,0,1,1,0,0,0,1,1,0,1,1,1,1,1,1,0,1,1,0,1,1,0,1,1,1,1,1,0,1,0,0,0,0,0,0,0,0,0,1,1,0,1,0,0,1,0,1,0,1,1,0,0,1,0,0,1,0,0,0,0,0,0,1,1,0,0,0,0,0,1,1,1,-0.003044751,-0.003395356,-0.004211261,-0.005121763,-0.006541628,-0.008142141,-0.010264113,-0.012212061,-0.015527373,-0.017277258,-0.021502226,-0.025892487,-0.019648862,-0.029063076,-0.032216491,-0.040885382,-0.041315675,-0.048278015,-0.05346431,-0.060771872,-0.066322207,-0.082819337,-0.081060899,-0.088089975,-0.101109951,-0.093852773,-0.10893095,-0.134645348,-0.11256938,-0.12142379,-0.13878735,-0.146594016,-0.135114887,-0.144784249,-0.154655404,-0.156770065,-0.157422231,-0.152709607,-0.149986723,-0.143825417,-0.139788867,-0.191815846,-0.155094873,-0.107948483,-0.118408083,-0.114860142,-0.132972064,-0.142233171,-0.145395563,-0.154827633,-0.158239167,-0.165927108,-0.178571138,-0.186108543,-0.196993414,-0.207235087,-0.223787664,-0.23688661,-0.258646097,-0.274185504,-0.304559494
1,0,0,1,1,0,1,0,1,0,1,1,0,0,0,0,0,1,1,1,1,0,1,1,1,0,0,1,0,0,0,0,1,1,0,0,1,0,1,0,1,1,1,1,1,0,1,1,1,1,1,0,1,0,1,0,1,1,0,0,0,0,0,1,1,1,1,1,0,0,1,1,0,0,0,1,0,0,1,1,1,0,0,1,1,1,1,0,0,1,1,0,0,0,0,0,0,0,0,0,-0.494575843,-0.068199047,-0.088721779,-0.267773593,-0.064733569,-0.082054477,-0.012381052,-0.024054067,-0.016626102,-0.020104759,-0.029332581,-0.123372307,-0.074514738,-0.068141824,-0.117889869,-0.908542321,-1.067121906,-0.365843754,-0.434545589,-7.439673924,-1.000906008,-1.947658238,-0.202064502,-0.112518033,-0.243438029,-1.296790305,-0.405263918,-1.481992915,-0.701286687,-0.157269056,-0.320946171,-0.130061477,-0.115562851,-0.135553246,-0.756081284,-0.218046715,-0.288055901,-0.186907479,-0.241413617,-0.310890607,-1.38072901,-2.407321523,-1.169938656,-0.463361985,-1.321455441,-1.353849631,-1.547223889,-0.767642043,-0.777273608,-1.377428841,-2.236023753,-1.052282656,-1.252927545,-2.302563078,-11.24408862,-6.393466038,-2.820424683,-2.812796598,-3.755667823,-6.325552099,-8.498979898
0,1,0,1,1,1,1,1,1,0,0,0,0,1,1,1,0,1,0,1,0,0,1,0,0,0,0,0,0,0,0,1,0,0,1,0,0,0,1,1,1,0,1,0,0,0,1,1,0,1,1,1,1,0,0,0,1,0,1,0,1,0,0,0,0,1,0,1,0,1,1,1,0,1,1,1,1,1,0,1,1,1,0,0,0,0,1,0,1,1,0,0,0,0,0,1,0,0,1,1,-0.023319422,-0.120108395,-0.10578104,-0.104316405,-0.041498094,-0.077371674,-0.050688526,-0.71151158,-0.144571887,-0.607770578,-0.88354565,-1.10337788,-0.347171625,-0.635138799,-0.090622255,-0.579763087,-0.384443244,-0.296782492,-0.138877887,-0.037812642,-0.090534047,-0.305281345,-0.096035042,-0.311731093,-0.994572832,-2.667567806,-0.159387547,-0.13800506,-0.07009659,-0.244004045,-0.652921175,-0.834853427,-0.165778343,-0.306962148,-1.495671524,-2.046076422,-6.224576478,-5.247514919,-1.118140971,-1.200570521,-6.920071812,-2.409069989,-10.63157293,-6.77221661,-3.042359896,-5.481532548,-5.0975188,-3.606672037,-7.374847036,-2.024579408,-3.380648113,-3.198622952,-1.782108611,-1.45472783,-1.688245786,-1.559210794,-1.357281859,-1.608302222,-1.596702235,-1.710805759,-2.39761773
1,1,1,0,1,1,1,0,0,1,0,0,1,0,1,0,0,0,0,0,1,1,0,0,1,1,1,0,1,0,0,1,0,1,0,1,0,1,0,1,0,0,1,1,0,0,0,0,0,1,0,0,1,1,0,0,1,0,0,1,0,1,1,1,1,0,1,1,0,1,1,0,1,0,0,1,1,1,1,0,1,0,1,0,0,0,0,0,1,1,0,1,1,1,1,1,0,1,1,0,-0.002894538,-0.003575703,-0.004174165,-0.005196761,-0.006474966,-0.008128006,-0.009509446,-0.012070314,-0.014867794,-0.018043778,-0.020844578,-0.023680588,-0.027188757,-0.017224341,-0.03176227,-0.036812942,-0.041845783,-0.04760933,-0.053708303,-0.060768039,-0.066636122,-0.071649108,-0.077401359,-0.082580343,-0.089334802,-0.098671901,-0.09459098,-0.112171444,-0.122848258,-0.13080173,-0.12546295,-0.141251315,-0.142841999,-0.149597144,-0.154789053,-0.156895049,-0.155049702,-0.153235215,-0.147375646,-0.142903727,-0.137737344,-0.136072952,-0.134111834,-0.129778236,-0.129798481,-0.130214914,-0.133830247,-0.142012493,-0.151450056,-0.161511393,-0.171233187,-0.173249141,-0.177391167,-0.184329266,-0.178425193,-0.182173959,-0.184569795,-0.270881659,-0.323749631,-0.37085614,-0.399331546
1,1,0,0,1,1,0,0,0,0,0,0,0,1,0,1,0,1,1,0,0,1,1,0,0,1,0,0,0,0,0,1,0,1,0,1,0,1,0,0,0,1,1,1,1,1,0,1,0,1,1,0,1,1,0,0,0,1,1,0,1,0,0,1,0,0,0,1,0,1,1,1,1,0,0,0,1,1,0,0,1,0,1,0,0,0,0,1,0,1,0,0,1,0,0,0,0,1,1,1,-0.002937465,-0.003525399,-0.004195231,-0.005408022,-0.006166236,-0.007813918,-0.00977511,-0.012086994,-0.01466343,-0.017623513,-0.019611506,-0.024351288,-0.026709236,-0.029478035,-0.033028257,-0.037504412,-0.043026933,-0.049094147,-0.05575388,-0.066520009,-0.062311685,-0.070907355,-0.07422177,-0.082205009,-0.089633971,-0.095134397,-0.106248048,-0.116077664,-0.126459915,-0.13671831,-0.144297865,-0.153755978,-0.14929018,-0.157802963,-0.169590884,-0.18717928,-0.146242812,-0.154119674,-0.141251865,-0.142286968,-0.141376389,-0.144812432,-0.142260356,-0.14652159,-0.12506316,-0.153417549,-0.124979087,-0.151268007,-0.161261494,-0.173578756,-0.183238806,-0.186263255,-0.26027582,-0.218207289,-0.153179857,-0.200819966,-0.214602628,-0.231569867,-0.260150602,-0.29177938,-0.329861794
1,0,1,1,1,1,1,0,1,1,1,0,1,1,1,0,1,0,0,1,0,0,1,1,0,0,0,0,1,1,0,0,0,1,0,1,0,1,1,0,1,1,1,1,1,1,1,0,0,0,1,1,0,1,1,1,1,1,1,0,0,0,0,0,0,1,0,1,0,1,0,0,1,0,0,1,1,0,1,1,1,0,0,0,1,0,0,0,0,1,1,0,0,0,0,1,0,1,1,1,-0.071698848,-0.142091101,-0.127559749,-0.600384261,-0.125801677,-0.125683398,-0.209295769,-0.357572549,-0.051313144,-0.04157184,-0.046790445,-0.067551739,-1.012378943,-0.471262607,-0.097377994,-0.082525121,-0.154322918,-0.164077993,-0.465102785,-0.773452105,-1.432573233,-0.306907325,-2.083552407,-0.193063911,-0.342898983,-0.576894327,-2.807065141,-1.129050291,-1.135931167,-9.674009949,-1.90149972,-1.657900181,-1.421249719,-1.610763746,-5.644392184,-1.592120966,-6.202222894,-1.835576923,-0.955918342,-0.768838805,-0.616155504,-0.54308208,-0.503392595,-0.490198507,-0.490611285,-0.403204325,-0.491930201,-0.712350503,-0.369847264,-0.341272668,-0.356318456,-0.375112901,-0.417025369,-0.776529971,-0.387798961,-0.309489903,-0.383807525,-0.856813199,-0.551767195,-0.484847565,-0.440602719
0,0,1,1,0,1,0,0,1,0,1,0,1,1,0,1,1,0,0,0,1,0,1,0,0,1,1,1,1,0,0,0,1,1,1,1,1,0,0,1,1,0,0,1,0,0,0,0,0,0,0,1,1,1,1,0,0,1,0,0,0,1,1,1,0,1,0,0,1,1,0,1,0,0,0,1,1,1,1,0,1,0,0,1,1,1,0,0,0,0,1,0,1,1,0,0,0,1,1,1,-0.031442552,-0.033222597,-0.103144724,-0.085643318,-0.103027825,-0.757832705,-0.055353091,-0.0202086,-0.018158406,-0.047905008,-0.044573376,-0.02987799,-0.055215062,-0.281566944,-0.038689367,-0.030938228,-0.035722938,-0.081926037,-1.283481277,-0.081410583,-0.054748032,-0.083686847,-0.594607984,-0.869608717,-0.716619868,-1.827912958,-1.672203833,-8.152098222,-1.303495216,-4.816402922,-1.456914155,-0.691400819,-0.419314935,-1.228456481,-0.792230489,-3.281460234,-2.950616053,-1.807248855,-5.459391646,-1.6789769,-2.526636136,-1.058870149,-1.396706577,-1.272138101,-1.106677028,-1.097090729,-1.056552203,-1.027853384,-1.039645423,-1.215397857,-1.851122247,-4.868554262,-18.14777177,-3.147021224,-1.308107267,-0.84837397,-0.778924135,-1.011279387,-1.750172121,-2.108207475,-1.976232785
1,1,0,1,0,0,0,1,1,1,0,0,0,0,0,1,1,0,0,1,1,1,1,0,0,1,0,0,0,0,1,0,0,1,1,1,1,0,1,1,0,1,0,0,0,0,0,1,0,0,0,0,1,0,1,1,1,1,1,1,0,0,1,1,1,1,1,0,0,0,1,0,0,0,1,1,1,1,1,1,1,0,0,0,0,0,1,0,0,0,1,0,0,1,1,1,1,1,0,0,-0.072006863,-0.129004649,-0.147085252,-0.083742428,-0.061153743,-0.111656917,-0.038447208,-0.062994248,-0.104791113,-0.053363842,-0.076496833,-0.183916696,-0.180141074,-0.064717079,-0.033149004,-0.067223451,-0.853372379,-0.134683389,-0.212752387,-0.051177982,-0.682215125,-0.526541496,-0.20378373,-0.27547457,-0.099043812,-0.084244263,-0.630412275,-0.111418622,-0.088673128,-0.09186378,-0.174389118,-0.649404407,-0.073400888,-0.085442979,-0.167692046,-0.157017676,-0.143046776,-0.158912048,-0.187437493,-0.860645988,-1.479525426,-0.339724634,-0.411840681,-0.940527589,-2.224258336,-1.728139987,-4.20750134,-0.908705745,-1.014140802,-6.856154996,-14.13678153,-2.241630599,-1.307845764,-1.422978333,-3.243076669,-1.296394067,-1.045866223,-1.060933167,-1.12205661,-1.263848399,-1.744696961
1,1,1,1,0,0,0,0,1,1,1,0,0,1,1,0,0,1,1,1,1,0,1,0,0,1,1,0,1,0,1,1,0,1,0,1,0,1,1,0,0,1,0,1,1,1,0,1,0,1,0,0,0,0,0,1,1,0,0,0,1,1,0,1,0,1,0,1,0,0,1,1,1,1,0,1,0,1,0,1,1,0,1,1,0,1,0,1,0,1,1,0,1,1,1,1,0,0,0,1,-0.015134558,-0.02099151,-0.035262533,-0.142045559,-0.030446982,-0.029475527,-0.084581163,-0.883403532,-0.310416634,-0.217111405,-0.259034478,-0.455204404,-1.274941815,-2.917928746,-1.159951301,-0.539275229,-0.484883357,-0.353829076,-0.413389178,-0.931981003,-0.879679283,-0.477207021,-0.315134235,-0.272174531,-0.317271736,-0.503817425,-1.323516729,-4.14921984,-0.936636374,-0.486684904,-0.606691039,-0.67236633,-0.505636911,-0.527990933,-7.017555311,-0.673901762,-0.828485435,-1.140272949,-1.214375323,-0.969840415,-0.872921312,-1.323437989,-3.168471441,-4.151004985,-3.253711201,-0.756547824,-1.177224086,-3.355691526,-1.407179033,-0.705596594,-0.69651144,-1.502994149,-3.150117809,-0.722642502,-0.484548992,-0.410313902,-0.514151186,-0.876279908,-2.05187579,-6.495159678,-7.996572962
0,1,0,1,1,0,1,1,1,1,0,0,1,1,0,1,1,0,1,0,0,1,0,0,0,1,0,1,1,1,0,1,0,0,1,1,0,0,0,1,1,1,1,1,0,0,1,0,0,0,0,0,1,1,1,1,0,1,0,1,0,1,1,0,0,1,1,1,0,0,1,0,0,1,1,1,0,0,1,0,1,0,1,1,0,0,0,1,0,0,1,0,1,1,1,1,0,0,0,1,-0.244662965,-0.03872053,-0.104063628,-0.155435686,-0.014318451,-0.029841433,-0.041092844,-0.033276243,-2.445875402,-0.280827404,-0.191363481,-0.129127467,-0.1255731,-0.126381065,-0.128671565,-0.145168498,-0.174448382,-0.227241981,-0.290310396,-0.359905746,-0.416379514,-0.432683633,-0.417428698,-0.381199055,-0.345382561,-0.352056389,-0.676417992,-0.520363784,-1.861631145,-4.71628071,-0.905097567,-0.485420072,-0.34689515,-0.290612197,-0.273559248,-0.271331943,-0.27628818,-0.337521406,-0.722916732,-0.662032935,-0.988491904,-0.748849598,-0.854080889,-5.773468671,-2.913267897,-1.991061638,-1.402480644,-1.680056602,-2.362400878,-4.181719456,-3.419847056,-2.758867074,-5.784954085,-8.537332803,-2.998397486,-1.766783279,-1.702698181,-2.455547296,-8.444619847,-4.953765383,-1.729816503
0,1,0,0,0,0,0,1,0,1,1,1,1,1,0,1,0,1,0,1,1,1,1,1,1,0,0,1,0,1,1,0,0,0,1,1,1,1,1,1,1,0,0,0,0,1,0,1,1,1,1,1,0,0,0,1,0,0,1,1,1,0,0,0,0,1,1,0,0,0,0,1,1,0,1,1,1,0,0,1,1,1,0,1,0,0,1,0,0,1,0,0,1,0,0,1,1,0,1,0,-0.006857316,-0.011601924,-0.0499307,-0.209695699,-0.105328662,-0.068259492,-0.139891948,-0.111461934,-0.046780443,-0.047552767,-0.049728621,-0.162357468,-0.573240014,-0.219734695,-0.124518973,-1.202977258,-0.606571787,-0.575660343,-0.702670882,-0.691989442,-0.673436073,-0.611900855,-1.243498225,-2.188532938,-1.303151411,-5.703359387,-1.52866646,-3.011143846,-0.632470232,-1.126500195,-1.112667224,-0.51693292,-0.649033909,-2.000605893,-1.216148439,-1.591772735,-3.770838515,-1.882040177,-1.818463746,-1.038674075,-2.705720528,-2.628172446,-5.317827487,-4.233551723,-2.08010189,-5.468778394,-1.882490749,-2.903535176,-5.477156151,-1.437723304,-1.561355466,-6.833638095,-2.356094227,-1.188056643,-2.885876791,-1.299163139,-0.834224615,-1.437749566,-2.393078161,-1.517546469,-1.373167223
0,0,1,0,1,0,0,0,0,1,1,1,0,1,1,1,1,1,1,0,0,0,0,0,1,1,0,0,1,1,0,1,0,0,1,1,1,1,0,0,0,1,1,1,0,1,0,1,0,1,1,0,0,1,0,0,1,1,1,0,1,0,1,0,1,0,1,1,0,0,0,1,0,0,0,1,0,0,1,0,0,0,0,1,0,0,1,0,1,1,1,0,0,0,1,0,0,0,1,1,-0.012712395,-0.040399441,-0.066076372,-0.067809563,-0.079181355,-0.879469833,-0.040292951,-0.051916997,-0.052558896,-0.067544065,-0.339260182,-0.169963817,-0.551115606,-0.173694437,-0.116487831,-0.361348891,-1.110399894,-2.580634383,-0.385002448,-0.114267987,-0.063607618,-0.125874084,-0.10421882,-0.083150733,-0.758392225,-2.232590843,-0.502038376,-6.70897479,-8.40363119,-0.864969044,-0.394802227,-1.094424308,-0.942574187,-1.512020019,-0.256805603,-0.430423553,-0.556281894,-0.151044944,-0.358754683,-0.273862217,-0.894192609,-0.73951034,-0.218546355,-0.223506104,-0.168285763,-0.183793782,-0.201483417,-0.2428319,-0.314099043,-0.369685856,-0.706020312,-8.015340512,-0.950630784,-0.743973379,-0.495176326,-2.521371747,-1.381597211,-1.07637164,-0.727395048,-1.198498044,-2.194996374
0,0,0,0,1,0,1,1,1,1,1,0,1,0,1,0,1,0,0,0,1,1,0,1,0,1,1,1,1,0,0,1,0,0,0,0,1,1,1,0,1,1,0,1,0,0,0,0,0,1,1,0,0,1,0,0,0,1,1,1,0,1,1,1,1,1,1,1,1,0,1,0,0,0,1,1,1,0,0,1,0,1,0,0,0,1,1,0,1,0,0,0,1,0,0,0,0,1,0,1,-0.002770451,-0.003458627,-0.004247852,-0.005059831,-0.006384767,-0.007954135,-0.009844639,-0.011969732,-0.014940646,-0.017914228,-0.02097503,-0.023867454,-0.02655555,-0.030158603,-0.032943515,-0.036827175,-0.042449839,-0.048188564,-0.053456228,-0.061920609,-0.067172651,-0.085514962,-0.075045806,-0.083944207,-0.089688436,-0.096476578,-0.106291713,-0.115718863,-0.121921717,-0.130557432,-0.131757463,-0.141785256,-0.147633337,-0.152835666,-0.164122405,-0.147462309,-0.150665543,-0.149961697,-0.136922773,-0.134396937,-0.135192546,-0.129473275,-0.122183501,-0.122711407,-0.121578339,-0.123634716,-0.129465966,-0.133955602,-0.135922325,-0.137394764,-0.15581948,-0.163928369,-0.135340664,-0.185984273,-0.156370932,-0.210940099,-0.24969695,-0.273076384,-0.303844956,-0.329614744,-0.363973104
0,1,1,0,0,1,0,1,0,0,0,1,0,0,0,1,1,0,1,1,0,0,1,1,1,1,1,1,0,0,1,0,0,1,1,0,1,0,1,0,0,1,0,0,1,1,0,0,0,0,1,0,0,1,0,0,1,0,1,0,1,0,1,0,1,0,0,1,1,1,0,0,1,0,1,1,0,0,1,1,0,1,1,0,0,1,1,1,0,0,0,1,1,1,0,0,1,0,1,0,-0.027307634,-0.030078221,-0.101354127,-2.591099714,-0.021580578,-0.014436047,-0.072301051,-0.017947726,-0.22376089,-0.095893487,-0.031255931,-0.066979412,-0.029661276,-0.040176157,-0.141148923,-0.144592481,-0.091024319,-0.053783288,-0.273085793,-0.038661579,-0.126454455,-0.272918238,-0.340700583,-2.366523087,-0.224128001,-0.931484448,-0.588517247,-6.818582712,-1.273636834,-2.075847411,-9.674476226,-0.922359335,-0.909429245,-5.627374315,-12.25347827,-0.794828625,-0.876288331,-0.438924372,-16.71181896,-1.025421638,-2.229138026,-1.730290065,-0.960154156,-1.070992335,-6.745124935,-0.389575542,-0.783325076,-0.946315509,-1.696547345,-0.802547236,-1.012308165,-2.09657949,-3.271728227,-3.030601116,-4.587412593,-17.91716407,-3.483417222,-8.394554848,-4.54576716,-3.336794527,-3.500044664
1,0,0,1,0,0,1,1,1,0,1,0,0,1,0,0,1,1,1,1,1,0,1,0,0,1,0,1,0,1,0,1,1,0,0,1,1,0,1,0,0,1,0,0,1,0,1,0,1,1,0,1,1,0,1,1,0,1,1,0,1,0,1,0,1,0,0,1,1,0,1,0,1,0,0,0,0,1,1,0,1,0,1,0,0,1,0,1,0,1,1,1,0,0,1,0,0,1,1,1,-0.031083739,-0.038369321,-0.055580293,-0.378703596,-0.12995631,-0.737808685,-0.042508609,-0.137836454,-0.230187029,-0.754363448,-0.152876888,-0.074786451,-0.737947877,-0.043116602,-0.233509566,-0.057842048,-0.041827288,-0.038928255,-0.04512886,-0.089914124,-1.042964122,-0.926706758,-0.95520571,-1.060144371,-0.294380064,-0.173122352,-0.296549434,-0.340933254,-2.041426223,-0.244402858,-0.392665321,-0.154825425,-0.160612098,-0.256090076,-0.224718185,-0.315822355,-0.340592462,-0.967766045,-0.326200955,-0.312761006,-0.331983165,-0.364691254,-0.356848718,-0.397342871,-0.426091289,-0.449335487,-0.48200504,-0.588000554,-0.578573694,-0.548725332,-0.568977191,-0.584427951,-0.589712391,-0.599856478,-0.635911574,-0.730274493,-0.757267319,-0.76767305,-0.817067521,-0.910728371,-1.027458224
0,0,0,1,0,0,0,0,0,0,1,0,1,0,0,0,0,1,0,0,0,0,0,0,1,0,1,1,0,1,0,0,1,1,1,1,0,0,1,1,0,1,1,1,0,0,0,1,0,0,1,0,1,1,0,0,0,0,1,0,1,0,0,1,0,0,0,0,1,1,0,0,0,1,0,0,0,0,1,0,0,0,1,1,0,0,0,1,0,1,0,0,1,0,0,0,0,1,1,0,-0.005647245,-0.006805054,-0.008081632,-0.009461421,-0.010842933,-0.013187719,-0.015392124,-0.018297156,-0.021108859,-0.023859503,-0.02953736,-0.020387073,-0.02976489,-0.031601741,-0.031896081,-0.031871035,-0.031833857,-0.032556717,-0.027841663,-0.032358445,-0.034478294,-0.036210096,-0.051730081,-0.033732086,-0.036948717,-0.040297102,-0.044558078,-0.044666553,-0.054292565,-0.10285726,-0.07304067,-0.087754961,-0.106362235,-0.130365456,-0.133916015,-0.162718255,-0.182159956,-0.189727458,-0.217565484,-0.234649711,-0.268178664,-0.278214918,-0.322651947,-0.36964054,-0.32755165,-0.335801414,-0.363947725,-0.381714072,-0.429237275,-0.426425767,-0.456026641,-0.49098706,-0.515346502,-0.548611056,-0.573980456,-0.622908465,-0.714028708,-0.726643896,-0.823046447,-1.048812455,-1.276487233
1,0,1,1,1,0,1,1,1,1,0,0,0,1,0,1,0,1,1,1,0,1,0,0,1,0,0,1,1,0,1,0,1,0,0,0,0,0,0,1,0,0,0,1,0,0,1,0,0,0,0,1,0,0,0,1,0,0,1,0,0,1,1,1,1,1,0,0,0,0,0,1,1,0,0,1,0,1,0,0,1,1,0,1,0,0,1,1,0,0,1,0,0,1,0,1,0,1,0,0,-0.015538423,-0.031954186,-0.082676015,-0.159753145,-0.199730857,-0.166072271,-0.121073109,-0.106300317,-0.100463619,-0.104497709,-0.112674429,-0.108357792,-0.116639686,-0.125397026,-0.141878587,-0.184888394,-0.275462973,-0.30808959,-0.178955878,-0.140652697,-0.144316598,-0.160454273,-0.184843287,-0.21998751,-0.274373079,-0.310690272,-0.541022246,-0.843965826,-1.423626487,-2.669516783,-4.428132716,-4.567513602,-3.412559547,-2.737968372,-2.411118435,-2.111723358,-1.718270995,-1.236413924,-0.865807305,-0.685685302,-0.606357818,-0.642167205,-0.605352759,-0.820808271,-1.475011393,-10.61365352,-1.650269478,-1.068166296,-1.136340703,-2.009370065,-8.439585225,-3.006970438,-0.871550709,-0.559614596,-0.486598711,-0.467387443,-0.470604677,-0.505785127,-0.549228109,-0.589712595,-0.647176892
1,1,1,0,1,0,0,0,1,1,1,1,0,1,0,1,1,0,0,1,0,1,1,1,1,1,1,1,0,1,0,1,1,1,1,0,1,1,1,0,0,0,1,0,1,0,1,0,1,1,1,1,1,0,0,1,0,1,0,0,1,0,1,1,1,1,0,1,1,0,1,0,0,0,0,0,1,0,1,0,1,1,1,0,0,1,1,1,1,1,0,1,1,0,1,1,0,0,0,1,-0.209488455,-1.132491457,-0.041656981,-0.017947479,-0.010214804,-0.010216326,-0.012867203,-0.017363629,-0.051683745,-0.038081369,-0.040243869,-0.065643996,-2.870772096,-0.095892394,-0.079442854,-0.145760385,-0.298212961,-1.813123192,-0.351106397,-0.663196694,-3.059507134,-0.14796221,-0.943574342,-0.307765151,-0.08634696,-0.634600906,-0.307929231,-0.233901877,-0.635883924,-0.53133236,-0.218344525,-0.468247431,-1.021954975,-0.739107512,-0.909372165,-1.069287863,-1.025039324,-1.183520034,-10.28724972,-1.901619245,-1.421077987,-1.332286673,-1.281440557,-1.035366831,-0.989567092,-0.93240876,-0.905916441,-0.927710632,-0.956534128,-1.004992832,-1.085207841,-1.222896518,-1.431249635,-1.801472551,-2.010478336,-2.199686204,-3.391755772,-4.438907857,-6.779836918,-10.52191391,-20.99536734
0,0,0,1,1,1,0,1,1,0,1,1,1,0,0,0,1,0,1,0,0,1,0,1,1,0,1,0,1,0,1,1,1,0,0,0,1,0,1,0,1,0,0,1,1,0,1,1,0,0,0,1,1,1,1,1,0,1,1,0,0,1,0,1,0,0,1,0,1,1,1,0,1,1,0,0,0,1,0,1,1,0,1,1,1,1,1,0,1,1,0,1,1,1,1,1,1,1,0,1,-0.037399792,-0.04144531,-0.197335444,-0.056048471,-0.054899672,-0.122720371,-0.154210416,-0.218175879,-0.047854901,-0.103565419,-0.147797071,-0.237242272,-0.050472778,-0.114128612,-0.915018523,-0.427914227,-0.570696031,-0.306792583,-0.261511823,-0.180759329,-0.29148435,-0.37385312,-0.60483023,-0.813959064,-0.958587312,-0.934740638,-0.930772729,-0.868144231,-0.879950785,-1.094348276,-0.607515079,-0.755833869,-0.845441492,-1.138303815,-0.559035955,-0.898811035,-0.611538219,-2.978978108,-0.507125109,-0.498963774,-2.657903669,-0.570751015,-0.570225794,-0.661393018,-0.86055753,-1.448895671,-4.058640873,-0.787213699,-1.001601588,-1.414321963,-3.705075623,-2.720518874,-2.900321335,-3.633860365,-3.980550818,-2.083936961,-1.14672886,-1.21386222,-1.316046901,-1.69679415,-1.874763579
1,1,0,0,0,1,1,1,0,0,0,1,0,1,0,0,1,0,1,1,1,0,0,1,1,1,0,0,1,1,1,0,1,0,1,1,1,0,0,0,1,0,0,0,1,0,0,0,0,1,1,1,1,1,1,0,1,1,1,0,1,0,0,1,1,0,0,0,0,0,1,1,1,1,0,1,0,0,1,0,1,1,0,0,0,1,0,1,1,1,0,1,1,1,1,0,0,1,1,0,-0.006478572,-0.009449009,-0.011443678,-0.014130488,-0.017731667,-0.022985463,-0.038396819,-0.050878728,-0.113423058,-1.012372953,-0.423247592,-0.07211857,-0.04288383,-0.039316731,-0.042506088,-0.050019289,-0.062621736,-0.083520674,-0.101695207,-0.152119849,-0.220380181,-0.325075155,-0.486803835,-0.686023416,-1.075462737,-1.342055559,-1.264431136,-1.954280995,-4.73890456,-1.236385641,-0.708315153,-0.466213648,-0.413501483,-0.396783005,-0.446371597,-0.63633138,-1.498928143,-6.70909836,-1.601613907,-2.100728505,-6.890834116,-3.008150742,-1.549806838,-1.659102277,-2.17809165,-1.939115851,-1.645432573,-1.523028315,-1.480936184,-1.525207721,-1.833673567,-2.882723029,-5.292312179,-5.246470462,-2.86216985,-2.850562916,-3.207914308,-3.518532346,-4.986073508,-9.609683081,-20.7071746
0,1,0,1,1,1,1,0,1,1,0,0,1,1,1,0,0,0,0,1,1,1,1,1,0,1,0,1,0,0,0,0,0,0,1,0,1,1,0,1,1,0,0,1,0,0,1,1,0,0,1,0,0,1,0,0,1,1,0,1,1,1,1,1,1,0,1,1,0,1,1,1,1,0,0,1,1,0,0,0,1,1,1,1,0,1,0,1,0,1,0,1,1,0,0,1,0,1,1,1,-0.015670802,-0.012001302,-0.014848757,-0.130393993,-0.003705906,-0.004701598,-0.143594241,-0.495533931,-0.133302419,-0.088884877,-0.051957212,-0.076609919,-0.578214634,-1.075163076,-0.289129016,-0.246626619,-0.352229214,-1.372749506,-0.955840297,-0.47717179,-0.209982159,-0.209429325,-0.187122492,-0.19536237,-0.299322235,-0.624400986,-2.983749453,-5.871328224,-1.110892908,-0.826533408,-1.313167682,-5.970584766,-0.727450966,-0.661663005,-0.952496963,-3.888925209,-2.957658415,-2.96388783,-2.81764741,-1.913939542,-1.250236965,-1.650149824,-2.655973565,-8.130599487,-4.197597901,-2.728906664,-2.332319217,-1.514189254,-1.2550627,-1.390276769,-1.36032205,-1.27654006,-1.367212743,-1.604179259,-3.250043956,-1.24806731,-1.19058189,-0.906706022,-1.469266105,-0.779855181,-0.835759467
0,1,0,1,1,0,1,0,1,0,1,1,0,1,0,0,0,1,0,1,0,0,0,1,1,1,1,0,1,0,0,1,0,0,1,0,1,0,1,0,1,1,0,1,1,1,1,1,0,0,1,0,1,1,0,1,0,1,1,1,1,0,1,1,1,0,0,1,0,0,1,1,0,0,1,1,0,1,0,0,0,0,0,0,1,0,1,1,1,0,0,0,1,1,1,0,0,0,1,1,-0.197868909,-0.035978177,-0.055351593,-0.184373763,-0.119134678,-0.137325656,-0.188504651,-0.221389168,-0.162849583,-0.243532527,-0.476306485,-0.993038875,-0.705488594,-0.443046799,-0.817481499,-0.5194777,-0.446374144,-0.6577335,-2.074258016,-0.286601566,-10.36400573,-0.135576115,-0.258800145,-0.214579343,-0.166414399,-0.154330568,-0.248290613,-0.345149626,-2.089860618,-1.604739749,-2.382847018,-2.726599075,-2.892835473,-5.814198365,-5.139598421,-17.26628626,-5.316068527,-8.047371989,-5.323816699,-12.15583185,-3.038553175,-1.724124063,-1.466460276,-6.051811397,-3.550243105,-2.166441425,-1.113466424,-0.967989943,-1.051688996,-1.845611256,-1.357074124,-0.722983917,-1.106312477,-5.121233817,-1.02504403,-0.783477851,-0.957191925,-0.722425855,-0.877322643,-1.15841471,-1.491989943
0,1,1,1,1,0,0,0,0,1,1,0,1,1,1,0,0,0,0,0,0,1,1,1,1,1,1,0,0,0,1,1,1,1,0,1,0,0,1,0,0,0,0,0,1,1,0,1,1,1,0,0,0,0,1,0,0,0,1,0,0,0,0,1,1,1,0,1,0,0,1,1,1,1,1,0,0,0,0,1,1,0,1,1,0,0,0,1,1,1,1,0,1,1,1,1,0,1,0,1,-0.019709963,-0.172214074,-0.061845266,-0.025341933,-0.018777872,-0.019516116,-0.027200123,-0.064703796,-1.013600761,-0.151322582,-0.103434518,-0.44138709,-0.198272461,-0.078132443,-0.077743941,-0.083997451,-0.159714416,-0.956934621,-0.157800721,-0.146128367,-0.204646764,-0.251166374,-9.887622048,-0.758628922,-1.919563633,-1.094557409,-0.511551406,-0.341226821,-0.366220467,-0.466033206,-0.800052561,-1.936407435,-10.16739693,-1.847097585,-0.982625762,-1.541257737,-1.980783674,-1.039774873,-1.330875415,-2.389731687,-11.76192853,-2.561536093,-1.998768669,-1.567819588,-1.324869796,-1.158200947,-1.214606776,-1.417471627,-1.890457425,-4.359159797,-2.394294564,-1.772006909,-1.399086355,-1.267715252,-2.213607879,-11.2354663,-4.584870406,-3.623810635,-2.12360893,-2.59989185,-1.978307612
1,1,0,1,0,0,0,0,1,1,1,1,0,0,1,0,1,1,1,0,0,1,0,1,1,1,1,0,1,0,1,0,1,1,0,1,0,1,1,1,0,1,1,0,1,1,1,0,1,0,0,0,0,0,1,0,1,0,0,1,1,0,0,0,1,0,1,1,0,0,1,1,1,0,1,1,0,1,0,1,1,1,0,1,0,0,0,1,1,1,0,0,0,0,1,0,0,0,0,1,-0.034347517,-0.258193105,-0.146637896,-0.040910367,-0.027240809,-0.037036427,-0.061067716,-0.334190707,-0.070765007,-0.081977972,-0.123883443,-0.191148887,-0.434302817,-0.057108406,-0.305905936,-0.112909914,-4.14859245,-0.576262851,-0.096314023,-0.054196414,-2.961662796,-6.804991446,-0.928643166,-2.716903224,-1.226365989,-0.372557532,-2.614918162,-0.864318218,-0.35625645,-5.635668616,-0.625263647,-0.183753811,-0.587866278,-0.100966437,-0.149694819,-0.092854755,-0.102805013,-0.11578307,-0.134709068,-0.161022277,-0.232549416,-0.27399602,-0.553821236,-0.316758569,-0.384206106,-0.736036734,-1.106034811,-4.938390821,-1.671804473,-11.19190454,-3.304015486,-1.676962344,-0.872380848,-0.609799944,-0.593115544,-0.641709409,-0.693790963,-0.756648179,-0.985085196,-1.37633808,-1.918744408
0,0,0,1,0,1,0,0,0,0,1,0,1,0,0,0,0,1,1,1,0,1,1,1,0,1,1,1,0,1,1,0,1,1,0,1,1,1,0,0,0,1,1,0,0,0,1,1,0,1,0,1,1,1,1,0,0,1,0,0,0,0,0,0,0,1,0,1,0,0,0,0,0,1,1,1,1,1,0,1,1,0,0,0,1,0,1,1,0,0,1,0,1,0,0,1,0,1,1,0,-0.038711509,-2.909242716,-0.014139052,-0.040395029,-0.106564018,-0.068801627,-0.858427182,-0.029740575,-0.014450237,-0.017592907,-0.093575652,-0.281188667,-3.153006276,-0.085786883,-0.056971909,-0.95181992,-0.080134159,-0.247465467,-8.093016577,-0.204034299,-0.151639212,-0.041479014,-0.036241114,-0.06285092,-0.67947061,-0.497922155,-0.256449112,-0.594579427,-2.027261383,-1.275161016,-3.865614187,-7.290160573,-9.675706875,-2.296141766,-2.057121478,-2.363498633,-2.681031581,-5.500787334,-9.617498914,-3.055165525,-13.51847352,-2.436425592,-1.539402302,-1.266552945,-1.039229123,-0.953129729,-1.338251307,-0.986682058,-1.025926267,-1.031274127,-1.067244789,-1.12598869,-1.303571135,-1.330647805,-1.379093684,-1.473890872,-1.630751991,-1.742414224,-2.007765216,-2.392135903,-3.135828332
0,1,0,0,0,0,1,1,0,0,1,0,0,1,1,1,0,1,0,0,0,0,1,1,0,1,1,0,0,0,1,1,0,0,0,0,0,0,1,0,1,1,1,1,1,0,1,0,1,1,1,1,1,0,0,0,1,0,0,0,1,1,1,1,1,1,0,1,1,0,0,0,0,0,1,1,0,1,0,1,0,0,0,1,1,0,1,0,0,1,0,1,1,0,0,0,1,1,0,0,-0.002939401,-0.003603605,-0.004063037,-0.005168414,-0.006432878,-0.0080478,-0.00892691,-0.012180603,-0.014863373,-0.018874399,-0.020812361,-0.025465436,-0.026546636,-0.029384158,-0.032829466,-0.03711981,-0.042447589,-0.049794334,-0.054376787,-0.059985771,-0.06620659,-0.071418167,-0.076899918,-0.081920552,-0.090132789,-0.09706595,-0.107138811,-0.116203908,-0.12271406,-0.133289442,-0.139852187,-0.149341823,-0.14888219,-0.152155484,-0.156404255,-0.161077283,-0.156437254,-0.151507631,-0.144501436,-0.139098161,-0.128720193,-0.131660063,-0.140886685,-0.138504201,-0.140127838,-0.140155734,-0.144116418,-0.152108532,-0.158479093,-0.170512556,-0.192267422,-0.19124987,-0.202859627,-0.219089719,-0.238045211,-0.221393733,-0.154450276,-0.178722942,-0.25084319,-0.309962374,-0.341259801
0,1,1,1,0,0,1,0,0,0,1,0,1,0,0,1,1,1,1,1,1,1,1,0,0,1,1,1,1,1,1,1,1,0,0,1,0,0,0,0,1,1,1,1,0,0,0,1,1,1,1,1,1,0,0,1,1,1,0,1,0,1,1,0,0,0,1,0,1,0,1,0,0,1,1,0,0,0,0,1,1,0,0,0,0,0,0,0,0,0,0,0,1,0,0,0,1,1,1,1,-0.085612693,-0.102586759,-0.234980307,-0.022727563,-0.062577935,-0.040776632,-0.024153056,-1.220111278,-0.032380032,-0.064771774,-0.21667781,-0.576215451,-1.089112064,-0.156461765,-0.406207344,-0.518806515,-0.639927066,-11.22635918,-6.247865159,-2.37075198,-0.184651186,-0.171634198,-0.258016508,-0.469316386,-2.654398345,-0.89419685,-0.398809712,-0.445465346,-1.099957626,-0.296203596,-0.679186735,-17.30078372,-1.554511035,-0.910783156,-0.861144615,-1.192696653,-2.347704938,-3.367625174,-1.667535032,-2.476361753,-4.267024205,-14.34672253,-7.900001919,-1.355827284,-1.385637418,-2.641541055,-4.52231193,-1.474929009,-1.861510044,-2.759296628,-3.204962645,-6.027791292,-18.76065292,-8.011822015,-4.606558578,-2.894811194,-2.690959794,-1.791425945,-1.448549254,-1.3171194,-1.743036189
0,0,0,1,0,1,1,1,1,0,0,0,0,0,1,1,0,0,1,0,0,0,1,0,0,0,0,1,1,0,0,1,1,1,1,0,1,1,1,1,0,0,0,0,1,0,1,1,0,0,1,0,1,1,0,1,0,0,0,1,1,0,0,0,0,1,0,0,0,0,1,1,0,0,1,1,1,0,0,1,0,1,1,1,1,0,1,0,1,1,0,1,1,0,1,0,1,1,1,0,-0.077549572,-0.038690197,-0.031483381,-0.026223443,-0.025165933,-0.031650398,-0.04511815,-0.161624907,-0.017441095,-0.019815674,-0.036108077,-0.021079027,-0.033093892,-0.0390499,-0.044729563,-0.051060188,-0.065226045,-0.079364145,-0.111590165,-0.151436891,-0.251738994,-0.901838911,-0.176166726,-0.404381242,-0.771515449,-1.187902855,-1.055496862,-0.677887627,-0.421330939,-0.271915963,-0.197678722,-0.159584573,-0.15223469,-0.178747611,-0.438933662,-0.385527047,-1.372774834,-5.929024696,-1.928489166,-0.692779574,-0.356816121,-0.970245019,-0.37287166,-0.285488892,-0.261556603,-0.287258147,-0.467418936,-0.518277014,-0.465431651,-2.011927939,-2.155967756,-0.571630321,-0.371485767,-0.301318474,-0.254474307,-0.222521206,-0.241906725,-0.225225176,-0.186477753,-0.176330145,-0.180473679
0,1,1,1,1,1,1,0,0,0,0,1,1,0,1,1,0,1,0,1,0,1,1,1,1,0,1,1,1,0,1,0,0,0,1,1,1,1,1,1,0,1,0,1,0,0,0,1,0,0,0,1,1,0,1,1,0,1,1,1,0,0,0,1,0,0,0,0,1,0,1,0,0,0,1,0,1,0,1,0,0,1,0,1,1,0,1,0,1,1,1,1,0,1,1,1,1,1,1,0,-0.003047573,-0.003660292,-0.005642413,-0.004944779,-0.006423371,-0.007829869,-0.009812798,-0.012171485,-0.015569215,-0.01799205,-0.024881839,-0.022222859,-0.025974785,-0.029486019,-0.032923004,-0.028085845,-0.040278192,-0.046647943,-0.052392502,-0.058327494,-0.066674014,-0.070974364,-0.076732917,-0.081099483,-0.087971009,-0.094723508,-0.105737701,-0.11160393,-0.119428702,-0.12672381,-0.144675404,-0.141313328,-0.139027578,-0.153980078,-0.139146183,-0.171479362,-0.160217611,-0.150675649,-0.143601201,-0.141557178,-0.128202242,-0.136594795,-0.128772688,-0.124673403,-0.128847944,-0.130596226,-0.139130522,-0.147266583,-0.157322772,-0.160575534,-0.170089184,-0.183826089,-0.194966342,-0.208261726,-0.199825571,-0.174424156,-0.19457258,-0.249373419,-0.274537842,-0.269734219,-0.292620181
0,1,1,1,1,1,0,0,1,0,1,1,1,0,1,0,0,1,0,0,1,0,1,1,1,0,1,1,1,1,0,1,1,0,0,1,0,1,1,1,0,0,1,1,1,1,1,1,1,0,0,0,1,1,0,0,0,0,0,0,0,1,1,1,0,1,0,0,1,0,0,1,1,0,0,1,1,0,1,1,0,1,1,0,0,1,0,1,1,1,1,0,0,0,1,0,0,0,0,0,-0.022770887,-0.038910123,-0.158734726,-0.092573427,-0.048012987,-0.347755443,-0.05405174,-0.10131633,-0.059864622,-0.048675814,-0.499135936,-0.203174487,-0.031097715,-0.042336782,-0.03501075,-0.042744753,-0.06778907,-0.210595129,-0.057317007,-0.055127755,-0.058855339,-0.085238941,-0.105397258,-0.120104237,-0.674038554,-0.317895544,-0.182610125,-0.211956272,-0.298785811,-0.42790158,-1.210066059,-9.270406541,-0.846578996,-1.699266246,-2.241630517,-9.354372279,-1.188037932,-2.197725408,-6.147506237,-6.771422562,-2.321269341,-1.599518692,-2.543851781,-3.679815662,-3.339880094,-2.132299893,-8.653206932,-6.749455779,-15.28269427,-13.72075867,-5.122621341,-6.357883965,-6.478417637,-9.1224092,-6.633290248,-3.88169351,-2.599386888,-3.667637577,-3.06463203,-1.393946338,-1.37604713
0,1,0,0,1,0,1,1,1,0,0,0,1,1,0,1,1,1,1,1,1,0,0,0,1,1,1,0,0,0,1,1,1,0,0,0,0,0,1,1,0,1,0,0,1,0,0,1,1,0,0,0,1,0,0,0,1,1,0,0,0,0,0,0,0,0,0,1,1,1,1,0,1,1,0,0,1,1,1,1,0,0,0,0,0,0,1,1,0,0,1,0,0,1,0,1,1,0,1,0,-0.008363021,-0.086610741,-0.041960953,-0.052980399,-0.033725456,-0.040834856,-0.175641505,-0.054906574,-0.068082177,-0.091046806,-0.133225457,-0.22093463,-0.56704584,-0.19149178,-0.422973447,-0.849881285,-1.270275149,-0.466184291,-0.270037818,-0.272910603,-0.27814185,-0.316805656,-0.422785367,-0.773356002,-0.898421726,-0.31491369,-0.243064195,-0.640409061,-0.442090141,-1.166614564,-5.732660457,-0.551422443,-0.325824838,-0.422713978,-1.283971831,-4.261763514,-1.002152257,-0.894815144,-2.154813575,-3.014115317,-9.584257557,-5.514669038,-4.298325769,-3.541720703,-3.306308523,-2.675761326,-2.242043186,-2.376327205,-3.534527327,-7.640834815,-12.49074292,-4.027622043,-1.518360712,-0.830663439,-0.721694351,-3.015760621,-0.561968042,-0.327767562,-0.272924693,-0.262589895,-0.268633207
0,1,0,0,0,1,1,0,1,1,0,0,1,1,1,0,0,1,0,1,0,0,1,0,1,1,1,1,1,1,0,0,1,0,1,0,0,0,0,0,1,1,1,1,0,1,1,0,1,1,1,1,1,0,1,1,0,0,1,1,0,1,1,0,1,0,0,0,0,0,0,1,0,0,1,1,0,0,1,1,1,1,0,0,1,0,0,0,0,0,1,0,0,1,1,0,1,0,1,1,-0.048844544,-0.364983789,-0.224625974,-0.119392729,-0.041200028,-0.023178201,-0.024273876,-0.102705621,-2.03918882,-0.124179707,-0.200638007,-0.736485676,-0.21041261,-0.097039642,-0.068806285,-0.05884075,-2.330701248,-0.071534759,-0.078612681,-0.13974311,-0.537314676,-14.36073683,-0.668284754,-2.590589272,-0.439587024,-3.107384849,-0.575780714,-0.260710625,-0.683334536,-0.389978907,-0.482037898,-2.882682406,-4.452147908,-11.01275312,-1.889001707,-4.784919698,-3.930281855,-2.225245642,-1.30315757,-2.118634261,-1.721113586,-1.581391489,-1.234612763,-1.264465083,-1.246688933,-4.613704705,-2.738225337,-2.88446178,-7.596243601,-2.560732431,-1.619183995,-1.142891888,-1.138237877,-1.042768664,-1.315513788,-2.711396378,-7.174864751,-5.916995201,-3.009896851,-2.281585704,-1.929648848
0,1,0,0,1,0,1,0,1,1,1,1,1,1,0,1,0,1,1,0,0,1,0,0,1,1,0,0,0,0,1,0,0,1,1,1,0,1,0,1,1,0,1,1,1,1,1,1,1,0,1,1,1,0,0,0,0,0,1,0,1,0,0,1,1,0,0,1,1,0,1,0,0,1,1,1,0,1,1,1,1,1,1,0,1,1,1,1,0,1,1,1,0,0,0,1,0,1,1,1,-0.067435409,-0.326107844,-0.11463043,-0.241815823,-0.046685765,-0.048530539,-0.066864791,-0.077436761,-0.173133319,-0.230643362,-13.436492,-0.071658747,-0.044991088,-0.035764526,-0.032314454,-0.03138477,-0.035133092,-0.19292493,-0.112438842,-0.135469639,-0.237500041,-0.865496927,-0.17519074,-1.41001478,-0.095079662,-0.103965704,-0.133762033,-0.137283349,-0.176747522,-0.223357603,-0.29186596,-0.356610421,-0.401562161,-0.536838723,-0.602512049,-0.642842081,-0.790848784,-2.460627536,-1.828914179,-0.958025052,-0.959112762,-1.007383723,-0.944230374,-0.940310066,-1.277158225,-7.576917283,-2.870152063,-1.927342807,-0.893488612,-0.659500575,-0.701285298,-0.821554794,-1.208306741,-1.594299324,-2.219444306,-1.562575026,-3.548462564,-1.767960219,-4.829413979,-7.342352947,-4.645097883
1,0,0,0,0,0,1,1,0,1,0,0,0,1,0,1,1,0,0,1,0,0,0,1,0,1,1,1,1,0,1,0,0,1,0,0,0,1,1,1,1,1,1,0,1,0,1,1,1,0,0,1,0,1,1,0,1,1,0,0,1,0,1,1,1,1,0,0,1,1,1,1,1,0,1,0,1,1,0,1,0,0,0,1,0,1,1,1,1,0,0,0,1,1,0,0,1,1,0,0,-0.002952343,-0.003549189,-0.004315886,-0.005384094,-0.005073608,-0.00770662,-0.009872102,-0.011983991,-0.014850552,-0.018027621,-0.020879651,-0.024167367,-0.026467126,-0.029132618,-0.033774098,-0.039126255,-0.038815786,-0.047207312,-0.053961524,-0.060638111,-0.067241531,-0.072256468,-0.076986985,-0.083266187,-0.090138141,-0.098070275,-0.106310257,-0.114531371,-0.123558627,-0.130660483,-0.138584257,-0.145874549,-0.14811219,-0.147746319,-0.152930856,-0.153771326,-0.152082212,-0.148894412,-0.145132322,-0.140766861,-0.137885803,-0.106448547,-0.113163555,-0.124293301,-0.125139725,-0.129126934,-0.135444931,-0.134215468,-0.152425732,-0.156767509,-0.158628421,-0.16119997,-0.179116251,-0.190473322,-0.199014305,-0.220536937,-0.235720858,-0.245677899,-0.28408022,-0.309356351,-0.33209337
1,0,0,0,0,0,1,0,1,1,0,0,1,1,1,1,0,1,0,1,0,1,1,1,0,1,0,1,0,1,0,0,1,1,1,0,0,0,1,0,1,0,0,0,0,0,0,0,1,0,1,1,0,0,0,0,0,1,0,0,1,0,0,1,0,0,0,1,1,1,1,0,1,1,1,0,0,0,0,1,0,1,0,1,0,1,1,1,1,0,1,0,0,1,0,1,1,1,1,0,-0.002979035,-0.00354189,-0.004025087,-0.005230453,-0.006513562,-0.008022654,-0.009987859,-0.01235455,-0.015133732,-0.01827364,-0.022319084,-0.02585453,-0.020760779,-0.034461623,-0.029329369,-0.034785784,-0.040810199,-0.047150199,-0.051066257,-0.061048364,-0.066099367,-0.073617513,-0.088005742,-0.071514724,-0.083813641,-0.092108524,-0.098011595,-0.108945121,-0.12111645,-0.129866373,-0.132096715,-0.142280149,-0.146304245,-0.151140726,-0.152168773,-0.160957705,-0.158903962,-0.156913126,-0.155936827,-0.165851816,-0.131436983,-0.137097271,-0.136279946,-0.141384019,-0.162588865,-0.21550266,-0.115728339,-0.128226166,-0.110510892,-0.129766861,-0.163774301,-0.272364197,-0.187618768,-0.17045099,-0.149223794,-0.173377403,-0.215829419,-0.242691264,-0.279298434,-0.317054667,-0.342623089
0,0,0,1,1,1,0,0,1,1,0,0,1,1,0,0,0,1,1,0,0,1,1,0,1,0,0,0,1,1,1,0,1,0,0,0,1,0,0,1,1,1,0,1,0,0,1,0,0,0,1,0,1,0,1,0,1,1,0,1,0,0,1,0,0,0,0,1,0,1,1,0,1,0,1,0,0,0,1,0,0,1,1,0,0,1,1,1,0,1,0,0,1,0,0,1,0,0,0,0,-0.008217329,-0.010526796,-0.013886422,-0.027498509,-0.022597627,-0.032333916,-0.049115476,-0.072253206,-0.13422384,-0.202032894,-0.12327427,-0.088874159,-0.071899017,-0.062795562,-0.057442765,-0.064121965,-0.042645862,-0.04232645,-0.04116632,-0.041083349,-0.036474975,-0.040029776,-0.039656784,-0.041656692,-0.044815337,-0.049869585,-0.055354733,-0.068883689,-0.095303806,-0.129307717,-0.206413386,-0.399258719,-1.288236994,-15.82516557,-0.892389362,-0.247994762,-0.152285058,-0.132603366,-0.132825361,-0.152792428,-0.192470191,-0.229522391,-0.205349098,-0.216631188,-0.261674592,-0.277172351,-0.298294431,-0.342718798,-0.37410658,-0.414599569,-0.480859238,-0.580167412,-0.672583005,-0.794291132,-0.964736732,-0.951203135,-1.12247839,-1.646287251,-3.144409011,-5.679172217,-9.73349099
0,1,1,0,1,0,1,0,0,1,0,0,1,1,1,0,1,1,1,1,1,0,1,0,1,0,0,0,0,1,0,1,1,0,1,0,0,1,1,0,1,1,0,1,0,1,1,1,1,0,0,1,0,0,0,0,0,0,1,0,1,1,0,1,0,1,1,1,1,0,1,0,0,1,0,1,0,1,0,1,0,0,1,0,0,0,1,0,0,0,1,0,0,1,0,0,0,0,1,0,-0.026126766,-0.03553446,-0.050230363,-0.07381389,-0.113352042,-0.170639343,-0.199627012,-0.151513823,-0.106604054,-0.080118146,-0.084896082,-0.133064553,-3.394745688,-0.150426378,-0.332790439,-7.809847674,-1.038701231,-0.40692539,-0.331508433,-0.348421353,-0.517011083,-0.826743511,-0.90927217,-0.924587508,-0.85185181,-0.726135668,-0.749066529,-2.230602447,-1.301624224,-0.382142738,-0.2857555,-0.649422697,-0.788230255,-0.27251852,-0.177187624,-0.162132436,-0.166665997,-0.198390684,-0.325427177,-2.059481964,-0.779356554,-1.687267889,-7.71401172,-14.75242358,-4.188104891,-0.925361925,-0.555004347,-0.539050063,-0.737084015,-1.819740329,-13.07361287,-2.947062932,-1.117627187,-0.725541756,-0.968924443,-2.062385169,-0.901157397,-0.493459344,-0.380522177,-0.36253932,-0.405530187
0,1,1,1,0,0,0,0,0,1,0,0,0,1,0,0,1,0,0,1,1,0,0,1,0,1,1,0,1,0,0,1,1,0,1,0,0,0,1,0,0,1,1,0,0,1,1,0,0,1,0,0,1,0,1,0,1,0,0,0,1,1,0,0,0,1,0,0,1,1,1,1,0,1,0,0,0,0,1,1,1,0,0,1,1,1,0,1,1,0,0,0,1,1,1,1,0,0,0,0,-0.030852185,-0.0201918,-0.015961805,-0.01506655,-0.019928511,-0.01651746,-0.020598815,-0.05281272,-0.028971818,-0.055678614,-0.065096631,-0.113129181,-0.303999394,-1.384405033,-0.12539644,-0.040465322,-0.026812096,-0.022640368,-0.021710701,-0.022639926,-0.022323075,-0.028450725,-0.038090973,-0.062423571,-0.128204803,-0.435966698,-2.21385788,-0.544776615,-0.262637905,-0.204493386,-0.214297249,-0.270568487,-0.402901713,-1.423902268,-0.247688994,-0.307163397,-0.608140848,-1.226665262,-2.973905596,-6.141261861,-3.584617041,-1.624285528,-0.901015901,-0.568025896,-0.4092888,-0.322204276,-0.279138654,-0.253267122,-0.233822267,-0.231434249,-0.322890069,-0.363341203,-0.458586792,-1.516721275,-0.422101209,-0.314314667,-0.293472722,-0.286611425,-0.30242355,-0.340295219,-0.382910158
1,0,0,0,1,1,1,0,1,1,0,1,0,1,1,1,0,1,1,1,0,0,0,1,0,1,1,0,1,0,0,0,0,1,1,0,1,1,0,0,1,0,0,1,0,0,0,1,0,1,1,1,1,0,0,0,0,1,1,0,0,0,0,0,1,0,1,0,0,0,1,1,0,1,0,1,1,0,0,0,0,1,0,1,0,1,1,0,1,0,1,0,0,0,1,0,1,0,1,0,-0.089197789,-0.552742491,-0.146476715,-0.075913945,-0.028857159,-0.030680345,-0.045368736,-0.016229412,-0.023471203,-0.027147566,-0.030068986,-0.032509146,-0.038723924,-0.661746524,-0.071338407,-0.313692776,-0.061332185,-0.054693828,-0.06347191,-0.076532404,-0.101621853,-0.131005746,-0.223417389,-0.728097993,-0.193798084,-0.180696947,-0.367358431,-1.119304452,-0.720495449,-1.397753041,-1.213833153,-0.533743341,-0.46310307,-0.572555135,-0.680505538,-0.696724391,-0.896029386,-1.045607511,-1.048261713,-1.161669217,-1.340123456,-1.453792059,-1.62723797,-1.730073615,-1.746331564,-1.664264722,-1.518805354,-1.331929995,-1.141779456,-1.01795767,-0.888168869,-0.786717211,-0.72981944,-0.697085169,-0.690908867,-0.72189914,-0.870390245,-0.990756122,-1.282901694,-2.069387153,-3.30654332
1,1,0,0,1,0,1,0,0,0,1,0,0,1,0,1,1,0,1,0,0,0,0,0,1,0,1,0,1,1,1,1,1,0,0,1,1,0,1,1,1,0,1,1,0,1,1,0,1,0,0,0,1,0,1,1,1,0,1,1,1,0,0,0,1,0,1,1,0,0,0,0,0,1,1,1,1,1,1,1,0,1,1,1,1,1,0,1,0,0,1,0,0,0,1,1,0,1,1,1,-0.036453377,-0.291964827,-0.257566056,-0.160080572,-0.055317205,-1.2560587,-0.033515663,-0.421328483,-0.125339339,-0.286936409,-0.327404412,-0.185761821,-0.117547555,-0.130532338,-0.383117397,-0.501544744,-1.245614021,-0.283759851,-0.147336203,-0.776714408,-0.108465542,-0.119439247,-0.550596697,-2.19354775,-0.240754719,-0.217282259,-10.31310695,-1.895127891,-1.415590545,-1.58157151,-0.677157581,-2.103212737,-5.761410633,-2.165775358,-1.151172238,-6.267381099,-1.563836467,-0.841749186,-1.46128233,-1.977703838,-1.296514745,-1.492870232,-4.779878475,-3.406070114,-5.389418195,-5.956999084,-5.673598284,-4.558416734,-5.382785165,-1.759260281,-3.726978295,-2.240374787,-1.002304956,-0.587896112,-0.505519278,-1.295864544,-0.700911532,-0.594558205,-0.381357472,-0.361231572,-0.343861933
1,1,1,0,1,0,1,1,1,1,0,0,1,1,1,1,1,1,0,1,1,0,0,1,0,1,0,1,0,0,0,0,0,1,0,0,1,1,1,0,1,0,1,1,1,0,1,0,0,1,0,0,0,0,1,1,0,1,0,1,0,1,1,1,0,0,0,1,0,0,1,0,1,1,0,1,0,1,1,1,0,1,0,1,0,1,0,0,1,1,1,0,0,1,1,1,0,0,1,0,-0.011503197,-0.043410428,-0.008566143,-0.010227538,-0.07588197,-0.017167202,-0.049227867,-0.139318208,-0.396221019,-0.1760809,-0.038837069,-0.04866058,-0.119419965,-0.288450795,-0.136063615,-0.169474298,-2.180102211,-0.699771599,-1.846630126,-1.476972456,-0.617993812,-0.352874685,-0.361672685,-0.136269967,-0.10785021,-0.116925203,-0.130369478,-0.20930331,-2.399872878,-5.459071726,-5.32527882,-7.307194341,-1.122704312,-0.195432296,-0.156064364,-0.152397599,-0.160938927,-0.182042754,-0.190403177,-0.243949989,-0.311775605,-0.383807903,-0.510814267,-0.719176141,-0.971020064,-1.171232111,-1.915249399,-2.838049559,-4.094700254,-4.394070988,-3.174591876,-1.867391955,-1.305963263,-1.084593304,-0.893121628,-0.760113423,-0.686351969,-0.610164835,-0.604124644,-0.621627552,-0.676497827
0,0,0,1,1,1,0,0,0,0,1,0,0,0,0,1,0,1,1,0,1,0,0,1,0,0,0,0,1,1,1,0,0,1,1,1,0,0,1,0,0,1,0,0,0,1,1,1,0,1,0,0,0,1,0,1,1,0,1,1,0,0,1,0,1,1,1,0,0,1,0,1,1,1,1,0,0,1,0,1,0,0,0,0,0,0,1,1,0,1,0,1,0,0,0,0,1,0,1,0,-0.006880629,-0.00794953,-0.009040393,-0.010138525,-0.011325038,-0.013755633,-0.033319117,-0.081011433,-0.053202744,-0.040863046,-0.042006572,-0.201140157,-0.218554111,-0.627585646,-0.970985775,-0.860673608,-0.663989826,-0.527551552,-0.443729853,-0.371782347,-0.303682314,-0.30856152,-0.322780718,-0.352405564,-0.427709897,-0.644751349,-0.647531781,-1.551765322,-2.140203465,-0.743302521,-0.277163144,-0.144522487,-0.096859186,-0.082672399,-0.084110319,-0.079888458,-0.113768625,-0.123081956,-0.146539154,-0.183295673,-0.243448141,-0.344861445,-0.555427411,-1.171341805,-3.321083044,-6.379973196,-3.451227402,-2.224367276,-2.328915174,-2.231166197,-0.805638634,-0.554445764,-0.515755244,-0.499111357,-0.460585201,-0.436599358,-0.435919954,-0.440443925,-0.447684302,-0.480075646,-0.540653682
1,0,1,0,0,1,0,1,0,1,0,1,1,1,0,1,0,0,1,1,0,0,0,1,0,0,0,1,0,1,0,0,1,1,0,1,1,0,0,0,1,1,1,0,0,1,1,1,1,0,0,1,1,0,0,0,0,1,1,0,1,0,1,1,0,0,1,1,0,1,0,1,0,1,1,1,0,0,1,1,0,0,0,1,0,0,0,0,0,0,1,0,0,0,0,1,1,1,0,1,-0.045219621,-0.289097618,-0.047452313,-8.185471654,-0.020927624,-0.020938094,-0.021066881,-0.024092531,-0.032989823,-0.036345747,-0.040103656,-0.081180569,-0.413310241,-0.149197115,-0.050546229,-0.123526965,-0.287385611,-0.037962325,-0.051108177,-0.229700802,-0.06246464,-0.09369373,-0.486809994,-2.618605022,-0.277674617,-7.805725017,-1.446892228,-1.391611439,-2.694163909,-3.043794201,-4.66440339,-1.683298042,-1.702041445,-1.081917051,-0.917032656,-0.774695971,-0.9192273,-5.879091262,-7.598701622,-1.084141885,-0.981790597,-2.002501676,-0.878408956,-0.922894469,-1.933628228,-0.741666583,-0.818412639,-1.715425425,-5.556892727,-2.876237275,-1.132662526,-2.00882443,-2.041971888,-0.91291882,-1.055969873,-0.389096841,-0.328014692,-0.318421812,-0.340276148,-0.385301139,-0.566362152
0,1,0,1,0,1,0,1,1,0,0,1,1,1,1,1,0,0,1,1,0,1,1,1,1,0,0,1,0,1,0,0,0,0,0,1,0,1,0,1,1,1,0,0,0,0,0,1,1,1,1,1,0,1,0,0,0,1,1,1,0,1,1,1,0,0,0,0,0,0,0,0,1,0,1,0,1,1,0,1,0,1,1,1,0,1,0,1,1,1,0,1,0,0,0,0,1,0,1,1,-0.12318976,-0.059595662,-0.229485804,-0.023285549,-0.015775066,-0.015728929,-0.017086617,-0.042423803,-0.032729681,-0.081128369,-0.079663008,-0.07794415,-0.13541522,-7.59827297,-0.106983498,-0.92776046,-0.681465378,-2.272022629,-0.294694324,-0.497385922,-1.033470397,-11.71829847,-2.24144043,-0.926375793,-1.420557855,-6.724071791,-1.057601735,-0.855061669,-5.680046255,-1.870072204,-0.884063667,-0.211493428,-1.372917227,-0.931159534,-5.981798391,-2.442260623,-6.194898501,-7.617218348,-1.380444404,-1.372400411,-9.113784756,-2.486062725,-1.740230173,-0.686386609,-0.452822334,-0.326170494,-0.432931018,-0.885969261,-0.525051475,-0.474180311,-0.90885604,-1.160814148,-1.779689659,-0.634194454,-0.67427168,-0.39751291,-0.335624292,-0.360220235,-0.297499228,-0.294292709,-0.298728698
1,1,0,0,1,0,1,1,0,1,1,0,1,1,1,0,1,1,0,1,0,0,0,1,1,1,0,0,1,0,1,1,1,1,1,0,0,0,0,1,0,0,1,0,0,1,1,0,1,0,0,0,1,0,0,0,0,0,1,0,1,0,1,1,0,0,0,1,0,1,0,0,1,0,1,1,0,1,0,0,1,0,1,0,0,0,0,1,0,0,0,0,0,0,0,1,0,0,0,1,-0.00295104,-0.003569033,-0.004333954,-0.005595195,-0.006222055,-0.007935221,-0.009876806,-0.012262518,-0.014972919,-0.018258221,-0.024023225,-0.022808279,-0.026122562,-0.029180801,-0.040513112,-0.038319842,-0.045878444,-0.041414588,-0.053967307,-0.059208562,-0.065188442,-0.070671938,-0.076898904,-0.080996917,-0.087305075,-0.099338481,-0.109603205,-0.116656724,-0.123782879,-0.129669619,-0.112011032,-0.14373495,-0.145745142,-0.149336685,-0.164142408,-0.15590032,-0.157721023,-0.157567461,-0.162430276,-0.141744989,-0.139656088,-0.134864696,-0.13126698,-0.134977646,-0.137516644,-0.140354529,-0.14731159,-0.156211683,-0.164023927,-0.181342772,-0.195385704,-0.172382911,-0.199955894,-0.244399482,-0.261474485,-0.182724186,-0.173251825,-0.200988025,-0.226450171,-0.264553892,-0.278712561
1,1,0,0,1,1,0,1,1,0,1,1,0,0,0,0,0,1,0,1,0,1,1,0,1,0,0,1,0,1,0,0,0,1,1,1,1,1,1,0,0,0,0,0,1,0,1,0,0,1,1,1,1,0,0,0,1,0,1,0,0,1,1,1,0,0,0,0,1,1,0,0,0,1,1,1,1,0,1,0,0,1,1,1,1,0,1,1,0,0,0,0,1,0,0,1,1,0,1,0,-0.00299922,-0.003616147,-0.004392528,-0.005120094,-0.006290732,-0.006313744,-0.009664322,-0.012334203,-0.015273553,-0.017850917,-0.021300168,-0.02868724,-0.027736701,-0.027225646,-0.032012293,-0.036957473,-0.041488117,-0.041385544,-0.052771086,-0.058829694,-0.063524988,-0.065952115,-0.083396034,-0.085150582,-0.096543173,-0.092571601,-0.104236219,-0.111757252,-0.123843929,-0.13279605,-0.140347885,-0.137971653,-0.149968135,-0.158948731,-0.154657744,-0.157018784,-0.156307588,-0.154285273,-0.151132911,-0.151151121,-0.139847904,-0.147402732,-0.123619244,-0.125795972,-0.127639082,-0.131634091,-0.126991913,-0.163633512,-0.174610506,-0.185825225,-0.206822596,-0.246725371,-0.246348204,-0.153965615,-0.178469994,-0.204078335,-0.20942949,-0.228520232,-0.25422793,-0.297374081,-0.346542295
0,0,0,0,1,1,1,0,1,1,1,0,0,0,0,1,0,0,1,0,1,0,0,0,1,0,0,0,0,1,0,1,0,1,0,1,1,1,1,0,1,1,0,1,0,1,0,0,1,0,0,1,0,0,0,0,1,0,1,0,0,1,0,1,0,1,0,1,0,0,0,1,1,1,1,1,0,1,1,0,0,0,1,1,1,0,1,0,1,1,0,0,1,0,1,1,1,1,1,0,-0.002940613,-0.003366335,-0.004365549,-0.006626029,-0.006190604,-0.007859797,-0.009816518,-0.01215718,-0.014885608,-0.018115362,-0.020360797,-0.023129603,-0.029305177,-0.028649617,-0.030973369,-0.036371743,-0.043465732,-0.049170493,-0.055938289,-0.10029107,-0.065503244,-0.070157474,-0.078243624,-0.083474513,-0.090833822,-0.098832603,-0.101810378,-0.113061244,-0.115144709,-0.116704722,-0.138587108,-0.145973451,-0.160724274,-0.146417226,-0.152912665,-0.180597855,-0.147539255,-0.144014146,-0.144332989,-0.136395479,-0.132804765,-0.129335651,-0.124915855,-0.126401671,-0.1304671,-0.127781836,-0.13157183,-0.140431171,-0.150680531,-0.160329992,-0.17135522,-0.169617194,-0.14658862,-0.1712353,-0.203391775,-0.247994214,-0.270813659,-0.280165169,-0.307991782,-0.330792618,-0.364818751
1,1,1,1,1,0,0,0,1,0,1,1,0,0,0,1,0,0,0,0,1,1,0,0,1,0,1,1,1,0,1,1,1,0,0,1,1,1,0,1,0,0,1,1,1,0,0,1,1,1,1,1,1,0,1,0,1,0,0,0,0,1,1,0,0,1,0,0,0,1,1,1,1,1,0,1,1,0,0,0,0,0,1,0,1,0,1,1,1,0,1,1,0,0,1,0,0,1,1,1,-0.018056348,-0.14772624,-0.071110066,-0.016234883,-0.01209083,-0.034262881,-0.379667676,-0.062231382,-0.040649169,-0.04464222,-0.057058203,-0.087137255,-4.294849799,-0.913116205,-0.333677394,-1.099357265,-0.194219242,-0.158635,-0.221386162,-0.984150528,-2.234995399,-4.544404231,-1.502427294,-0.746752797,-0.863358977,-1.628299493,-4.915575702,-6.660614919,-2.94604279,-1.421107985,-1.727514682,-0.58609853,-1.637298466,-0.527215033,-0.709280798,-1.956471882,-4.216002127,-0.926861751,-1.141144307,-11.1582306,-0.747268706,-6.123691394,-1.29544118,-0.391759986,-0.485019677,-0.294541086,-0.195568728,-0.408487,-0.213737001,-0.200764859,-0.217132055,-0.24371883,-0.287182082,-0.276576196,-0.293966844,-0.343383216,-0.48372813,-0.997578527,-5.140091606,-6.596520597,-2.799978601
1,0,1,1,0,0,0,1,0,1,0,0,1,0,0,1,0,1,0,0,1,1,0,1,0,0,0,0,0,0,0,1,1,1,0,0,0,0,0,1,0,0,1,0,0,1,0,1,1,1,0,1,0,0,0,0,1,1,0,1,0,0,1,1,0,1,0,0,0,0,0,0,0,0,1,1,0,1,0,1,1,0,0,1,0,0,1,0,0,1,0,1,0,0,1,1,0,0,1,1,-0.002733257,-0.00352429,-0.00425932,-0.005227697,-0.005028515,-0.007957623,-0.009908574,-0.012245177,-0.014975751,-0.018083269,-0.019784909,-0.023879407,-0.027153271,-0.035279473,-0.03041604,-0.035357347,-0.042556708,-0.044877452,-0.053788385,-0.062811684,-0.065677973,-0.071282986,-0.076691605,-0.085557437,-0.087166313,-0.093666616,-0.106466791,-0.113477657,-0.120694871,-0.139956366,-0.140932154,-0.147666142,-0.147191035,-0.150316748,-0.155103906,-0.164683854,-0.150259438,-0.149771323,-0.147256337,-0.137011553,-0.134189735,-0.124364046,-0.119176238,-0.129554384,-0.13100533,-0.128127732,-0.128346865,-0.13506807,-0.138721064,-0.151645789,-0.158629247,-0.161992328,-0.182373512,-0.199685446,-0.215325908,-0.234127166,-0.238884144,-0.280040195,-0.314885738,-0.336493228,-0.366104384
0,0,0,0,0,0,1,1,0,0,0,1,0,1,1,0,0,0,1,0,1,0,1,0,0,0,1,1,0,0,0,1,0,0,0,0,1,0,1,0,1,0,1,0,0,1,1,1,1,1,0,1,0,1,0,0,1,0,0,1,0,1,0,0,0,0,1,0,0,0,1,1,1,1,0,0,0,1,0,0,1,0,1,1,1,0,1,1,0,1,1,1,1,0,0,1,1,0,0,0,-0.017421396,-0.049712814,-0.230007548,-0.024450664,-0.034905114,-0.140924436,-0.02877531,-0.116302542,-1.63320567,-0.265344917,-1.043144138,-0.213436,-0.133052273,-0.163751397,-1.370312315,-0.080253524,-0.053382201,-0.10916525,-0.062552236,-0.058066396,-0.062064333,-0.148863053,-0.103666988,-0.114267048,-0.145435172,-0.296840673,-1.145354162,-0.129637389,-0.165654535,-0.776331224,-0.371165022,-0.481415095,-1.241097209,-1.691974957,-14.25205142,-2.245189221,-7.108506395,-3.339097112,-5.681658115,-5.656815121,-2.587749974,-2.283218986,-2.893671056,-3.081533136,-2.658203145,-3.919522935,-5.749509681,-8.538650694,-5.814207629,-1.624995317,-6.557114873,-1.635114202,-1.514180323,-2.250001252,-3.094250311,-4.852776234,-15.05382013,-4.447961235,-2.303769654,-1.578578039,-2.491898802
0,0,1,1,0,1,0,0,1,0,1,0,0,0,0,0,1,0,0,0,0,1,1,0,0,0,0,1,0,1,1,0,1,1,1,0,1,0,1,1,1,1,0,1,1,1,1,1,1,1,1,0,0,0,0,1,1,1,1,0,1,1,0,0,1,0,1,0,1,1,0,0,1,1,0,0,0,1,0,0,1,1,0,1,0,0,0,0,1,1,0,1,0,1,0,0,1,1,1,1,-0.005954067,-0.007008263,-0.012729323,-0.008788568,-0.010547196,-0.012534397,-0.014580367,-0.015527822,-0.020671669,-0.023213958,-0.02697986,-0.029735197,-0.031650717,-0.032424081,-0.035792324,-0.035257476,-0.030277739,-0.031240866,-0.030176385,-0.033708717,-0.046855469,-0.032448174,-0.033257413,-0.03413884,-0.036142916,-0.037858216,-0.041447456,-0.04554329,-0.053230828,-0.060805979,-0.067162774,-0.084825868,-0.099199882,-0.115562237,-0.1371225,-0.153430841,-0.18684762,-0.201054338,-0.216995418,-0.266501259,-0.290862583,-0.246878086,-0.283913918,-0.299422466,-0.303792671,-0.360856872,-0.378993871,-0.373340342,-0.39527276,-0.419617503,-0.445947175,-0.480600881,-0.543830058,-0.546395822,-0.558818425,-0.590898113,-0.643833199,-0.710168065,-0.838287837,-1.128736711,-1.5138048
0,1,1,1,0,0,1,0,1,0,0,1,1,1,1,0,1,0,0,0,1,0,0,0,0,1,1,1,1,0,1,1,1,0,0,1,1,1,1,0,0,0,0,1,0,0,0,1,1,0,0,0,0,0,1,0,0,1,0,0,1,1,1,0,0,0,1,1,1,0,0,0,1,0,1,1,1,0,1,1,1,1,0,1,1,1,0,0,1,0,0,0,1,0,0,0,0,0,1,1,-0.013573721,-0.018057075,-0.503941749,-0.062731407,-0.039577529,-0.073689409,-0.506313407,-0.04494319,-0.039253295,-0.047614715,-0.092164352,-0.088187047,-0.204527262,-0.354662975,-0.338332373,-0.704890284,-1.012126287,-0.848159083,-0.774772804,-0.520844257,-0.744616613,-0.327417041,-0.343617424,-0.410406374,-0.57725348,-0.965903109,-1.716787996,-2.116855395,-1.924587094,-1.419254977,-4.073241468,-4.173785804,-5.875766916,-5.364921781,-2.280671454,-3.58372218,-12.71203216,-3.531479754,-4.033022385,-7.627531237,-7.011388191,-1.078698109,-4.310042726,-2.429163333,-0.654643072,-0.80596457,-1.670451157,-2.343444912,-4.301556618,-4.025368784,-3.728799249,-2.262461027,-13.04759258,-7.853614177,-1.244560241,-1.165031581,-4.7877736,-2.64533042,-3.174947992,-8.212539475,-7.21041853
0,0,0,1,1,0,0,0,0,1,1,0,0,1,0,0,1,1,1,0,1,1,0,0,0,1,0,0,0,1,0,0,1,0,0,1,1,1,1,0,1,1,0,1,0,1,0,1,1,0,0,0,1,1,0,0,1,1,1,1,0,1,1,1,1,1,0,1,0,1,0,1,0,1,0,1,0,1,0,0,1,1,0,0,1,1,1,1,1,0,0,0,0,0,1,1,0,0,1,1,-0.29412463,-0.048907134,-0.027117779,-0.022626584,-0.022123318,-0.023528145,-0.026362307,-0.031930299,-0.037771737,-0.05135955,-0.178694089,-0.723894161,-0.239844929,-0.271460111,-0.47371643,-1.545284434,-3.488425687,-0.981478621,-0.385997196,-0.278446516,-2.416658042,-0.357763343,-0.107540456,-0.069507643,-0.068970459,-0.207792917,-0.3690824,-0.09002569,-0.079548086,-0.102575137,-0.169206297,-0.525302579,-0.784554067,-0.997123907,-1.932607866,-3.328912929,-3.507981855,-3.231210825,-1.624900237,-0.955346485,-0.863454059,-1.120876741,-2.355311759,-5.970200355,-1.962285861,-0.899075386,-0.609425099,-0.870189972,-1.139445087,-0.572684354,-3.576140892,-0.968185097,-1.378515879,-4.392452775,-2.96795013,-1.020339902,-0.715736579,-0.60136417,-0.570856341,-0.664032166,-1.424960557
1,1,0,0,0,1,1,0,1,1,0,0,0,0,0,0,1,1,0,1,1,0,0,0,1,0,0,0,0,1,0,0,0,0,0,0,1,0,0,0,1,1,1,1,0,1,0,1,1,1,1,1,1,1,0,0,1,1,0,1,1,1,0,0,1,0,1,0,1,1,0,0,0,1,0,0,0,1,1,1,1,0,1,1,1,0,1,0,0,0,0,1,0,0,1,1,0,1,1,0,-0.021116586,-0.025929124,-0.044923775,-0.22478884,-0.008056628,-0.211562386,-0.018452309,-0.02416978,-0.028467234,-0.038013204,-0.061829767,-0.073045925,-0.119480991,-0.25513486,-1.300833257,-1.124686131,-0.488857442,-0.037859762,-0.020138031,-0.030991407,-0.067115184,-0.180077172,-0.706923555,-4.933467483,-0.618003158,-1.259676527,-2.08420051,-3.169284209,-1.483784203,-1.858015484,-2.686482641,-0.836512311,-2.512107302,-1.067111608,-0.32528783,-6.751993082,-0.792987185,-1.707445285,-1.973975153,-8.579805697,-1.760931369,-0.846912822,-0.751195003,-0.851434054,-1.07842408,-3.046840282,-1.08930622,-1.529131545,-2.136835152,-3.413747262,-10.29165507,-3.670384355,-3.085866178,-2.701347675,-1.918336688,-2.825055875,-5.30918301,-6.11315968,-4.193374248,-6.655983267,-3.875439265
0,0,1,1,1,1,0,1,1,0,0,1,0,0,1,1,0,1,1,0,1,1,0,1,1,0,0,0,0,0,1,1,0,1,0,1,0,1,0,1,1,0,0,1,1,1,1,0,0,0,1,1,0,1,1,1,0,0,1,1,0,0,1,1,0,0,1,1,0,0,1,0,1,0,1,1,1,1,1,0,1,1,1,0,1,1,0,0,0,0,1,1,1,1,1,0,0,0,1,1,-0.009048929,-0.030642343,-0.097712573,-0.264121992,-0.06726806,-0.025501641,-0.026036881,-0.117529168,-1.900676989,-0.02371078,-0.025368668,-0.045506285,-0.250834551,-0.43893576,-0.157650242,-0.123216605,-0.151028026,-0.261605746,-0.821508065,-4.864604133,-2.328891696,-0.980275021,-0.841780335,-0.683808784,-0.221297584,-0.911244588,-0.064899388,-0.050618843,-0.053612184,-0.075077483,-0.146126921,-1.620234931,-0.260876482,-0.101646175,-0.999830923,-0.160738885,-0.140522357,-0.165872547,-0.192450621,-0.332162758,-0.314429619,-0.377585863,-0.526255803,-1.014144164,-4.643436063,-1.321431929,-0.91012498,-0.756681374,-0.410096814,-0.445968013,-0.770747223,-1.145178931,-1.70629767,-2.642950079,-3.673423619,-3.191816193,-1.761226547,-1.097442687,-0.734190235,-0.607614531,-0.690021163
1,1,0,1,1,0,1,0,1,0,0,0,0,0,0,1,1,0,0,1,0,0,1,1,0,0,1,0,0,1,1,0,1,1,1,0,0,1,0,1,0,1,0,0,0,1,0,0,1,1,1,1,1,0,1,0,0,1,1,1,1,0,1,0,1,0,1,1,0,1,1,1,0,1,1,1,0,1,1,0,0,1,1,0,0,1,0,1,0,1,1,1,1,1,1,0,0,0,0,1,-0.037127505,-0.055048756,-0.087061193,-0.124574684,-0.110931196,-0.04904015,-0.055502472,-0.277858277,-0.196847153,-0.415897414,-0.804566217,-0.266985628,-0.265874462,-0.270179702,-0.504410957,-0.468776332,-0.16992784,-0.32981595,-0.467978739,-0.105960981,-0.216861498,-0.182178668,-0.112208528,-0.164737603,-0.646161408,-0.855021729,-1.805058909,-6.622829936,-4.336093283,-1.221982212,-0.792460572,-0.410280532,-0.43480792,-1.366434297,-0.600716165,-0.545178712,-1.548237544,-2.313313402,-6.269014763,-3.072645546,-2.714693742,-1.26780161,-1.448192046,-3.885176251,-2.428599323,-6.254367328,-6.497816066,-1.613989741,-1.284589878,-2.101728837,-4.082768648,-4.171695786,-1.832479995,-1.315352977,-1.094406487,-0.983397955,-0.992444245,-1.082793618,-1.34053351,-2.218483871,-9.695414645
0,0,0,1,0,0,1,1,0,0,1,0,1,0,1,0,1,0,1,0,1,0,1,0,1,0,0,0,1,0,0,0,1,1,1,1,0,0,0,1,1,1,1,0,1,0,1,0,1,0,1,0,1,1,0,0,1,1,1,1,1,0,1,0,0,0,0,1,0,0,0,1,1,1,1,0,0,0,0,0,0,1,0,0,0,1,1,1,0,1,1,1,0,1,1,0,1,0,1,0,-0.021575237,-0.04539587,-0.053737967,-0.033283192,-0.053393659,-0.038758796,-0.033987,-0.034091158,-0.036735756,-0.106151947,-0.094653416,-0.09011923,-0.129980343,-0.246272974,-3.315009295,-0.194845734,-0.167634178,-0.12027532,-0.107402698,-0.289449251,-0.342847234,-5.554944402,-1.943275475,-0.758343638,-3.704091515,-0.186274497,-0.227002325,-0.103928721,-0.43128524,-1.125524717,-0.258645014,-0.180240508,-0.172530385,-0.210624123,-0.206051163,-0.506613148,-0.285746528,-0.224868794,-0.234174568,-0.238219973,-0.262374673,-0.270702159,-0.278723465,-0.491163638,-0.683794667,-0.548437366,-0.537771078,-0.558084643,-0.584529427,-0.645141842,-0.746426793,-0.501550903,-0.452077014,-0.523155818,-0.54405033,-0.575767347,-0.608662894,-0.651527305,-0.672381795,-0.746641811,-0.868583111
0,1,0,0,1,0,0,1,1,1,1,1,0,0,0,0,0,1,1,0,0,0,1,0,1,0,0,0,1,0,1,0,0,0,0,1,1,1,0,1,0,0,0,1,0,0,1,1,1,1,1,0,0,0,1,1,1,0,0,0,1,1,0,1,1,0,1,0,1,1,1,0,0,1,1,1,0,1,0,0,1,1,0,0,1,1,1,0,1,0,0,0,0,1,1,1,1,1,0,1,-0.002985846,-0.003463317,-0.004423325,-0.005617324,-0.006058158,-0.007783635,-0.009839539,-0.012398628,-0.014748452,-0.017621162,-0.021673128,-0.022892904,-0.026502296,-0.029438239,-0.034372245,-0.035101667,-0.034192235,-0.045226308,-0.054692398,-0.057311652,-0.063323786,-0.06927811,-0.073017177,-0.082511705,-0.090934969,-0.111868758,-0.13661772,-0.110895777,-0.118418202,-0.126554172,-0.134513421,-0.140868235,-0.144093213,-0.152563033,-0.150324455,-0.151715084,-0.1500616,-0.143696423,-0.143452638,-0.13663584,-0.118176021,-0.126301685,-0.120812492,-0.115593469,-0.120431516,-0.1161705,-0.128186915,-0.130007618,-0.137137869,-0.15350804,-0.154322457,-0.174767964,-0.189011715,-0.199858713,-0.205432288,-0.231056253,-0.261723528,-0.280063953,-0.312705698,-0.353424312,-0.377316715
1,0,0,1,0,1,1,0,0,0,0,1,1,1,1,0,0,1,0,1,1,0,1,1,1,0,1,1,0,1,0,0,1,1,0,0,0,0,1,1,1,1,1,1,0,0,0,0,0,0,1,1,1,1,0,0,0,1,0,0,1,0,1,1,1,0,1,0,0,0,1,0,0,0,1,1,1,1,0,1,0,0,0,1,0,0,1,1,1,1,1,1,0,1,0,0,0,1,0,1,-0.080112059,-4.780447999,-0.190703231,-0.144114474,-0.230521168,-0.116868007,-0.167329366,-0.070786524,-0.05105831,-0.042339605,-0.066514458,-0.697835574,-0.041850417,-0.116436581,-0.054202605,-0.070319975,-0.148052406,-0.040360849,-0.172164661,-0.04739551,-0.045639411,-0.051824796,-0.047938764,-0.045031733,-0.045243467,-0.049342968,-0.096935499,-0.070347493,-2.056121352,-5.916307748,-0.224441452,-0.159625104,-0.971707045,-0.396774393,-0.214991929,-0.242106422,-0.234951224,-0.258277428,-0.881939376,-0.578680463,-0.373512299,-0.417519399,-0.47532054,-0.43147085,-0.438029074,-0.456108825,-0.461993913,-0.471936274,-0.490695338,-0.498618337,-0.657405776,-1.158715375,-0.731496528,-0.680969525,-0.661477474,-0.696997893,-0.725156541,-0.791602898,-0.855021593,-0.984356571,-1.154721402
1,1,0,1,0,0,0,1,0,0,0,0,1,0,0,1,0,1,1,1,0,1,0,1,1,0,0,1,1,1,1,1,1,0,1,1,1,0,1,1,0,1,1,1,0,1,0,0,1,1,1,1,0,1,1,1,0,1,0,1,1,1,0,1,0,0,0,0,0,1,1,1,1,1,1,1,1,1,1,0,0,0,0,1,1,1,0,0,0,0,0,1,0,0,0,0,1,1,1,0,-0.005926288,-0.01209464,-1.328689412,-0.021122267,-0.033573295,-0.05975258,-0.288078174,-0.052859961,-0.128735421,-0.188477747,-0.089446275,-3.028242288,-0.388516405,-0.97538,-0.58085686,-0.766512266,-1.290086263,-0.369474432,-0.336704248,-0.318185539,-0.31197066,-0.342768384,-0.450327928,-0.640151861,-1.069130379,-3.234489014,-4.530696498,-2.118932886,-1.655353987,-1.418834122,-1.410946413,-1.889904151,-4.178267335,-7.147395628,-2.545878052,-1.050010168,-6.404634388,-0.722394051,-6.162170432,-1.791648924,-0.785253828,-1.645223663,-1.794633193,-0.390262033,-0.303723553,-0.271778725,-0.210829769,-0.609007754,-0.280053633,-0.686855809,-0.625330981,-1.297232159,-4.586551731,-2.452845214,-1.312094276,-0.767565812,-0.538060632,-0.422283632,-0.372198558,-0.353301155,-0.399972393
1,0,1,0,0,0,0,1,1,1,1,0,0,0,0,1,0,0,1,0,0,1,0,0,0,1,1,0,1,0,1,0,1,1,1,1,0,1,0,0,1,1,0,1,1,1,1,1,1,1,1,1,0,1,0,1,0,0,0,0,1,1,0,0,1,0,0,0,1,1,1,1,0,1,1,0,1,1,1,1,1,0,1,0,0,1,1,0,0,0,1,1,0,1,1,1,1,0,0,0,-0.010519379,-0.012981258,-0.019930121,-0.185221898,-0.100218139,-0.064358001,-0.123651,-0.847128859,-0.160965227,-0.077635314,-1.226309915,-1.111586099,-0.447014816,-2.036915632,-0.271673813,-0.160462282,-1.046247297,-0.955840052,-1.903327734,-0.922892612,-1.735620347,-0.935187375,-1.658616088,-0.751403457,-2.504272987,-3.482440485,-0.365461439,-2.503038499,-0.36784801,-1.685391053,-4.192719995,-0.76895983,-1.05337092,-1.705245953,-1.029944328,-2.238605822,-5.308302728,-1.208449067,-2.827899975,-2.481024398,-2.057568931,-2.901297543,-2.671289562,-12.1742716,-7.094023061,-2.429368477,-2.816804102,-1.889275349,-4.760373387,-3.472152473,-1.806496125,-1.956333817,-2.996031363,-1.360547473,-1.039001959,-1.137492017,-2.895726088,-2.632622722,-2.598664615,-4.389269253,-2.214019424
0,1,0,0,1,0,0,0,1,1,1,0,0,0,1,0,1,1,1,1,0,0,1,1,1,1,0,0,0,0,1,1,0,0,1,0,1,1,1,1,1,1,0,0,0,1,1,0,0,0,1,0,0,1,1,0,0,1,1,0,0,1,1,0,1,1,0,1,1,0,0,0,1,0,0,1,1,1,0,1,0,1,0,1,0,0,0,0,1,1,0,0,1,0,1,0,0,0,0,1,-0.002946621,-0.003557063,-0.004275395,-0.005248075,-0.00671187,-0.007842933,-0.010029139,-0.013353759,-0.014301102,-0.019036116,-0.019894416,-0.023277654,-0.026357463,-0.029243173,-0.026000952,-0.036207216,-0.04124017,-0.048816231,-0.056952431,-0.05670748,-0.04975688,-0.069245045,-0.081524784,-0.082222728,-0.092686966,-0.101772424,-0.10034281,-0.114917804,-0.119028927,-0.131819126,-0.139355867,-0.145963406,-0.14995757,-0.150297126,-0.158624185,-0.160935629,-0.145837702,-0.153105714,-0.13652404,-0.145435465,-0.132335679,-0.133435163,-0.137815935,-0.126486599,-0.124391947,-0.127847396,-0.133042513,-0.143267615,-0.157314984,-0.173138853,-0.175980166,-0.192479015,-0.216935097,-0.236013826,-0.210521039,-0.198123915,-0.219574073,-0.261988179,-0.302565143,-0.358949714,-0.345307077
1,0,0,0,0,0,0,1,1,1,1,0,0,1,0,0,1,1,1,0,0,1,0,1,1,0,0,0,1,0,1,0,0,1,1,0,0,0,0,1,1,0,1,1,0,0,1,0,0,1,1,1,1,1,0,1,0,0,1,0,1,1,0,0,0,1,1,0,1,0,0,0,1,0,1,0,1,0,0,0,0,0,0,0,1,0,0,1,0,1,0,1,0,1,1,1,0,0,1,0,-0.119296565,-0.065949446,-0.031940478,-8.773258921,-0.006573887,-0.013971096,-0.21433535,-0.015536084,-0.038785988,-0.077365431,-0.042006019,-0.090863367,-0.105259798,-0.249613299,-1.178616908,-0.304587149,-0.205263128,-0.261239326,-0.332698634,-0.459680678,-0.589732735,-0.586405098,-0.458568384,-0.33589543,-0.58419737,-0.110469638,-0.073319062,-0.073210811,-0.807556829,-0.114118743,-0.110970196,-0.143590163,-0.203311316,-0.303329212,-0.475242494,-0.783118899,-1.843561462,-1.619865549,-1.470075972,-2.830942394,-1.362498925,-1.007799724,-0.828573528,-0.583362413,-0.672732892,-0.955790765,-2.245684803,-1.237132942,-2.165743548,-1.367457741,-2.671513264,-1.825856677,-0.519563493,-0.237883449,-0.190745084,-0.212548258,-0.207348688,-0.196401819,-0.197060228,-0.202306107,-0.23221765
1,1,0,0,0,0,1,0,1,1,0,1,1,0,0,0,0,1,1,0,0,1,0,0,1,1,0,1,0,1,0,0,1,0,0,0,0,0,0,1,1,1,1,1,0,1,0,0,0,1,1,0,1,0,1,0,0,1,0,1,1,0,0,0,0,1,0,0,0,1,1,0,0,0,1,1,1,1,0,1,1,1,1,0,1,1,0,1,0,1,0,1,1,0,0,1,1,1,1,0,-0.005909933,-0.006425495,-0.008089385,-0.009785792,-0.011707361,-0.013613433,-0.016638029,-0.019495098,-0.022744825,-0.026205551,-0.029653577,-0.032871766,-0.032361596,-0.033350153,-0.031700797,-0.028053654,-0.030703563,-0.027988543,-0.02821005,-0.027925288,-0.030109896,-0.029285368,-0.030187532,-0.031368864,-0.032234067,-0.034649034,-0.035866427,-0.045295014,-0.058374946,-0.06657558,-0.092231313,-0.090026348,-0.111586845,-0.139284844,-0.172384691,-0.180874229,-0.207190174,-0.232263634,-0.252842254,-0.277656779,-0.309379622,-0.342592784,-0.377860732,-0.386027884,-0.345818302,-0.363256338,-0.38098558,-0.382090227,-0.412229432,-0.433377531,-0.463308005,-0.491534048,-0.522824644,-0.568893036,-0.617430356,-0.694684195,-0.900835625,-1.134106289,-1.121590417,-0.993681176,-0.929635613
0,0,1,0,0,0,0,1,1,0,1,0,0,1,0,0,0,0,0,0,1,0,1,1,0,0,1,0,0,1,0,1,1,0,0,1,1,0,1,1,0,1,0,0,1,1,0,1,1,1,1,0,0,0,0,0,0,0,1,0,0,0,0,0,0,1,0,0,1,0,1,0,1,1,1,0,1,0,0,1,1,0,1,0,1,1,0,1,1,1,1,0,1,1,0,0,1,0,0,0,-0.027457042,-0.099220552,-0.352372684,-0.232065298,-0.130446877,-0.099292169,-0.091700517,-0.096729414,-0.11507342,-0.14002073,-0.252672688,-0.624785367,-0.457575504,-0.156970269,-0.111104521,-0.129481281,-0.152141964,-0.185008903,-0.21908294,-0.247432911,-0.264460757,-0.291474351,-0.349326212,-1.103323024,-0.485242934,-0.220070682,-0.163170358,-0.163780218,-0.184433836,-0.224167635,-0.273806542,-0.437194858,-0.331752391,-0.800905502,-2.837004429,-10.16102484,-1.908735904,-0.835769405,-0.649655046,-0.652684704,-0.265492991,-0.255774132,-0.27009112,-0.279197852,-0.302838657,-0.316098261,-0.292542623,-0.311591982,-0.352974806,-0.442398583,-2.342957502,-0.313620452,-0.302287689,-0.328570488,-0.377491416,-0.551702251,-2.671808465,-0.600656045,-0.441266193,-0.467484537,-0.532974781
1,1,0,0,0,1,1,0,1,1,1,1,1,1,1,0,1,0,1,1,0,1,0,0,1,0,1,1,0,0,0,1,0,0,0,1,1,1,0,0,0,0,1,1,0,1,0,0,0,0,0,0,1,0,1,0,0,0,0,1,0,0,1,0,0,1,0,1,0,1,1,1,1,1,0,1,1,1,1,1,1,1,0,0,1,0,0,0,1,1,1,0,0,0,0,0,0,1,1,1,-0.002925388,-0.003523839,-0.004274071,-0.005211121,-0.006526966,-0.008422225,-0.009654214,-0.012442491,-0.0143291,-0.017318526,-0.020638716,-0.023620087,-0.026514322,-0.031319577,-0.03240241,-0.037318192,-0.041781547,-0.047657435,-0.054157532,-0.060249868,-0.06611974,-0.071119196,-0.078733839,-0.082256916,-0.088792579,-0.095871167,-0.098541892,-0.115706263,-0.124028251,-0.130979566,-0.13766641,-0.142650495,-0.175479714,-0.15011855,-0.152249093,-0.155790988,-0.152788026,-0.149870776,-0.149438903,-0.143681336,-0.135180381,-0.125488638,-0.123210231,-0.111648529,-0.140456609,-0.132245222,-0.132453178,-0.137403762,-0.148014053,-0.150757122,-0.159754631,-0.170317786,-0.160582633,-0.174891027,-0.204102575,-0.225606668,-0.263116493,-0.284032949,-0.287847494,-0.343086563,-0.367650341
1,1,0,0,0,1,0,0,1,0,0,0,1,1,1,0,1,1,1,0,1,1,0,1,0,1,1,1,0,0,1,1,0,1,0,0,1,0,0,1,0,0,0,0,1,0,1,0,1,0,0,1,0,1,1,0,1,0,1,1,0,0,0,1,1,0,0,0,1,1,1,0,1,0,1,1,1,0,1,0,1,0,0,1,0,0,1,1,1,1,1,0,1,0,0,1,1,1,1,1,-0.034729126,-0.033929502,-0.047317115,-0.035037692,-0.107143263,-0.072540382,-0.034060194,-0.036934265,-0.057456475,-0.110975062,-0.554849494,-1.124163787,-0.282189017,-0.196865688,-0.446299461,-1.529247678,-0.680559563,-0.477685111,-0.361371608,-0.27340775,-0.219481831,-0.193641597,-0.51401645,-0.187587453,-0.326951196,-6.262210279,-1.243381467,-7.06777484,-1.244296009,-2.593768956,-0.349896869,-0.254855932,-0.29204764,-0.57898572,-3.931405048,-1.135805608,-0.661542475,-2.613773994,-2.30841911,-5.878439215,-4.725824029,-1.662528897,-1.927396589,-2.394431834,-2.064095512,-8.011628309,-3.053468767,-11.33304826,-1.773202764,-1.100135464,-2.591472142,-2.59589269,-1.721726326,-3.522151278,-6.656324628,-2.450452032,-1.785294856,-2.542327779,-2.248352616,-1.358742698,-2.560976022
1,1,1,1,0,0,1,1,1,1,0,1,0,0,0,1,0,0,0,1,1,0,1,0,0,1,0,0,0,1,1,1,1,0,0,1,0,1,1,0,0,0,1,0,0,0,0,1,0,0,0,0,0,0,1,0,1,0,0,0,0,0,1,1,0,1,0,1,1,1,0,1,1,0,1,0,1,0,1,1,1,0,1,0,0,1,1,1,0,0,0,1,1,1,1,1,1,1,1,1,-0.072787372,-1.400626499,-0.031891693,-0.025317225,-0.033565181,-0.046668632,-0.076676038,-0.116217802,-0.11406687,-0.047622317,-0.033854926,-0.030458655,-0.027934737,-0.029142563,-0.030703637,-0.03363523,-0.046191057,-0.108565858,-2.366674633,-0.327081024,-0.130157861,-0.198702085,-0.652748895,-7.441377246,-1.10188196,-0.36524786,-0.329663315,-12.19310725,-0.538354391,-0.216867845,-0.15073148,-0.14295777,-0.157326923,-0.098396585,-0.301576289,-0.241424797,-0.138618228,-0.144436587,-0.157603002,-0.17876064,-0.219925068,-0.251125083,-0.267013976,-0.331384371,-0.630567823,-1.27261353,-0.716368546,-1.047196768,-1.469602703,-4.797572978,-5.285370739,-2.003592699,-1.379633087,-1.373691734,-1.72373062,-2.006785091,-2.056201535,-1.650976919,-1.203588619,-0.846951783,-0.794073959
1,0,0,1,1,0,1,0,0,1,0,1,0,0,0,1,1,0,1,0,0,0,1,0,1,1,0,0,1,0,0,1,1,0,0,1,0,1,1,0,0,1,1,0,1,0,1,0,1,1,1,0,1,1,1,1,1,0,1,0,0,0,0,0,1,1,0,0,1,1,1,0,0,0,1,1,0,0,0,1,0,0,0,1,0,0,0,0,1,0,1,0,1,0,0,1,0,1,0,1,-0.009096213,-0.029410719,-0.270595748,-0.426521414,-0.226045736,-0.382090947,-0.370626275,-0.214960558,-0.09251653,-0.109199493,-2.340884655,-0.078154984,-0.101113878,-0.611429776,-0.520391041,-0.257854253,-2.388893273,-0.096320663,-0.099792241,-2.974323723,-1.818054388,-0.832671081,-0.28323948,-0.539099119,-0.568328356,-0.739817909,-0.27770226,-0.428605431,-0.367181933,-0.251758723,-1.952283386,-0.398325565,-0.653847572,-4.479709058,-1.471274336,-1.520594986,-5.032860213,-1.388668646,-2.379080654,-1.782270613,-6.200911461,-1.843049556,-2.519657073,-0.895753765,-1.596103735,-1.577672076,-1.496477615,-1.748532196,-2.894475832,-0.706010773,-0.637958144,-0.801870051,-6.00527047,-4.889745382,-1.78347739,-1.403454603,-1.479816137,-1.82791629,-1.830631059,-2.127047724,-2.710925196
0,0,1,0,1,0,1,1,0,1,0,1,0,0,1,1,1,1,0,1,1,0,1,0,1,1,1,1,0,0,0,0,1,1,0,0,0,0,1,1,1,1,0,1,1,0,1,0,0,1,1,0,0,0,1,1,1,0,0,1,1,1,0,1,0,1,1,1,1,0,1,1,0,0,1,0,1,0,0,1,0,0,0,1,0,0,0,0,0,1,0,1,1,1,1,0,0,0,1,1,-0.141222773,-0.049092435,-0.118001123,-0.219765095,-0.038961378,-0.117519187,-0.166268424,-0.040665663,-0.018213702,-0.022229348,-0.031295196,-0.068668898,-0.471874794,-0.116601568,-0.43545763,-0.729207685,-3.853319577,-0.679564052,-0.140831959,-0.069268374,-0.072829606,-0.166810115,-0.573039826,-0.450840417,-1.284227859,-7.831625748,-0.791849106,-0.894980952,-1.088942547,-0.957336571,-0.595530786,-0.583427447,-0.517629136,-0.865310608,-2.084293152,-1.935754394,-1.002185977,-0.668521005,-0.595449578,-0.7773437,-1.887997757,-7.020472147,-3.210260029,-1.102756478,-0.822819201,-2.381456659,-7.671226185,-1.720780439,-1.220383589,-1.337766739,-2.723328585,-6.460839779,-8.36383964,-9.657388234,-8.785640563,-2.178976213,-0.968921327,-0.734474967,-0.626744131,-0.617080202,-0.687928845
0,0,0,0,1,0,1,1,0,0,1,1,1,0,1,1,1,1,0,0,1,0,1,1,0,1,1,1,0,1,0,1,0,1,0,0,1,1,0,0,0,0,0,0,1,1,0,0,1,1,0,0,1,0,1,1,1,1,1,0,1,0,0,0,1,0,0,1,0,0,0,0,0,0,1,0,0,0,1,1,1,0,0,1,0,1,1,0,0,0,0,1,1,1,0,1,0,1,0,0,-0.022433303,-0.045051779,-0.907236485,-0.268887325,-0.30769439,-0.96510058,-0.565118476,-1.885201457,-0.068081313,-0.05496455,-0.05922096,-0.072258187,-0.110327876,-21.38446264,-0.114529544,-0.294503806,-0.790237751,-0.556616952,-0.26318711,-0.152603488,-0.15382171,-0.304202572,-2.525891367,-4.960070413,-0.613421341,-9.353677144,-0.256047812,-0.150806185,-7.42299543,-1.08274313,-0.94408924,-1.217967831,-3.125874323,-4.980243855,-1.658778708,-1.000907768,-1.119885801,-1.228657161,-1.270664239,-1.283246995,-2.945195406,-5.041351167,-2.054912996,-1.119877141,-1.279868863,-3.090470927,-3.077454124,-4.830109978,-1.714552176,-1.281519484,-1.869403137,-7.403467217,-2.387156216,-3.495379817,-5.176827973,-2.574083468,-5.432969621,-8.057645171,-4.681009026,-8.65677882,-5.413241603
0,0,0,1,1,1,0,1,0,1,0,0,1,1,0,1,0,1,0,0,0,1,1,1,0,1,0,1,1,0,0,0,0,1,1,0,0,0,1,1,1,0,0,1,1,1,0,0,0,0,0,1,0,0,0,1,0,0,0,0,1,1,0,0,1,0,0,1,0,1,1,1,0,0,1,0,1,1,0,0,1,1,0,0,1,1,1,1,1,1,0,1,1,0,0,0,1,0,0,1,-0.008873738,-0.007379102,-0.007459464,-0.030068493,-0.147453814,-0.043198748,-0.099579605,-0.034099203,-0.064679273,-6.334809293,-0.112816261,-1.837027043,-0.224919076,-0.200249937,-0.629030682,-5.189783287,-0.266496226,-0.077603405,-0.127661732,-0.05378235,-0.074433183,-0.307667322,-2.107596059,-0.356257793,-0.245747064,-0.188130421,-0.486532251,-2.514052879,-0.704970275,-3.753914417,-0.551625481,-0.59133845,-0.883089019,-1.129772024,-2.861853362,-2.52395047,-4.233313558,-5.261455465,-5.416154566,-3.479172201,-25.15961679,-2.415584044,-1.539234754,-1.321457867,-0.805668944,-0.679311133,-0.569904375,-0.563333513,-0.5965219,-0.613239863,-0.600068949,-0.605701484,-0.610670834,-0.605801903,-0.567580726,-0.602634705,-0.718428745,-0.701230088,-0.829361539,-0.826183594,-0.925379176
0,1,1,1,1,0,0,1,0,1,1,0,1,0,0,1,1,0,0,1,0,0,1,0,0,0,1,0,0,1,0,1,0,1,0,1,0,0,0,1,1,1,0,1,0,1,1,1,0,1,1,1,0,0,0,1,1,1,1,1,0,1,1,1,1,0,1,0,0,0,0,1,1,1,1,1,1,0,1,0,1,1,0,0,0,0,1,1,1,1,1,0,1,1,1,1,0,0,0,1,-0.00299471,-0.00363506,-0.003988467,-0.005094771,-0.006391325,-0.007934792,-0.009859196,-0.012105498,-0.014956328,-0.018047296,-0.025006877,-0.023001232,-0.025911983,-0.045137288,-0.032830037,-0.037038112,-0.042412542,-0.048445391,-0.055699035,-0.055411928,-0.063561571,-0.071375984,-0.076461297,-0.083876556,-0.089715213,-0.088092211,-0.101342064,-0.11417541,-0.121681009,-0.127830077,-0.133032723,-0.140975878,-0.145227022,-0.134228678,-0.151299857,-0.160457533,-0.155123731,-0.156897767,-0.136662676,-0.139240224,-0.134667818,-0.128466772,-0.139198431,-0.129310415,-0.125115796,-0.126220828,-0.133496301,-0.141579941,-0.147565313,-0.160068786,-0.155642908,-0.165605165,-0.184236495,-0.183723409,-0.213396334,-0.227437749,-0.235527705,-0.234635101,-0.273478114,-0.30726244,-0.316508439
0,0,1,0,1,1,1,0,0,1,0,0,0,1,1,0,1,1,0,1,1,0,0,1,0,1,0,1,0,1,1,0,1,1,1,0,0,0,1,0,1,0,1,0,1,0,0,1,0,0,1,0,1,1,0,0,1,0,0,1,1,0,1,0,1,1,1,1,0,0,1,0,1,0,1,0,1,1,0,1,1,1,1,1,0,1,0,1,1,0,1,0,1,1,0,1,0,0,1,0,-0.113989576,-0.021629562,-0.010886215,-0.019450091,-0.018936303,-0.076904316,-0.074161636,-0.484570118,-0.123271327,-0.229536514,-0.195870706,-0.140541588,-0.323749957,-0.582741133,-1.644620574,-0.453675041,-0.992562883,-4.273774855,-0.578912751,-0.329163427,-0.237567026,-9.189921325,-1.276408941,-0.609768701,-11.24058535,-0.720490122,-1.731761174,-2.182095408,-0.816915325,-1.720297724,-2.917017462,-1.98352086,-0.653345526,-2.337677303,-2.883351507,-3.313562012,-0.493425051,-11.58464752,-0.670017015,-2.003605631,-1.101152601,-1.038947511,-0.624990981,-1.99280217,-1.322404582,-0.594405424,-1.217114614,-2.709535313,-1.045605658,-3.899677537,-1.589031693,-3.495457793,-6.267253128,-1.722423068,-1.303505402,-0.849031507,-0.681867161,-0.653055459,-0.887309987,-1.296656752,-2.264493605
1,1,0,0,0,1,1,0,1,0,0,1,1,0,1,1,1,1,0,0,1,0,0,1,0,1,0,0,0,0,1,1,0,0,1,1,1,1,1,0,1,0,1,1,0,1,1,1,0,1,1,1,1,0,1,0,1,0,1,0,1,1,0,0,0,1,0,0,1,0,1,0,0,1,0,0,1,1,1,1,0,1,1,0,0,1,1,0,1,1,0,1,0,0,0,0,0,0,0,1,-0.03900997,-3.035945004,-0.739553821,-0.008317508,-0.048979621,-0.14288122,-0.356394177,-0.152501283,-0.083728305,-0.071102736,-0.500265802,-0.149845741,-0.654492695,-1.14601741,-0.283691473,-0.123618311,-0.128462135,-0.235690576,-0.973809934,-0.214029103,-0.297062498,-0.827672078,-1.386506349,-0.37750119,-0.317384615,-0.541811546,-1.87686339,-0.698385502,-1.119186506,-6.368275392,-1.419728512,-1.290759733,-1.483315066,-1.195553874,-0.621155895,-1.556069117,-3.312575148,-2.470116205,-1.754755448,-1.113727374,-6.317878262,-6.557636093,-3.590516436,-9.157751233,-3.486662663,-4.112115509,-1.696331163,-1.264159532,-0.733390419,-1.219170177,-1.479052627,-2.708715391,-2.500004625,-3.170836938,-3.32635816,-5.227495635,-1.944339189,-0.529804191,-0.340574373,-0.419113085,-1.348376005
0,0,0,0,1,0,1,0,0,0,1,0,0,1,1,1,1,0,1,0,0,0,1,1,1,0,1,1,1,1,1,0,0,0,0,1,0,0,1,1,1,0,1,1,1,1,0,1,1,0,1,1,1,1,1,1,1,0,1,0,0,1,0,1,0,0,1,1,0,0,1,0,0,1,1,1,0,1,1,0,0,0,1,1,0,0,0,1,1,0,0,0,0,1,0,0,1,0,0,0,-0.007480227,-0.074349205,-0.100739974,-0.075858583,-0.086074005,-0.149449939,-0.223542184,-0.09876171,-0.056816776,-0.043359012,-0.036360038,-0.024480393,-0.159444923,-0.086284509,-0.079962788,-0.093329232,-0.108287361,-0.192395479,-0.321213164,-0.382584436,-0.412124344,-0.502262859,-0.817445848,-1.900090305,-6.635344853,-0.929537658,-0.201277555,-0.438515835,-1.697397423,-2.25326254,-1.295960163,-0.984852477,-0.432420254,-0.288698828,-0.455388209,-4.287209276,-0.504848511,-0.331803969,-0.305869756,-0.40103392,-0.376556459,-0.421157866,-0.467684342,-0.565742534,-0.909129802,-2.08798527,-1.565986501,-3.22075499,-25.29140868,-4.857124685,-2.53186363,-1.946846107,-1.39682735,-1.230506987,-1.168216325,-0.969147141,-0.865794523,-0.716073832,-0.608372295,-0.604234315,-0.65994388
0,1,1,1,0,1,1,1,1,0,0,1,1,0,0,1,1,0,0,1,0,0,0,1,0,1,1,0,0,1,0,1,1,0,1,1,1,0,1,1,0,0,1,0,0,0,0,1,0,1,1,0,1,1,0,0,0,1,1,1,1,1,0,1,1,0,0,0,0,0,1,0,1,1,1,1,1,0,1,0,1,1,0,1,0,0,0,1,0,1,1,0,0,1,1,0,1,0,1,0,-0.01105971,-0.028074059,-0.12797244,-0.24360967,-0.21905035,-0.113875298,-0.054526446,-0.109193562,-1.643572641,-0.172237863,-0.17517749,-0.204041979,-0.375769128,-2.815532963,-1.189194423,-1.656991478,-5.865068586,-1.567561572,-1.770528579,-0.971911155,-0.665292464,-0.556349118,-0.238578297,-4.092563342,-1.429545809,-2.207636941,-1.05480742,-0.929148291,-1.322480592,-12.88992301,-0.875421272,-0.37701455,-0.908637782,-1.743270357,-7.034323031,-3.474086287,-1.183970143,-2.618564434,-0.619788449,-1.348073418,-4.915821991,-1.962956644,-1.878843762,-9.445817828,-3.328467717,-2.45427687,-1.526565553,-1.169880693,-1.014058886,-1.025996574,-2.42271978,-0.835200273,-0.865103799,-0.842012867,-1.052405106,-1.232834505,-2.289584793,-1.754068892,-3.41206424,-5.242185139,-0.870538345
1,1,0,0,0,1,1,0,0,0,0,0,0,1,0,1,0,1,1,0,0,1,1,0,1,0,0,1,0,0,0,1,1,1,0,0,1,0,1,0,0,0,1,0,0,0,0,0,1,0,0,1,0,1,1,0,1,0,0,1,0,0,1,1,1,1,0,1,0,0,1,0,0,0,0,0,1,1,0,0,1,1,1,0,1,1,0,1,1,1,0,1,1,1,1,0,0,1,0,1,-0.002977778,-0.003536413,-0.004247274,-0.005227534,-0.006484578,-0.008089562,-0.01012434,-0.010541056,-0.015021898,-0.017921609,-0.021187432,-0.023880746,-0.02672543,-0.029428757,-0.034444406,-0.039408788,-0.047631807,-0.02849084,-0.049639937,-0.058217182,-0.062648667,-0.07227875,-0.07598602,-0.084040439,-0.087731699,-0.096995018,-0.107424558,-0.116227664,-0.127001837,-0.135766005,-0.143759258,-0.150027538,-0.154950564,-0.159831276,-0.159372064,-0.162163841,-0.163741835,-0.154698534,-0.156208202,-0.155863824,-0.160940657,-0.176112163,-0.157586755,-0.116012275,-0.128907685,-0.142901385,-0.165622988,-0.209776017,-0.102365823,-0.098356638,-0.121405914,-0.131098251,-0.142177716,-0.167783442,-0.214014346,-0.237492013,-0.234263769,-0.235695535,-0.257406848,-0.281465291,-0.292294548
0,0,0,0,1,0,0,1,1,0,0,1,0,1,0,0,1,0,0,1,1,1,0,0,1,0,1,0,0,0,1,1,0,1,0,1,1,0,0,0,0,0,0,1,1,1,0,1,1,1,1,1,1,0,0,1,1,0,0,0,0,0,1,1,1,1,1,1,0,0,0,0,0,0,1,0,1,1,1,1,0,0,1,0,0,0,1,1,1,0,0,0,1,0,1,1,1,0,1,1,-0.002901992,-0.003442495,-0.004502687,-0.005314733,-0.006613083,-0.007979467,-0.009881375,-0.012332677,-0.015088359,-0.018188178,-0.021491957,-0.025867533,-0.02559127,-0.02794696,-0.030725383,-0.036912336,-0.046653357,-0.046600281,-0.053478266,-0.060307433,-0.066044956,-0.072757423,-0.07408612,-0.080555906,-0.087638676,-0.095591982,-0.103985169,-0.112988068,-0.122514598,-0.141890825,-0.141239081,-0.14586703,-0.148994619,-0.151397792,-0.15391343,-0.152986357,-0.150295851,-0.151002181,-0.145485099,-0.13453675,-0.1345798,-0.138092225,-0.161188339,-0.123440952,-0.123072232,-0.130107992,-0.137183743,-0.153411532,-0.170083218,-0.17326149,-0.143946723,-0.136682798,-0.1659013,-0.188320417,-0.207366659,-0.22199762,-0.240050482,-0.263425336,-0.281005459,-0.303588221,-0.352596126
1,1,1,0,1,1,0,1,1,1,0,1,1,0,1,1,0,1,1,0,0,1,0,1,1,0,1,1,0,0,1,0,1,1,1,1,1,1,0,0,0,1,1,0,0,1,1,0,1,1,1,1,0,0,1,0,0,1,0,0,0,1,0,0,0,0,1,1,1,1,0,1,0,0,1,0,0,1,1,0,0,0,0,0,1,1,1,1,0,1,0,0,0,0,1,0,1,1,0,0,-0.043425783,-0.048732497,-0.116807753,-0.666780854,-0.021847403,-0.015461162,-0.023783812,-0.181252189,-0.037329683,-0.036706961,-0.052527821,-0.114635614,-0.497497558,-0.379138342,-0.223092737,-0.336071051,-1.039814074,-2.114007325,-0.887405044,-0.230595774,-0.180635155,-0.671141807,-0.66046307,-0.370698722,-0.679141263,-11.86331577,-1.1418848,-3.596402882,-0.73465187,-2.650880603,-0.619869228,-4.719605923,-0.938929293,-1.717773033,-3.69360431,-3.381072638,-7.257554306,-6.716565274,-2.4264733,-1.577359453,-1.319767112,-5.828585303,-1.188704015,-0.684022605,-0.801156903,-0.636978676,-1.108069588,-1.120360648,-0.935008122,-3.163877121,-1.692450295,-0.960929685,-1.916910979,-1.847769804,-2.195220881,-2.704196792,-2.687607769,-2.340142992,-1.608268051,-1.617755936,-1.79077487
1,0,1,0,0,0,1,0,0,0,1,1,1,1,1,0,0,1,1,0,1,0,0,0,1,1,0,1,0,1,1,1,0,0,1,1,1,0,1,1,1,0,0,1,1,0,1,0,1,0,1,1,1,1,0,0,1,1,0,1,0,1,1,0,0,0,0,1,1,0,0,1,1,1,0,1,1,1,0,1,1,0,1,1,1,1,1,1,0,1,1,1,1,0,1,0,0,0,1,1,-0.0290566,-0.104046118,-0.057311775,-1.448421548,-0.056066632,-0.28035635,-0.124918466,-0.345421862,-0.21410584,-0.730036272,-0.148621509,-0.084629743,-0.091604736,-0.130582857,-0.32254336,-2.950063599,-1.376352667,-1.294906912,-0.762991696,-0.109010304,-0.091016581,-0.05706604,-0.16656563,-12.31667595,-0.281099586,-0.226161844,-0.086404245,-0.478287671,-1.142755895,-0.520869688,-0.786348535,-0.972844834,-1.656977954,-0.968426044,-0.33519242,-0.345180583,-0.257089555,-0.551245818,-1.64592911,-0.267271903,-0.158861077,-0.180902709,-0.243537932,-0.280432886,-0.458255818,-11.31707195,-1.340508045,-3.16901797,-4.939848018,-1.084699627,-0.645682453,-0.660051909,-2.42603993,-0.771319154,-0.739914278,-2.474531415,-3.483048192,-1.744473726,-6.396427189,-4.075196032,-8.536493734
0,1,1,0,1,0,0,1,0,1,0,0,0,0,0,0,0,0,1,0,1,0,0,0,0,1,1,0,1,0,0,0,1,1,1,1,1,1,1,1,0,0,1,0,0,0,0,0,1,0,0,1,1,0,1,1,1,1,0,1,1,0,1,1,1,0,0,0,1,1,0,0,1,1,0,0,0,1,0,1,1,1,0,1,0,0,1,0,1,1,1,0,1,1,1,1,0,1,0,1,-0.006038241,-0.007225372,-0.006583916,-0.010056848,-0.009412953,-0.011802714,-0.013941022,-0.01594319,-0.018597245,-0.02149143,-0.024566036,-0.028956125,-0.029334177,-0.030459615,-0.03048072,-0.030472371,-0.030432315,-0.030644577,-0.031068433,-0.032079322,-0.033588732,-0.036842299,-0.024580071,-0.032967396,-0.035225883,-0.037770614,-0.039657726,-0.047604882,-0.066443566,-0.055108554,-0.066627013,-0.072909984,-0.090318823,-0.107816929,-0.12502799,-0.140977506,-0.164083706,-0.182755666,-0.198592858,-0.213323751,-0.237473243,-0.27390143,-0.299096522,-0.324677891,-0.336924924,-0.351816644,-0.353131819,-0.390802306,-0.427869518,-0.432072658,-0.459842323,-0.486448524,-0.496103463,-0.588833443,-0.594245529,-0.580113936,-0.584575502,-0.611914453,-0.656700613,-0.631916527,-0.689461373
1,0,1,0,0,0,1,1,0,1,1,0,1,1,0,1,1,0,1,1,0,0,0,0,1,0,1,0,1,1,0,1,1,1,1,0,0,0,0,1,0,0,1,1,1,1,0,1,1,1,0,0,1,0,1,1,1,1,1,1,1,0,1,1,0,1,1,0,0,0,0,1,0,1,0,0,0,1,0,0,1,0,0,1,1,1,1,1,0,0,0,1,0,0,0,0,0,0,0,0,-0.008416822,-0.011519268,-0.01870197,-9.786875837,-0.045131495,-0.252377979,-0.055043881,-0.04876152,-0.086932393,-0.268142502,-0.377169653,-0.215777968,-0.223657978,-0.143094804,-0.070280907,-0.063224432,-0.15653356,-0.438029077,-4.543865777,-0.449264709,-0.423432603,-1.954411351,-1.521180927,-0.405052646,-0.172925501,-0.095466677,-0.080332123,-1.05305956,-1.256922242,-4.988314909,-1.789380665,-1.10428498,-0.406728033,-0.188568,-0.21168301,-2.056138471,-0.656417387,-0.390740086,-0.692459488,-5.861270102,-2.46858366,-2.243668467,-2.607186868,-8.262163949,-1.823368145,-1.526982739,-6.421895229,-11.22727526,-8.318463316,-5.304459774,-5.313167425,-15.47209281,-6.312096159,-8.474942928,-6.284327139,-1.631886806,-0.853977612,-0.612434441,-0.485638166,-0.666373527,-1.123695324
1,1,0,1,1,0,0,1,0,0,0,1,1,0,0,0,1,1,0,0,1,0,0,1,0,1,1,1,1,1,1,1,0,0,1,1,0,1,0,1,0,0,0,1,1,0,1,1,1,1,1,1,0,1,0,1,1,0,1,1,0,0,0,1,0,1,1,0,1,1,0,1,1,0,1,1,0,0,1,1,1,0,0,0,1,0,1,0,1,1,1,1,0,1,1,1,1,1,1,0,-0.0032948,-0.003461695,-0.004211565,-0.005195775,-0.006446402,-0.008069824,-0.01001262,-0.012405478,-0.015305346,-0.019320259,-0.017223828,-0.023031263,-0.026148525,-0.029337215,-0.032403314,-0.035394633,-0.041945101,-0.047853862,-0.0538958,-0.060218307,-0.066282409,-0.067787698,-0.075840882,-0.081374106,-0.08935259,-0.097693256,-0.10817898,-0.11356189,-0.122334748,-0.130513997,-0.139098838,-0.144856349,-0.147879891,-0.152728755,-0.15855937,-0.160442086,-0.164847371,-0.131040652,-0.136661654,-0.135164787,-0.133006764,-0.130841499,-0.127313242,-0.127973129,-0.12972021,-0.132470282,-0.138374353,-0.140067256,-0.142203675,-0.156479588,-0.171477452,-0.174317419,-0.179504789,-0.182665792,-0.209344206,-0.237598593,-0.25946924,-0.314335862,-0.327010576,-0.320511292,-0.356395985
1,0,1,1,0,0,1,0,0,0,0,0,0,0,0,1,0,1,1,1,0,0,0,1,1,0,0,0,1,0,0,1,0,1,1,0,0,0,0,0,1,0,1,1,0,1,0,1,1,1,0,0,0,0,0,1,0,1,0,0,0,1,0,0,0,0,1,0,0,0,1,1,1,1,1,0,1,1,0,0,0,1,0,0,0,1,0,0,0,0,1,0,1,0,1,0,0,1,0,1,-0.088229598,-0.01155176,-0.526309446,-0.964114461,-0.060730256,-3.004939351,-0.115371409,-0.157463067,-0.313044442,-0.613372269,-0.809973807,-0.9108205,-0.638122774,-3.52421241,-0.309330772,-0.361833545,-5.632565835,-0.270934376,-0.187442695,-0.154638034,-0.161245932,-0.60374678,-0.738910907,-0.421333833,-1.695987676,-0.331338003,-0.286500864,-0.384382457,-0.51580056,-0.88916162,-4.33942925,-14.79788111,-1.538523865,-0.817931992,-1.362482687,-2.680648505,-1.411888524,-0.814166911,-0.870728972,-11.98054977,-0.991068049,-0.553608926,-0.483862362,-0.474850238,-1.212850622,-0.968774106,-0.421509014,-0.428870534,-0.542926777,-1.089632134,-6.204370907,-5.696657102,-2.216955416,-1.456030938,-1.21862313,-1.197895855,-3.554034464,-10.30208043,-2.388700821,-1.359549384,-1.566020941
0,1,0,1,0,0,1,1,0,1,0,1,1,0,1,0,0,0,1,1,1,0,1,0,1,0,0,1,1,0,1,0,1,0,0,1,0,0,0,0,0,0,0,1,0,0,1,1,0,1,1,0,0,0,0,0,0,1,1,1,1,0,0,0,1,1,1,1,1,1,0,1,1,0,1,1,0,0,1,0,0,0,1,0,0,0,0,0,0,0,0,1,1,0,0,1,0,1,1,1,-0.002945761,-0.003510878,-0.004247763,-0.005326114,-0.006678159,-0.00799795,-0.009928449,-0.012135572,-0.01497155,-0.017927947,-0.021089304,-0.023314215,-0.026726594,-0.029584869,-0.03307866,-0.037453143,-0.042527199,-0.048800305,-0.054074694,-0.059318563,-0.067402414,-0.071075113,-0.078421628,-0.084243058,-0.090618486,-0.098543112,-0.108664498,-0.098398777,-0.121142978,-0.129992486,-0.132686534,-0.143184151,-0.151648891,-0.152592297,-0.157862361,-0.165579321,-0.158476301,-0.162821462,-0.149752302,-0.144071268,-0.139677936,-0.138463631,-0.124841273,-0.126783422,-0.134760045,-0.127142963,-0.131625195,-0.139499486,-0.148177268,-0.157421732,-0.172420049,-0.174905351,-0.190485727,-0.199155119,-0.211471987,-0.228264866,-0.246212424,-0.250563317,-0.27765177,-0.295309464,-0.304916545
1,0,0,0,0,1,1,1,1,0,1,1,0,0,1,1,1,0,0,0,1,0,0,0,1,1,1,0,1,0,1,0,0,0,0,1,0,1,1,1,0,0,0,1,1,1,1,0,0,1,0,1,0,1,0,1,0,0,0,1,0,0,1,1,0,0,0,1,0,1,1,0,0,0,0,0,0,1,1,1,0,0,0,1,1,1,0,1,0,0,0,1,1,1,0,1,0,1,1,0,-0.058521569,-0.080099813,-0.081275143,-0.072092749,-0.060860788,-0.048645173,-0.034630409,-0.027216618,-0.025220432,-0.028306835,-0.032708194,-0.03919612,-0.047531395,-0.053215144,-0.06101893,-0.076443254,-0.161903498,-0.833721167,-0.12045975,-0.071329096,-0.065279225,-0.066230066,-0.07291617,-0.075325069,-0.09810108,-0.143347356,-0.224955863,-0.917538946,-0.288209088,-0.119773045,-0.105940311,-0.125961074,-0.138931007,-0.159559213,-0.183072302,-0.206771287,-0.231111482,-0.253904254,-0.268810317,-0.286151613,-0.300878398,-0.453266047,-0.395733618,-0.396194014,-0.407688314,-0.41044371,-0.424729134,-0.440854167,-0.463381124,-0.501878104,-0.545747288,-0.600006271,-0.656521352,-0.778523574,-0.84157948,-0.910835256,-1.009215468,-1.23225722,-1.591662475,-1.606975071,-1.833665969
1,1,0,1,0,1,0,1,1,0,0,0,1,1,0,0,0,0,0,0,1,1,1,0,1,0,1,0,1,1,1,0,0,0,0,0,1,0,0,1,0,1,0,0,0,1,0,0,1,0,1,0,0,1,1,1,0,1,1,0,1,0,1,0,1,1,0,0,0,1,1,1,0,1,0,0,1,0,1,0,1,1,1,0,0,1,0,1,0,0,1,1,0,1,0,1,0,1,0,0,-0.003019453,-0.007103258,-0.004078564,-0.005092861,-0.006332785,-0.007891283,-0.00981672,-0.011930346,-0.015226804,-0.017823579,-0.021139169,-0.023601652,-0.026626743,-0.029413376,-0.032954804,-0.037226214,-0.042461595,-0.049336856,-0.053773424,-0.059882221,-0.062532855,-0.071679073,-0.076700738,-0.082501319,-0.089815387,-0.095182371,-0.108613844,-0.116032017,-0.12426283,-0.128414692,-0.140101129,-0.146807995,-0.133110667,-0.147894413,-0.150776928,-0.150052631,-0.148116605,-0.14430729,-0.137299433,-0.135400943,-0.130526215,-0.122997739,-0.129529337,-0.127229489,-0.127400571,-0.13119201,-0.129383312,-0.142886254,-0.125946796,-0.138070764,-0.155942671,-0.15471267,-0.153193291,-0.161995527,-0.194076282,-0.228045686,-0.253333948,-0.267649497,-0.31182724,-0.341771677,-0.362975432
1,1,0,0,1,1,1,1,0,0,1,0,1,1,1,1,0,1,0,1,0,1,1,1,0,1,1,0,1,1,1,1,1,0,0,1,1,0,0,1,1,1,1,1,0,0,1,0,1,0,1,0,1,0,0,1,0,0,1,0,0,0,1,1,0,0,1,1,0,0,1,1,1,1,1,0,0,1,1,1,0,1,0,0,1,1,0,1,1,1,1,0,1,0,1,0,0,0,0,0,-0.024770808,-0.026616372,-0.038114822,-0.014525023,-0.02210784,-0.023204774,-0.044061699,-0.062965167,-0.116252638,-0.15604446,-1.095446324,-0.176198781,-0.180997678,-0.288972624,-0.377571214,-0.567516016,-0.371249078,-13.50666546,-0.259329698,-0.142200872,-0.124366475,-0.123004502,-0.133230108,-0.202388703,-0.158231687,-0.167383505,-0.205935825,-0.27802918,-0.539379312,-0.744612605,-1.945216538,-12.81896394,-2.36199878,-5.395405332,-3.023013683,-3.896476727,-0.986306097,-0.525746936,-0.855547143,-7.38734884,-1.378461977,-0.80655122,-2.163210316,-3.281700959,-2.320866742,-0.93689975,-1.469275411,-11.18809651,-4.105345604,-3.782087051,-4.804617035,-9.338360591,-2.48431844,-2.11528534,-2.064036053,-1.621913385,-1.838410721,-2.28570267,-2.720238614,-2.336757495,-5.752895583
0,1,0,1,1,0,1,1,1,1,1,1,1,0,0,1,1,0,1,1,0,1,0,0,0,0,0,1,1,1,1,0,1,1,1,0,0,0,1,1,1,0,1,0,0,1,1,0,1,1,1,0,0,0,0,1,0,1,0,0,0,1,0,0,1,0,0,0,1,1,1,0,0,0,0,1,1,1,1,1,1,1,1,0,1,1,0,0,0,1,0,0,1,1,1,0,1,0,1,1,-0.049284296,-0.017081889,-7.380611808,-0.022016663,-0.030245949,-0.194698255,-0.372758939,-0.146896717,-0.121508411,-2.776532344,-0.198896016,-0.084702956,-0.130226203,-0.123092984,-0.083634326,-0.200425121,-0.686021011,-1.508040345,-0.473201322,-0.414263332,-0.74230388,-0.97767918,-1.119999175,-1.523734511,-0.98611819,-2.761095937,-0.637926215,-1.540993449,-1.584167789,-3.985177459,-0.853418394,-2.731250035,-0.67316925,-0.81434184,-14.09352722,-2.613842663,-5.592313711,-3.27840831,-4.437385011,-1.063173997,-0.997951051,-7.234602429,-0.709076689,-0.53997453,-0.613988218,-6.513625282,-3.248792637,-5.882621283,-2.738811799,-3.680191912,-2.062123811,-11.67596373,-11.21238293,-1.086593407,-1.635480873,-0.889191494,-0.799509148,-0.872556158,-1.393452551,-6.775879326,-2.123538539
0,1,0,1,1,0,1,0,1,1,0,0,0,0,0,1,1,1,0,0,1,0,1,1,0,0,1,1,1,0,1,1,1,1,0,1,1,0,0,1,0,0,0,1,1,0,0,1,0,0,0,0,0,0,1,1,1,0,0,0,0,0,0,1,1,1,1,1,0,1,0,0,0,1,0,0,1,1,0,1,0,1,0,1,0,1,1,1,0,0,1,0,1,1,0,1,0,1,1,1,-1.045651691,-0.015524422,-0.010289505,-0.049060682,-0.010391145,-0.520569679,-0.045058901,-0.107045755,-0.037301831,-0.044899896,-0.060586239,-0.070821095,-0.19200271,-0.633616258,-1.232783105,-0.429878625,-0.399984651,-0.600878519,-1.871015829,-1.65033234,-4.309106013,-1.733903659,-1.253398696,-2.081168365,-0.511641856,-0.387293529,-0.503022625,-3.006323333,-0.335266241,-0.16354329,-0.545271773,-10.46432913,-0.546226579,-0.237857983,-1.02159865,-3.093747707,-1.033719751,-1.113663314,-4.158172063,-2.75154649,-0.764326235,-1.507952083,-0.676898836,-0.898517831,-2.369290002,-4.178608048,-2.010048515,-1.313948375,-1.566936455,-1.907982755,-3.51098065,-3.425633104,-9.984073952,-1.800596373,-1.461797843,-2.741458161,-9.302651397,-5.16143673,-1.903823509,-0.827553709,-0.594627012
0,1,1,1,0,0,1,0,1,1,0,0,1,0,0,0,1,0,1,1,1,0,0,1,1,1,0,0,0,1,0,0,0,1,0,0,0,0,0,0,1,1,0,0,0,0,1,0,0,1,1,1,1,1,0,0,1,1,0,1,1,0,0,1,0,1,0,0,1,0,0,1,0,1,0,0,0,1,0,1,1,0,0,1,1,1,1,1,1,0,1,1,0,1,1,0,0,1,1,0,-0.002938661,-0.003498318,-0.004437583,-0.00527955,-0.007154032,-0.007706341,-0.010176307,-0.01166147,-0.014515912,-0.017300289,-0.020553105,-0.023470085,-0.025774585,-0.028738953,-0.032123444,-0.036179957,-0.046908049,-0.065631169,-0.055077572,-0.06044724,-0.076409139,-0.071790608,-0.078022096,-0.083752671,-0.09245388,-0.090831328,-0.099212108,-0.110532632,-0.116886732,-0.136161011,-0.144310936,-0.146376271,-0.158801324,-0.155004978,-0.156238433,-0.156913518,-0.153480218,-0.162357246,-0.145765248,-0.141208431,-0.129435406,-0.133637994,-0.128363967,-0.128740425,-0.129120881,-0.128351755,-0.133774049,-0.14274055,-0.149351997,-0.15110536,-0.164700294,-0.171362315,-0.201406386,-0.186698686,-0.211794356,-0.227286212,-0.242512814,-0.253157927,-0.264175123,-0.329840059,-0.359230258
0,1,0,0,0,0,1,1,0,1,0,1,1,1,0,1,0,0,0,0,1,1,0,1,1,1,0,0,0,0,1,0,1,1,1,0,0,1,1,0,1,0,1,0,1,0,1,0,1,1,1,1,0,1,1,0,0,0,1,1,0,1,1,1,0,1,0,1,1,0,1,0,1,0,1,0,0,0,0,0,0,0,1,1,0,0,1,0,0,0,0,1,0,1,1,1,0,1,1,1,-0.040421727,-0.065651804,-0.070825572,-0.061979375,-0.056338474,-0.054715509,-0.054913132,-0.051307013,-0.06370978,-0.038395436,-0.029981587,-0.02615165,-0.011928405,-0.023612752,-0.02797686,-0.0513961,-0.034778706,-0.040622964,-0.05404986,-0.13676282,-0.353001865,-0.024854915,-0.015957231,-0.012265423,-0.012834288,-0.014292684,-0.019597856,-0.017641731,-0.020430479,-0.024563893,-0.029801423,-0.037177525,-0.046014055,-0.062196177,-0.09179974,-0.125167524,-0.227864808,-0.529724404,-3.063850791,-3.342442206,-0.870198288,-0.493482857,-0.391280981,-0.358236693,-0.377993361,-0.529749344,-3.011175749,-0.834673747,-0.37182557,-0.306506372,-0.324632405,-0.22684951,-0.270248222,-0.307861211,-0.347822962,-0.420484531,-0.512374363,-0.607648141,-0.582146824,-0.628358804,-0.944972196
0,1,1,0,0,1,1,0,0,0,0,1,0,0,1,0,0,1,1,1,1,0,0,0,1,1,0,1,0,1,1,1,1,1,1,1,1,1,1,1,0,0,1,1,1,1,0,1,1,0,0,1,0,1,0,0,0,0,0,1,0,1,1,1,1,1,1,1,1,1,1,1,0,1,0,0,1,0,0,1,0,0,0,0,1,0,1,0,1,0,1,1,0,0,1,0,1,1,1,0,-0.005860657,-0.006861304,-0.007998832,-0.009525887,-0.011901397,-0.012494791,-0.014650056,-0.017087911,-0.020035395,-0.02265467,-0.026308751,-0.026892206,-0.02969686,-0.031298339,-0.03096231,-0.031430351,-0.03144334,-0.031473708,-0.038671608,-0.029561931,-0.031395207,-0.034110628,-0.057926754,-0.03324987,-0.036212862,-0.037270536,-0.040164317,-0.044961721,-0.049919713,-0.056901663,-0.069533199,-0.081174796,-0.096695607,-0.108131854,-0.129861261,-0.156211251,-0.172380356,-0.196709787,-0.210137141,-0.225428668,-0.256886971,-0.279208546,-0.309401553,-0.326137491,-0.350713798,-0.291123763,-0.382410142,-0.379123139,-0.408601728,-0.42367447,-0.448908869,-0.474405079,-0.49535469,-0.524614871,-0.567312537,-0.626864798,-0.612127293,-0.654340541,-0.732632148,-0.778431806,-0.762696969
0,0,0,0,0,1,0,0,0,1,0,1,1,0,1,0,0,1,1,1,1,0,0,1,1,1,0,0,0,0,0,0,1,0,0,1,0,1,0,0,1,0,1,0,0,0,1,1,0,0,1,1,1,1,0,1,1,0,1,0,1,0,1,0,0,1,0,1,0,0,0,1,1,0,0,1,1,1,0,1,1,0,0,0,1,0,0,0,1,0,1,0,0,0,0,0,1,0,1,1,-0.011787916,-0.063785214,-0.278937579,-0.176876372,-0.072719262,-0.022714694,-0.016708071,-0.024699764,-0.075924873,-1.79692844,-0.159611998,-0.741869067,-0.105995551,-0.069862022,-0.124893446,-2.3963428,-0.129410227,-0.057226339,-0.435432874,-0.129491625,-0.214871502,-2.084106635,-0.792017589,-0.345678049,-1.510285932,-0.261871177,-0.155796759,-1.306729253,-0.1760911,-0.493262351,-2.661903338,-0.198478993,-0.125947142,-0.197916744,-0.291817235,-0.221092862,-0.252487302,-0.251346597,-0.280370616,-0.421129902,-0.350143206,-0.349052211,-0.37640071,-0.396927943,-0.415237592,-0.445917185,-0.47254933,-0.474157609,-0.499621271,-0.51906151,-0.595635584,-0.616753207,-0.641379201,-0.665608891,-0.686675756,-0.74319214,-0.835687295,-0.813259063,-0.868448697,-0.953111021,-1.028327855
1,1,1,1,1,1,1,0,0,1,0,0,0,1,1,0,0,1,1,1,0,1,0,1,1,0,0,1,1,0,0,1,0,0,0,0,1,1,1,0,0,1,0,1,0,1,1,1,1,0,0,1,1,0,1,1,0,1,1,1,0,0,0,0,0,1,0,1,1,0,0,0,1,0,1,0,0,1,0,1,0,1,1,1,1,1,0,1,0,1,0,1,1,0,0,1,1,1,0,0,-0.010061538,-0.010988926,-0.479134563,-0.52761278,-0.067085304,-0.072540727,-0.151877427,-0.249963074,-0.151892907,-0.088980729,-0.058434809,-0.050116167,-0.04570188,-0.032463508,-0.033668157,-1.841462917,-0.417979936,-1.754201435,-0.921611399,-0.514202587,-0.282428121,-0.183739672,-0.133215606,-0.118208332,-0.336733771,-0.427849216,-0.343864369,-0.392394205,-0.163277579,-0.433066168,-0.130632991,-0.182941816,-0.291340453,-0.551122575,-1.993104485,-9.199390605,-11.50051626,-2.677156342,-0.752330604,-0.501142097,-0.460640086,-0.554834137,-0.823537571,-1.49692189,-2.831088644,-4.931362375,-3.06717573,-4.623067378,-8.763880735,-2.515102093,-5.626859661,-2.578780682,-1.362731322,-1.226699867,-1.296088102,-1.559274779,-1.907040047,-2.383280496,-3.699028415,-6.11478774,-6.667727487
0,1,0,0,1,1,0,1,0,1,0,0,0,0,0,0,1,0,1,0,1,0,1,1,0,1,1,0,0,0,0,0,0,1,1,1,1,0,0,0,0,0,0,1,0,0,1,1,0,0,0,1,0,0,1,1,0,0,0,1,0,1,1,0,0,0,0,0,1,0,0,1,1,0,0,0,1,0,1,0,1,1,0,0,1,0,1,1,0,0,1,0,0,0,1,1,0,1,1,1,-0.042729655,-0.014974543,-0.020162346,-0.059799728,-0.938196036,-0.085040136,-0.036244537,-0.609548819,-0.095986104,-0.1008601,-0.139968062,-0.136881711,-0.187314484,-2.317029351,-0.963788883,-0.111592447,-0.128398974,-0.302108365,-0.746249273,-8.073212699,-0.728790123,-3.619575542,-0.644945091,-0.333942328,-0.139969199,-0.124233531,-0.092959326,-0.145124368,-0.205225713,-0.106242527,-0.335761178,-1.700267889,-0.544003328,-0.687165643,-18.68444448,-2.576665539,-0.77102794,-0.313530536,-1.0037541,-2.319036425,-0.426980408,-0.60372884,-0.283786345,-0.857307749,-5.657302204,-0.861658529,-0.637307263,-1.114233635,-5.797507955,-12.20016021,-3.267236087,-2.739049702,-1.123965458,-0.672664982,-0.422992997,-0.756308106,-1.038072223,-3.25250308,-1.293191406,-1.404532771,-2.00848042
1,1,1,0,1,1,1,0,0,0,1,1,1,1,0,1,0,1,0,1,1,0,1,1,1,1,0,1,1,1,1,0,1,0,0,1,1,0,1,0,1,1,0,0,0,0,0,0,0,1,0,0,1,0,0,1,1,1,0,1,1,0,0,0,0,1,0,0,1,1,1,0,1,0,1,1,1,0,0,1,0,0,0,0,1,0,1,1,1,1,0,1,0,1,0,0,0,1,1,0,-0.002970361,-0.003232551,-0.00434453,-0.005271764,-0.006659798,-0.008168576,-0.010176516,-0.012612887,-0.01548339,-0.018747129,-0.022197171,-0.02573998,-0.029457651,-0.046350776,-0.029604354,-0.024762085,-0.037577196,-0.045117159,-0.051606719,-0.057670127,-0.069079438,-0.078681865,-0.075836851,-0.080562776,-0.086885702,-0.101396717,-0.10883208,-0.099839738,-0.117972024,-0.1292072,-0.13706629,-0.143552267,-0.146261288,-0.149175254,-0.152466529,-0.150266024,-0.144601029,-0.14522051,-0.140284301,-0.134146887,-0.132391554,-0.129900517,-0.127686247,-0.129085067,-0.11397922,-0.112187531,-0.133735997,-0.130146767,-0.132390295,-0.145467523,-0.157543953,-0.164879429,-0.168698521,-0.178417908,-0.195918279,-0.198234313,-0.232306541,-0.228814508,-0.264734994,-0.310047287,-0.34093477
0,1,1,0,1,0,1,1,1,1,0,0,1,1,0,0,0,1,1,0,0,0,0,0,1,0,0,1,1,0,1,0,1,0,1,0,1,1,1,1,0,1,0,0,1,1,1,0,1,0,0,1,1,1,1,1,0,0,1,1,1,1,0,0,0,1,0,1,0,0,1,0,1,1,0,1,1,1,0,1,1,0,1,1,1,1,0,0,0,1,0,1,1,1,0,1,1,0,0,1,-0.03663203,-0.030345365,-0.191398404,-0.080906022,-0.138049874,-0.127518392,-0.183721737,-0.090316614,-0.238967433,-0.198050136,-0.317298856,-0.310785199,-1.239839134,-1.197061569,-1.709402077,-1.647398707,-0.32552547,-5.259241838,-5.896475753,-0.31096614,-0.162758759,-0.523648397,-0.05686358,-0.062555756,-0.290331489,-0.486519774,-0.421776726,-1.677052544,-0.388580592,-0.279162261,-0.410698012,-0.434008614,-0.528110022,-4.150854371,-0.810721126,-0.748512796,-0.916581081,-1.222942856,-2.023232599,-0.961503837,-0.97169527,-0.962755375,-8.516028075,-4.593747112,-2.603765185,-10.55050621,-2.208352905,-1.124165237,-0.874989092,-0.781845232,-1.204866808,-6.185983534,-2.638339265,-1.466229673,-2.091040305,-3.157031541,-6.590998781,-8.360620111,-4.207737234,-2.179775838,-1.684009491
0,0,0,0,0,0,1,0,0,1,1,0,1,0,1,1,0,1,0,0,1,0,0,1,0,1,0,1,0,0,0,1,1,1,1,1,1,1,0,0,0,0,0,0,1,0,0,1,0,1,1,0,1,1,1,0,1,0,0,0,0,0,1,1,0,1,0,1,1,0,0,1,0,0,0,1,0,0,0,0,1,1,0,0,1,0,0,1,0,0,1,1,1,1,1,0,1,0,1,0,-0.039524987,-0.03477261,-0.145274084,-0.039342107,-0.061559517,-0.267102842,-0.196157836,-0.035748934,-0.035295118,-0.033112737,-0.055326024,-0.181176106,-0.876934393,-0.174646913,-0.83258917,-0.769000264,-0.659898936,-0.441936439,-0.354217183,-0.558826287,-1.010952137,-1.933254233,-0.982184144,-0.58787818,-0.360083742,-9.086026099,-0.262010593,-1.274380788,-0.435249028,-0.852583878,-2.117360891,-2.602523732,-1.880021741,-6.247794551,-0.66774744,-0.516352945,-0.774926959,-5.564857374,-1.182393301,-0.443004714,-0.341921541,-0.380713266,-0.815899636,-0.878865847,-0.619012876,-1.307606255,-0.925181048,-3.298677204,-3.428353376,-15.35908774,-3.207376674,-2.594578511,-3.527700602,-5.520822234,-3.299067775,-2.326422897,-2.282621069,-8.077375411,-4.069611156,-3.381011766,-3.842469103
1,1,0,1,0,0,0,1,1,1,1,0,0,1,0,0,0,1,0,1,1,1,1,1,0,0,1,0,0,0,0,0,0,0,1,0,1,1,0,0,1,1,0,1,0,1,0,0,1,0,1,1,1,0,0,1,0,0,1,1,0,1,1,0,0,0,0,1,0,1,0,0,1,1,1,0,0,0,1,1,0,1,1,0,0,1,0,1,1,1,1,0,0,1,1,0,0,1,0,0,-0.033756076,-0.016083915,-0.01730335,-0.019644976,-0.022203498,-0.024581828,-0.025913541,-0.024475369,-0.023672845,-0.044706072,-0.082326025,-0.102719437,-0.124166852,-0.155947081,-0.215497043,-0.308003011,-0.419624198,-0.435629009,-0.355685712,-0.88944209,-1.490865816,-0.371739307,-0.209982223,-0.144528115,-0.143208589,-0.492647458,-0.18335079,-0.136172761,-0.129920286,-0.144402937,-0.176944923,-0.279788726,-0.504915828,-1.626233728,-8.854125101,-3.239219212,-1.350940363,-0.89301837,-0.735521445,-0.682718171,-0.664105024,-0.666799848,-0.704424124,-0.739697005,-1.056124926,-1.773986831,-3.373737764,-4.234537651,-3.144029075,-2.412674669,-2.044820611,-1.912743002,-1.790545241,-1.93728727,-2.167231287,-2.474886772,-2.97825459,-3.911038375,-5.961957592,-11.05153996,-14.43036135
0,0,0,1,0,0,1,1,1,1,1,1,1,0,0,1,1,0,1,1,1,0,1,1,0,1,1,1,0,1,1,1,0,0,1,1,0,1,1,1,0,0,0,1,0,1,0,0,1,0,0,0,0,0,0,0,0,0,1,1,1,1,1,1,0,1,0,1,0,1,0,0,0,1,0,0,1,0,1,1,0,0,0,1,1,1,1,1,1,1,0,1,0,0,0,0,0,0,1,1,-0.018396661,-0.035455102,-0.091213715,-0.061902578,-0.021384948,-0.059602351,-0.113519368,-0.040063487,-0.045653026,-0.111812863,-0.371111735,-9.782083696,-0.072355141,-0.058573157,-0.068217612,-0.094971158,-0.191377042,-0.177112367,-0.388461858,-1.970476099,-0.588700515,-0.20272749,-0.146563431,-0.111522063,-0.377685083,-0.200112549,-0.139408409,-0.18614089,-0.339183115,-3.221339088,-2.023571467,-2.272078034,-1.678619765,-0.986445103,-0.918059706,-1.920102417,-2.189824509,-0.434936834,-0.338600001,-0.512182604,-1.043001712,-0.556412138,-0.519627836,-0.520255649,-0.55590518,-0.694495966,-1.678242085,-12.87776542,-3.074821122,-2.177540383,-4.513363904,-0.868084148,-0.568400213,-0.46837299,-0.412834552,-0.422680113,-0.673732719,-3.294185598,-8.499767615,-2.251034305,-1.288969121
0,0,1,0,0,1,0,1,0,0,0,1,1,0,1,1,0,1,1,0,0,0,1,0,0,1,1,1,1,1,0,0,1,0,1,0,0,0,1,1,1,1,1,0,0,1,0,0,1,1,0,1,0,0,0,1,0,0,1,1,0,1,0,1,0,0,0,1,0,1,0,1,0,0,0,0,1,0,0,0,1,1,0,0,1,0,1,1,1,1,0,0,0,1,0,0,1,0,1,1,-0.096548907,-0.046149708,-1.544594529,-0.030144989,-0.071987427,-0.067226356,-0.073463492,-0.087681313,-0.10486633,-0.112982495,-0.067529127,-0.109043983,-0.137847356,-0.185356862,-0.162673069,-0.480534985,-0.666542491,-2.959282399,-0.290945595,-0.240362003,-0.161295216,-0.087502185,-0.486206228,-0.209913102,-0.102168788,-0.097847828,-0.262545194,-0.126046648,-0.137992774,-0.176029614,-0.296628217,-0.814988574,-0.637337344,-2.120992674,-2.775403955,-2.047320945,-4.48266352,-1.967058528,-3.627333149,-0.888801239,-0.940589105,-3.054383514,-1.65233967,-3.660565007,-1.93784166,-1.738084805,-2.638689133,-3.379452539,-6.191050984,-3.856050903,-2.207113851,-1.867697847,-2.063626054,-1.869079799,-1.907804355,-1.926292362,-2.157199557,-2.76670101,-4.467010806,-7.576431861,-8.998024556
0,1,1,0,0,0,0,1,0,0,1,0,1,0,0,0,0,0,1,1,0,0,1,1,1,1,1,0,0,0,1,1,1,0,0,1,0,1,1,1,1,0,1,1,1,0,0,1,0,0,0,0,0,0,0,1,0,0,1,0,1,1,1,0,0,1,1,0,0,0,0,1,0,0,0,1,0,0,1,0,1,1,0,1,0,0,0,0,0,1,1,1,0,0,1,1,0,0,1,0,-0.002976387,-0.003567223,-0.003967174,-0.005207144,-0.005615319,-0.007879493,-0.00985637,-0.012138356,-0.014811929,-0.017738545,-0.020197155,-0.024171774,-0.02656793,-0.030679579,-0.033378461,-0.03768044,-0.042980155,-0.050101882,-0.056137947,-0.060725096,-0.066496272,-0.071865696,-0.077181392,-0.08315319,-0.091206297,-0.098686243,-0.108148234,-0.112094812,-0.127659714,-0.128606726,-0.140701359,-0.146609395,-0.132869914,-0.14793026,-0.151758665,-0.15279969,-0.15096429,-0.143514935,-0.148448697,-0.139482242,-0.140556211,-0.130639558,-0.129258167,-0.124042479,-0.131381773,-0.124239522,-0.127104244,-0.135091226,-0.1416076,-0.148571064,-0.153162378,-0.150997976,-0.14983398,-0.17468457,-0.224851653,-0.249297798,-0.269677357,-0.296809686,-0.327119119,-0.3473173,-0.380865337
0,1,1,0,0,1,0,0,1,1,0,1,1,1,0,1,0,1,0,0,1,0,0,0,1,0,1,0,1,0,0,1,0,1,0,0,1,0,0,0,1,1,0,0,0,0,0,0,1,0,1,1,1,0,0,1,1,0,0,0,0,0,0,0,1,0,1,0,0,1,0,1,1,1,0,1,0,0,0,1,1,1,0,1,0,0,0,1,0,0,0,0,1,1,1,0,1,0,0,1,-0.046799423,-0.012419242,-0.009914706,-0.015455093,-0.20222296,-0.237769146,-0.030617968,-0.048548609,-0.10455364,-0.154143698,-0.202977338,-0.241028074,-8.340763294,-0.099009248,-4.579474323,-0.128341487,-0.091928125,-0.074058563,-0.077727048,-0.097720838,-0.097695292,-0.130145354,-0.245826468,-2.618926858,-0.774535751,-0.684595823,-3.783867196,-1.80664904,-1.257214788,-7.044492928,-10.98332645,-0.660694072,-0.247411122,-0.163749904,-0.139043547,-0.145072591,-0.16421076,-0.319492969,-0.278412438,-0.333077975,-0.470060251,-6.31308662,-1.910345046,-1.959520045,-1.668673365,-1.256673033,-1.037878532,-2.72643658,-5.571197039,-5.971882364,-2.420684133,-0.489471964,-0.453088377,-0.468488407,-0.511068093,-0.659886242,-0.691341809,-0.727094106,-1.658074579,-1.583777144,-1.933747284
1,1,1,1,0,0,0,1,1,0,1,1,0,1,0,0,1,0,1,1,1,0,1,1,0,0,1,1,1,1,1,1,1,0,0,1,1,0,1,1,1,0,0,0,0,1,0,0,0,1,1,1,0,0,0,1,1,1,0,0,1,0,1,0,1,0,0,0,0,0,0,0,1,1,0,0,1,1,1,1,1,1,1,0,0,1,0,0,0,0,0,0,0,0,1,1,0,1,0,1,-0.013971751,-0.020791434,-0.033762223,-0.094739128,-0.128358571,-0.005827132,-0.011353354,-0.019379326,-0.029833648,-0.044378556,-0.06923207,-0.128684058,-0.201357921,-0.496854609,-1.591167936,-1.512348322,-0.818647366,-0.381839165,-0.237552028,-0.22955122,-0.314003815,-0.286826105,-0.527942356,-0.416877568,-0.302120396,-0.273625287,-0.279632214,-0.308518824,-0.354192714,-0.437194354,-0.555006252,-0.738655638,-1.153182506,-4.124572109,-3.985557092,-6.066409325,-3.296461685,-1.841696987,-2.390791873,-8.587248594,-2.767667647,-2.223024144,-1.988343221,-1.823034434,-2.011715531,-4.12827229,-1.180223297,-0.8508056,-0.828816314,-1.844886147,-0.90307443,-1.275935366,-0.816076225,-0.738043252,-0.703473909,-0.730169549,-0.779146084,-0.862133527,-1.011834485,-1.240525382,-1.610529166
1,1,1,0,0,0,1,0,0,0,0,1,1,0,0,1,1,0,1,1,1,0,1,0,0,0,1,0,0,0,0,1,1,1,1,1,0,0,1,0,1,1,0,1,0,1,0,0,1,0,0,0,0,1,0,0,0,0,0,0,1,1,0,0,1,0,0,1,1,0,1,1,1,0,0,1,0,0,1,1,0,0,0,0,1,0,1,0,1,0,0,0,0,1,1,0,0,0,0,1,-0.009316042,-0.007430275,-0.013926719,-0.014209107,-0.016843924,-0.019751213,-0.023015381,-0.025614512,-0.0297618,-0.034531115,-0.039639062,-0.047276328,-0.065815285,-0.032200838,-0.049969471,-0.05964478,-0.06132739,-0.068655285,-0.06206555,-0.058139114,-0.050887189,-0.037516278,-0.032965079,-0.027217671,-0.025906908,-0.022190997,-0.020771014,-0.020260223,-0.020027418,-0.022287191,-0.026922962,-0.026264532,-0.030171041,-0.038049747,-0.049732422,-0.057014082,-0.066689866,-0.077199835,-0.099243277,-0.113303052,-0.125670016,-0.138934828,-0.155244396,-0.167293877,-0.179514837,-0.182112398,-0.191737819,-0.197043385,-0.200708239,-0.212152418,-0.233006644,-0.250189504,-0.295539755,-0.234362981,-0.214929205,-0.228862886,-0.264859524,-0.295867261,-0.337477643,-0.411816949,-0.482907477
1,0,1,1,1,1,0,1,1,0,1,1,1,1,1,0,0,0,0,0,1,0,1,0,0,0,1,0,0,0,0,1,0,1,0,1,1,1,0,0,0,1,1,1,0,1,0,0,0,1,1,1,0,1,0,0,0,1,0,1,0,1,0,1,0,1,0,1,0,1,1,0,1,1,1,0,1,1,1,1,0,1,0,1,0,1,0,1,1,0,1,1,0,1,1,1,0,1,1,0,-0.017306727,-0.016272153,-0.015214535,-0.015535821,-0.01301644,-0.014202651,-0.016916843,-0.019782055,-0.025703142,-0.031095944,-0.037203792,-0.044162253,-0.054384901,-0.063329916,-0.069830626,-0.082578279,-0.102151258,-0.144230459,-0.262865128,-0.245079255,-0.348036491,-0.19638722,-0.096773643,-0.053202659,-0.050098772,-0.265278375,-0.356167287,-0.084526357,-0.048122214,-0.04304619,-0.036271164,-0.03190854,-0.035046684,-0.040398842,-0.049873469,-0.065546363,-0.070086019,-0.082841875,-0.12623585,-0.101360116,-0.131857564,-0.13464208,-0.143904065,-0.161521741,-0.168957629,-0.176690758,-0.185433679,-0.19318919,-0.2536377,-0.208882109,-0.219791927,-0.239211886,-0.259588835,-0.274736445,-0.273682652,-0.281534245,-0.298251579,-0.327116164,-0.363151034,-0.402929438,-0.408756479
0,1,0,0,1,0,1,1,1,1,0,0,0,0,0,1,1,1,1,0,1,1,1,0,1,0,1,1,1,1,1,1,0,1,1,0,1,0,0,0,1,1,0,0,0,1,0,0,1,1,1,0,1,1,0,0,1,0,1,1,1,1,1,0,0,1,1,0,0,1,1,1,1,0,1,0,0,1,0,0,1,1,1,0,0,1,0,0,0,1,0,0,1,0,1,1,1,0,0,0,-0.0029935,-0.003571753,-0.004272117,-0.00524215,-0.00649241,-0.008074925,-0.010082141,-0.01374001,-0.016608493,-0.018211467,-0.021420877,-0.024427577,-0.027263328,-0.03082818,-0.036124415,-0.045301523,-0.03673623,-0.04485124,-0.050279867,-0.064039477,-0.067656885,-0.072271467,-0.079351216,-0.083311474,-0.090331903,-0.098414615,-0.09094538,-0.110609709,-0.118921228,-0.131377469,-0.140829845,-0.146442718,-0.152720706,-0.148894757,-0.153172652,-0.155340532,-0.154931646,-0.15197724,-0.150132389,-0.114867378,-0.13083778,-0.128542258,-0.127140606,-0.125808741,-0.122315005,-0.130724169,-0.136601325,-0.126978418,-0.141817655,-0.15039275,-0.162536715,-0.145850028,-0.174892361,-0.192837439,-0.203927165,-0.229068219,-0.219859453,-0.246873096,-0.32692859,-0.280293218,-0.395624571
0,0,1,1,0,1,0,1,0,1,1,1,0,0,1,0,1,1,1,0,1,0,1,1,1,1,0,0,0,1,1,1,1,0,1,0,1,1,1,1,1,0,1,0,0,1,0,0,1,1,0,0,1,0,1,0,0,1,0,1,1,1,0,1,0,1,0,1,0,0,1,0,1,0,0,0,1,1,1,0,1,1,0,0,1,1,1,0,1,0,1,1,0,1,1,1,0,0,0,0,-0.228732348,-0.055054527,-0.054262175,-0.216625564,-0.013451795,-0.02234626,-0.035051196,-0.057418987,-0.10937697,-0.28690003,-1.078556766,-0.546025579,-0.209562673,-0.131970597,-0.123775275,-0.219209762,-0.920550487,-0.631255749,-0.261846065,-0.296090942,-1.040548384,-0.338514614,-0.201638068,-0.211720149,-0.567091518,-2.701564108,-0.671989654,-1.832516407,-3.094939424,-1.07147753,-0.570505481,-0.439659943,-0.471362115,-1.424165389,-0.45925106,-1.816803936,-6.112867752,-0.711558477,-0.306370371,-0.309895839,-0.15381809,-0.132324455,-0.136969039,-0.147014443,-0.1605932,-0.610010444,-0.218684677,-0.255034574,-0.329450767,-0.463362154,-0.538724627,-0.759678424,-1.500970239,-2.274643936,-2.186569692,-18.792907,-2.644208034,-2.000761446,-6.213098702,-4.049772458,-1.081510692
1,1,0,0,0,1,0,1,1,1,1,1,1,1,1,1,1,0,1,0,0,0,1,0,1,1,0,0,0,0,1,1,1,1,1,1,1,0,1,0,0,1,0,1,0,0,0,0,1,0,1,1,1,0,1,1,1,0,0,1,1,1,1,0,1,1,1,1,0,1,0,1,0,1,0,0,0,0,1,0,0,1,0,1,1,1,1,0,1,0,1,1,1,0,1,1,0,1,0,1,-0.002988619,-0.003575151,-0.004443067,-0.00514215,-0.006495631,-0.008201109,-0.010651735,-0.011489873,-0.014850369,-0.018285936,-0.023898306,-0.024256476,-0.025242367,-0.033650716,-0.030051801,-0.03585166,-0.041857006,-0.048959648,-0.059324373,-0.042828011,-0.060555326,-0.067871285,-0.073405901,-0.081180451,-0.086963502,-0.095561776,-0.101540844,-0.115422048,-0.126977887,-0.127411465,-0.137453942,-0.14417951,-0.146873917,-0.149854405,-0.153184776,-0.16167311,-0.178961068,-0.164752321,-0.144381755,-0.144593446,-0.141283823,-0.146493238,-0.130024405,-0.118557812,-0.122868185,-0.123074553,-0.13197634,-0.130779911,-0.149553413,-0.155083255,-0.151566141,-0.161218643,-0.16694861,-0.195986965,-0.217880717,-0.23620227,-0.242735574,-0.272335866,-0.301787149,-0.32575263,-0.34070025
0,1,0,1,0,1,1,1,1,0,0,1,0,1,1,0,0,0,1,0,1,1,1,1,0,1,1,0,1,0,0,0,0,0,1,0,0,0,1,1,0,0,0,1,1,0,0,0,1,1,0,0,0,0,1,1,1,0,0,1,0,0,1,1,1,0,0,1,0,1,0,0,1,0,1,1,1,1,0,0,1,1,0,0,0,1,1,1,0,0,0,0,0,1,0,0,1,1,0,1,-0.002938748,-0.003507361,-0.003748817,-0.005130151,-0.006386558,-0.008007654,-0.009950124,-0.011478325,-0.014907444,-0.017806534,-0.020997558,-0.023994803,-0.027031867,-0.027065327,-0.03225378,-0.03744915,-0.04221773,-0.04969761,-0.054508766,-0.061096994,-0.052252012,-0.07052304,-0.077813577,-0.083380941,-0.09083341,-0.101386865,-0.097381605,-0.123884572,-0.12279013,-0.137106911,-0.140603692,-0.146942687,-0.148867392,-0.148084883,-0.150924885,-0.149488347,-0.14646289,-0.146991542,-0.143117397,-0.14017121,-0.134583399,-0.131325895,-0.123427939,-0.126698017,-0.129104938,-0.131665136,-0.135449766,-0.141521935,-0.148982636,-0.137965031,-0.150260264,-0.160082344,-0.183796236,-0.177414578,-0.210467949,-0.229533096,-0.250757192,-0.269035862,-0.314561796,-0.336045103,-0.305061733
0,1,0,1,0,0,1,0,0,1,0,1,1,0,0,0,0,1,1,1,1,1,0,0,0,1,0,0,1,1,0,1,0,0,1,0,0,0,0,1,1,0,0,0,1,1,1,0,1,0,1,1,0,0,0,0,0,1,0,1,1,0,0,0,1,0,1,0,1,0,1,1,0,1,1,0,1,1,0,1,1,0,1,0,1,0,0,1,1,1,1,1,1,1,0,0,1,0,0,1,-0.214667905,-0.019626335,-0.009403124,-0.013815889,-0.594831251,-0.114408315,-0.056589632,-0.039908458,-0.03883129,-0.041206287,-0.037409505,-0.059313014,-0.701034235,-0.068675533,-0.098518303,-0.133760095,-0.236527993,-0.338013373,-0.364952048,-0.388127162,-0.286596264,-0.271967945,-2.941052632,-0.148206199,-0.211606262,-0.308494615,-1.14350279,-3.305382608,-1.181694326,-0.722959489,-2.652081532,-3.218600598,-2.706233508,-1.684264531,-1.261608873,-0.952385917,-0.767365948,-0.690787733,-0.865175491,-10.07367423,-8.419814023,-2.85639908,-7.343394941,-2.615567885,-2.357592861,-1.893628904,-0.791654598,-0.451835118,-0.442646727,-0.528902411,-0.415259815,-0.532745326,-0.783250679,-0.498583952,-0.587174334,-0.561229147,-1.786401056,-7.030511078,-3.417429635,-1.777901629,-1.671601132
0,1,0,1,1,1,1,0,0,0,1,1,0,1,0,1,1,0,1,1,0,0,1,0,1,1,0,0,0,1,0,1,1,1,0,0,0,0,1,1,0,0,1,1,0,0,1,1,1,1,0,1,0,1,0,1,0,1,1,1,1,0,0,1,1,0,0,0,0,0,0,0,0,0,1,0,1,0,1,1,0,1,0,1,0,1,0,0,0,1,1,0,0,1,0,0,1,1,0,1,-0.049894466,-0.12050257,-0.231856985,-0.128879578,-0.048385391,-0.022720172,-0.01688482,-0.029943132,-0.105679179,-0.309959776,-0.253662788,-0.170161443,-0.13542554,-0.118189123,-0.109473258,-0.107642456,-0.104110103,-0.115583434,-0.149110378,-0.199677982,-0.461180168,-14.50730885,-0.183448361,-0.055047171,-0.040591696,-0.042793496,-0.043738932,-0.055656051,-0.0943971,-0.301588526,-0.194771214,-0.069610387,-0.073136893,-0.060315085,-0.108414113,-0.140475938,-0.191933267,-0.278348478,-0.562347075,-3.763344016,-1.287300409,-17.18203997,-0.401412445,-0.230000537,-0.210036833,-0.225992787,-0.247471869,-0.289657646,-0.331907279,-0.389940991,-0.45514972,-0.591937803,-0.896753643,-3.946882796,-4.797954094,-1.651625998,-1.155482461,-1.050623137,-1.085336917,-1.144716621,-2.074509103
1,0,0,0,1,0,1,1,0,1,0,1,1,0,0,0,1,0,0,1,0,1,1,0,1,1,0,0,0,0,1,0,0,1,0,1,1,1,0,1,1,0,0,0,0,0,0,0,1,1,0,0,0,1,0,0,1,0,0,1,1,1,1,1,1,1,0,0,1,0,1,0,0,0,0,0,1,1,1,0,1,1,1,1,1,0,1,0,1,0,0,0,1,1,1,1,0,0,1,0,-0.00563957,-0.008169585,-0.00454066,-0.006579746,-0.008500647,-0.011532326,-0.018757982,-0.40336625,-0.015214859,-0.203054746,-0.060422275,-0.041502669,-0.044827188,-0.053724091,-0.091681449,-0.112947307,-0.24514213,-1.210341883,-0.227347198,-0.167888406,-6.157059139,-0.323025363,-1.021963951,-1.153067613,-0.600401197,-0.661098463,-0.610679788,-4.893473918,-2.727644487,-10.85307773,-2.360632652,-0.784949495,-1.249482209,-2.32531255,-1.396131285,-0.339471107,-0.199875743,-0.252431674,-0.323244015,-0.535013872,-0.52164803,-0.662372855,-1.435303202,-0.98929807,-1.260180192,-1.652764485,-1.407732556,-1.561092106,-1.874055689,-2.519823595,-4.201558356,-8.001809362,-5.336093643,-6.195647142,-2.123517301,-1.132336917,-0.839514841,-0.726549285,-0.649464856,-0.620817571,-0.699175005
0,0,0,1,1,1,1,0,0,0,0,0,0,0,0,0,0,0,0,0,0,0,1,0,1,1,1,1,0,1,0,1,0,1,0,1,1,1,1,0,0,1,1,0,1,1,0,1,1,0,1,0,1,1,0,0,0,0,1,0,0,1,0,1,1,1,0,0,0,1,1,1,0,1,0,1,1,1,1,1,0,0,0,0,1,0,1,1,0,0,0,0,0,0,0,0,0,0,1,0,-0.003092169,-0.003497863,-0.004611589,-0.005237487,-0.006479325,-0.008069701,-0.010097643,-0.012231859,-0.014978808,-0.01819007,-0.021473929,-0.02480123,-0.035955625,-0.036926935,-0.030095615,-0.040385925,-0.039779699,-0.045909952,-0.049958599,-0.06218128,-0.066148999,-0.073354293,-0.074344728,-0.080560877,-0.08880635,-0.091038215,-0.103609875,-0.109446632,-0.118223822,-0.12567337,-0.12876028,-0.14397554,-0.145931962,-0.148087311,-0.150230757,-0.150644306,-0.150360522,-0.151302398,-0.13969884,-0.138658963,-0.13542993,-0.129781547,-0.117325982,-0.126921496,-0.123543373,-0.121359903,-0.129329705,-0.147466235,-0.146964348,-0.149480362,-0.153488395,-0.185345647,-0.184850566,-0.21696634,-0.218257496,-0.319224759,-0.219411709,-0.250212969,-0.262067061,-0.322465051,-0.360652062
0,1,0,1,1,1,0,0,1,0,1,1,1,1,1,1,1,0,0,0,1,1,1,0,0,0,0,1,1,1,0,0,0,0,1,1,0,0,0,1,1,1,0,1,1,1,0,1,1,0,1,0,0,1,0,0,0,1,0,1,0,0,1,1,0,1,1,1,1,0,0,0,1,0,1,1,1,1,0,1,0,1,1,0,1,1,0,0,1,0,0,1,1,1,0,1,1,0,0,0,-0.029135616,-0.03070007,-1.03834756,-0.025894446,-0.103159335,-0.923669322,-0.065476059,-0.106893094,-0.329798843,-0.287125016,-0.322230165,-0.473518002,-0.291458449,-0.253054777,-0.045822341,-0.042992159,-0.124467104,-0.076331259,-0.125061492,-0.051352934,-0.086031939,-0.465393183,-0.053103976,-0.041559567,-0.03682571,-0.180159951,-0.199972354,-0.235441328,-7.757529964,-2.299166822,-1.172727722,-0.875702116,-1.618641136,-10.47816674,-1.828939239,-3.799108263,-1.596049751,-1.892417057,-2.328146402,-0.885137698,-2.135719893,-1.647662305,-3.854400382,-4.720777645,-4.343755002,-2.880300709,-1.005407528,-1.0541978,-1.375603767,-1.711650272,-11.85926672,-6.56087835,-2.997352206,-1.412907792,-2.560911433,-1.796510466,-3.303498713,-5.246587291,-2.212733806,-2.652816431,-4.488661827
1,0,1,0,0,0,1,0,1,0,1,0,0,1,0,0,0,1,0,0,0,0,1,1,1,0,0,1,0,1,0,0,1,1,1,1,1,0,0,0,1,1,1,1,1,0,0,0,0,0,0,0,1,0,1,1,0,1,1,1,1,1,0,0,0,1,1,1,1,1,1,0,0,0,1,0,0,1,0,1,0,0,1,1,0,0,0,0,1,1,1,0,0,1,0,1,0,1,1,1,-0.005861946,-0.007175139,-0.00857914,-0.010341345,-0.011853051,-0.009037879,-0.016326418,-0.019513914,-0.02286395,-0.022832307,-0.030436998,-0.033210711,-0.034854589,-0.03510991,-0.034431607,-0.032901884,-0.030555913,-0.031038756,-0.031116195,-0.03207225,-0.039527434,-0.035373418,-0.032148873,-0.035885385,-0.036349583,-0.042565169,-0.04329972,-0.049707925,-0.06644812,-0.070725085,-0.105090673,-0.082449239,-0.108315805,-0.112387439,-0.152512493,-0.18517366,-0.214249218,-0.223561512,-0.254014254,-0.25516098,-0.275999892,-0.351139625,-0.355915305,-0.359610184,-0.339033965,-0.375892283,-0.366274118,-0.391260097,-0.396172651,-0.435785011,-0.458950646,-0.475533944,-0.517658672,-0.550430525,-0.597324682,-0.624680393,-0.713933068,-0.811458624,-0.917327019,-0.842957314,-0.900338924
0,1,1,1,0,0,0,0,1,0,1,1,0,0,0,1,0,1,0,0,1,1,0,0,0,0,1,1,1,1,1,1,1,0,1,1,1,1,0,0,0,0,1,0,1,1,1,0,1,0,0,0,1,1,0,0,1,0,0,1,0,1,1,1,0,0,0,0,0,1,0,1,1,0,0,1,1,0,0,1,0,0,1,1,0,1,1,0,1,0,0,1,1,1,1,0,0,1,0,1,-0.002983796,-0.003632027,-0.005649403,-0.005108669,-0.006469201,-0.00827319,-0.00473042,-0.011265538,-0.014507233,-0.017612125,-0.02087106,-0.023582651,-0.026860414,-0.027928195,-0.033391806,-0.036747484,-0.044239735,-0.056237352,-0.049616036,-0.060570588,-0.074888978,-0.0600803,-0.071949737,-0.07878669,-0.086453799,-0.093199507,-0.101972003,-0.115303795,-0.118743237,-0.14855105,-0.118513559,-0.137174433,-0.144019099,-0.151299389,-0.149760809,-0.149371306,-0.144809239,-0.138929998,-0.134319087,-0.134051516,-0.129531662,-0.143513207,-0.142476755,-0.122149752,-0.120712525,-0.119742279,-0.153886068,-0.143710694,-0.148013231,-0.145671527,-0.159619061,-0.189016046,-0.193768475,-0.213575946,-0.24648264,-0.218056847,-0.207983652,-0.244601985,-0.295407204,-0.329053595,-0.33851613
1,1,1,1,0,0,0,0,1,1,0,0,0,0,1,0,1,1,1,1,1,0,0,0,0,0,0,1,1,0,1,0,1,1,1,0,0,0,1,0,0,1,0,0,0,1,0,0,0,0,1,1,1,0,0,0,0,1,0,1,0,1,1,1,0,1,0,1,0,1,0,0,1,1,1,0,1,0,1,0,0,0,0,1,1,0,0,1,1,0,0,1,0,1,1,1,0,0,1,1,-0.034173823,-0.01362414,-0.01520474,-0.018581911,-0.023689988,-0.030276878,-0.040778937,-0.057039391,-0.085018038,-0.13334978,-0.233272186,-0.395000203,-0.619573673,-0.601120502,-0.888046372,-0.214855337,-0.173336416,-0.131697476,-0.118866858,-0.111359162,-0.11809194,-0.152225041,-0.323795339,-3.421199734,-0.624264067,-0.14366805,-0.090582562,-0.109737348,-0.132850551,-0.239254059,-0.563862786,-1.991985823,-12.74348056,-3.389071136,-1.274609293,-0.782506473,-0.62880879,-0.699869089,-1.640099701,-2.541753327,-0.417209083,-0.334309961,-0.374597484,-0.469469027,-0.656941276,-0.992010499,-1.498950239,-2.149899163,-2.180528213,-1.76189996,-1.449591089,-1.140771402,-1.225470327,-7.83996116,-1.222386055,-0.738059308,-0.541565404,-0.479455258,-0.441609643,-0.451649157,-0.435136133
1,0,0,1,1,0,1,0,0,0,0,0,0,0,0,1,0,0,1,1,1,1,1,1,0,0,1,1,1,0,0,0,0,1,0,1,0,1,0,1,1,0,0,0,1,1,0,0,0,0,1,0,0,1,1,0,1,1,0,1,0,0,0,1,0,1,0,1,1,1,1,0,1,0,1,0,0,0,1,0,0,1,1,0,0,0,0,1,1,1,1,1,1,1,1,0,0,1,0,1,-0.728951758,-0.181370615,-0.067658411,-0.821357682,-0.080927071,-0.176289576,-0.39398636,-0.27603944,-0.098995205,-0.298706688,-0.145776709,-0.082708388,-0.030032782,-0.027825068,-0.048489074,-1.296123175,-0.04931613,-0.168059572,-0.088134476,-0.442877048,-0.764307823,-1.219683483,-0.32547182,-0.148457144,-0.095652159,-0.274138834,-0.04268103,-0.039409631,-0.034587328,-0.03559525,-0.041322895,-0.077732348,-0.067057395,-0.071538439,-0.091393425,-0.144099138,-0.261852202,-0.489896314,-4.945282962,-1.603474275,-1.3170798,-8.917700239,-1.143204873,-0.625195398,-0.391264759,-0.502565189,-0.395678795,-1.685521521,-1.194637724,-0.585583508,-0.5227415,-0.422481817,-0.397008172,-0.398615121,-0.358124221,-0.364138073,-0.397305551,-0.407060765,-0.442321943,-0.439866069,-0.626368252
0,1,1,0,1,1,0,1,0,0,0,0,0,1,0,1,1,1,1,1,1,0,0,1,0,1,0,1,1,0,0,0,1,0,1,0,1,1,0,0,0,1,1,0,0,0,1,1,0,0,0,0,1,0,0,0,1,1,1,1,0,0,0,1,0,1,0,0,0,1,1,0,1,1,1,0,1,0,1,1,0,0,1,0,1,0,0,0,1,1,1,0,0,0,0,1,0,1,1,1,-0.307338391,-0.041146974,-0.029110081,-0.055201407,-0.446458907,-0.067725171,-0.092666244,-0.099712407,-0.107242795,-0.073028277,-0.084843333,-0.249432216,-0.37394244,-0.101964121,-0.076154854,-0.384769248,-0.091212881,-0.06505818,-0.076261615,-0.079186451,-0.120223582,-0.195897968,-0.396678283,-1.347457537,-1.037536307,-3.887154897,-8.308688107,-0.747274669,-1.777938693,-1.779157434,-1.028137963,-3.165125729,-0.741823635,-0.736565695,-1.686138943,-8.162383795,-3.944222828,-1.361681405,-1.043536917,-4.733653036,-3.329564114,-1.449408251,-0.814843326,-0.599764227,-0.515776061,-0.460826951,-0.366259248,-0.388459568,-0.585114954,-0.664444449,-0.501540496,-0.417344897,-0.435872413,-0.921599544,-0.567499148,-0.497421223,-0.773210922,-2.867152292,-5.200278713,-4.16865767,-1.115067958
0,1,0,1,1,1,1,1,0,1,0,0,1,0,1,0,1,0,1,0,0,1,0,1,0,0,1,1,0,1,0,0,1,1,1,0,0,1,1,0,0,1,1,1,0,0,0,1,0,1,1,1,1,0,0,1,0,1,0,1,1,1,0,1,1,0,0,1,0,1,1,1,1,1,1,0,0,1,1,1,1,1,1,1,0,1,1,0,1,1,0,0,1,0,0,0,1,1,1,0,-0.397465136,-0.440861148,-0.087566027,-0.080413685,-0.077448238,-0.074574738,-1.52041392,-0.1256174,-0.138634535,-0.321010174,-0.148872879,-0.241341175,-0.287202002,-0.052108873,-0.16557187,-0.055383616,-0.240825659,-0.072335179,-0.111117028,-0.251406093,-5.537500389,-0.495897384,-0.790941655,-0.377904066,-0.116903712,-0.092703795,-0.088443283,-0.097780228,-0.167755324,-0.945052968,-0.19732969,-0.253193979,-0.676714819,-2.507894239,-0.663905857,-0.266433749,-2.0325369,-0.582360086,-0.337918731,-0.327544205,-0.442048198,-0.560166201,-0.424563932,-1.535729304,-0.586907087,-5.553925698,-1.262894593,-0.961778222,-1.382024652,-0.848874783,-1.070204979,-3.066387988,-2.352447663,-3.742782154,-12.32415827,-6.692868691,-2.984830037,-1.471864087,-0.950981173,-0.74224565,-0.707480637
0,1,0,1,1,0,1,0,0,0,0,0,1,0,1,0,1,0,0,1,0,0,1,1,1,1,1,0,1,1,0,0,1,0,1,1,1,0,1,0,0,1,0,0,1,0,1,0,1,0,0,1,1,1,0,1,0,1,1,1,0,0,1,1,0,0,0,0,0,0,1,1,0,0,1,1,0,1,0,0,0,0,1,1,1,0,0,1,1,1,0,0,0,0,0,1,0,0,1,0,-0.003001934,-0.003582912,-0.004434384,-0.006116923,-0.005981313,-0.007782759,-0.01047344,-0.011915225,-0.014995999,-0.018699211,-0.017871462,-0.022948504,-0.026876444,-0.027988556,-0.031976287,-0.03638793,-0.041745715,-0.050280751,-0.055219023,-0.065640897,-0.06403633,-0.069639445,-0.073579581,-0.078256297,-0.083927808,-0.099657786,-0.10499718,-0.113045888,-0.124755179,-0.119268473,-0.138134118,-0.144390909,-0.150876327,-0.154682064,-0.148464236,-0.150326138,-0.149810709,-0.145845998,-0.142033607,-0.135787036,-0.130398442,-0.122691009,-0.135199489,-0.132171451,-0.134240825,-0.119289383,-0.126646319,-0.131349557,-0.14683304,-0.152364445,-0.166684517,-0.178244899,-0.188689237,-0.200617791,-0.213573516,-0.23225107,-0.249817606,-0.262368021,-0.293372848,-0.324683551,-0.346992446
0,1,1,0,0,1,1,0,1,0,1,0,1,1,1,1,1,1,0,1,0,1,0,0,0,0,1,1,1,1,0,0,0,0,1,1,0,1,0,0,1,0,1,1,0,1,1,1,0,1,0,1,1,1,1,1,1,0,0,0,1,1,0,0,1,0,1,1,1,0,1,0,0,0,0,0,0,0,1,1,0,1,1,1,0,0,0,0,0,0,0,1,1,1,1,0,0,1,0,1,-0.081051729,-0.561350305,-0.01135764,-0.00964685,-0.020748385,-0.432117006,-0.226133335,-1.329640496,-0.020489525,-0.008318646,-0.087847096,-0.015430413,-0.025425077,-0.049380939,-0.097519197,-0.224194391,-5.580826738,-1.233878562,-6.442245239,-1.277025551,-0.168033822,-0.27940115,-0.388775531,-1.107531543,-0.479257486,-1.459393849,-2.270506655,-0.577119414,-0.347289687,-0.407271506,-1.376183313,-0.296846899,-5.871390081,-0.483962044,-0.933192456,-3.001210168,-0.430795308,-1.548778017,-1.286193953,-0.31672802,-0.255471073,-0.247036623,-0.268003511,-0.384540619,-0.279488403,-7.05707367,-0.534455696,-1.121466524,-1.98335183,-8.100398757,-9.576794979,-1.737021845,-1.207618186,-1.782474898,-0.961400793,-0.855321539,-0.661224433,-1.123755319,-0.949980428,-1.97270645,-1.333697639
0,1,0,0,0,0,0,0,0,0,1,0,0,1,1,0,0,0,0,0,1,1,1,0,0,0,0,0,1,1,1,1,1,1,0,0,1,1,1,1,1,0,1,0,1,0,0,1,0,1,0,1,0,0,0,1,0,0,1,0,0,1,0,1,1,1,1,1,1,1,1,0,1,1,1,0,1,0,1,0,1,1,1,1,1,1,1,1,0,1,1,1,1,1,1,0,1,0,1,0,-0.006988347,-0.008585905,-0.009361816,-0.011819457,-0.013275855,-0.016077704,-0.018405063,-0.023932475,-0.021356491,-0.029266737,-0.027236073,-0.02728781,-0.037188062,-0.035749051,-0.038228047,-0.050838258,-0.117776941,-0.029506022,-0.039366043,-0.041653943,-0.047452297,-0.072177549,-0.08156984,-0.124526459,-0.136260616,-0.301583691,-0.129498988,-0.21466627,-0.410702284,-0.366166788,-0.464766374,-0.637593918,-0.778636656,-0.87227929,-1.012226057,-0.91502602,-1.647004653,-0.473480046,-0.365807675,-0.427596075,-0.447679345,-0.462394675,-0.478730037,-0.491772772,-0.499181138,-0.588212343,-0.614649304,-0.650633328,-0.717940101,-0.741204752,-0.83107346,-0.907958817,-0.994982218,-1.080215517,-1.132201317,-1.284313646,-1.486803281,-1.590184865,-2.097056143,-2.782874552,-3.642450788
0,0,0,0,0,0,0,0,0,1,0,0,1,1,0,0,1,0,0,0,0,0,1,1,0,0,1,1,0,1,0,1,0,0,1,0,1,1,1,1,1,0,0,1,1,1,1,0,0,1,1,1,1,0,0,0,0,1,1,1,0,0,0,1,1,1,1,1,0,0,1,0,1,0,1,0,0,1,1,0,1,1,1,0,0,1,0,1,1,1,1,1,0,1,0,0,1,1,0,0,-0.008519404,-0.019862802,-0.030526321,-0.180983522,-0.092071615,-0.30070921,-0.069828401,-0.075951537,-0.548055712,-0.105637446,-0.395609549,-0.196413798,-2.688931429,-0.232438914,-0.722790879,-0.648321729,-0.366498447,-5.058358502,-0.254083804,-0.421096532,-0.512654414,-1.175678857,-0.789952994,-0.630284775,-0.296572703,-1.963867116,-0.386288645,-1.270146541,-0.62252083,-2.149623987,-2.208599056,-1.875818702,-1.375222966,-6.325775639,-1.021447673,-1.581749664,-2.289518183,-2.852332938,-3.737913809,-6.576990004,-7.233014045,-11.21821212,-1.479418582,-3.545657269,-1.942370092,-1.260228894,-0.788580454,-1.582968564,-2.302720427,-2.357420882,-1.432587731,-1.258955802,-1.384415766,-1.541214851,-1.812411104,-2.111638442,-3.464853706,-6.76009752,-2.725865397,-6.004598003,-1.553618967
1,0,1,1,1,0,0,0,0,1,1,0,0,0,0,1,1,0,0,0,1,1,0,0,1,1,1,0,1,0,0,0,0,0,1,1,0,1,1,0,0,0,0,1,0,1,0,0,1,0,1,0,0,0,0,1,1,0,1,1,0,1,0,0,1,0,0,1,1,0,1,1,0,0,1,1,0,1,1,0,1,0,1,1,0,0,0,1,1,1,1,0,0,1,1,0,0,0,0,0,-0.002943605,-0.003520945,-0.004255048,-0.005238543,-0.006483538,-0.008014532,-0.00997636,-0.012334551,-0.015162415,-0.012642501,-0.021152823,-0.024382817,-0.028088922,-0.031742405,-0.026533004,-0.036551957,-0.041594938,-0.047884066,-0.051721705,-0.059540231,-0.062045267,-0.069667156,-0.075263475,-0.081518925,-0.095013878,-0.096165948,-0.104596041,-0.107694143,-0.121143791,-0.12703944,-0.128135193,-0.148377214,-0.151902936,-0.151820841,-0.154140524,-0.15427995,-0.152235181,-0.152216501,-0.14193542,-0.140164187,-0.134574937,-0.130673869,-0.128307724,-0.127221636,-0.127362,-0.129171104,-0.137748762,-0.139598853,-0.145965603,-0.152160981,-0.156219743,-0.159445265,-0.17366449,-0.199955914,-0.264011286,-0.258369294,-0.281850976,-0.28884857,-0.305690783,-0.31409841,-0.345857406
1,0,1,0,0,0,0,1,1,0,0,1,1,1,1,1,1,0,1,1,1,1,0,1,1,1,0,0,0,0,0,1,1,0,1,0,0,1,0,1,1,0,1,0,1,1,1,0,0,0,0,1,1,0,1,0,1,0,0,0,1,1,1,1,0,1,0,1,1,0,1,0,1,1,1,1,1,0,1,1,0,0,0,1,0,0,0,0,0,0,1,0,1,1,0,1,0,0,1,0,-0.02716831,-0.056223273,-1.642894621,-0.02802696,-0.025664788,-0.027549864,-0.132049587,-0.085723489,-0.224342147,-0.107633779,-0.110428195,-0.125357362,-0.183227014,-0.354182173,-1.001614768,-1.079923981,-0.281363491,-0.115945412,-0.085704656,-0.202735994,-4.077066039,-0.782808674,-0.437641001,-0.441720197,-0.267214246,-0.316785094,-2.750196479,-1.036383837,-17.8205761,-0.513632141,-0.561546785,-0.538711178,-0.652784886,-0.770843544,-0.974120879,-1.088964847,-2.176508293,-2.692810899,-1.682424059,-3.084302804,-5.460238803,-11.68598531,-4.597814359,-2.645639064,-2.336090411,-2.233631877,-2.445253826,-3.096833696,-4.895508142,-9.555281786,-4.956253307,-3.477673619,-1.662077972,-2.405358376,-1.212711543,-0.946014669,-1.061255144,-1.055768147,-1.565207777,-5.893672913,-13.94209779
0,1,1,1,1,0,0,1,0,0,0,1,0,0,0,0,0,1,1,1,1,0,1,0,1,0,1,1,1,1,1,1,1,0,1,0,0,1,1,0,0,1,0,0,0,0,1,1,1,0,0,0,1,1,1,1,0,0,0,1,1,0,1,0,0,1,0,1,1,1,1,0,1,0,1,0,0,0,1,0,1,1,1,0,0,1,1,1,0,0,1,1,0,0,0,0,0,0,0,1,-0.031264325,-0.014293986,-0.016270066,-0.025260764,-0.043017417,-0.063170158,-0.079924838,-0.093199898,-0.102385479,-0.110425836,-0.118635438,-0.127524794,-0.136114245,-0.144820586,-0.155967025,-0.175076505,-0.211993781,-0.331560273,-1.984066986,-0.565099393,-0.810684226,-2.066423969,-2.448127469,-0.369428866,-0.110900873,-0.058246306,-0.048013817,-0.048803012,-0.056401971,-0.068242577,-0.086958529,-0.10964935,-0.111588311,-0.196249952,-0.349556617,-1.581366846,-1.112493374,-0.369837693,-0.316187918,-0.340017663,-0.395399282,-0.563575901,-2.783365156,-0.299055289,-0.309698156,-0.359730211,-0.435342965,-0.727802052,-0.548488275,-0.441998369,-0.450315946,-0.484598001,-0.596040375,-0.634473587,-0.639134556,-0.672046733,-0.717397395,-0.786760318,-0.85213433,-0.931909715,-1.076551212
1,1,1,0,1,1,0,1,1,1,1,0,0,1,1,0,0,0,0,0,1,0,0,0,0,1,0,0,1,1,1,1,1,1,1,1,0,1,1,1,0,1,0,1,1,1,0,0,0,1,1,0,0,0,1,0,1,1,0,1,0,0,0,0,0,0,1,1,1,1,0,1,1,1,1,0,1,0,0,0,1,0,0,0,0,1,1,1,0,1,1,1,0,0,0,1,0,0,0,1,-0.010710308,-0.013670463,-0.020816052,-0.041901946,-0.121144418,-0.114130133,-0.070209225,-0.071231994,-0.092966141,-0.221185828,-1.145861846,-0.360320072,-0.10272629,-0.051550051,-1.376303655,-0.133410251,-0.128957531,-0.164244113,-0.249880769,-0.33698572,-0.407514334,-0.365971809,-0.301175091,-0.250887285,-0.268175513,-0.40084604,-0.975776112,-2.073084895,-0.497704867,-0.237673519,-0.32816823,-1.849977456,-4.46544891,-0.872405538,-0.489662001,-0.358895538,-0.331924194,-0.377781511,-0.702221518,-2.02780529,-0.388589835,-0.370794613,-0.729513573,-4.258815779,-1.278020705,-0.967315359,-0.981927823,-1.150432311,-1.476651584,-2.244827233,-4.826401542,-12.59439575,-6.111234575,-5.128375785,-4.16264783,-2.948120787,-1.98720272,-1.33615866,-0.981102676,-1.36771966,-4.17340297
1,1,0,0,0,1,0,1,1,0,1,1,0,0,0,1,1,0,1,0,0,1,0,1,1,0,0,0,1,0,1,1,1,0,1,1,1,0,1,1,1,0,0,0,1,0,0,0,1,0,1,1,1,0,0,0,0,1,1,0,1,0,0,0,1,0,1,1,1,0,1,1,0,1,1,1,0,0,0,0,0,0,0,0,0,1,0,1,0,1,0,0,0,0,1,1,1,0,0,0,-0.002997189,-0.003862801,-0.004248539,-0.005263546,-0.006714786,-0.007795269,-0.009916806,-0.011926356,-0.01506082,-0.018008265,-0.021187139,-0.024287958,-0.027324975,-0.030800525,-0.035676617,-0.049138416,-0.038197106,-0.043610184,-0.052818313,-0.059801344,-0.070096944,-0.072196937,-0.079285271,-0.076121914,-0.089960091,-0.099759033,-0.106171856,-0.121865745,-0.116924138,-0.127012146,-0.131421723,-0.144927856,-0.153155292,-0.155633122,-0.161472756,-0.175817138,-0.138707199,-0.147803966,-0.144676949,-0.144050761,-0.137529667,-0.15785737,-0.107317406,-0.118598548,-0.125579589,-0.124089525,-0.12950954,-0.128771006,-0.136744744,-0.131133037,-0.157555963,-0.172423672,-0.184331999,-0.204957956,-0.180530766,-0.200238599,-0.224447285,-0.274870175,-0.308391634,-0.278774757,-0.303384789
1,1,1,0,0,1,0,1,1,1,1,0,0,0,1,1,0,1,0,1,1,1,0,1,0,1,0,1,1,1,1,0,1,0,0,1,1,1,1,0,1,1,1,0,1,0,0,1,1,1,1,0,1,1,0,0,0,1,0,0,1,1,1,0,0,1,1,0,0,1,1,1,1,0,0,1,0,1,0,0,1,1,1,0,0,1,0,0,1,1,0,0,0,1,1,0,1,1,1,0,-0.086444942,-0.038485884,-0.040547816,-0.050601791,-0.181148335,-0.187863315,-0.044501387,-0.03736693,-0.315993355,-0.359412521,-0.268382656,-0.340536142,-0.456358408,-0.84396015,-0.852776594,-0.42678696,-1.720959808,-0.135073717,-0.078224072,-0.179265213,-0.033665641,-0.097457598,-0.02689229,-0.028921249,-0.036977724,-0.090324548,-0.052393941,-0.118003535,-0.483612838,-4.267348667,-0.416957264,-0.184602075,-0.423356466,-0.194928709,-0.539314131,-2.661906459,-0.217634029,-0.247459246,-3.716434846,-0.567316468,-0.470639168,-0.475888586,-1.154565091,-0.393570915,-0.942787004,-0.39690103,-6.967228415,-1.619234979,-5.454854672,-1.005090166,-0.944605922,-1.210853623,-2.023077745,-0.921125026,-1.979089937,-1.451740882,-1.946164991,-1.247986987,-1.038274056,-2.729415769,-1.830813271
1,1,0,0,1,0,0,0,1,1,1,0,1,1,0,0,1,0,1,1,0,0,0,0,0,1,1,1,1,1,0,1,1,1,1,0,0,0,0,0,0,1,0,1,0,1,1,1,0,1,0,0,0,1,0,0,1,0,1,0,1,0,0,0,0,0,1,0,1,1,0,1,0,0,0,1,1,1,0,1,0,1,0,0,1,0,1,0,1,0,0,0,0,0,0,1,1,1,0,1,-0.01203662,-0.026324344,-0.058769204,-1.064437553,-0.060893316,-0.175874229,-0.187934291,-0.097285656,-0.09218516,-0.109520834,-0.143770459,-0.184857589,-0.368121929,-0.216796496,-0.184407372,-0.164729712,-0.163818409,-0.816882406,-0.224392885,-0.564436054,-0.531235202,-0.56030013,-14.62518494,-0.622840669,-0.425465055,-0.401624128,-0.484578582,-0.274453519,-0.347558879,-0.575714055,-0.888809773,-2.39483654,-0.825051432,-16.77650142,-1.461150319,-1.740297706,-2.986628248,-0.950322126,-0.589508091,-0.485163107,-0.52254211,-0.686990595,-1.343503682,-6.013776345,-2.648140626,-1.458344717,-1.778967071,-8.481759032,-6.742727995,-1.997984204,-1.371098483,-0.941028029,-0.964509644,-0.838593222,-0.821271123,-1.647328207,-13.80807684,-3.464280315,-2.730157867,-3.028602159,-3.860635995
0,1,1,0,1,0,0,1,1,1,0,1,0,1,0,0,0,1,1,0,1,0,0,1,1,0,0,0,1,0,1,1,1,0,0,0,0,0,0,1,0,0,0,0,0,0,1,1,0,0,0,0,1,1,1,1,0,1,1,0,0,1,1,1,1,0,1,1,0,1,0,1,1,1,0,1,1,1,0,0,0,1,0,1,0,1,1,1,1,1,1,0,1,1,0,1,1,0,0,1,-0.215124119,-0.045015664,-0.053451122,-0.040860435,-0.035132003,-0.085671543,-0.362157208,-0.035151229,-0.140385212,-0.15685573,-0.22697897,-0.188522093,-2.016357623,-0.09040899,-12.76661065,-0.066422027,-0.045628832,-0.114452939,-0.241772153,-0.18966844,-6.127627363,-0.226927226,-0.182781876,-0.235204817,-0.819269227,-0.400239987,-0.569451967,-1.086245965,-1.091664598,-1.327397608,-1.83001466,-2.262923203,-2.25110055,-1.75005492,-1.192318276,-0.842332282,-0.615470179,-0.867196766,-1.653702888,-1.083355933,-0.494007725,-0.353949285,-0.636097486,-1.332818002,-0.792212805,-0.516693379,-0.419051123,-0.370725809,-0.35657638,-0.333321108,-0.306016737,-0.295680439,-0.28772735,-0.27918149,-0.266589767,-0.254897416,-0.322544794,-0.39060494,-0.391450985,-0.387247943,-0.372877441
1,1,1,0,0,1,0,1,1,1,0,1,0,0,1,0,1,0,0,0,0,1,1,1,1,1,1,0,0,0,0,1,0,0,0,1,1,1,0,0,0,0,1,1,1,1,0,0,0,1,0,0,0,1,1,0,0,1,0,0,0,0,0,1,0,1,1,0,0,1,1,1,1,1,0,0,0,1,1,1,1,1,0,0,1,1,0,0,0,1,1,1,1,0,0,1,0,0,1,1,-0.002985681,-0.003549678,-0.005051294,-0.005375444,-0.007000724,-0.006209865,-0.009510054,-0.012058754,-0.014998401,-0.019549579,-0.01997504,-0.023543874,-0.019424967,-0.028879153,-0.031766975,-0.038031895,-0.03737056,-0.045145323,-0.057050493,-0.059543177,-0.065745354,-0.071842928,-0.079764637,-0.095477423,-0.089338329,-0.095186898,-0.111030286,-0.130734552,-0.104186989,-0.121585546,-0.133457147,-0.138809553,-0.13745754,-0.154717649,-0.156128252,-0.148093911,-0.14993884,-0.147917798,-0.148278284,-0.133614081,-0.130742626,-0.128825377,-0.127454909,-0.127958669,-0.135670715,-0.113720394,-0.123495309,-0.136100518,-0.144952334,-0.159228381,-0.165251751,-0.181373754,-0.17891011,-0.225448215,-0.240933612,-0.201752323,-0.226654154,-0.248170456,-0.269948895,-0.300454138,-0.313107872
1,0,0,0,1,1,1,0,1,1,1,0,1,0,1,1,0,0,1,1,1,1,1,1,1,1,1,0,1,1,1,1,1,1,1,0,0,1,0,0,0,0,0,1,1,1,0,1,1,0,0,1,1,1,0,0,0,1,0,0,1,0,1,1,0,0,1,1,1,0,1,1,0,1,0,0,1,1,0,1,0,0,1,1,1,0,0,0,1,1,0,1,1,1,0,0,0,1,1,0,-0.10744223,-0.084346298,-0.03942169,-0.032825353,-0.340331902,-0.161819668,-0.333033376,-0.131964329,-0.108340304,-0.104662967,-0.488129063,-0.367483678,-0.671106298,-0.812993557,-0.091152405,-0.054548379,-0.101439207,-1.618507695,-0.073168168,-1.115001494,-0.559307155,-1.220552905,-0.470419175,-1.892806092,-3.051499607,-1.804047217,-0.269711271,-2.09305661,-0.330918681,-0.876777023,-0.594545042,-0.450417513,-1.082397098,-0.629985391,-2.209633328,-0.692798784,-0.697761811,-0.711522797,-2.221758405,-6.726394921,-2.405406515,-1.880337222,-6.505717388,-2.735117611,-4.248545478,-10.71012945,-4.088080468,-1.305462648,-2.947012157,-1.101799786,-1.568116059,-5.710674741,-1.845584876,-1.1916589,-2.618266552,-0.903820248,-0.908106967,-0.892028263,-0.73399892,-0.642298542,-0.533294868
1,1,0,0,1,0,1,0,0,1,0,1,1,0,0,0,1,1,1,0,1,1,1,0,1,0,1,1,0,0,1,0,0,1,0,0,0,0,0,0,1,0,0,0,1,1,0,1,0,1,1,1,0,0,0,1,1,1,1,1,1,1,1,1,0,0,1,0,0,1,0,1,1,0,1,1,1,1,1,1,0,1,0,1,1,1,1,0,0,1,1,1,0,0,1,0,0,1,0,0,-0.008029335,-0.012236497,-0.03020914,-0.018255611,-0.041714362,-0.62631456,-0.082087648,-0.088004522,-0.315555627,-0.497152863,-0.496532143,-0.342981437,-0.205135901,-0.152884139,-0.129997875,-0.121923472,-0.143073486,-1.237523682,-0.443649952,-2.287074872,-4.028149677,-0.476349404,-0.146899881,-0.107809371,-0.135045057,-0.229207221,-1.417301167,-0.936533276,-1.06154318,-1.173756014,-1.241967584,-1.332764909,-1.927020765,-1.27741209,-0.988619275,-0.982033119,-1.439518199,-4.312948327,-3.84869719,-0.8280338,-0.545541139,-0.617382364,-0.917363821,-1.657913248,-5.029469727,-8.767890085,-7.079208713,-1.429388755,-2.666170424,-8.141384329,-1.265131965,-2.528887746,-7.811650141,-1.25246553,-0.516321681,-0.393323421,-0.449236047,-0.663558135,-1.170474922,-2.098528718,-3.595127969
0,0,0,1,0,1,0,1,1,1,0,0,1,1,0,0,0,0,1,1,0,1,1,0,0,0,1,1,1,0,1,0,0,0,1,0,0,1,1,1,1,1,0,1,1,1,1,1,1,1,0,0,1,1,0,1,1,1,0,0,0,0,1,1,1,1,1,0,1,0,1,0,1,0,1,0,1,0,1,0,1,1,1,1,0,1,0,1,0,1,0,0,1,1,1,0,1,1,0,1,-0.046526267,-0.025902908,-0.678573207,-0.012413941,-0.466017281,-0.070975888,-0.467038149,-0.100095113,-0.108501564,-0.487193909,-1.650184054,-0.18801008,-0.086487812,-0.080618607,-0.15764222,-0.086346054,-0.17397485,-0.131081962,-0.463341491,-0.652685119,-0.130616321,-0.191117031,-0.323876078,-0.597530127,-1.296769569,-3.361727184,-2.190525279,-1.02574792,-11.93496555,-5.227990223,-5.833386062,-0.735233663,-0.429135678,-0.351617242,-0.426357481,-1.080605512,-0.287341965,-0.273618057,-0.737147822,-0.426211726,-0.549664565,-2.230713108,-0.86318244,-0.46218904,-0.629626363,-3.329631237,-0.582625618,-0.456142275,-0.389758344,-0.477392033,-1.031273135,-0.449638598,-0.465690245,-0.727895329,-5.281447331,-0.741000745,-0.669664488,-1.087443139,-3.015997781,-10.71552653,-4.32843343
0,1,1,1,1,0,1,1,1,1,1,1,0,1,0,0,1,1,0,1,1,1,0,1,0,0,1,1,1,1,0,0,0,0,1,1,0,0,1,0,0,1,1,1,0,1,0,0,0,1,0,0,1,0,0,1,1,0,0,1,0,0,0,0,1,0,1,1,1,0,1,1,0,1,0,1,0,0,0,0,1,1,1,1,1,0,1,1,1,1,1,0,0,0,1,0,1,1,0,0,-0.002973903,-0.003562774,-0.004411007,-0.003993493,-0.006040317,-0.007845849,-0.009878626,-0.015055426,-0.018629006,-0.018288659,-0.019635,-0.02326429,-0.026169865,-0.029354327,-0.033349801,-0.035303542,-0.043434039,-0.047953216,-0.056076181,-0.059533402,-0.056676731,-0.070637888,-0.076699248,-0.082784955,-0.092085868,-0.096095073,-0.102660713,-0.116399638,-0.126268392,-0.127019984,-0.135560403,-0.145437684,-0.149058547,-0.149919492,-0.154817357,-0.158395767,-0.166900197,-0.131784617,-0.139099744,-0.131563766,-0.131352847,-0.130816463,-0.137382672,-0.120319687,-0.123777163,-0.122435206,-0.127887512,-0.126245922,-0.13108453,-0.150767465,-0.158739848,-0.165773145,-0.163828746,-0.185029505,-0.198861121,-0.196297623,-0.213044685,-0.255463004,-0.293519882,-0.337707531,-0.378337633
1,1,1,0,1,1,1,0,1,1,1,0,1,1,1,0,0,1,1,0,0,0,0,1,1,1,0,1,0,0,0,0,1,0,1,0,1,0,0,0,0,1,1,1,1,1,0,0,0,0,1,0,1,0,0,1,1,0,0,0,0,1,0,0,1,0,0,0,0,0,0,0,0,1,1,1,1,0,0,0,0,0,0,0,0,0,1,1,1,1,1,0,0,1,0,0,1,0,0,0,-0.003003118,-0.003593957,-0.004321247,-0.005362266,-0.006600007,-0.01010067,-0.00993636,-0.012278116,-0.015696996,-0.017407768,-0.020882022,-0.023690817,-0.026700666,-0.027757142,-0.032811771,-0.037292185,-0.042594695,-0.048764461,-0.054934143,-0.061025846,-0.065866687,-0.073177557,-0.078163175,-0.083727526,-0.08875348,-0.098411876,-0.104659374,-0.110304818,-0.121675368,-0.132213704,-0.13882523,-0.147215147,-0.151500612,-0.154410973,-0.155487069,-0.159809076,-0.1570895,-0.151976225,-0.14712684,-0.145815484,-0.14773213,-0.136305164,-0.138674804,-0.13915234,-0.132037446,-0.140934031,-0.141230194,-0.153733431,-0.157918942,-0.167934748,-0.179162627,-0.192266937,-0.234856584,-0.242696599,-0.142858473,-0.158092712,-0.202897078,-0.239023656,-0.266703828,-0.295743703,-0.325835523
0,0,0,1,0,0,1,1,1,1,0,1,1,1,0,0,0,0,0,1,0,1,1,1,1,1,1,1,0,1,0,1,0,0,1,0,0,0,0,0,1,1,0,1,1,0,0,0,1,1,0,1,1,1,0,0,1,1,1,1,0,0,1,0,0,1,0,1,1,0,1,0,0,1,1,0,1,0,0,1,1,0,0,1,0,1,1,0,0,0,1,0,1,1,0,0,0,0,1,0,-0.003019323,-0.003576178,-0.004338701,-0.00535415,-0.006899061,-0.007741347,-0.009928726,-0.012363337,-0.016958831,-0.018631923,-0.016820515,-0.033257543,-0.023051604,-0.027375513,-0.031280518,-0.035608088,-0.040136925,-0.046624572,-0.052405898,-0.058434994,-0.064061987,-0.06780712,-0.073019929,-0.082313212,-0.088422317,-0.097421059,-0.098576702,-0.118956824,-0.131871581,-0.152300441,-0.139952498,-0.144706816,-0.144414031,-0.152042441,-0.155060428,-0.159826881,-0.167122634,-0.150999222,-0.148638202,-0.144953024,-0.139940101,-0.135103144,-0.153292306,-0.128164651,-0.100134126,-0.112171066,-0.122652622,-0.134694136,-0.141517379,-0.164780253,-0.159177202,-0.161291112,-0.162384163,-0.165861654,-0.189591034,-0.186793953,-0.201580389,-0.227178782,-0.259904094,-0.297357411,-0.322813363
1,1,1,0,1,0,1,0,0,0,0,1,1,1,0,0,1,0,1,1,1,1,0,1,0,1,0,0,1,0,1,0,0,1,1,1,1,1,0,0,0,0,1,1,0,1,0,1,1,0,0,0,1,0,1,1,1,1,1,1,0,0,0,1,0,0,1,0,0,1,1,0,1,1,1,0,0,1,0,1,0,0,1,1,0,1,1,1,1,0,1,0,1,0,0,1,1,1,0,0,-0.002841234,-0.003505663,-0.004240906,-0.005169206,-0.006451581,-0.008036984,-0.009796839,-0.0121552,-0.015127618,-0.017706478,-0.020977049,-0.023976749,-0.026625502,-0.030519977,-0.033541171,-0.038107531,-0.042480585,-0.048770959,-0.055065787,-0.061673196,-0.066416347,-0.073771074,-0.075825919,-0.081779532,-0.089793844,-0.094470314,-0.106859998,-0.11488462,-0.123587243,-0.132035906,-0.140928723,-0.145969701,-0.149607787,-0.150144981,-0.150393519,-0.152789516,-0.151818107,-0.148081482,-0.14691366,-0.144097157,-0.128985741,-0.133733407,-0.132584164,-0.134077581,-0.119552755,-0.127785037,-0.120152903,-0.134308403,-0.143265067,-0.141589599,-0.15120769,-0.168265303,-0.174464639,-0.202368476,-0.220520968,-0.236661503,-0.255126195,-0.277101441,-0.298742947,-0.332593713,-0.359219653
0,0,0,1,0,1,0,0,1,0,1,1,0,1,0,0,1,0,1,0,1,1,1,1,0,0,1,1,0,1,1,1,1,1,1,1,1,0,1,1,0,0,0,1,0,1,1,0,0,0,0,1,0,0,1,1,0,1,0,0,1,0,1,1,1,0,0,1,0,1,1,1,1,1,1,1,0,0,0,0,1,1,0,1,1,0,0,1,1,0,1,0,0,0,1,1,1,0,1,1,-0.002977047,-0.003553693,-0.004281461,-0.005284867,-0.005771866,-0.00799517,-0.009960583,-0.012337764,-0.015162477,-0.018280454,-0.022679579,-0.021362514,-0.0258175,-0.028961881,-0.032911489,-0.034603282,-0.041748907,-0.04777033,-0.053905127,-0.059982737,-0.065637814,-0.070616242,-0.076066472,-0.087320627,-0.088286883,-0.100311105,-0.099735304,-0.112550068,-0.120219949,-0.124859262,-0.139812189,-0.138612154,-0.148589771,-0.151395783,-0.153685676,-0.157351421,-0.162508456,-0.149708611,-0.143176183,-0.142863669,-0.137049718,-0.130481389,-0.128680957,-0.125959852,-0.123027113,-0.121473423,-0.143892446,-0.148651411,-0.150879968,-0.152688615,-0.172727546,-0.179554077,-0.182094016,-0.181131599,-0.198774021,-0.215782998,-0.234773018,-0.254828247,-0.299127948,-0.34312292,-0.297772841
1,0,1,0,0,1,1,1,0,0,0,1,0,0,0,0,0,0,0,0,0,1,0,1,1,1,0,0,0,1,1,0,0,1,0,1,0,0,0,1,1,0,0,0,0,1,0,1,1,1,1,0,1,0,0,1,0,0,0,0,1,0,1,0,0,0,0,0,1,1,0,1,1,1,0,0,0,1,1,0,1,1,1,0,0,0,0,0,1,0,1,0,0,0,0,1,0,1,0,1,-0.019093426,-0.045905514,-0.131921021,-0.18672295,-0.204772083,-0.168849867,-0.072392463,-0.072155661,-0.206442112,-0.761882013,-0.537868356,-0.566983307,-0.312573619,-0.11635462,-0.093022546,-0.121053415,-0.159618653,-0.61680728,-0.356864474,-0.158675671,-0.227201185,-0.692764583,-1.448624235,-2.24490385,-1.487013076,-6.218985251,-0.916553065,-2.769249053,-1.18875932,-11.54023994,-2.715631393,-2.304911094,-1.24870116,-2.06677298,-3.170062627,-7.423754762,-1.726773644,-0.773373067,-0.553397214,-0.490828228,-1.360750326,-0.541871312,-0.678852723,-0.798148446,-1.033647934,-4.072863764,-8.371140281,-3.315411834,-9.695942778,-2.78653178,-8.06531747,-2.33434222,-2.884899895,-4.940000906,-33.74210255,-4.685111141,-2.678156184,-7.101425824,-3.510184183,-5.396981473,-4.359232874
1,1,1,0,0,0,0,0,1,0,1,0,1,1,1,0,0,1,0,1,0,0,1,0,0,0,0,0,1,1,1,1,1,1,1,0,0,0,0,0,1,0,0,0,1,1,1,1,1,1,0,0,0,1,0,1,0,1,0,1,1,1,0,1,0,0,0,1,1,0,0,0,1,1,1,1,1,0,0,0,1,1,1,0,1,1,0,1,1,0,1,0,0,0,1,1,1,0,0,0,-0.149299849,-0.052785773,-0.151115272,-0.359657449,-0.114495622,-0.147498395,-0.076016365,-0.101469937,-0.135252101,-0.273792701,-0.280540228,-0.391460827,-0.316760085,-0.246154683,-0.954887747,-0.304812586,-0.266574977,-0.166430871,-0.673372633,-0.702067523,-2.995719275,-2.463206334,-1.821980847,-1.137553614,-1.314590257,-0.426507092,-1.883336267,-0.359040519,-10.23244578,-1.33082999,-0.969830195,-1.608303123,-2.371467527,-9.657400895,-0.926289501,-0.653587997,-1.687105626,-2.409311079,-1.070928105,-0.518053703,-0.948693237,-1.532700726,-1.9632425,-0.659672755,-0.826729599,-1.432707801,-8.423084122,-1.777655381,-0.991312176,-8.471044932,-3.771896935,-1.214051928,-3.642146584,-5.52628836,-2.431969393,-1.747965709,-9.596492243,-3.345417374,-1.27267227,-1.694667701,-0.882325463
0,0,1,1,0,1,1,1,1,1,1,1,1,0,0,0,0,1,0,1,0,1,1,0,1,1,0,0,0,1,0,1,0,1,1,1,0,1,1,1,1,1,1,0,1,0,0,1,1,1,0,0,0,0,1,0,1,1,0,1,0,0,0,1,0,0,1,0,0,1,1,1,0,1,1,0,0,1,0,1,0,1,1,0,0,0,1,0,1,0,0,0,1,0,0,0,0,0,0,0,-0.02983641,-0.267120116,-0.037747263,-0.093977468,-0.771507639,-0.065724809,-0.110601559,-0.739370865,-0.047404655,-0.046642915,-0.013949096,-0.036830477,-3.278469438,-0.139634124,-1.466647826,-0.039209628,-0.040991811,-0.058230472,-0.118631755,-1.485485951,-1.438503002,-0.252318211,-0.171721822,-0.705169406,-2.134619962,-1.153002881,-0.579943892,-0.33689545,-0.165809255,-0.192562432,-0.908431018,-0.585435123,-3.232685663,-3.006530125,-0.712905431,-0.244063018,-0.167823344,-0.204018381,-0.215991758,-0.172043524,-0.412030358,-0.20729742,-0.427169471,-0.419850667,-0.514148771,-0.57292301,-0.841402086,-0.743839917,-2.050843855,-1.527299655,-2.70731028,-1.367064931,-1.147930582,-1.169568335,-1.109491015,-1.355608912,-1.107605564,-1.222491436,-1.483561336,-1.869508489,-3.384592906
1,0,1,0,1,1,1,0,1,0,0,1,1,1,0,0,0,0,0,1,1,0,1,1,1,0,1,0,1,0,0,1,1,0,0,0,0,1,0,0,1,0,0,1,0,1,0,1,1,0,0,1,1,0,1,1,0,0,1,1,0,1,0,0,0,0,1,1,1,0,0,1,1,1,1,0,1,1,0,1,0,1,1,0,0,0,1,0,1,0,0,1,1,1,1,0,1,0,1,0,-0.003043473,-0.003477296,-0.00428655,-0.005339824,-0.006392866,-0.008066006,-0.009621153,-0.012275375,-0.015275006,-0.017632122,-0.021309589,-0.027723059,-0.025730691,-0.029017749,-0.032698904,-0.036898422,-0.042288319,-0.048379999,-0.054173413,-0.059033133,-0.064308087,-0.072094972,-0.077265401,-0.082705544,-0.089129094,-0.095285057,-0.103705875,-0.114564108,-0.117154669,-0.129844974,-0.135538383,-0.142080885,-0.165973707,-0.157561058,-0.155797957,-0.156576754,-0.155828341,-0.126249391,-0.13352893,-0.143862459,-0.137917668,-0.134231584,-0.131042088,-0.121326531,-0.124590846,-0.128523554,-0.130657706,-0.136301198,-0.145423897,-0.15054271,-0.161528723,-0.174302054,-0.187785546,-0.196499113,-0.207097979,-0.222443387,-0.241581899,-0.262497856,-0.293569313,-0.33394336,-0.332950653
0,0,1,0,1,1,0,0,1,0,0,1,1,1,0,0,1,0,1,1,1,0,0,0,0,1,0,0,0,1,0,1,0,0,1,0,0,0,1,0,1,0,0,0,0,1,1,0,0,0,1,1,1,1,0,0,1,1,1,0,0,1,0,0,0,0,0,0,0,0,0,1,1,0,0,1,1,1,1,1,0,0,1,0,0,1,1,0,0,0,1,1,1,0,0,0,0,0,0,1,-0.002849222,-0.003448492,-0.004164449,-0.005156732,-0.00639473,-0.007940912,-0.009883225,-0.012239412,-0.014603233,-0.017805266,-0.020125735,-0.026346738,-0.026692608,-0.029130428,-0.034059808,-0.038409766,-0.044270759,-0.06272784,-0.061167008,-0.059415907,-0.065386832,-0.09648045,-0.069201881,-0.085622195,-0.08515866,-0.09795126,-0.099990793,-0.112697519,-0.108627846,-0.124310067,-0.136937344,-0.142378713,-0.147422458,-0.15010028,-0.153578605,-0.157592333,-0.159043539,-0.148421956,-0.146642056,-0.148792433,-0.140080805,-0.188597378,-0.133380875,-0.139220761,-0.188261406,-0.126446597,-0.116517527,-0.145361163,-0.15456642,-0.157300941,-0.133499892,-0.154276469,-0.165352168,-0.195028265,-0.221509649,-0.216203136,-0.223177754,-0.240394409,-0.259230938,-0.318009514,-0.343982826
0,0,1,0,1,1,1,1,0,0,0,1,0,1,1,0,0,0,0,0,1,0,0,1,0,1,0,1,1,0,1,0,1,1,1,0,1,1,0,1,1,0,0,0,0,0,0,0,0,1,0,1,1,0,0,1,0,1,0,1,1,0,0,1,1,1,0,1,0,1,0,1,0,1,0,0,0,1,0,0,0,1,1,0,1,1,1,0,0,1,1,1,0,0,0,0,0,1,0,1,-0.005989557,-0.00706105,-0.008468908,-0.010076196,-0.012084956,-0.014827991,-0.016661968,-0.019677637,-0.023534883,-0.030551815,-0.034648757,-0.026285477,-0.082814766,-0.032260916,-0.032370762,-0.031760359,-0.030367581,-0.029882319,-0.029684972,-0.03126145,-0.030735868,-0.031816214,-0.032790929,-0.03418308,-0.036132654,-0.039038732,-0.043393806,-0.052369854,-0.063338922,-0.089052995,-0.059781713,-0.078990298,-0.101686319,-0.126754792,-0.1525693,-0.179768393,-0.20848731,-0.22524528,-0.234028018,-0.260538538,-0.280039995,-0.324849003,-0.331404776,-0.361225083,-0.363313036,-0.384410878,-0.384473675,-0.395207077,-0.441074103,-0.501679049,-0.477902355,-0.48067695,-0.537385216,-0.603174205,-0.639406208,-0.697250589,-0.787186074,-0.92067948,-1.062093116,-1.267597914,-1.099571215
1,0,0,1,1,1,1,0,1,0,1,0,1,0,1,0,0,0,1,1,1,1,0,0,1,0,0,1,0,1,1,1,1,1,0,0,0,0,0,1,0,0,1,0,0,0,1,1,0,0,0,1,1,1,1,0,0,1,0,0,1,0,0,0,1,0,0,0,0,0,1,0,1,1,1,1,1,0,0,0,0,0,1,0,1,0,0,1,1,0,1,1,1,1,0,1,1,1,1,0,-4.552591416,-0.02555382,-0.028193769,-0.016791536,-0.031175321,-0.058132701,-0.171894497,-0.202268742,-1.525848274,-0.43218236,-0.96697586,-0.172567643,-0.145579589,-0.067872066,-0.085181803,-0.095142677,-0.136873721,-0.303487859,-0.652708066,-3.177390874,-2.289118396,-0.913717871,-0.421574897,-0.270960439,-0.19685984,-0.168932809,-0.247884409,-0.143330365,-0.147048761,-0.173462961,-0.20475754,-0.657600235,-0.596482329,-7.538384738,-0.444562601,-0.152634128,-0.278357779,-1.275629406,-0.269101807,-0.224219289,-0.271478841,-0.633623349,-0.398847576,-0.393797282,-0.557264066,-1.065197042,-9.134546938,-1.217849286,-1.61112472,-7.589491245,-7.600297711,-18.95024828,-7.127652788,-3.696081439,-7.082932603,-5.050369499,-9.401271982,-14.99755854,-8.924909644,-7.067714374,-2.304848295
1,0,1,1,0,0,1,1,1,0,1,1,1,1,1,0,0,0,1,0,0,0,1,0,0,1,0,1,0,1,1,0,1,1,0,0,1,0,0,1,1,0,0,0,1,1,0,0,0,1,0,1,0,1,0,1,1,1,1,0,1,1,1,0,1,0,1,0,1,1,0,1,1,1,1,1,0,1,1,1,0,1,1,1,1,1,1,1,0,1,0,0,1,0,1,0,0,0,0,0,-0.017796699,-0.514549577,-0.016593881,-0.01358563,-0.022682057,-0.053751305,-0.371099196,-0.487986753,-0.195483992,-0.311477,-0.337169486,-0.094496981,-0.170403508,-0.782163267,-1.531557126,-0.585760631,-0.380526787,-0.345321265,-0.340560039,-0.898463254,-1.542192396,-1.654058031,-2.96449832,-0.277923183,-0.266398077,-0.285583754,-0.237697072,-0.21365031,-0.217693408,-0.507947697,-0.334931997,-0.157885913,-0.146945158,-0.159648383,-0.497710911,-1.069821203,-0.298208026,-0.635978332,-1.581440989,-0.593089534,-0.587269522,-0.920883182,-1.994388161,-5.739657825,-3.836539445,-2.027596574,-1.598911503,-2.665471369,-2.298290204,-4.286648083,-4.112924101,-10.13726399,-11.21345831,-3.067127642,-3.213115443,-2.911844026,-5.975009826,-4.829868798,-3.164351198,-1.940387941,-1.382829156
0,1,1,0,0,0,1,0,0,1,0,1,1,0,0,0,1,1,0,0,0,1,0,1,0,0,0,0,1,1,0,1,1,0,1,1,1,0,1,0,1,1,0,1,0,1,1,1,0,0,1,1,0,0,0,1,0,0,1,1,1,1,0,0,0,0,1,0,0,1,1,1,0,0,1,1,0,0,0,1,0,0,1,1,1,1,1,1,0,1,1,0,1,0,1,1,1,0,0,1,-0.008939735,-0.011009313,-0.01360303,-0.017250119,-0.02011351,-0.025993408,-0.033623083,-0.044542095,-0.060924995,-0.086922292,-0.149304644,-0.175610117,-0.290725165,-0.60385807,-0.841885331,-0.764710601,-0.132864467,-0.147272187,-0.134483903,-0.10627798,-0.089981642,-0.070900252,-0.062832825,-0.060944533,-0.057101714,-0.060671511,-0.058928621,-0.071282343,-0.082578439,-0.137812833,-0.179178814,-0.431069324,-1.152057937,-6.931297068,-2.750445538,-0.73334751,-0.362936968,-0.425061232,-0.268618961,-0.152700718,-0.185762563,-0.224831026,-0.268089231,-0.349494577,-0.467329902,-0.829548351,-2.038819008,-1.938667525,-5.880733251,-5.377508675,-2.778167194,-1.703355446,-1.188114441,-0.895574362,-0.721759396,-0.598240195,-0.516576623,-0.414687952,-0.401919977,-0.395308545,-0.320576008
1,0,1,1,1,0,0,1,0,1,0,1,0,0,1,0,1,0,0,0,1,1,0,0,0,1,0,0,0,0,1,1,0,1,0,0,1,1,0,1,1,1,1,0,0,0,0,0,0,1,0,0,1,1,0,1,0,1,1,1,0,1,0,0,1,1,1,0,1,0,1,0,1,1,1,1,1,0,1,0,0,0,1,1,1,1,0,0,1,0,0,0,0,0,0,0,1,0,0,1,-0.002923864,-0.003555518,-0.0044429,-0.004972594,-0.006371486,-0.007769266,-0.009943822,-0.012407577,-0.015515048,-0.015452925,-0.02081096,-0.0251381,-0.025230801,-0.029660338,-0.040401671,-0.036460435,-0.041290617,-0.04819976,-0.056775947,-0.060039452,-0.063646491,-0.07019978,-0.076479899,-0.08225217,-0.089110631,-0.101818848,-0.106275771,-0.115616677,-0.119740859,-0.135692322,-0.117939435,-0.135620207,-0.140592425,-0.148436664,-0.148435037,-0.14942655,-0.150078917,-0.147733542,-0.151656832,-0.134512103,-0.134786535,-0.12978922,-0.128722217,-0.125657846,-0.127965588,-0.133689465,-0.128624626,-0.121838109,-0.136050144,-0.147248482,-0.157023678,-0.176611089,-0.182574018,-0.206651756,-0.222212857,-0.286073227,-0.208060042,-0.259330652,-0.276129723,-0.293419439,-0.337746782
1,0,0,1,0,0,0,1,0,1,1,1,1,0,1,1,1,0,1,0,1,1,1,0,1,1,1,1,0,1,0,1,0,1,0,0,1,1,1,1,1,0,0,0,0,1,1,1,0,1,1,0,0,1,0,0,1,0,1,1,0,0,1,1,0,0,0,0,0,1,0,1,1,0,1,0,1,0,1,1,0,0,1,0,0,0,1,0,0,0,0,1,1,0,0,1,0,1,1,1,-0.453225432,-0.211787962,-0.053822482,-0.022985087,-0.018097201,-0.03381571,-1.845379869,-0.043346073,-0.336276086,-0.102117563,-0.156147976,-0.385523354,-0.22371817,-0.205712338,-0.279539244,-3.134126375,-0.396806076,-4.504465691,-0.341633971,-0.900539918,-0.909614312,-0.64140704,-0.219744448,-0.123996377,-0.110072157,-0.151577984,-0.656353019,-0.892736213,-15.47104284,-0.337020258,-2.614398667,-0.313655874,-0.147311872,-0.266212351,-0.660463063,-1.29713321,-6.371526184,-4.096888307,-2.528875323,-9.039612298,-3.456095365,-1.284381559,-0.675597216,-0.60600203,-1.773811892,-0.872781057,-4.040784435,-0.742260701,-0.5221508,-0.47580835,-0.433467703,-0.635200758,-2.415255884,-4.160976159,-4.575789532,-3.128394737,-6.421637599,-10.55884713,-2.12852982,-1.64634861,-2.025802548
0,1,1,0,1,1,1,0,0,1,1,1,1,0,1,1,0,1,0,0,0,1,0,1,0,1,1,1,1,0,1,0,1,0,0,1,0,1,0,0,1,1,1,1,0,0,1,1,0,0,0,1,1,1,0,0,1,0,0,0,1,0,1,1,1,1,1,1,1,0,0,1,1,0,0,1,0,0,1,1,0,1,1,0,0,0,0,1,1,0,0,0,0,0,1,0,0,0,1,0,-0.002980486,-0.003539035,-0.004190755,-0.005305107,-0.006703512,-0.007740542,-0.009880427,-0.013486819,-0.015166923,-0.018473961,-0.019694632,-0.0199527,-0.025966156,-0.029759926,-0.033675441,-0.039031808,-0.0299831,-0.057743147,-0.049402525,-0.061962209,-0.073468161,-0.041397133,-0.089426509,-0.073466423,-0.083618836,-0.096014055,-0.101277528,-0.109288182,-0.116786822,-0.124439454,-0.131434923,-0.137694876,-0.146771613,-0.149227706,-0.149747354,-0.154760713,-0.155594223,-0.155991904,-0.124680888,-0.127654237,-0.121558671,-0.124921866,-0.120468463,-0.120979364,-0.123828896,-0.125975368,-0.12317454,-0.13136061,-0.138490722,-0.146352711,-0.156244776,-0.161632853,-0.168704744,-0.183552809,-0.197301577,-0.2175635,-0.24182116,-0.273780351,-0.368111039,-0.378578089,-0.458795684
0,0,0,0,0,0,1,0,1,0,0,0,1,1,0,1,0,1,1,0,0,0,1,1,0,0,0,1,0,0,0,0,0,0,1,0,1,1,1,0,1,0,1,1,1,1,1,0,0,1,1,1,0,1,1,0,1,1,1,1,1,1,0,1,1,1,1,0,1,0,0,1,1,1,1,0,1,0,0,0,0,0,1,0,0,1,0,1,1,0,0,1,0,0,1,0,0,1,0,0,-0.002959549,-0.003533672,-0.004290981,-0.005193652,-0.006436643,-0.008018008,-0.009919461,-0.01226673,-0.014981463,-0.017422704,-0.020990889,-0.024287613,-0.026633575,-0.029633651,-0.032936722,-0.037260543,-0.041917248,-0.049272686,-0.054138534,-0.060099627,-0.064621816,-0.077843823,-0.077376955,-0.081641915,-0.092377918,-0.100872652,-0.108938565,-0.121328042,-0.111204761,-0.127628494,-0.136661038,-0.142901104,-0.149167633,-0.150359603,-0.152114878,-0.153935598,-0.148946439,-0.147523511,-0.142298692,-0.140046585,-0.136077076,-0.133836137,-0.126171105,-0.135129678,-0.12688607,-0.128619007,-0.133664872,-0.142201416,-0.157786034,-0.165955049,-0.172541117,-0.176910502,-0.189947271,-0.201138273,-0.207242665,-0.224987635,-0.248420741,-0.268948262,-0.303329375,-0.324621623,-0.354227995
1,1,1,1,1,1,1,1,1,1,0,1,0,0,1,0,0,0,1,1,0,0,1,0,1,0,0,1,1,0,1,0,1,0,1,0,0,0,1,1,0,0,0,0,1,0,0,0,0,0,0,0,0,1,0,1,0,1,0,0,1,1,1,0,0,0,1,1,0,0,0,0,0,0,1,0,1,0,0,1,1,0,1,0,0,1,1,1,0,1,1,1,1,1,1,0,0,1,1,1,-0.055256304,-0.384520401,-0.102099594,-0.066739901,-0.240470525,-0.224358612,-0.228770381,-0.105846929,-0.16726745,-0.436098141,-2.45274148,-0.091788852,-2.975745611,-0.571660374,-0.07812407,-0.07805195,-0.018837182,-0.017941951,-0.016638965,-0.013339166,-0.012598333,-0.333863596,-0.021990153,-0.045864562,-0.445508434,-3.299625437,-1.074967872,-4.648118858,-1.048182118,-0.90673888,-17.53344583,-1.547063658,-0.546283793,-2.210578038,-0.328363389,-0.235345965,-0.394518165,-2.280699508,-2.192661908,-0.729764665,-1.090670228,-0.951715921,-0.662590421,-4.531108656,-7.574568584,-1.826222741,-0.916721614,-0.740142232,-0.704746006,-1.144826271,-1.21866608,-0.73435023,-1.658714914,-1.167732046,-2.093328153,-3.115158748,-2.624633727,-3.111924972,-2.057583977,-1.811130306,-2.465359765
0,1,1,1,0,0,0,0,0,1,1,1,0,1,1,1,1,0,1,0,1,0,1,0,1,0,1,0,1,1,1,0,1,0,1,1,0,1,1,0,1,0,1,1,1,0,1,0,0,0,0,0,0,1,1,0,1,0,1,1,0,0,1,0,0,0,1,0,1,1,0,0,0,1,0,1,1,0,1,0,1,1,0,1,0,1,1,1,1,0,1,1,0,0,1,1,0,1,0,0,-0.035214597,-0.096061755,-0.20922391,-0.087219066,-0.039049128,-0.0261977,-0.033056716,-0.021181731,-0.023644255,-0.027372537,-0.032599576,-0.031870143,-0.040455446,-0.045191008,-0.058905353,-0.124540611,-0.308023544,-0.063201589,-0.079949545,-0.12140357,-0.215208997,-0.510301965,-0.999048083,-15.83631799,-1.45789482,-0.540379312,-0.332498012,-0.351439939,-0.475244259,-0.775126276,-1.565983278,-2.696390722,-2.896460554,-1.879571676,-2.011085956,-4.18905903,-1.896024534,-0.93464368,-0.60524373,-0.464731204,-0.398608759,-0.368072842,-0.34753883,-0.378891792,-0.442598687,-0.557064251,-2.200222978,-1.430815188,-4.085047111,-9.164533177,-2.159412156,-1.266491238,-1.342998041,-2.517707899,-6.215936868,-1.178678727,-0.385693414,-0.218591848,-0.168930243,-0.157344679,-0.164329516
1,0,0,1,1,1,1,0,0,1,0,0,1,0,0,1,0,1,0,0,0,1,1,0,0,0,1,0,1,0,1,1,0,0,0,1,1,1,0,1,1,0,1,0,0,0,0,0,1,0,1,1,1,0,0,1,0,0,1,0,1,1,0,1,0,1,0,0,0,1,0,1,1,1,1,0,1,1,1,0,1,0,1,0,1,1,0,1,1,1,1,1,0,1,1,0,1,0,0,0,-0.038317733,-0.033570153,-0.399885677,-0.064605297,-0.095637049,-0.184660133,-0.225067327,-0.207367514,-0.083433821,-0.582336988,-0.088126082,-3.070016427,-0.091970673,-0.229790196,-0.041029423,-0.032616224,-0.048520831,-0.018827136,-0.029856867,-0.047790879,-0.086201058,-0.180213288,-0.413546552,-1.065564722,-2.356276575,-2.382062619,-1.736909021,-1.979748858,-1.408041697,-1.068761586,-1.078367248,-0.949974216,-2.603745453,-1.197481501,-1.294802578,-1.769350114,-1.795198602,-2.38299533,-4.034200025,-2.613020694,-3.792459668,-2.311903924,-1.367578845,-1.069996458,-0.933714784,-2.405324093,-0.836423677,-0.566411646,-0.539729744,-0.52940894,-0.54695644,-0.598029404,-0.741874804,-2.095751036,-1.838398816,-0.880180426,-0.741785548,-0.729821439,-0.739922938,-0.790133117,-1.121883949
0,0,1,0,1,1,1,1,1,1,0,0,0,1,1,0,0,1,0,0,1,1,1,1,0,0,0,0,0,0,1,0,1,1,1,1,0,1,1,0,0,1,1,1,1,0,1,1,1,0,0,1,1,1,1,1,1,0,0,0,0,0,1,1,1,0,0,0,0,0,1,1,1,0,1,1,0,1,0,1,0,1,0,0,0,1,0,0,1,0,0,1,1,0,0,1,0,1,1,1,-0.037973354,-0.027228654,-0.014902126,-0.008601819,-0.018404231,-0.005993455,-0.006982537,-0.008926545,-0.0120207,-0.018237758,-0.018889441,-0.024408928,-0.030302304,-0.038477412,-0.051407572,-0.073500009,-0.111951684,-0.166123502,-0.277758803,-0.451880322,-0.669501734,-0.813342727,-0.830914256,-0.646714439,-0.511147063,-0.403181765,-0.339875866,-0.347478656,-0.300028039,-0.235940073,-0.333936344,-0.634110827,-2.675987174,-5.674858945,-0.905183547,-0.415697701,-0.297777711,-0.264051541,-0.259419965,-0.289983058,-0.325186339,-0.341529288,-0.436956775,-0.569571764,-0.718553693,-1.080989977,-1.934181369,-2.965504032,-2.240992186,-1.559406225,-2.205560857,-6.710182271,-4.202399635,-1.658009411,-1.111313722,-1.01930102,-1.087417941,-1.145827106,-1.261857165,-1.51843678,-2.04830904
1,0,1,1,0,1,0,0,0,1,1,0,1,0,0,0,0,0,0,0,0,1,1,1,1,1,0,1,0,0,0,1,1,1,0,0,1,1,1,0,0,0,0,1,1,0,0,1,0,0,1,1,0,1,0,0,1,0,0,1,1,0,0,0,0,0,1,0,1,1,0,1,0,1,1,0,0,0,1,0,1,0,1,0,1,0,0,1,1,0,1,0,0,0,1,0,1,1,1,0,-0.015015639,-0.081922069,-0.303836086,-0.050879594,-0.060876028,-0.146749111,-0.730026995,-0.795821724,-0.19746124,-0.036278404,-0.03410192,-0.036084482,-0.039208168,-0.043191068,-0.078304365,-0.084716951,-0.117077404,-0.209311112,-0.421709176,-0.452842609,-3.190361639,-8.900125843,-1.024338511,-1.630061512,-0.732161345,-0.655529617,-7.763749867,-1.547595941,-2.807225337,-8.729503846,-0.752065433,-0.337991857,-0.231532468,-0.227561634,-0.775293892,-0.63936307,-4.517544518,-2.44960722,-0.549974638,-0.554638136,-2.435684942,-2.331524836,-11.76894282,-1.70328854,-3.454788984,-2.221640124,-2.324811872,-1.962810747,-2.105378266,-2.334535315,-8.522664956,-6.22416472,-15.69350471,-7.381597514,-10.22859484,-7.384400663,-4.814399176,-3.83717008,-3.448993472,-6.22086989,-3.753176525
0,1,0,1,0,0,0,0,0,0,1,0,1,1,1,1,1,1,0,0,0,0,1,1,0,0,0,1,0,0,1,1,1,0,1,1,0,0,0,1,0,0,1,0,0,1,1,0,0,1,0,0,0,0,0,1,1,1,0,1,1,0,1,1,0,1,0,0,0,1,0,1,1,0,0,0,1,0,0,0,0,0,1,1,1,1,1,1,1,1,1,0,0,1,1,0,0,0,0,1,-0.00302949,-0.003864596,-0.004300996,-0.004011885,-0.005791748,-0.008063797,-0.010604228,-0.010621221,-0.014291471,-0.017436289,-0.020549905,-0.02293197,-0.027109588,-0.031435577,-0.02932804,-0.035021522,-0.041521435,-0.045974376,-0.052977359,-0.059260132,-0.065078797,-0.070173663,-0.079220476,-0.085978011,-0.092828226,-0.121761052,-0.09869171,-0.107527069,-0.124795325,-0.150917324,-0.13586583,-0.13919072,-0.147420807,-0.149530504,-0.154708043,-0.151713754,-0.155627391,-0.153661782,-0.14634157,-0.141152077,-0.124367268,-0.149341288,-0.142570349,-0.137607291,-0.140699091,-0.148520095,-0.143310041,-0.163480988,-0.181003729,-0.173611188,-0.228813956,-0.154681072,-0.132778541,-0.147305347,-0.165513234,-0.196169358,-0.174210008,-0.219066737,-0.259065601,-0.292445234,-0.337252717
1,0,1,0,0,0,1,0,1,1,1,1,1,1,1,1,0,0,1,1,1,0,0,1,1,0,0,0,1,0,1,1,0,0,1,0,0,1,0,1,1,0,0,1,1,0,1,0,1,1,1,1,1,0,1,0,0,1,1,1,1,0,0,0,1,0,0,0,1,0,1,0,1,1,1,1,0,1,0,0,1,0,1,0,1,0,0,1,0,1,1,1,1,0,1,0,1,0,1,0,-0.012592238,-0.032570082,-0.050782305,-0.127307221,-0.071398225,-0.048797721,-0.04662499,-0.045749721,-0.050256468,-0.066988011,-0.061633972,-0.076623665,-0.259927474,-1.268792676,-0.503085996,-0.210791891,-1.016889248,-0.487564414,-0.494042449,-0.558977461,-0.604422541,-0.598941042,-0.553414112,-0.491628227,-0.422719437,-0.370754274,-0.341708573,-0.319197313,-0.393221544,-6.391411055,-0.431348665,-1.841715505,-1.848668559,-1.248938748,-3.371059524,-1.688635584,-0.974685925,-1.174112592,-3.176334163,-1.386427099,-2.445035725,-2.985531895,-2.87546623,-5.00951011,-3.704778333,-1.238617256,-0.966098681,-0.952527883,-1.143195388,-2.816265481,-7.467777049,-13.7459208,-1.46764057,-0.924011915,-0.712896262,-0.616560242,-0.603501208,-0.652532441,-0.641582845,-0.678015602,-0.735266999
0,0,1,0,1,0,1,0,0,0,0,0,0,0,0,1,1,0,0,1,0,0,1,0,1,0,1,1,1,0,0,0,0,0,0,0,1,0,0,0,0,0,1,1,1,1,1,0,1,0,1,0,0,1,1,1,0,1,1,0,0,1,0,1,1,1,1,1,0,1,0,0,1,0,0,0,0,0,1,1,0,0,1,0,0,1,0,1,0,0,1,0,0,0,0,0,0,1,0,0,-0.318665532,-0.296799641,-0.324452123,-0.132251474,-0.077515263,-0.188091153,-0.303800048,-1.524876045,-0.12243852,-0.078679877,-2.97798831,-0.114374413,-0.091096214,-0.066861236,-0.063168938,-0.06650449,-0.09466209,-0.849456151,-0.031487246,-0.035889417,-0.056614656,-0.111824395,-0.44524652,-0.188311952,-0.074255189,-0.112179983,-19.53229529,-0.639103192,-0.702536902,-1.159321842,-0.421093579,-0.520091093,-0.717157033,-1.090450007,-1.760990887,-4.302028481,-1.814791906,-1.26873376,-1.169521963,-2.877949974,-2.866568965,-1.154454528,-1.123399891,-1.337130759,-1.19528506,-1.207848188,-1.181267997,-1.048100868,-2.315390544,-3.208187076,-2.05826303,-2.595669579,-6.345728585,-13.53711517,-10.76904167,-4.931939139,-2.913662987,-2.79546621,-9.567200232,-3.965828191,-5.714253124
1,1,0,0,1,0,1,0,1,1,1,1,0,0,1,1,0,1,1,0,1,0,1,0,0,0,0,0,1,1,0,0,0,0,1,1,0,0,1,0,0,0,1,1,1,0,0,1,1,0,1,1,1,1,1,1,1,1,1,0,0,1,0,1,0,0,1,0,1,0,0,0,1,1,0,1,1,0,0,0,0,1,1,1,1,0,0,0,0,0,0,1,0,0,0,1,1,1,1,1,-0.018181404,-0.024967664,-0.037262859,-0.050047624,-0.112248637,-0.145399785,-0.148077767,-0.545557103,-0.045525977,-0.075421718,-0.085646424,-0.023156174,-0.030780022,-0.260048596,-0.068877633,-0.103815706,-1.142432269,-0.812529882,-0.912403955,-1.188982957,-0.974247281,-1.437773864,-0.603750122,-1.289454816,-0.575795726,-0.523065566,-2.200828872,-1.08892992,-1.462342529,-0.687405495,-0.850345394,-1.858509568,-0.366321456,-0.505872989,-0.892169897,-1.214939371,-2.038097379,-3.31602696,-2.660459949,-2.191927837,-1.673427464,-1.480855832,-0.906871413,-1.028163155,-0.87850155,-0.85719344,-2.098349054,-1.164918096,-1.440367268,-0.76338556,-0.987135151,-0.417571543,-0.630825333,-1.025114219,-0.568385192,-1.500528103,-1.458600049,-1.431129087,-1.000785255,-0.940941095,-2.79947135
0,0,1,0,1,0,1,1,1,1,1,0,1,0,0,1,0,0,1,1,1,1,1,0,0,0,0,1,1,0,0,1,1,1,0,1,0,0,0,1,0,0,0,0,1,0,1,1,1,1,0,1,0,0,0,1,0,0,0,0,0,0,0,1,0,0,0,1,1,0,0,0,0,1,1,0,1,0,1,1,0,1,1,0,1,0,1,0,0,0,0,0,1,0,0,1,1,0,0,0,-0.002909558,-0.003552819,-0.00429011,-0.005257319,-0.006503426,-0.008209275,-0.0102143,-0.012478646,-0.015097012,-0.022305627,-0.025762586,-0.022638315,-0.025862196,-0.028801312,-0.032991196,-0.037079406,-0.04252826,-0.049439996,-0.054017916,-0.052894778,-0.064679061,-0.070484384,-0.076371436,-0.080810429,-0.088209998,-0.096270166,-0.105248816,-0.11315692,-0.123042183,-0.131672489,-0.154314258,-0.144494991,-0.158690354,-0.149300182,-0.152868618,-0.156247464,-0.154978038,-0.154096455,-0.15139888,-0.127402034,-0.140758087,-0.133460701,-0.134122622,-0.128163294,-0.131480298,-0.127983186,-0.132333049,-0.132639164,-0.130837364,-0.121258559,-0.136163667,-0.149410445,-0.167001703,-0.199352154,-0.218175359,-0.242713374,-0.249738977,-0.294436102,-0.308838385,-0.332202603,-0.344338353
0,0,0,1,1,1,1,1,0,0,0,1,0,0,1,1,1,0,1,1,1,0,1,0,1,0,1,1,1,1,0,0,0,1,1,1,0,0,0,0,0,1,0,0,1,1,0,1,0,1,1,0,0,1,0,1,0,1,1,0,0,0,0,0,1,1,1,1,0,1,1,0,0,0,0,1,1,1,1,0,1,1,0,1,0,0,1,1,1,1,0,1,0,0,1,0,0,0,1,0,-0.561733918,-0.075768377,-0.03815834,-0.030935725,-0.030506272,-0.032086818,-0.040260677,-0.223623051,-0.248470151,-0.073808198,-0.51448066,-0.199125338,-0.330175189,-0.204271973,-0.180601298,-0.730904363,-0.170966569,-0.692980052,-1.303278771,-2.270100787,-2.223197328,-1.276625385,-1.142367831,-0.407382595,-0.315619699,-0.26577281,-0.631373016,-0.903323984,-0.403635074,-2.004949645,-0.339531828,-0.528099993,-0.507843372,-11.33061871,-0.500127338,-0.508919017,-0.716847101,-1.829957774,-4.233565567,-3.501138525,-1.928951382,-2.913846798,-1.117166946,-0.504555891,-1.295987146,-1.180615177,-14.19673178,-5.375097779,-1.732338816,-2.041735759,-2.600827912,-1.376315448,-1.260790579,-1.489434146,-2.43164262,-1.845052399,-5.463263705,-7.485128997,-3.061558919,-1.282566923,-0.736689317
0,0,1,1,1,0,1,0,0,1,1,1,1,1,0,1,0,0,1,1,0,1,1,0,0,1,0,1,1,0,1,1,0,0,1,0,1,1,0,1,0,1,1,1,1,1,1,1,0,0,1,1,1,1,0,1,1,1,1,1,0,0,0,1,0,1,0,0,1,1,0,0,0,0,0,1,0,1,0,1,1,1,0,1,0,0,1,1,0,1,1,0,1,0,1,0,1,1,0,0,-0.012569223,-0.012490181,-0.012258949,-0.012221395,-0.012388097,-0.014852796,-0.016964487,-0.019519555,-0.02406293,-0.02873647,-0.034152145,-0.039650796,-0.044895442,-0.050546909,-0.05402536,-0.052126478,-0.061275262,-0.075126832,-0.09614187,-0.125863776,-0.173436691,-0.274351555,-0.413777026,-1.128679645,-1.215616289,-1.843943654,-1.378136037,-0.723707258,-0.421998948,-0.295596557,-0.332686003,-1.062296568,-0.670665854,-0.323413029,-0.243178919,-0.279675507,-0.573667283,-1.435096112,-0.916997453,-2.773766744,-4.340790405,-0.82360545,-0.423513053,-0.297386322,-0.248650168,-0.206713666,-0.190088272,-0.190665552,-0.202496224,-0.213407491,-0.245241839,-0.301611262,-0.4032736,-1.040194916,-9.135005871,-2.315159367,-0.744241379,-0.443610022,-0.323661236,-0.274777148,-0.263594355
1,1,0,0,1,1,1,1,1,0,0,1,1,1,1,1,1,1,0,1,1,0,1,1,0,1,0,0,1,1,1,1,1,0,1,1,0,0,0,1,0,1,0,1,1,0,0,0,0,0,0,0,0,0,1,0,0,1,0,1,1,1,0,0,0,0,1,1,0,1,0,0,0,0,1,0,1,1,0,0,0,1,0,1,0,1,1,1,1,1,0,1,0,0,1,1,1,0,0,1,-0.009335381,-0.047177543,-0.24573401,-0.066167262,-0.044626958,-0.209383945,-0.015035198,-0.022578183,-0.034478397,-0.054544524,-0.095236021,-0.249064947,-0.808885384,-1.160625413,-0.309831921,-0.287325925,-0.035023556,-0.058270862,-3.442600091,-0.165086414,-0.123983462,-0.141777131,-0.290311971,-1.576557884,-0.245783364,-1.127949031,-0.416441129,-0.683171403,-2.053985781,-2.83138435,-1.395705264,-2.065370525,-0.518898316,-2.978437979,-0.928300019,-1.209977171,-0.686454202,-0.964534369,-1.247563058,-0.899434626,-0.996655357,-1.230960303,-1.674918681,-2.081293975,-1.724568388,-1.11970657,-0.847447255,-1.131602569,-11.48420884,-4.336528025,-4.063715898,-3.747393807,-3.535386614,-4.858204868,-6.267291415,-1.836220604,-1.274027115,-1.062598345,-0.939383188,-0.91169299,-0.890942634
0,1,1,1,0,0,1,0,1,1,1,0,1,1,0,0,0,0,1,0,1,0,0,1,0,0,1,1,1,1,0,0,0,1,0,0,0,1,0,0,0,0,1,0,0,1,1,0,0,1,0,0,1,1,0,0,1,0,1,0,1,1,0,0,0,0,0,0,1,1,1,1,1,1,0,1,0,1,1,1,1,1,1,0,0,1,0,1,0,1,1,0,1,0,0,0,1,1,0,0,-0.073516516,-0.025266699,-0.017841123,-0.017774634,-0.063944512,-0.235827551,-0.185631123,-0.041574854,-0.03452509,-0.038446862,-0.05184981,-0.222498001,-0.397294897,-0.562545969,-0.29342189,-0.064902035,-0.050610321,-0.074597313,-0.10256737,-0.069621452,-0.162664659,-0.148708168,-1.276843313,-0.090076,-0.150466378,-0.281279007,-0.962765412,-0.793501771,-0.795339374,-1.844473122,-3.530615339,-2.889064512,-3.33119852,-7.875154197,-5.521246,-2.497540587,-1.444105526,-13.96848029,-4.796152023,-4.537760192,-4.095996702,-0.944042049,-0.642682831,-0.554535757,-0.571165574,-0.858805788,-1.542702647,-0.319827356,-0.34519684,-0.834859753,-1.375107505,-7.236818832,-0.725405345,-0.624520176,-1.249123575,-5.758992399,-0.802554086,-0.508486463,-0.734164963,-0.582999985,-0.505229325
1,0,0,0,0,1,0,1,0,1,0,0,1,1,1,0,0,1,1,0,1,1,1,1,0,0,1,1,1,1,1,0,1,1,1,0,1,0,1,0,1,1,0,0,0,1,0,0,1,1,1,1,0,0,0,0,1,0,1,0,1,1,0,0,0,1,1,0,1,1,1,0,1,1,1,0,1,1,1,0,0,0,0,0,1,1,1,0,0,1,0,1,1,0,0,0,0,1,1,1,-0.040073342,-0.217664458,-0.048018219,-0.663215043,-0.03974448,-0.34100231,-0.453239988,-0.037549262,-0.094068498,-0.291273484,-0.261331739,-0.344258767,-0.269449899,-0.819042971,-0.430878474,-0.107563549,-0.07644896,-0.026676808,-0.265700622,-0.394036882,-0.035157189,-0.060914524,-0.067514556,-0.166645367,-0.092059304,-0.072327748,-0.033577915,-0.057455949,-0.810032601,-0.437271141,-5.116806931,-1.343264333,-1.708728161,-0.69148538,-0.245909905,-0.77405152,-1.405714056,-0.522332611,-0.65172542,-0.91979004,-1.100827293,-1.582227099,-0.662341732,-0.279809424,-0.40518869,-3.321877927,-0.357279766,-0.277357199,-0.284677408,-0.425899654,-0.371731923,-0.54510814,-0.772545448,-4.484137359,-2.050631163,-1.882364874,-0.794000766,-0.689483483,-0.547522031,-0.586729005,-0.633888849
1,1,0,0,1,1,0,1,0,0,1,1,1,0,0,0,1,1,0,1,1,0,1,0,1,0,1,0,0,0,1,1,0,1,1,0,0,1,0,0,1,1,1,1,1,0,0,1,0,0,0,1,1,0,1,0,1,0,0,0,0,1,1,1,0,0,0,0,1,1,1,0,0,1,0,0,1,0,1,0,1,0,1,1,1,1,1,0,1,0,1,0,0,0,0,1,0,0,1,1,-0.028937662,-0.017965254,-0.030544869,-0.320367637,-33.3842869,-0.10560541,-0.58112282,-1.591103343,-0.033295916,-0.050923288,-3.349116061,-0.052928013,-0.063640863,-0.104035934,-0.159750756,-0.985983965,-0.768378143,-0.989573154,-3.901573699,-0.798593242,-0.802933018,-6.048500913,-0.329374043,-0.799568788,-1.528767416,-1.557612805,-3.997856652,-10.88218308,-0.64911086,-0.321936704,-0.287898255,-0.488571207,-0.379711804,-0.583964252,-0.462340645,-0.799531683,-2.075278865,-2.603192366,-0.929791393,-0.536822525,-0.450960833,-0.510706408,-0.573097875,-0.656927909,-0.998110151,-2.023897309,-2.694676193,-2.463558556,-2.014376827,-1.889161299,-1.866430986,-2.009693731,-2.281588141,-2.495770117,-2.671039344,-2.572240828,-2.327715464,-3.198828178,-4.880042464,-6.884237806,-6.186564401
0,0,1,0,0,1,1,0,1,1,1,1,1,1,1,0,1,0,1,1,0,0,0,0,0,1,1,0,0,0,0,1,0,1,0,1,0,0,0,0,0,1,1,0,1,0,0,0,0,0,1,1,0,1,0,1,1,0,0,1,1,0,1,0,0,1,0,0,0,0,0,1,1,0,0,0,0,0,0,1,1,0,1,0,0,0,1,1,1,0,0,0,0,0,1,1,1,1,1,0,-0.003008185,-0.003529161,-0.00427472,-0.005306576,-0.006044512,-0.00796153,-0.009950482,-0.012366527,-0.014617816,-0.017947272,-0.021156805,-0.024863838,-0.020410835,-0.029148793,-0.031836982,-0.036712352,-0.042103844,-0.048376886,-0.053571978,-0.065830618,-0.065433469,-0.070056345,-0.075531277,-0.081824552,-0.088767352,-0.096881001,-0.105941524,-0.111561942,-0.114392863,-0.129500421,-0.136331681,-0.14290283,-0.147270114,-0.154130819,-0.151331116,-0.153760327,-0.156223695,-0.150965169,-0.136856066,-0.139743111,-0.14185456,-0.135905219,-0.136665222,-0.12687463,-0.126994271,-0.115076692,-0.124863456,-0.131687233,-0.145253201,-0.15709288,-0.161370018,-0.171449422,-0.179650723,-0.190961386,-0.211018771,-0.227836831,-0.246492082,-0.259509176,-0.273764719,-0.32957124,-0.332901398
0,1,0,0,0,1,1,1,0,1,0,1,0,1,1,1,1,0,0,0,0,1,0,1,1,0,1,1,1,1,0,0,0,1,0,0,0,0,1,0,1,1,1,1,1,0,0,0,1,0,0,0,1,1,0,0,1,0,1,0,0,0,1,0,0,0,1,1,0,1,1,1,0,1,0,0,1,0,0,1,0,1,0,1,1,0,1,0,0,0,1,0,0,1,1,0,1,1,1,0,-0.003060126,-0.003477536,-0.004247751,-0.005222367,-0.006480863,-0.008095554,-0.011059545,-0.012383964,-0.014330746,-0.017744397,-0.021102986,-0.023897946,-0.026429013,-0.029507216,-0.039513162,-0.039101251,-0.041414891,-0.048119202,-0.05470856,-0.061211512,-0.064274752,-0.07177088,-0.076296127,-0.082247118,-0.089109406,-0.097493323,-0.104192375,-0.10543804,-0.115208582,-0.128297988,-0.137239921,-0.136134661,-0.148839618,-0.15202606,-0.160537174,-0.152716953,-0.155630252,-0.154362034,-0.147389539,-0.144512541,-0.139626129,-0.136377386,-0.135131481,-0.129666701,-0.12923025,-0.134532732,-0.138146518,-0.141227634,-0.13136847,-0.151778786,-0.161874706,-0.145192113,-0.163741529,-0.18994484,-0.220693376,-0.239408317,-0.249270839,-0.285961308,-0.309980598,-0.313158362,-0.35576611
1,0,1,0,1,1,1,0,0,1,0,1,0,1,1,0,1,1,0,0,0,1,0,0,1,1,0,0,1,0,0,0,1,1,1,1,1,0,0,1,1,1,0,0,0,1,1,0,1,1,1,0,1,1,0,0,1,0,1,0,0,1,1,0,1,0,0,1,1,1,0,0,1,0,0,0,0,0,1,1,0,0,0,0,1,0,1,1,1,1,1,1,0,1,0,0,0,1,1,1,-0.005870488,-0.007015233,-0.007971126,-0.009257558,-0.010723462,-0.012407794,-0.014150616,-0.0164198,-0.019165563,-0.021929144,-0.024807389,-0.027458993,-0.029320571,-0.030099484,-0.030507925,-0.03035803,-0.030644262,-0.031116794,-0.031933737,-0.033082597,-0.035120802,-0.043151666,-0.037759455,-0.041556421,-0.044277203,-0.048990819,-0.034247519,-0.041553572,-0.048292225,-0.058379004,-0.068887753,-0.083137917,-0.102445963,-0.155036761,-0.101858592,-0.12759655,-0.150725083,-0.170459698,-0.196582306,-0.204590054,-0.228256349,-0.252209931,-0.233988944,-0.257834391,-0.30165097,-0.326125668,-0.34908624,-0.366416615,-0.391198705,-0.420266481,-0.438157435,-0.479117282,-0.519369038,-0.556849222,-0.552635094,-0.577944769,-0.600212549,-0.693876209,-0.718342061,-0.724952346,-0.999339815
1,0,0,1,1,1,1,1,0,0,0,0,1,1,0,1,1,0,1,1,1,0,0,0,1,0,1,1,0,1,0,0,1,0,0,1,1,1,1,1,0,1,0,1,1,1,0,0,0,1,1,1,1,0,0,1,1,0,1,1,1,1,0,1,0,1,1,0,1,0,0,0,1,1,1,0,1,1,0,1,0,1,0,0,1,0,0,1,0,1,1,1,1,1,1,1,1,0,1,0,-0.063025828,-0.128686791,-0.320457038,-0.048066044,-0.085234539,-0.063508696,-0.0283429,-0.021570546,-0.027244714,-0.06884008,-0.193812595,-0.086396411,-0.046461472,-0.056303737,-0.082803147,-0.184068153,-0.655030301,-0.628995157,-0.387735972,-0.255442123,-0.188526358,-0.112349809,-0.104426125,-0.084733104,-0.090914531,-0.076498655,-0.089500301,-0.068099831,-0.088534124,-0.247966081,-23.38800045,-1.453745377,-0.311174163,-0.350082026,-0.23311146,-1.508974972,-0.231367401,-0.279154738,-0.307737926,-0.737573,-8.48851015,-1.826557848,-0.973025891,-0.644978195,-0.501626191,-0.467877131,-0.424260664,-0.337106491,-0.494262735,-0.477448884,-0.526625048,-0.667332325,-0.612779814,-1.051519145,-4.002377513,-2.218068635,-4.527397808,-2.261133958,-2.158575372,-2.439434901,-2.626524253
0,1,0,1,0,0,0,0,0,1,0,0,1,1,1,0,1,1,0,0,0,0,1,1,1,0,0,0,0,1,1,0,0,0,1,1,0,0,1,1,0,1,0,1,1,0,1,1,0,0,1,1,1,0,1,0,1,0,1,0,0,1,1,0,1,1,0,0,1,0,1,0,1,0,0,1,1,0,1,1,1,0,0,0,0,0,0,1,1,0,1,0,1,1,0,1,0,1,1,1,-0.022718414,-0.135161706,-1.902124576,-0.036054959,-0.042626378,-0.692410022,-0.499477758,-0.147649814,-0.153882638,-1.175120902,-0.3904647,-0.126087185,-0.139623547,-0.57542253,-1.390730887,-0.23201926,-1.43316498,-0.394391074,-0.215024057,-0.217539072,-0.206789469,-0.222423779,-0.267738907,-0.497327783,-0.674296347,-1.232660322,-4.838614814,-1.654276981,-0.915404654,-0.950981878,-1.642247583,-4.351719639,-2.790154263,-1.871112193,-2.670482784,-1.926582203,-2.931898211,-3.576347333,-6.749172452,-7.855381878,-6.84740127,-1.112253255,-0.936256772,-1.262546549,-0.687921851,-2.108109362,-0.780929153,-0.845924272,-2.006942664,-6.232292805,-22.61175239,-5.164282098,-7.460434398,-7.867556904,-8.786781157,-4.350635024,-2.750255767,-1.53550688,-1.823473467,-6.129544002,-5.007540456
1,1,1,0,1,1,0,1,0,0,1,0,1,1,1,0,0,0,0,1,0,1,1,1,0,0,1,1,1,1,0,0,0,1,1,0,0,1,1,0,0,0,1,0,0,0,0,0,1,0,0,0,0,0,0,1,1,1,0,0,0,1,1,0,1,1,0,1,1,0,0,0,0,0,1,1,1,0,1,1,1,0,1,0,1,1,1,0,1,0,0,0,0,1,0,0,1,1,1,1,-0.296313367,-0.020571102,-0.007835089,-0.003884584,-0.006519645,-0.020712786,-0.400676048,-0.012281815,-0.008932436,-0.01014701,-0.020520559,-0.044792199,-2.378670456,-0.264236383,-0.285164588,-0.389489293,-0.548158277,-0.827550049,-1.204844723,-0.752931029,-0.311881101,-0.14786938,-0.119811969,-0.442762918,-0.277256292,-1.842771324,-0.152400238,-0.256598444,-1.565767103,-0.740418678,-3.110567278,-0.697564232,-0.608547623,-1.562653515,-0.432907895,-0.432622812,-0.567464251,-0.711801062,-0.526832418,-0.499879901,-1.78725741,-0.615740733,-1.620098868,-2.116971842,-2.460899012,-1.229700744,-3.006716254,-0.682806386,-0.391151966,-0.349139242,-0.330564105,-0.335257527,-0.364512265,-0.383137581,-0.419827092,-0.500548874,-0.639646073,-0.511174693,-0.666917254,-0.70289966,-0.799993684
0,1,1,0,0,1,0,1,0,0,0,0,1,1,1,0,1,1,0,1,0,1,0,1,0,0,1,0,0,1,1,0,0,1,1,1,1,1,1,0,1,1,1,0,1,0,1,1,0,1,0,1,1,1,0,0,1,1,1,0,0,0,1,0,0,0,0,0,1,0,1,0,1,0,1,1,1,0,0,1,1,1,1,1,0,0,1,0,1,0,0,0,0,1,0,1,0,1,0,0,-0.022916313,-0.120733657,-1.094895372,-0.01636629,-0.01642904,-0.027248579,-0.020993492,-0.039902283,-1.45699122,-0.203643951,-1.694073141,-0.075759059,-0.051192738,-0.060738057,-28.27601465,-10.40724996,-0.301323677,-0.22255842,-1.284485581,-0.793458302,-1.215680273,-0.162108527,-1.571483948,-1.366658083,-0.384578318,-1.715817753,-2.609168281,-3.384138517,-0.460088506,-0.445138863,-0.292967717,-0.770297254,-3.05702972,-6.313631048,-1.526121319,-1.550386997,-2.307920949,-10.29710128,-5.686322965,-8.515019684,-0.985259924,-1.455955415,-2.89452623,-4.289511328,-1.461877541,-2.413286557,-3.387656561,-5.709452574,-4.041729469,-1.420883722,-1.470151526,-6.042078339,-2.460644656,-0.86562052,-0.884047698,-0.942396281,-7.145944445,-4.461734122,-4.70485536,-1.534992957,-2.27929283
1,0,0,1,1,1,0,0,1,1,0,0,1,0,0,0,0,1,0,0,0,0,0,0,0,1,0,0,0,0,0,0,0,1,1,1,0,0,1,1,1,1,1,1,0,0,1,0,1,1,0,1,0,1,0,0,0,0,0,0,0,0,1,0,1,0,1,1,1,1,0,0,1,0,1,1,0,0,1,1,1,1,1,1,0,0,0,0,0,1,0,0,0,1,1,0,1,1,1,0,-0.011240616,-0.017106442,-0.029959185,-0.071333101,-0.222168909,-0.142099053,-0.051001203,-0.033162426,-0.028777703,-0.030273519,-0.033738126,-0.041767024,-0.042603173,-0.046371393,-0.059581107,-0.061413395,-0.085665766,-0.131359519,-0.261748242,-0.857190995,-22.53528439,-0.68411474,-0.22576292,-0.284004415,-1.48498938,-1.315305609,-0.282630661,-0.147462342,-0.132667061,-0.167633844,-0.291109705,-0.634448961,-0.520193987,-1.188799725,-1.697450715,-1.504136643,-1.036990659,-0.740514972,-0.562529342,-0.452328761,-0.400125655,-0.371912038,-0.36544902,-0.370402434,-0.400789148,-0.475980294,-0.642612873,-1.089910788,-2.902855689,-12.18695187,-2.394567455,-0.666679167,-0.337254818,-0.233324362,-0.178800824,-0.156460718,-0.150784174,-0.152203693,-0.153251052,-0.17556751,-0.20084928
1,1,1,1,1,0,0,1,1,0,1,0,1,0,1,1,0,0,0,1,1,0,1,0,0,0,0,1,1,1,1,0,0,0,1,0,0,0,1,1,0,0,1,0,0,0,0,0,1,1,0,1,0,0,0,1,1,0,1,1,1,1,0,1,1,1,0,1,1,1,1,1,1,0,1,1,1,0,0,1,0,1,0,1,0,0,1,1,1,0,1,1,0,0,1,1,0,1,0,1,-0.01637638,-0.016521549,-0.024096039,-0.231787961,-0.287268335,-0.03137131,-0.024363443,-0.030643545,-0.022797767,-0.131021353,-0.216458543,-0.09242265,-0.204373697,-0.486674188,-0.081105625,-2.17167218,-0.091095781,-0.126838048,-8.470474496,-0.240759076,-0.139767431,-0.247718917,-0.554613985,-0.885811624,-0.746770328,-12.14612361,-5.532513291,-0.941575737,-0.307243463,-0.263900043,-0.597955184,-14.39115914,-3.065840842,-2.598362381,-5.000649252,-1.549803627,-2.616755595,-1.512374745,-0.821966818,-3.753660288,-0.92756058,-17.85437529,-0.741043636,-1.456313541,-20.96824484,-3.830641484,-12.93538758,-2.392252767,-1.831881784,-1.23632314,-0.952359615,-0.86162853,-1.565579543,-1.975428389,-2.428622685,-2.335141893,-1.252398753,-3.282666885,-1.724993813,-1.628352778,-2.830231659
1,0,1,1,0,1,0,0,1,1,1,0,0,0,1,1,1,0,1,0,1,0,0,1,0,1,1,0,1,0,0,1,0,1,0,1,0,1,1,1,1,1,0,0,0,1,0,1,0,1,1,0,1,1,0,0,0,0,0,0,1,1,1,1,0,1,1,0,0,1,0,1,0,1,1,1,1,0,0,0,1,1,0,1,1,0,1,1,1,0,0,0,1,1,0,0,0,0,0,1,-0.00298191,-0.003449268,-0.004251078,-0.005256024,-0.006493391,-0.007471208,-0.009725677,-0.011952743,-0.015480409,-0.019290307,-0.020654771,-0.023756367,-0.026738062,-0.030688877,-0.029194951,-0.036451686,-0.039622327,-0.047144391,-0.051368925,-0.058683859,-0.06471164,-0.071439407,-0.075384992,-0.079866445,-0.086966859,-0.094492108,-0.097959867,-0.11437543,-0.123361901,-0.125483515,-0.137919427,-0.154395481,-0.146769044,-0.150089885,-0.153332214,-0.145335229,-0.157485818,-0.153799987,-0.143719672,-0.139520875,-0.134945769,-0.130673265,-0.128455093,-0.125950514,-0.125056475,-0.129262512,-0.130972938,-0.134258596,-0.143145053,-0.151386902,-0.157697448,-0.150104709,-0.170853548,-0.203040187,-0.210941846,-0.20563518,-0.211082632,-0.26542249,-0.288253445,-0.335779827,-0.342402107
1,1,0,1,1,1,0,1,1,0,0,1,0,1,1,0,1,1,1,1,1,0,0,1,0,0,0,1,1,0,0,0,0,0,0,0,1,0,0,0,0,0,0,1,0,0,1,1,1,1,0,0,0,1,0,0,1,0,0,1,0,0,0,1,0,1,1,1,0,1,0,0,1,1,1,1,1,1,1,0,0,1,1,1,1,0,1,1,0,0,1,0,0,1,0,1,0,1,1,0,-0.012039672,-0.012435316,-0.010663779,-0.01306168,-0.01598624,-0.02291013,-0.155812602,-0.831600343,-0.294369908,-0.051735,-0.046234194,-0.044809078,-0.055876421,-0.040217987,-0.043826813,-0.045408595,-0.070208671,-0.180880286,-2.910438643,-0.0867176,-0.060018033,-0.046227192,-0.053350377,-0.376229986,-0.286352023,-0.283299942,-0.71576893,-1.761447659,-1.786414524,-0.790209752,-0.501435471,-0.253273564,-0.197376125,-0.193138525,-0.542660972,-0.591652936,-0.16238213,-0.268982232,-0.154045448,-0.194638444,-0.267642885,-0.369567138,-0.553903553,-0.833693668,-1.234572096,-0.948602017,-0.891542073,-0.686119633,-0.558617743,-0.455028966,-0.394659725,-0.375661974,-0.38991124,-0.630543965,-0.610285232,-0.630498933,-0.669360644,-0.851117842,-1.450376022,-1.716528817,-2.915847081
0,1,1,1,0,0,0,1,0,0,1,0,1,1,0,0,1,0,1,0,0,0,1,1,1,1,0,1,0,0,0,1,1,1,1,0,0,1,0,1,0,1,0,0,1,0,1,1,0,0,0,1,0,0,0,1,0,0,1,0,1,0,1,0,0,0,0,0,1,0,0,1,0,0,0,0,1,0,1,1,1,1,1,0,1,0,1,1,0,1,1,1,1,0,1,0,1,1,1,1,-0.020147055,-0.052976157,-1.554794931,-0.107330884,-0.360005465,-0.241274183,-0.100951099,-0.127548187,-0.387936383,-0.340140783,-0.18742354,-0.107642515,-0.087054801,-0.226016491,-3.663903926,-0.661190964,-1.566187559,-0.541669678,-0.791362727,-0.534668808,-1.866005174,-0.374327926,-0.211337557,-0.145091281,-0.149838395,-0.196056624,-0.370451769,-2.305728702,-3.049835351,-1.322282981,-0.346192644,-0.325142823,-0.875025555,-3.780608865,-7.081394667,-1.135275008,-1.254987143,-0.369374884,-0.442516678,-0.403173991,-0.305977991,-0.316678088,-0.323093078,-0.407860367,-1.914342779,-1.030964709,-0.644220342,-2.721048309,-2.142326601,-0.812765917,-0.986317807,-1.94379783,-9.07534887,-14.25713434,-2.299001352,-1.367823463,-0.995248853,-1.436794447,-1.321560997,-2.297455225,-1.725192801
0,0,1,0,0,0,1,1,1,0,0,1,1,0,0,0,1,0,1,0,1,0,1,1,0,1,1,0,1,0,0,0,0,0,0,0,1,0,0,0,0,0,0,0,1,1,1,1,1,1,0,1,0,0,0,0,1,0,0,1,0,1,1,0,1,1,1,0,0,0,1,0,1,1,1,0,0,1,0,0,1,1,1,1,1,1,0,1,1,0,0,1,1,0,0,1,1,1,0,1,-0.009649316,-0.044563882,-0.487777062,-0.271927672,-0.061354745,-0.198153225,-0.1900227,-0.44517989,-0.147249325,-0.024239742,-0.052535823,-0.020333744,-0.080277193,-0.626582922,-3.814554753,-0.110010204,-0.092489435,-0.783268705,-0.331064556,-0.077521229,-0.31023391,-0.047789816,-0.041545454,-0.058237406,-0.088381038,-0.197728361,-0.910365251,-1.862271759,-4.460797109,-2.461631177,-3.407594442,-6.374886931,-2.295568136,-0.863038348,-0.946529493,-0.817144206,-0.4455016,-0.248917077,-1.134160101,-0.431590843,-0.250575787,-0.280443265,-0.755533092,-3.318917339,-2.329789551,-14.27355462,-2.536018121,-4.676133429,-10.11201267,-4.022926783,-1.546381818,-0.955677676,-0.696060377,-0.728022823,-0.776889326,-1.96649336,-2.004125089,-2.494939302,-9.317030841,-3.487879862,-6.984214223
1,1,1,0,0,1,0,0,0,1,0,0,0,1,0,0,0,1,1,1,0,0,0,1,1,1,1,0,1,1,0,0,0,0,0,0,1,0,1,1,0,1,0,1,1,0,0,0,1,0,0,0,1,0,1,0,1,1,0,1,0,1,0,0,0,1,0,1,1,1,1,0,0,0,0,0,0,0,0,1,1,0,1,0,0,1,0,0,1,1,0,1,0,0,0,0,1,0,1,0,-0.010238355,-0.065427095,-0.038733784,-0.03210949,-0.032902338,-0.03643842,-0.042329175,-0.063002913,-0.100555277,-0.166892772,-0.046228121,-0.056385784,-0.070558252,-0.057978999,-0.099703663,-0.131075758,-0.201447674,-0.294621536,-0.41891128,-0.576957143,-0.422980975,-0.704258579,-0.729965395,-0.63597741,-0.633818549,-0.576328001,-1.429257498,-2.172950171,-2.643597843,-1.208332065,-1.224248159,-3.646842712,-1.31319092,-1.671745007,-2.891066144,-4.875516676,-2.807404081,-2.230612201,-15.97027332,-2.110757832,-1.378433358,-0.849674767,-0.700102196,-1.547619747,-1.35281065,-2.928987219,-4.401277289,-2.270387658,-1.281161553,-0.925810995,-0.789174873,-1.230602985,-0.643693608,-0.58889867,-0.544928434,-0.521166399,-0.479918055,-0.481582464,-0.485917171,-0.574450688,-3.235099241
1,1,0,1,0,0,1,0,1,1,0,1,0,1,1,1,1,1,1,0,0,0,0,0,1,0,1,0,1,1,1,1,1,1,0,0,1,1,1,0,0,0,1,1,0,0,0,1,0,1,0,1,1,0,0,1,0,1,0,1,1,1,0,0,1,0,0,0,0,1,0,0,1,0,0,0,1,1,1,1,1,0,0,1,1,1,1,0,1,1,0,1,1,1,0,1,1,0,0,1,-0.012791777,-0.03255301,-1.245366457,-0.050429291,-0.016864464,-0.100140097,-0.007604153,-0.008455095,-0.009300347,-0.011817506,-0.115254363,-0.397240631,-2.081068925,-0.098882372,-0.080739304,-0.09954556,-0.172035548,-1.507546844,-0.673865086,-1.477431443,-1.883200003,-0.782442929,-2.885559492,-0.262170393,-0.177358906,-0.138065803,-4.817137672,-0.127176597,-0.113871291,-0.273252471,-0.843830826,-0.466658286,-0.319340317,-0.979073693,-8.246683455,-3.015107601,-0.987790031,-0.529334134,-0.445786313,-0.909382268,-4.701694265,-3.297395674,-3.270771857,-1.567010586,-1.034438054,-1.325190778,-3.618948986,-8.833373617,-7.166330915,-3.940815529,-4.12349984,-5.2592754,-2.574456631,-2.304809462,-3.853230669,-5.720950727,-1.619174542,-0.911124728,-0.736601768,-1.257540967,-0.538270524
1,1,1,1,0,0,0,0,0,0,1,1,0,0,1,0,1,0,0,0,0,1,1,0,0,0,1,0,1,1,0,0,0,0,0,1,0,1,1,1,1,0,1,0,0,1,0,0,0,0,0,1,1,0,0,0,0,1,0,1,1,0,0,0,1,1,0,1,0,0,1,0,0,1,0,0,0,1,0,0,1,0,1,0,0,1,1,0,0,0,0,0,0,0,1,0,1,1,0,1,-0.055823212,-0.104562639,-0.158414529,-0.224355642,-0.063325475,-0.142509073,-0.236460294,-0.060575972,-0.062881898,-0.210753052,-0.032055921,-0.025437403,-0.10425571,-0.119160775,-0.108308062,-1.610131799,-0.129462172,-0.446332436,-0.482791734,-0.104276917,-0.033332552,-0.038318047,-0.071228354,-0.097661714,-0.581876611,-4.503993968,-1.892363262,-0.795746245,-0.380149276,-0.268978575,-0.295720258,-0.417754445,-0.576028557,-4.582724249,-0.479706786,-0.540792468,-0.957600476,-2.012692038,-4.333128409,-1.657531158,-3.815996523,-12.39506237,-1.075361913,-0.749229683,-0.752262493,-1.522206463,-1.21670466,-0.86992471,-1.099977325,-0.975025514,-0.751582563,-0.643015369,-0.798239892,-0.67181609,-2.075159173,-0.835891431,-0.694508054,-0.731870767,-0.698896331,-0.758162234,-0.864172557
0,0,1,0,1,0,0,0,1,0,1,1,1,1,0,0,1,0,1,0,1,0,1,1,0,0,0,0,0,0,1,0,1,1,0,0,1,0,0,0,1,0,0,0,0,0,0,1,0,0,0,0,1,0,0,0,1,1,1,0,0,0,0,0,0,1,0,1,1,0,1,0,1,0,1,0,1,0,1,1,0,1,1,1,0,1,0,0,1,1,1,0,1,1,0,0,0,1,0,0,-0.002981826,-0.003557964,-0.00420538,-0.005215832,-0.006492643,-0.007997201,-0.010010287,-0.012256552,-0.014927077,-0.017878689,-0.02107546,-0.023976901,-0.026285625,-0.030116663,-0.033697127,-0.038460801,-0.045499013,-0.046143895,-0.054236819,-0.062265345,-0.06710083,-0.070723571,-0.077323836,-0.083506729,-0.090696991,-0.099292922,-0.103686989,-0.120584323,-0.128910577,-0.138982267,-0.137805012,-0.134507407,-0.148030615,-0.145611294,-0.151285649,-0.156301747,-0.157156928,-0.150391496,-0.146123733,-0.142643312,-0.137832843,-0.133868825,-0.130039714,-0.127843545,-0.129485773,-0.132052908,-0.138438215,-0.152686611,-0.150649945,-0.157758822,-0.162323438,-0.170518845,-0.179772192,-0.202503907,-0.223951214,-0.243598905,-0.26635542,-0.224487987,-0.245433909,-0.296313397,-0.341144832
0,1,0,1,1,1,1,1,0,1,0,1,1,1,1,1,1,1,1,0,0,0,1,0,1,1,1,1,1,1,1,0,1,0,0,1,0,0,0,1,1,0,1,0,0,0,0,1,0,0,1,1,1,1,0,1,0,0,1,1,0,1,1,0,0,0,1,1,0,1,1,1,1,1,0,1,0,0,0,0,0,0,1,1,0,0,0,1,1,0,0,1,0,0,1,0,0,0,1,0,-0.224706227,-0.044012759,-0.023125381,-0.056635908,-0.377809905,-0.023814116,-0.070331198,-0.672080002,-0.455551463,-0.538775069,-10.16092756,-0.205136536,-1.068433365,-0.620670321,-3.103264751,-14.03437375,-0.923072855,-1.516669426,-0.252635914,-3.3281373,-0.094119175,-0.110138134,-1.018545295,-0.235088042,-0.528260213,-0.368140663,-0.22290213,-16.90411201,-2.447993284,-0.476135099,-1.962543484,-1.035506311,-0.555130194,-0.886806557,-1.823038005,-5.070266387,-1.872484677,-2.534428781,-3.949803083,-1.200686433,-3.788562077,-0.744414326,-0.580898351,-0.576215374,-0.450326557,-0.542327752,-1.002423074,-3.601637821,-1.696836638,-0.707733477,-1.240391762,-1.375008101,-0.740504817,-1.537737937,-1.467192931,-0.518566651,-1.481414947,-0.86021513,-1.932326231,-21.21031946,-3.203432034
0,1,1,0,0,1,1,0,1,1,1,0,0,0,0,1,0,1,0,0,1,0,0,0,0,0,0,1,1,1,1,1,0,0,1,0,1,0,0,0,1,0,0,0,1,1,0,0,1,0,1,0,1,1,0,0,1,0,1,1,1,0,1,1,0,1,1,0,1,1,0,0,0,0,1,1,1,1,1,0,0,1,1,1,1,1,0,0,1,1,0,0,0,0,0,1,0,0,0,0,-0.091956826,-0.599629374,-0.175403295,-0.137579889,-0.179356792,-0.212255593,-0.230314964,-0.225301028,-0.298897313,-1.42882109,-0.096034202,-0.073139177,-0.044198121,-0.045703472,-0.124883904,-0.051810386,-0.050856574,-0.051203865,-0.052776792,-0.057678233,-0.518196462,-0.082711433,-0.114108661,-0.094175656,-0.107899975,-0.15561266,-0.704092081,-0.435982758,-0.206841378,-0.31296394,-0.165250071,-0.166880591,-0.360609719,-0.205403606,-0.390631221,-0.346244628,-0.302061971,-0.403766273,-0.337318387,-0.362987013,-0.44406189,-0.380091015,-0.418696467,-0.415985211,-0.424475764,-0.375855284,-0.445939137,-0.468124322,-0.499935571,-0.534169878,-0.568556463,-0.62246906,-0.70477332,-0.762907806,-0.845931619,-1.059288145,-1.333833796,-1.847854411,-3.606999767,-1.953219386,-1.477977019
1,0,1,0,0,0,1,1,1,1,1,0,1,1,1,0,0,1,0,0,0,0,1,0,0,1,0,1,0,0,1,0,0,0,0,1,0,0,0,1,1,1,0,0,1,0,1,0,0,0,1,1,0,1,0,1,0,0,1,0,1,0,1,0,1,1,1,0,0,0,1,0,1,0,0,1,0,1,0,0,1,1,0,1,0,0,1,0,1,0,0,1,1,0,0,1,1,0,0,0,-0.028995669,-0.016006249,-0.014980567,-0.042373579,-0.044035914,-0.087296172,-0.225972458,-0.36259416,-0.202533958,-4.680987681,-0.259571339,-0.210186087,-0.23540349,-0.247771059,-2.300364701,-0.179418284,-0.206000398,-0.265044373,-0.381358786,-0.651375615,-2.445697731,-2.628661319,-0.62269292,-0.746638723,-2.467954104,-0.798817707,-1.398176952,-0.654434123,-0.880121191,-5.323776801,-0.87642871,-0.572358105,-0.669910988,-15.95999442,-1.081579976,-21.71216169,-0.367219511,-0.289146791,-0.955275318,-1.740802108,-0.480716733,-0.655276475,-5.569057164,-0.895247671,-0.677373125,-0.623946862,-0.491945945,-0.687186068,-2.259565965,-5.853909385,-1.280325554,-1.358568442,-0.746375665,-0.534369858,-0.500512452,-0.428726878,-0.754959668,-1.100623799,-0.648639111,-2.022918837,-2.972678621
1,1,1,0,1,0,1,0,1,0,0,1,0,0,1,0,1,1,0,0,1,0,0,0,1,1,1,0,1,0,0,1,0,0,1,0,0,1,1,1,1,0,1,1,0,0,0,0,1,0,0,0,0,0,0,1,0,1,0,0,0,0,0,0,1,1,1,0,1,0,1,0,0,1,1,1,0,1,1,0,1,0,1,1,0,0,1,1,1,0,1,0,1,0,0,0,1,1,0,0,-0.123449327,-0.053700783,-0.235501525,-0.108008222,-0.037213975,-0.064687664,-0.090809625,-0.742440505,-0.246716911,-0.351076244,-0.831116497,-1.459035742,-0.41412639,-1.63149084,-0.1788752,-0.085583815,-1.051168571,-0.135049474,-0.086389296,-3.143400734,-0.231987972,-0.794403142,-0.250070421,-14.43789922,-0.261823095,-0.277296645,-0.894658162,-0.239145233,-0.255168906,-0.769437141,-1.416366227,-6.46333824,-0.567693894,-1.202070396,-6.67842561,-0.910961936,-0.61296408,-0.858253808,-0.832086509,-1.039573108,-1.343761856,-1.087772378,-0.99086395,-1.187562644,-3.989017751,-10.18569977,-2.851684961,-4.395483435,-1.046395645,-0.735472244,-1.660214205,-2.773016488,-2.500063523,-0.920937693,-0.826981133,-1.000374621,-0.865510428,-0.858912087,-0.923374882,-0.993188396,-1.26059783
1,0,1,0,1,0,0,1,1,0,1,0,0,0,0,1,0,1,0,1,1,1,1,1,1,1,1,1,0,1,1,1,1,1,1,0,0,1,0,1,1,1,1,0,0,1,1,0,1,0,0,0,1,0,0,0,1,1,0,0,1,1,1,1,0,1,1,1,1,0,0,1,0,1,1,0,0,0,1,0,0,1,0,0,1,1,0,1,0,0,0,1,1,0,0,1,1,0,1,1,-0.01197824,-0.015336501,-0.019048272,-0.023229018,-0.027149688,-0.029502777,-0.029498861,-0.027497997,-0.025560276,-0.022679793,-0.027135392,-0.030452572,-0.032725668,-0.037494069,-0.039586921,-0.032755355,-0.046827176,-0.055551583,-0.068519585,-0.095810619,-0.165906595,-0.456481941,-1.959588158,-1.262793077,-0.496881759,-0.284388251,-0.19697062,-0.167198232,-0.152983454,-0.147904772,-0.149580436,-0.153200644,-0.16111033,-0.175785206,-0.19176245,-0.194214244,-0.213122486,-0.228312216,-0.2619512,-0.279252197,-0.289116481,-0.300277819,-0.34268641,-0.366393976,-0.333650465,-0.362488483,-0.322223561,-0.702164395,-0.57813603,-0.56352879,-0.585188305,-0.613291413,-0.639414592,-0.5980405,-0.659381655,-0.652754801,-0.667882022,-0.647271255,-0.682937166,-0.707540322,-0.737850133
0,0,1,1,1,1,0,0,0,1,1,1,0,1,0,1,1,1,1,1,1,1,0,0,1,0,0,1,1,0,1,1,1,0,1,0,0,0,0,0,1,0,1,1,1,1,0,1,0,1,0,0,0,0,1,0,0,1,1,1,0,0,0,0,1,1,0,1,1,0,1,1,1,0,0,1,0,0,1,1,0,0,0,1,0,1,1,0,1,1,1,1,1,1,1,0,0,1,0,0,-0.268855282,-0.015595206,-0.018548211,-0.030082821,-0.029354313,-0.0242621,-0.291804869,-0.152383919,-0.16605076,-0.442196975,-0.095168763,-0.143225362,-1.211529498,-0.491724233,-4.811769215,-0.109110544,-0.496779389,-0.282596129,-0.043070198,-0.049876526,-0.106865718,-1.166541635,-0.341772644,-2.706336462,-0.097097265,-0.295601443,-0.193686349,-5.800149391,-1.611449079,-13.88516437,-3.541656984,-6.367026226,-2.710735681,-1.657833769,-1.092704494,-1.816465179,-0.869415149,-1.190187431,-0.447076359,-0.4548671,-1.620345593,-8.779026328,-0.6482938,-0.322465809,-2.401149339,-0.58590994,-6.34029912,-1.179728454,-0.524773296,-3.377422912,-1.984330359,-1.004481011,-0.776570558,-0.883899891,-1.805641067,-1.139877938,-1.01008209,-1.090288439,-1.349154213,-1.131238788,-1.115320771
1,0,0,1,1,1,1,1,1,0,0,1,1,1,0,0,0,1,0,0,0,1,0,0,0,1,0,0,0,1,1,0,0,0,1,0,1,1,1,1,0,0,0,0,1,1,0,0,1,0,0,0,1,0,0,0,0,1,1,0,1,1,0,1,0,1,1,1,0,1,1,0,0,0,1,0,1,0,1,0,1,1,0,1,1,1,0,0,1,0,1,1,0,0,1,0,1,0,0,1,-0.003421111,-0.007823732,-0.009361102,-0.010753178,-0.012606719,-0.014626265,-0.0167229,-0.019480666,-0.022565868,-0.025895798,-0.029804091,-0.03284869,-0.034737747,-0.037383814,-0.040222073,-0.036137589,-0.037903264,-0.0411978,-0.04170162,-0.048953825,-0.066975781,-0.086504934,-0.083741897,-0.10948001,-0.128480625,-0.160922462,-0.218612863,-0.261730322,-0.33627891,-0.47576935,-0.587627768,-0.714207531,-0.826462304,-0.946597368,-0.860239683,-0.739310861,-0.663147749,-0.599700715,-0.550321947,-0.529199394,-0.516651135,-0.514815493,-0.499320167,-0.517583595,-0.53545346,-0.537716233,-0.583381713,-0.620924532,-0.670142981,-0.728626579,-0.801133001,-0.862866335,-0.933219813,-1.083048674,-1.159889365,-1.278866767,-1.461841755,-1.67053871,-2.011896461,-2.618228366,-3.548105899
1,0,1,0,1,0,0,1,0,1,1,1,1,0,0,1,0,1,1,0,0,1,1,1,0,0,0,1,0,0,1,1,0,0,1,0,0,0,1,1,0,1,0,1,0,1,0,0,1,0,0,0,0,1,0,0,1,1,0,0,0,1,1,0,1,0,1,0,0,1,0,0,0,1,0,0,1,0,1,1,1,0,0,0,1,1,0,1,1,1,0,1,1,0,0,0,1,1,0,0,-0.011398556,-0.019029172,-0.038210106,-0.536040912,-0.074585798,-0.028929959,-0.023234394,-0.031010159,-0.038081868,-0.047462189,-0.063084266,-0.091389449,-1.862375998,-0.283580817,-0.392930847,-0.950411759,-2.627539242,-2.154351635,-0.898414581,-0.426014833,-0.724327561,-0.641087098,-0.889307653,-0.089709191,-0.068692707,-0.071671084,-0.240847328,-0.130932904,-0.053801027,-0.042786,-0.042448519,-0.052798381,-0.109517643,-0.926181099,-3.620387791,-9.868660614,-0.305698324,-0.731507766,-0.434731101,-0.517751234,-0.91972623,-1.058269162,-2.004917816,-3.116858756,-6.315479917,-1.361569675,-1.845540034,-9.084722669,-4.191187455,-3.052088424,-1.738851101,-0.869829072,-0.778284323,-2.542027614,-8.91407297,-8.703554444,-2.763612515,-0.716740889,-0.521778771,-0.813564513,-0.513749339
0,1,0,0,1,1,0,0,1,0,0,0,1,1,1,1,1,1,0,0,1,1,0,1,0,0,1,1,1,1,0,1,1,1,0,1,1,0,0,0,1,0,0,0,0,1,1,1,1,0,0,0,1,0,0,0,1,1,0,0,0,0,1,0,0,1,1,0,1,1,0,0,1,1,0,1,1,0,0,0,0,0,1,1,1,0,0,0,0,1,0,0,0,0,0,0,1,0,1,0,-0.002981667,-0.003562848,-0.004273963,-0.005444458,-0.006202769,-0.008005933,-0.009994833,-0.012577578,-0.009492485,-0.017761868,-0.021129943,-0.024383999,-0.025968405,-0.032243123,-0.048963618,-0.029390233,-0.038329919,-0.044875376,-0.0517758,-0.057707593,-0.063880136,-0.070125273,-0.07480638,-0.080593326,-0.087270375,-0.093897148,-0.104046416,-0.137189146,-0.139330751,-0.130774439,-0.138426902,-0.149186538,-0.150276488,-0.166636513,-0.139281179,-0.147302649,-0.147472296,-0.140834697,-0.149640884,-0.153617221,-0.124168166,-0.136864248,-0.120838127,-0.120671246,-0.124205618,-0.126482364,-0.129790341,-0.135956442,-0.140156793,-0.129753624,-0.166690621,-0.180457731,-0.187952704,-0.203993633,-0.208827398,-0.210995738,-0.231659435,-0.22715718,-0.261581404,-0.264035038,-0.339043
0,1,1,1,1,1,1,0,0,0,0,0,0,0,1,0,1,1,0,0,0,1,0,0,0,0,1,0,1,1,0,1,1,1,1,1,0,1,1,0,1,1,0,1,1,1,0,1,0,1,1,0,1,0,1,0,1,1,0,0,0,1,1,1,0,1,1,0,1,0,0,0,0,1,1,1,1,0,0,0,0,1,1,0,0,0,0,0,0,1,1,0,1,0,0,0,0,1,0,0,-0.359673028,-0.053963798,-0.047242522,-0.024866047,-0.129752089,-0.075269235,-1.090941113,-0.041934308,-0.020934172,-0.729852141,-0.050114049,-0.027032084,-0.052914729,-0.029389124,-3.734140456,-0.050581546,-0.044198981,-0.098532495,-0.06643374,-0.064121278,-0.106486564,-0.14749861,-0.122927507,-0.153762848,-0.264820408,-1.499302409,-0.155051841,-0.512577479,-6.275050441,-0.218038639,-0.790706281,-1.256829942,-11.39667027,-5.946105682,-7.312366426,-3.08237272,-10.13051386,-5.802599213,-1.291450248,-0.918755288,-0.890327273,-1.516413238,-14.62444634,-11.61568758,-5.110249586,-2.431803107,-3.982671055,-2.361882307,-1.871873933,-1.476684299,-1.263394788,-1.565267409,-7.15867182,-2.271306034,-3.51499809,-1.264591563,-0.939376841,-0.845478508,-2.073938216,-2.156448254,-1.606668942
0,0,1,0,1,0,0,0,0,1,1,1,0,1,1,1,1,0,0,1,1,0,1,0,0,0,0,0,0,1,0,0,1,0,0,1,0,0,1,0,0,0,0,0,1,0,1,0,0,1,0,1,1,0,0,1,0,1,0,0,1,0,0,0,1,0,0,0,1,1,0,0,1,1,0,1,1,1,0,1,1,0,0,1,0,1,0,1,1,0,0,1,1,0,0,0,0,0,0,1,-0.013776537,-0.00883967,-1.724375574,-0.018936778,-0.01998607,-0.021363802,-0.026153918,-0.023877694,-0.034378394,-0.495714487,-0.03700983,-0.037965652,-0.04689778,-0.069689696,-0.628159997,-0.6248336,-1.078613669,-0.663335021,-2.201555578,-2.241531529,-0.188675316,-0.229295391,-0.438635104,-0.579201976,-1.030068155,-3.159779249,-3.216767707,-2.572389247,-1.586475723,-1.008603554,-1.196830735,-2.753287734,-0.402365714,-0.874587948,-0.825990899,-2.00858047,-1.142672,-7.576647311,-2.255864673,-0.735101294,-0.660216132,-0.459414091,-2.131399305,-1.219350713,-0.716061084,-2.158819669,-3.865987759,-2.215562439,-1.871996468,-0.817633153,-3.158951374,-1.327635065,-1.67238424,-16.86409683,-4.698490069,-1.468906648,-0.849390386,-2.772561701,-4.436674713,-4.412216348,-15.61458473
0,1,1,1,1,0,0,0,0,0,1,1,1,0,0,0,1,1,0,0,1,1,1,0,1,1,0,1,0,1,0,0,1,1,0,0,1,1,0,1,1,0,1,1,0,0,1,1,0,0,1,0,1,0,0,0,1,0,0,1,0,0,1,1,0,1,0,1,1,1,1,0,1,0,1,1,1,0,1,0,0,0,1,0,1,0,0,1,1,1,1,1,1,1,0,1,1,1,0,0,-0.051919479,-0.137609969,-0.236392353,-1.113522659,-0.363732676,-0.143411825,-0.083519561,-0.063195158,-0.05845099,-0.066460378,-0.069659463,-0.185187561,-13.3856001,-0.56868312,-0.590870259,-0.867147832,-0.479517692,-0.216172383,-0.143108181,-0.123329451,-0.176992018,-1.193933838,-0.272743307,-4.120186512,-0.215217099,-0.160751324,-2.106632289,-0.252858389,-0.125673125,-0.131258461,-0.180447216,-0.319681896,-1.25272212,-1.522330797,-0.168643785,-0.309411949,-0.805021359,-0.406161962,-1.030424592,-0.274144992,-0.205004608,-0.363339095,-0.4197525,-0.66208699,-1.358402932,-3.055610967,-2.683279625,-1.48672847,-0.664856438,-0.402761016,-0.365988187,-0.655453548,-0.3892608,-0.434109924,-0.860951451,-0.36929873,-0.393701281,-0.571705521,-0.900436333,-1.703943156,-4.214075453
1,1,0,1,1,1,1,1,1,1,1,1,1,1,0,1,1,0,1,0,0,0,0,0,0,1,1,0,0,0,1,1,0,0,1,1,0,0,0,0,1,1,0,1,1,0,1,0,1,1,0,0,1,1,1,0,1,0,1,1,1,0,0,1,1,0,1,1,0,1,0,1,0,1,0,1,1,0,1,1,1,1,1,1,0,0,1,1,1,0,0,1,1,1,1,0,1,0,1,0,-0.06988761,-0.117460073,-0.040160611,-0.016903464,-0.030456652,-0.859158087,-0.02974604,-0.084964856,-0.084583664,-0.027163036,-0.02599388,-0.045144826,-0.019567804,-0.028290868,-0.080414863,-0.044505791,-1.041540895,-0.047191606,-0.070219466,-0.246290579,-2.074269784,-0.517339052,-0.118777985,-0.102514755,-0.297390745,-0.228601847,-0.169086611,-1.590022708,-3.417125424,-3.737572183,-2.074779252,-5.106745659,-5.948248613,-3.272847774,-1.037859272,-1.19640957,-3.865895246,-8.00732567,-1.987833153,-13.78182847,-1.997721921,-0.982534468,-2.155355181,-1.272568665,-3.248876081,-9.052729109,-2.762611007,-3.038165696,-2.473798227,-6.684564206,-1.831836297,-0.969130175,-0.866707329,-1.107303906,-1.602187909,-4.082377101,-9.206398757,-9.579724997,-28.55552456,-15.79093929,-6.073222692
0,0,1,1,1,0,0,1,0,1,0,0,1,0,1,0,0,0,0,1,0,0,1,1,0,1,1,1,0,0,0,1,1,1,1,0,0,1,0,0,1,1,1,0,1,1,1,1,0,1,1,1,0,0,0,0,0,0,1,1,0,1,1,1,0,1,1,1,0,1,1,0,1,0,0,0,1,1,1,1,1,1,1,1,0,0,0,1,0,0,1,0,0,0,1,1,1,0,1,1,-0.012770445,-0.003348109,-0.003165698,-0.00394599,-0.008044372,-0.107080271,-0.086142986,-0.049864947,-0.080640887,-0.027865934,-0.031763907,-0.034362745,-0.03589074,-0.035634369,-0.037095234,-0.0396904,-0.040149182,-0.057501678,-1.017504447,-0.361120443,-0.278655872,-1.329217918,-1.705455344,-0.285405706,-0.266112752,-0.30824207,-0.423224308,-2.245077886,-0.667109869,-0.95613577,-1.434203387,-2.255543998,-4.251634613,-4.358274095,-2.009843882,-2.773960545,-1.803944783,-2.530639567,-13.94583722,-3.400035636,-1.487612619,-1.047967272,-1.513139311,-0.904335037,-0.775900425,-0.737651054,-0.734866449,-0.731468879,-0.769980567,-0.850298261,-1.079651202,-3.218385557,-3.311026957,-2.292732897,-2.512749762,-1.68264085,-2.424982128,-3.093060851,-3.053223033,-2.091301588,-1.641625454
1,0,0,1,1,1,0,1,1,1,1,1,0,1,0,1,0,1,0,1,0,0,1,0,1,1,1,0,0,0,0,0,0,0,1,0,0,0,0,1,1,1,1,1,0,0,1,0,0,1,0,1,1,0,0,0,1,0,1,0,1,0,0,1,1,0,1,0,1,0,1,0,1,1,0,1,1,1,0,0,1,1,0,0,0,1,0,0,0,0,0,1,0,0,0,0,0,0,0,1,-0.033200165,-0.099699151,-0.07675742,-0.220398016,-0.038970548,-0.055442512,-0.112457142,-0.10524005,-0.163201472,-0.08829706,-0.455746564,-0.066457331,-0.570161406,-0.661000885,-0.315699592,-0.846714982,-0.393849713,-0.793717193,-0.203645088,-0.313983799,-0.938259266,-0.377044314,-0.54081252,-0.857695563,-0.594221463,-1.00053045,-2.850373856,-3.137943459,-1.448744642,-4.129826086,-0.58596128,-0.286991347,-2.025826407,-0.864405577,-0.93955129,-0.803317904,-6.342914239,-2.467924761,-0.731264805,-0.773132798,-1.628937309,-3.824683554,-2.988383559,-8.145707264,-4.369550261,-2.528505353,-1.852316319,-5.251152502,-4.083811829,-8.335201086,-4.402677403,-3.168886548,-4.831124725,-4.19663735,-4.126640496,-3.788746807,-1.601514053,-1.412520695,-2.33197076,-1.497741509,-1.683710371
1,1,0,0,1,0,1,1,0,1,0,0,1,0,0,1,0,1,0,0,1,0,1,0,1,0,0,1,0,1,0,1,1,1,1,0,1,0,1,1,0,1,0,0,0,0,1,1,1,1,0,0,1,1,1,1,1,0,1,1,0,0,1,1,1,0,0,1,1,1,0,0,0,1,1,0,1,0,1,0,0,1,1,1,0,0,1,1,0,1,0,1,1,1,0,0,1,0,0,0,-0.110484194,-0.084314497,-0.048623367,-0.035115337,-0.024255272,-0.020013838,-0.021363958,-0.049826276,-0.303966573,-0.343721604,-0.208849091,-0.173630932,-0.173669593,-0.217363649,-0.176500528,-0.137461919,-0.113678993,-0.117763679,-0.128304834,-0.143617615,-0.164386776,-0.197930685,-0.225338211,-0.278799174,-0.339563227,-0.561786458,-0.97492859,-2.35412745,-13.20354062,-1.557253321,-0.834527336,-0.879035587,-0.943969999,-0.966002656,-0.800689652,-0.744282912,-0.880917403,-1.25249025,-2.109480096,-1.708397518,-1.090088919,-0.577168914,-0.421349269,-0.450540813,-0.717924692,-5.250031187,-1.986594979,-0.814763336,-0.638705041,-0.595383904,-0.580158945,-0.603214559,-0.640390854,-0.69008239,-0.782319806,-0.948479253,-1.487580196,-3.546720683,-1.955724016,-0.89696021,-0.704559908
0,1,0,0,1,1,1,1,0,0,0,1,0,0,0,0,1,1,0,0,1,0,0,1,0,1,0,1,1,1,0,1,0,0,1,1,1,1,0,0,0,1,0,1,1,0,1,1,1,0,0,1,0,0,0,1,1,1,0,1,0,1,1,1,0,0,0,1,1,0,0,0,1,0,0,0,1,1,0,1,0,0,0,0,0,0,1,1,0,0,1,0,1,0,1,0,0,1,1,0,-0.013887911,-0.013253823,-0.03087163,-2.312156976,-0.031297012,-0.021490572,-0.129038664,-0.122064566,-1.700688907,-0.301655547,-0.243471624,-0.302969432,-16.44702095,-1.71138028,-0.217972964,-0.22813055,-4.671479654,-0.500881214,-0.714957678,-0.561557642,-2.057328918,-0.44430722,-1.332318779,-0.260715729,-0.46451915,-5.240693171,-1.00780118,-0.725049423,-4.883519528,-0.947991378,-5.522688523,-5.096395152,-1.021739458,-0.338932192,-0.691184103,-0.619884049,-0.37732282,-1.26681794,-0.4587779,-0.428751181,-0.527744989,-0.832494325,-1.605069784,-3.510592336,-3.767288541,-1.587570106,-2.146195634,-1.567469586,-1.513763075,-1.756794135,-0.748567778,-0.788084526,-0.862283525,-1.02011861,-1.178625616,-1.802132976,-4.241066974,-13.63788991,-4.5343912,-2.635605573,-1.383746109
0,1,1,0,1,1,0,0,1,0,1,0,1,1,1,1,0,1,1,0,0,1,0,0,0,0,0,0,0,0,1,0,1,1,1,1,0,1,1,0,1,1,0,0,0,1,1,1,0,1,1,0,0,0,1,0,0,0,1,0,1,1,1,0,0,0,1,0,1,1,0,1,1,1,1,0,1,1,1,1,1,1,0,0,0,1,1,0,0,1,0,0,0,0,1,1,1,0,1,0,-0.046677114,-0.042752676,-0.10071949,-0.043019952,-0.038411205,-0.093416456,-0.25725723,-0.146856643,-0.055371656,-0.076591053,-0.346792447,-0.317311722,-0.096866157,-0.110661068,-0.202685363,-1.743918805,-0.065933707,-0.073267726,-0.244109988,-0.388530804,-0.205951108,-0.266558998,-2.841096532,-0.796857722,-0.207921148,-2.293867664,-0.948090335,-2.082948326,-4.124274328,-1.955568992,-0.828888958,-0.495393974,-0.532971393,-3.084958714,-4.228288657,-5.369887269,-1.419835138,-0.789517262,-0.368114832,-0.351199276,-0.808533844,-0.63288148,-1.112272996,-0.860126364,-0.559462286,-0.311811732,-0.443402424,-1.026976513,-1.612611209,-9.126065137,-20.4200818,-3.519137897,-5.744959338,-10.57620911,-2.115469598,-0.819373891,-0.837149828,-2.128016408,-1.491533734,-1.591288647,-3.422109599
1,0,0,0,0,1,1,0,1,0,0,0,0,1,1,0,0,0,0,1,0,0,1,1,0,1,0,1,0,1,0,0,0,0,0,0,1,0,1,1,0,0,1,1,0,1,1,1,1,1,1,1,0,0,0,1,0,1,0,0,0,0,1,0,0,1,1,0,1,1,1,1,1,0,1,0,1,0,1,1,1,1,0,0,1,1,1,0,1,0,1,0,1,0,1,0,0,0,0,0,-0.01045981,-0.014451703,-0.021651374,-0.031417215,-0.060341422,-0.053822073,-0.034184756,-0.049236804,-0.094855815,-0.224207225,-0.61700957,-0.871944078,-0.477392082,-0.269871862,-0.18062791,-0.135901239,-0.110495167,-0.095164256,-0.084801592,-0.079217618,-0.070154954,-0.068201383,-0.063630711,-0.060302878,-0.060442435,-0.058179286,-0.067952653,-0.255282845,-0.094424304,-0.070614255,-0.083039989,-0.106540356,-0.143021046,-0.207778108,-0.354458413,-0.885290357,-6.981835661,-1.797546559,-0.443830733,-0.24942803,-0.200547748,-0.207821739,-0.213872056,-0.227787855,-0.234048462,-0.261743211,-0.28211874,-0.317297742,-0.345796921,-0.36670615,-0.468381863,-0.676390664,-1.732299687,-11.65115544,-3.76555021,-2.257927461,-2.02819485,-2.378240165,-1.959231049,-1.825693982,-2.107554198
0,0,1,0,0,0,0,1,0,1,1,0,0,1,0,1,1,0,1,1,0,0,0,0,1,0,0,1,1,1,0,0,0,1,1,1,1,0,0,0,1,0,1,1,1,0,1,1,0,0,1,1,1,0,0,1,1,1,0,0,1,0,1,1,0,0,0,0,1,1,1,0,1,1,0,1,1,1,0,1,1,0,1,1,0,1,0,0,0,1,1,0,1,1,0,0,0,0,1,1,-0.002905715,-0.003568291,-0.004256739,-0.005614146,-0.006377107,-0.008016783,-0.009971978,-0.012342741,-0.015150828,-0.018446833,-0.023143135,-0.020012869,-0.024808423,-0.028501204,-0.03173319,-0.03605706,-0.041172636,-0.046844909,-0.067586178,-0.061484446,-0.065440001,-0.070610313,-0.075281712,-0.078829281,-0.083624999,-0.103227592,-0.106326266,-0.10770595,-0.1233078,-0.131842486,-0.138374418,-0.145660834,-0.149311962,-0.150384513,-0.152051709,-0.15342444,-0.143540157,-0.148272831,-0.150209878,-0.133072634,-0.13229675,-0.129681389,-0.12815137,-0.126981577,-0.132111134,-0.132828551,-0.136146873,-0.141249808,-0.153665911,-0.154184544,-0.175161084,-0.171646347,-0.178251276,-0.174689132,-0.183711416,-0.217972206,-0.223512775,-0.246819317,-0.282033928,-0.326971721,-0.351957566
1,1,1,0,0,0,1,0,1,0,0,1,1,1,0,1,0,0,1,0,0,1,0,1,0,0,1,0,0,0,0,1,1,0,1,1,0,0,1,0,1,0,1,0,0,1,0,1,1,0,1,1,0,1,0,1,1,0,1,1,1,0,1,0,1,1,1,0,1,0,1,0,1,0,1,1,1,1,1,0,1,0,1,0,0,0,1,1,1,0,0,1,1,1,1,0,1,0,0,1,-0.696966904,-0.037862376,-0.023813479,-0.024312145,-0.026714175,-0.052923053,-0.267181896,-0.115952521,-0.156333102,-0.698663772,-2.237266949,-0.20429143,-7.766456112,-3.31858053,-0.329893922,-0.419832298,-0.24845529,-0.602628586,-0.286969185,-1.145049149,-0.065801018,-0.180263653,-0.069086222,-0.093919707,-0.274468485,-4.351677588,-5.356400308,-0.434103989,-0.982773885,-2.354004861,-1.330481615,-0.571825757,-0.897155581,-0.800738925,-0.494188104,-0.900411981,-7.965900092,-1.69632986,-1.482299861,-5.659460713,-2.558627304,-11.88441712,-1.987814288,-1.431834212,-6.354645325,-1.233013808,-2.548267806,-2.818044053,-1.92294979,-1.22507378,-1.441349671,-4.477909388,-1.768941228,-1.673732628,-1.909741605,-5.370756003,-9.467199997,-10.3149091,-4.03564562,-3.512175612,-4.358950199
0,1,0,1,0,1,1,0,1,0,1,1,1,0,0,0,1,0,1,1,1,1,1,1,0,0,0,0,0,1,1,0,0,0,1,1,1,1,1,0,1,0,1,0,0,0,0,0,0,1,0,0,0,1,0,0,0,1,1,0,1,0,0,0,1,0,0,1,0,0,0,1,1,1,0,0,0,0,0,1,1,0,1,0,1,1,1,0,0,1,0,1,0,1,0,0,1,0,1,1,-0.003003991,-0.003620465,-0.003549359,-0.005150868,-0.006830538,-0.007937017,-0.009885637,-0.012260221,-0.014956882,-0.017971459,-0.021094083,-0.024292073,-0.028587799,-0.030458028,-0.033624598,-0.03882641,-0.047577459,-0.035839273,-0.050785926,-0.060225896,-0.065625002,-0.071345958,-0.076569181,-0.084324895,-0.091478779,-0.095296458,-0.108643656,-0.112659344,-0.10690039,-0.128233011,-0.135259174,-0.143916212,-0.149155924,-0.15597355,-0.151896566,-0.152336899,-0.152852131,-0.148283973,-0.144991364,-0.142266721,-0.135864184,-0.135674102,-0.135971851,-0.147184816,-0.127554163,-0.128824348,-0.127136271,-0.137801801,-0.142965231,-0.150300763,-0.158475724,-0.168611722,-0.169560325,-0.178410538,-0.219028981,-0.237868175,-0.256695494,-0.288504763,-0.291501487,-0.290789561,-0.32947867
1,1,0,1,1,0,0,0,0,1,0,0,0,0,0,0,0,0,1,0,0,1,1,0,0,1,0,1,0,0,1,0,0,0,1,1,1,1,0,1,0,1,0,0,0,0,1,0,1,0,1,0,0,0,0,0,1,1,0,1,1,0,0,1,1,1,0,1,0,1,0,1,1,1,1,1,0,0,0,1,0,0,1,0,0,0,0,1,0,0,0,1,0,0,0,0,0,1,1,1,-0.003001873,-0.003574593,-0.004294195,-0.005378333,-0.009742818,-0.007678151,-0.009763351,-0.012337998,-0.014721849,-0.017895143,-0.021109064,-0.032712471,-0.02613288,-0.029935591,-0.053466311,-0.035849741,-0.041783889,-0.047477094,-0.053142631,-0.055166972,-0.065069687,-0.072984463,-0.076234108,-0.082742251,-0.088878564,-0.090560104,-0.10858793,-0.118317335,-0.088526217,-0.132004578,-0.135774712,-0.150362217,-0.148628682,-0.149012292,-0.154468186,-0.152122184,-0.155585019,-0.153787609,-0.149374663,-0.142520719,-0.129778559,-0.119625612,-0.127338469,-0.128207168,-0.128311723,-0.133328518,-0.132052449,-0.138274124,-0.137573056,-0.151292729,-0.16621944,-0.181795962,-0.189811007,-0.190838549,-0.180453977,-0.219379483,-0.238115842,-0.264754156,-0.299346157,-0.301890863,-0.344657993
0,0,1,0,1,1,1,0,1,1,0,1,0,0,1,0,0,0,1,1,0,0,1,1,0,1,0,0,0,1,1,0,0,1,0,0,1,0,0,1,1,0,1,0,0,0,0,0,1,0,1,0,1,1,1,0,1,1,0,0,1,0,0,1,0,0,1,0,1,1,0,1,1,1,1,1,1,1,1,0,0,1,1,0,0,0,1,1,1,1,0,1,0,1,1,1,1,1,0,0,-0.018557854,-0.037181485,-0.116722726,-0.172622296,-0.029534852,-0.023439207,-0.101490708,-0.019893559,-0.025060922,-0.031552938,-0.043224061,-0.050191933,-0.111418038,-3.05477472,-0.686589566,-1.09228018,-0.324616454,-0.138229219,-0.084614127,-0.104793445,-1.18662023,-0.08698579,-0.058956186,-1.129189248,-0.151496469,-0.441898288,-2.583056668,-3.774127886,-1.786748717,-4.065656543,-7.716424225,-2.129570111,-3.300559619,-8.657037019,-0.406594348,-3.878273964,-0.448900137,-0.34779886,-3.18121479,-0.621528261,-1.840985514,-1.028639896,-0.873447044,-0.740938433,-1.140404334,-0.803186511,-0.891764372,-1.014265992,-1.180839544,-1.904658039,-3.122606513,-7.886212952,-11.4750852,-11.41694959,-4.669367779,-3.326553078,-4.049243577,-11.59508532,-6.253331431,-5.374595759,-8.73849461
1,0,0,1,1,0,1,1,0,0,1,1,0,0,0,0,1,0,1,1,1,0,0,1,0,0,1,1,0,1,0,0,0,0,0,0,1,1,1,0,1,0,0,0,1,0,0,0,0,1,0,0,0,1,1,0,1,1,1,0,1,1,0,1,0,0,0,0,0,0,1,1,0,0,0,0,1,1,1,0,0,0,0,0,1,0,1,1,0,0,0,0,0,0,1,1,1,0,0,1,-0.450549973,-0.028731841,-0.093191573,-0.162107984,-0.179306858,-0.069292893,-0.04562085,-0.044735764,-0.111949139,-0.109538815,-0.095273416,-0.298232232,-0.417246408,-0.829010694,-0.869855145,-0.730296073,-30.91104102,-0.200732387,-0.711561477,-0.714920899,-0.123209221,-0.104569215,-0.081897472,-0.090099089,-0.443849461,-1.486796267,-0.201836229,-0.183607653,-0.350795082,-0.418371806,-0.42049566,-1.223312154,-3.076057048,-0.577094373,-3.06662984,-0.531549501,-3.891557867,-4.284816374,-1.847050709,-11.79262863,-3.177646354,-12.62197116,-4.969455541,-2.939768048,-5.390209135,-4.453287935,-4.810279713,-0.572447007,-0.646432798,-0.938171475,-0.522102634,-3.031756545,-1.157954337,-0.957907827,-0.741356805,-1.032011947,-2.583229653,-15.75039481,-3.277054911,-1.144621937,-0.93670378
1,1,0,0,1,0,1,1,1,0,0,1,0,0,1,0,0,0,0,1,0,0,0,1,1,1,1,1,1,0,0,0,0,0,0,0,0,1,1,0,1,0,0,0,1,0,1,0,1,1,0,0,0,0,0,0,1,0,1,1,1,0,1,0,1,1,1,1,1,0,0,0,0,0,0,1,0,0,1,0,0,0,0,0,1,1,0,1,0,0,1,0,0,0,1,0,0,0,0,0,-0.021793149,-0.021202836,-0.008476377,-0.014539937,-0.003579359,-0.041167371,-0.008587903,-0.008296268,-0.01048187,-0.060700406,-0.00919734,-0.01250112,-0.014377115,-0.010027892,-0.015189042,-0.029961811,-0.136322873,-0.122265675,-2.011347876,-0.602088327,-0.593608119,-0.47273415,-0.564207079,-0.36305521,-0.424091524,-0.845043022,-4.314689572,-0.737206543,-6.268502657,-0.139505631,-0.094878881,-0.123436596,-0.119453089,-0.176873034,-0.351622893,-1.838206405,-0.886877223,-0.472070602,-0.307915962,-0.499431225,-4.985756227,-1.06038729,-0.387032197,-2.446330702,-0.510259779,-0.571086046,-4.201221034,-1.708024852,-9.629235671,-5.761567511,-2.521232743,-1.628897859,-1.497327147,-1.539525434,-1.670163737,-1.866282443,-2.242362476,-2.78809832,-3.513246945,-4.250071034,-4.73527725
0,1,1,1,0,0,0,1,1,0,0,0,1,1,0,0,1,0,0,0,1,0,0,0,0,0,1,0,0,1,0,0,1,1,1,0,0,1,1,1,0,0,0,0,1,0,1,1,0,0,0,1,1,0,1,1,0,1,0,1,0,1,1,1,0,0,0,0,0,0,0,1,0,1,0,0,1,0,1,1,0,0,1,1,0,0,0,0,1,1,1,1,0,0,0,1,1,1,0,0,-0.005849454,-0.007038406,-0.007979564,-0.009638208,-0.008568375,-0.012295473,-0.014483942,-0.016982936,-0.020012145,-0.037293296,-0.029710427,-0.025139132,-0.028878894,-0.028610252,-0.030514583,-0.030831044,-0.034715456,-0.029266642,-0.029966034,-0.030924204,-0.031772431,-0.033191124,-0.034160075,-0.035677334,-0.03698992,-0.039748071,-0.045983286,-0.047036263,-0.052702029,-0.064113647,-0.118511441,-0.083249142,-0.08994801,-0.108368124,-0.128344835,-0.159039025,-0.164016737,-0.179026771,-0.1921842,-0.222305959,-0.245649739,-0.267691432,-0.302082225,-0.313167236,-0.334519937,-0.345421534,-0.353831987,-0.37743398,-0.402113229,-0.421424629,-0.396228115,-0.426014783,-0.51073124,-0.584436856,-0.641132065,-0.592770166,-0.608603899,-0.665798198,-0.789069197,-0.86887714,-0.892145818
1,1,1,0,1,0,1,1,0,0,1,0,1,0,0,0,0,1,1,0,1,0,1,1,0,0,1,0,0,0,1,1,1,0,1,0,1,1,1,1,0,0,0,0,0,0,1,0,1,1,0,0,1,1,1,1,1,0,0,1,1,1,1,0,1,1,0,1,1,0,0,1,0,1,1,1,1,1,1,1,1,1,0,1,0,1,0,1,0,0,1,1,0,0,0,1,1,1,0,0,-0.014887433,-0.013825239,-0.021361664,-0.026328567,-0.036819087,-0.065785453,-0.074671188,-0.216778546,-0.496307443,-0.335026957,-0.551307527,-0.403278444,-0.141364379,-2.09601328,-0.063733869,-0.068114972,-0.074645837,-0.094839022,-0.174064146,-1.674697467,-13.17507592,-0.425561558,-0.525226515,-1.012666535,-1.164543094,-2.453883685,-0.633584282,-0.262504105,-5.757893383,-0.178709247,-0.158885853,-0.129479387,-0.134270847,-0.208705742,-0.267337343,-1.195807621,-7.276921069,-3.449370137,-4.74043922,-3.710022223,-3.024553317,-1.821367067,-1.659143739,-1.570056522,-7.366258204,-0.626868944,-0.386475795,-2.361921772,-0.506759473,-0.411339735,-0.277324398,-0.281575095,-0.300690067,-0.317889613,-0.473928275,-1.807427548,-3.437469229,-3.482225246,-8.592331964,-6.130809247,-16.5143181
1,1,1,0,1,0,1,1,0,0,0,0,0,1,1,0,1,1,1,1,0,1,1,0,1,0,0,0,1,0,1,0,1,0,0,0,0,0,0,0,1,0,1,0,1,0,1,1,0,1,0,0,0,0,0,1,0,0,0,0,0,1,1,0,1,1,0,0,0,1,0,1,1,1,1,1,0,1,1,0,1,1,0,0,0,1,1,0,1,0,0,1,0,1,0,0,1,0,0,1,-0.039201981,-0.040545819,-0.046337269,-0.10114402,-0.06413324,-0.087407392,-0.174952962,-0.190084112,-0.403722492,-0.201118705,-0.14079883,-1.025328328,-0.235626706,-35.50285069,-0.441166124,-0.518137545,-0.291455949,-0.189495328,-0.183190805,-0.160852595,-0.152723174,-0.169914373,-0.235461763,-0.423297252,-3.102457809,-0.705692982,-0.532321766,-1.540034081,-9.419302661,-6.320632332,-1.617359094,-5.453711289,-4.329065271,-6.773715235,-8.938209246,-3.761926668,-2.173769394,-1.394786973,-1.132438942,-0.923141996,-0.720322473,-0.741610201,-0.597183273,-0.511523099,-0.504153209,-0.498119766,-0.683395098,-1.092530132,-0.847084589,-0.685679886,-0.380318131,-0.348761528,-0.520251984,-1.016537732,-0.540244214,-0.369707865,-0.33139222,-0.430494305,-0.477141088,-0.400930682,-0.444827886
1,1,1,1,0,0,1,0,1,1,0,1,0,1,0,1,0,0,0,1,1,1,0,1,1,1,1,0,0,1,1,1,1,1,0,1,1,1,0,1,0,0,0,1,1,0,0,0,1,1,0,0,0,1,1,0,0,0,1,0,1,0,0,1,1,1,0,1,1,1,0,0,0,1,0,0,1,1,0,1,0,0,1,1,0,0,1,0,1,0,0,1,0,1,1,0,0,1,0,0,-0.003012627,-0.003578769,-0.004325607,-0.005317011,-0.006652376,-0.007592502,-0.010074568,-0.012297552,-0.014978537,-0.018092976,-0.021293664,-0.024476554,-0.028834505,-0.029167205,-0.030086058,-0.03598428,-0.041591202,-0.048204994,-0.05429329,-0.059170857,-0.06518021,-0.070744288,-0.076706088,-0.081086362,-0.087949189,-0.095084557,-0.104774082,-0.113625979,-0.120610764,-0.132064699,-0.137354715,-0.145650127,-0.153578013,-0.160315696,-0.159245431,-0.15751311,-0.159560166,-0.153508656,-0.152821203,-0.149784985,-0.122299132,-0.12730038,-0.126372653,-0.126451343,-0.127265968,-0.13428977,-0.126321843,-0.139265204,-0.144799015,-0.144816294,-0.152963504,-0.166595897,-0.1856359,-0.223104575,-0.202528976,-0.222117724,-0.255822819,-0.271605246,-0.304412506,-0.317248109,-0.327115273
1,1,1,0,0,0,0,0,0,1,0,1,1,0,1,0,0,1,1,0,1,0,0,1,1,0,0,1,0,1,0,0,0,0,1,1,1,0,0,1,0,0,0,1,0,0,0,0,1,0,1,1,1,0,0,0,0,1,1,0,0,1,1,1,0,1,0,0,0,0,0,0,0,0,0,1,1,1,1,1,0,1,0,0,1,0,0,1,1,0,1,0,1,0,0,0,0,0,1,0,-0.005427278,-0.118435656,-0.011852781,-0.008485105,-6.653859366,-0.014313471,-0.031791827,-0.051497033,-0.12649754,-0.397225418,-0.91039973,-0.532265856,-0.191576954,-0.134654234,-0.117212987,-0.120949382,-2.007916592,-2.563905768,-0.298426481,-0.451830296,-0.14209687,-0.048137319,-0.086030351,-0.360555893,-0.113446702,-0.161266606,-0.311338541,-2.728409905,-2.49178172,-1.98347294,-0.909971436,-0.688336174,-2.962942453,-0.616035939,-0.575000534,-3.165870758,-3.946035316,-2.142207662,-1.15016774,-4.060184953,-4.941349216,-1.264428477,-9.004478895,-1.981055284,-1.138988878,-0.456679096,-0.555296419,-0.325547553,-0.358090641,-0.415046307,-0.527498951,-0.849575878,-3.320534021,-3.981937533,-6.215328942,-1.367399752,-1.162296429,-0.598283731,-0.475026002,-0.474185215,-0.548685449
0,0,0,0,1,0,1,0,0,1,1,1,1,1,0,1,0,0,1,1,1,0,0,1,0,0,1,0,1,0,1,1,1,1,0,1,0,0,1,0,1,1,0,1,0,0,0,1,1,1,1,1,1,0,0,1,0,0,1,0,1,1,1,1,0,0,0,0,0,1,0,0,1,1,1,1,1,0,0,0,0,0,1,1,1,1,1,1,1,0,0,1,0,0,0,1,1,0,0,0,-0.002978079,-0.003547159,-0.004340925,-0.005230649,-0.006482327,-0.008082755,-0.00992478,-0.011214621,-0.015173368,-0.017199491,-0.020853889,-0.023792364,-0.024849215,-0.02968611,-0.032499237,-0.037595761,-0.0429918,-0.048959904,-0.055446725,-0.062305237,-0.071837071,-0.057567773,-0.072883854,-0.080203982,-0.087268353,-0.095838548,-0.102008316,-0.12876797,-0.117805928,-0.12577503,-0.143617023,-0.148938609,-0.144051991,-0.147863913,-0.15054014,-0.151711413,-0.151461022,-0.149518552,-0.146437367,-0.143503848,-0.135741067,-0.132603025,-0.129123163,-0.129520099,-0.133992751,-0.135784984,-0.129860382,-0.142867365,-0.152359392,-0.161197653,-0.173698304,-0.172803551,-0.195136571,-0.198337998,-0.213456765,-0.211568235,-0.207852313,-0.227626581,-0.255286472,-0.279386486,-0.363888371
1,1,0,1,1,0,1,0,0,1,1,0,1,1,0,1,1,1,0,0,1,1,1,0,1,1,0,1,0,1,0,0,1,1,1,0,1,1,0,1,0,0,0,0,1,0,1,1,1,0,0,0,1,0,0,0,1,1,1,1,0,0,1,1,0,0,1,0,1,0,0,0,0,1,0,0,0,0,0,0,0,1,1,1,0,1,0,0,1,0,1,1,0,0,1,1,0,0,0,0,-0.003027466,-0.003480813,-0.004369888,-0.005231896,-0.006554674,-0.008357117,-0.009838105,-0.0122821,-0.015074326,-0.018171659,-0.021549082,-0.026196353,-0.025033512,-0.029004819,-0.03347655,-0.036682891,-0.04218235,-0.048575083,-0.061952246,-0.058095364,-0.066408105,-0.071154772,-0.077948101,-0.10891748,-0.084802633,-0.094433895,-0.10468003,-0.114981054,-0.120256079,-0.121045885,-0.132043793,-0.145833141,-0.16320517,-0.155571158,-0.148999087,-0.151818016,-0.160328458,-0.14036088,-0.142180272,-0.135525358,-0.119297406,-0.127961521,-0.130757359,-0.122874094,-0.123435763,-0.134960989,-0.137091651,-0.137260951,-0.150611694,-0.159447412,-0.168568662,-0.174464712,-0.18076372,-0.198425533,-0.214395218,-0.231111499,-0.241761001,-0.268700946,-0.278176795,-0.316262703,-0.332151387
1,1,0,1,0,1,0,1,1,0,0,1,0,1,0,0,0,0,0,1,0,1,1,1,1,0,1,1,0,1,1,0,0,1,0,0,0,1,0,1,1,0,0,0,1,1,0,0,1,0,1,1,1,0,0,0,0,1,1,0,0,0,0,0,0,0,1,0,1,1,1,0,1,0,0,0,1,1,0,0,0,0,0,0,0,1,1,0,1,0,1,0,1,1,0,1,1,0,0,1,-0.032892657,-0.097513512,-1.819884851,-0.020129801,-0.031624913,-0.457019621,-0.069453113,-0.023093978,-0.031256755,-0.044752374,-0.108493165,-0.079788683,-0.116939082,-0.364469139,-0.748722349,-0.69685799,-11.24311251,-0.946796092,-1.646166616,-0.423616679,-0.899602108,-4.082681376,-1.540711798,-0.832419107,-0.486562787,-0.395809544,-0.321940744,-0.173202471,-0.147463741,-0.127106341,-0.133559973,-0.391984049,-0.448698493,-2.31531644,-3.822050793,-0.877150539,-0.625444249,-0.668759724,-1.225824056,-0.962478662,-0.90432568,-1.383922192,-1.34296673,-1.752512674,-2.195785569,-2.666231857,-1.790757626,-1.27243451,-1.331892151,-1.49963302,-9.477514327,-7.499511192,-12.836697,-5.781416328,-4.577499875,-1.937514881,-1.467238223,-1.382263773,-1.380138413,-1.611050269,-2.208018743
1,0,1,0,0,0,1,0,0,1,1,0,1,0,1,1,0,1,0,1,0,0,0,1,0,1,0,1,0,0,1,0,1,0,1,0,0,0,1,0,0,0,1,0,0,0,1,0,1,1,1,0,0,0,1,1,1,1,1,1,1,1,0,1,1,1,0,1,0,0,0,1,1,0,0,0,0,1,0,0,0,0,1,1,1,0,1,1,1,0,1,1,0,0,1,1,1,0,0,0,-0.002981525,-0.00353949,-0.004269705,-0.005276807,-0.006448245,-0.008197605,-0.010049178,-0.012374761,-0.015996647,-0.017988064,-0.021019048,-0.024150866,-0.026878192,-0.028468298,-0.033627882,-0.037711071,-0.060744661,-0.048345216,-0.054164818,-0.060381603,-0.066106203,-0.07179709,-0.077301316,-0.081957903,-0.089230545,-0.095904296,-0.106249791,-0.112999838,-0.122661672,-0.1305619,-0.133674039,-0.1306689,-0.140420209,-0.148975053,-0.153810129,-0.157397491,-0.156026788,-0.158235873,-0.151072796,-0.140095486,-0.1373708,-0.13165926,-0.127393836,-0.132403847,-0.129283596,-0.126070415,-0.114639755,-0.128054262,-0.102218644,-0.164455189,-0.175422123,-0.185389016,-0.17264329,-0.194475903,-0.203733931,-0.199812776,-0.239151987,-0.270755695,-0.290592558,-0.314845012,-0.342108226
0,1,1,1,0,1,1,1,1,1,0,0,1,1,0,0,1,1,0,0,0,1,1,1,0,0,0,1,1,1,1,1,0,0,1,0,1,1,1,0,0,0,0,0,1,1,0,0,1,1,0,1,1,1,0,1,1,0,1,0,1,0,0,0,1,1,0,0,1,1,1,0,1,1,1,1,0,1,0,1,1,0,1,0,0,0,1,1,1,0,0,1,1,1,0,1,0,0,0,1,-0.063409833,-0.031763653,-0.029721763,-0.028783678,-0.026493652,-0.083365222,-0.30629547,-0.247942055,-0.390257317,-0.718434007,-0.169408358,-0.084737875,-0.087742266,-0.14273547,-0.677560847,-0.352066264,-0.042901245,-0.031476822,-0.057378496,-2.635862437,-0.159898258,-0.202727733,-0.019981681,-0.018368247,-0.020210653,-0.051624503,-0.025939691,-0.031223968,-0.041239818,-0.095019255,-0.115604521,-0.402501724,-4.220601052,-0.481393264,-0.269588738,-0.225189492,-0.227524059,-0.269828569,-0.460997452,-5.237200351,-2.150690233,-0.658927996,-3.815738174,-0.356062145,-0.346240398,-0.407063383,-0.544475844,-2.257654073,-2.042552638,-2.920746082,-0.877853368,-0.641072546,-0.409313101,-0.371927276,-0.346195222,-0.328723031,-0.383215137,-0.457938079,-0.806641569,-0.498012049,-0.499687471
1,0,0,0,0,0,0,0,1,1,1,0,1,1,1,1,1,0,0,1,1,0,0,0,1,1,0,1,1,0,1,1,1,1,1,0,0,0,0,1,1,1,0,0,0,1,0,1,1,1,0,0,1,1,0,0,1,1,0,1,1,0,0,0,1,0,0,0,0,0,0,1,0,1,0,1,0,0,0,0,1,1,1,0,1,1,0,1,0,1,1,1,1,0,0,1,1,1,1,1,-0.002912471,-0.003492357,-0.004586078,-0.005271154,-0.006516866,-0.010773348,-0.009829695,-0.012232622,-0.015014905,-0.018216522,-0.021443848,-0.025495873,-0.014240791,-0.029365515,-0.031534337,-0.036277458,-0.041517033,-0.047763398,-0.054071964,-0.061200878,-0.068191243,-0.070374658,-0.07863157,-0.084343423,-0.094170383,-0.091657462,-0.106997613,-0.107319014,-0.116131339,-0.128815809,-0.13961408,-0.156224755,-0.137213254,-0.145853842,-0.150389831,-0.153951613,-0.15177515,-0.151694598,-0.137833177,-0.139787555,-0.151359597,-0.1312722,-0.126671715,-0.124241174,-0.122825798,-0.13087467,-0.130567592,-0.144037776,-0.126136802,-0.138699008,-0.151523747,-0.164490041,-0.180461694,-0.190151306,-0.21292357,-0.214824516,-0.236417631,-0.262676735,-0.303104765,-0.336638454,-0.372737272
1,0,1,1,1,0,1,1,1,0,0,0,1,0,0,0,0,0,1,1,0,1,0,1,0,1,0,0,1,0,1,0,1,1,0,1,1,0,1,1,0,0,1,0,1,1,1,1,1,0,1,0,0,0,1,1,0,0,0,1,1,0,1,0,1,0,1,1,1,0,1,0,1,1,0,1,0,1,0,0,1,0,0,1,1,1,1,1,1,0,1,0,0,0,0,0,0,0,0,1,-0.418554502,-0.014757677,-0.008444528,-0.176883034,-0.024899889,-0.210927566,-0.351345054,-0.062113915,-0.042785647,-0.052058891,-0.158648543,-0.425664238,-1.180046152,-0.25274198,-0.190131973,-0.042495223,-0.071444523,-0.170597107,-0.295910921,-1.405474548,-0.415261347,-5.051269903,-0.300147735,-0.473864207,-1.031283021,-0.930055199,-2.111289958,-2.42517749,-1.60844552,-1.863355938,-1.001653496,-0.480761982,-0.386678986,-0.700092331,-1.199726041,-0.569594332,-1.018461867,-2.646661703,-3.109431209,-1.280321704,-0.985809417,-5.722973781,-1.362444179,-6.150475193,-5.993740114,-17.37048147,-2.853424973,-1.53274634,-0.960244606,-0.765770462,-0.668624027,-0.678349356,-1.192423781,-2.732262929,-1.053364502,-0.685165636,-0.797513808,-0.862667387,-1.131199985,-2.28357685,-5.749834508
0,1,1,1,0,1,0,0,1,0,1,1,1,1,1,1,1,0,1,1,0,0,0,0,0,1,1,0,1,0,1,0,0,0,1,1,0,0,1,0,1,1,1,1,0,1,1,1,0,1,1,1,1,1,0,1,0,0,1,1,1,0,0,0,1,0,1,1,0,1,0,1,1,1,1,1,1,0,0,1,1,0,0,0,0,1,0,0,0,0,1,1,1,0,0,0,0,0,0,0,-0.051812076,-0.056882117,-0.173175458,-0.047705923,-0.161095363,-0.072511552,-0.51350016,-0.317369172,-0.179603484,-3.069429395,-0.184287457,-0.060565145,-0.182641284,-0.718107681,-0.513285731,-0.233969876,-0.101595215,-0.233967103,-0.099063614,-0.439000875,-0.11250145,-0.407758634,-3.296102776,-0.366271521,-0.207432208,-1.212032266,-2.192143856,-0.136831864,-0.147104304,-0.14608886,-0.140222772,-0.180113316,-0.2780496,-0.296490462,-0.552428988,-2.03282946,-2.627794912,-11.08736672,-9.808556499,-1.788132206,-1.057614016,-1.47222546,-0.354227797,-2.027272038,-0.425852206,-0.271274586,-0.436515442,-5.757228716,-1.219002254,-2.51222713,-0.848149261,-0.47149817,-0.545475066,-0.486745222,-1.739120488,-0.342913619,-0.25056907,-0.267820541,-0.645046448,-0.892772915,-1.797365969
1,0,0,0,1,1,0,1,0,1,1,1,1,0,1,1,1,1,0,0,1,1,0,1,1,1,1,1,1,1,0,1,1,0,1,1,1,0,1,0,1,0,0,1,0,1,0,0,0,0,0,1,1,1,1,0,0,0,0,1,0,1,0,0,1,1,1,0,0,0,0,0,0,1,1,0,1,1,1,1,0,1,0,1,0,0,0,1,0,0,0,1,0,0,1,1,1,1,0,0,-0.002943718,-0.003499037,-0.00422434,-0.005153223,-0.006627181,-0.008016968,-0.009895663,-0.012519027,-0.015041586,-0.018084793,-0.021096536,-0.023975629,-0.026656141,-0.029499942,-0.032381388,-0.036577974,-0.050722453,-0.051869804,-0.052943861,-0.060361163,-0.065687638,-0.071159381,-0.076341428,-0.082881965,-0.086675668,-0.093973514,-0.103811412,-0.112095179,-0.121164478,-0.129171045,-0.136928574,-0.142492201,-0.15058274,-0.14988069,-0.158545365,-0.154829322,-0.158191078,-0.14622779,-0.142557214,-0.137172227,-0.136722359,-0.136431975,-0.127420228,-0.125603914,-0.123333288,-0.127141066,-0.132881937,-0.137331776,-0.143387938,-0.152545055,-0.165267281,-0.170752009,-0.166305652,-0.177067626,-0.191979386,-0.242606513,-0.282209551,-0.256381078,-0.290810002,-0.315886766,-0.356353821
0,1,0,0,0,0,1,1,0,0,0,1,1,0,0,1,1,1,0,1,1,0,1,0,1,1,1,1,1,0,0,1,1,0,1,0,1,1,0,1,0,0,0,1,0,0,1,0,1,0,1,0,0,1,0,0,1,0,1,0,1,0,1,0,0,1,1,1,1,0,1,1,0,0,1,1,1,0,1,0,0,0,1,1,0,1,1,0,1,1,1,0,0,0,0,1,1,1,1,1,-0.002997787,-0.003543969,-0.004303236,-0.005270813,-0.006523642,-0.008134318,-0.010140296,-0.012903048,-0.014797922,-0.018006555,-0.021225566,-0.024461741,-0.020204456,-0.028497094,-0.032147602,-0.036347413,-0.040936204,-0.048259915,-0.053059932,-0.060344004,-0.071785262,-0.074257165,-0.078626543,-0.082488243,-0.087490996,-0.092840321,-0.100715946,-0.116526075,-0.120575093,-0.132191603,-0.133139836,-0.147429803,-0.148757609,-0.150471827,-0.152278772,-0.152880865,-0.152457607,-0.145315428,-0.152802511,-0.145851118,-0.138745991,-0.132517457,-0.131316266,-0.129752969,-0.128378976,-0.126395268,-0.133538265,-0.139252348,-0.138731988,-0.153693932,-0.163766358,-0.16792811,-0.181639398,-0.191341508,-0.2277666,-0.194514197,-0.230803113,-0.258689195,-0.242594474,-0.339598507,-0.363126059
0,0,1,1,0,1,1,0,0,0,0,0,1,1,0,1,0,1,0,0,0,1,0,0,1,1,1,0,0,0,1,0,0,0,0,1,1,1,1,1,0,0,1,1,0,0,1,1,1,1,1,1,0,1,1,0,1,0,1,0,0,1,1,0,1,1,0,0,0,0,0,1,0,0,1,0,0,1,1,1,1,0,0,1,1,0,1,0,0,0,0,1,0,1,0,1,0,1,0,0,-0.02072682,-0.040826565,-0.077500019,-0.267900564,-0.15638849,-0.0741601,-0.062447188,-0.088008883,-0.040285715,-0.060708641,-0.069309173,-0.090865813,-0.117792518,-0.204832919,-1.494021907,-1.578364894,-0.488468622,-0.575543418,-0.980453479,-1.341559025,-0.401977931,-0.438100752,-0.384629674,-0.305292031,-0.244217902,-0.203509245,-0.181664069,-0.201622646,-0.305534207,-0.247306776,-1.505183409,-0.717369709,-13.7848125,-1.246637067,-6.231511597,-0.392256147,-1.080571695,-0.34845526,-0.342905165,-0.378215812,-0.304279066,-0.358341725,-0.456963471,-0.788306704,-1.21998697,-8.762003517,-7.545230538,-3.213502819,-3.808551679,-8.414363391,-7.239734157,-3.188332604,-2.39118417,-1.807819614,-1.621260956,-1.603045708,-1.701924953,-1.971683167,-2.23632787,-3.010212436,-3.285511691
0,0,1,1,1,0,0,1,1,0,0,0,0,0,0,0,0,0,1,0,1,1,1,0,1,1,0,1,0,1,1,0,0,1,1,1,1,1,1,0,0,1,0,0,0,1,0,1,0,1,1,0,1,1,0,1,1,0,1,1,0,0,0,1,1,0,0,0,1,1,0,1,1,0,1,0,0,1,0,0,1,0,1,1,1,1,1,1,0,0,0,1,0,1,1,1,1,1,0,0,-0.002988051,-0.003548648,-0.004290823,-0.005249794,-0.006548041,-0.008036898,-0.010016107,-0.012278651,-0.015069779,-0.018126818,-0.020270171,-0.023833131,-0.026568272,-0.028694129,-0.033963449,-0.037861454,-0.043035623,-0.049147214,-0.056280952,-0.071244127,-0.062857128,-0.068097688,-0.079604495,-0.076014647,-0.085342282,-0.09272422,-0.099551163,-0.09599613,-0.118129954,-0.129990931,-0.141023422,-0.145051892,-0.156659282,-0.150932142,-0.156746459,-0.154049068,-0.151616498,-0.151887641,-0.146950681,-0.141642989,-0.137432976,-0.132040546,-0.128202282,-0.131556934,-0.128842389,-0.131923189,-0.140041292,-0.150643902,-0.150369856,-0.154267055,-0.163284364,-0.169863509,-0.179161655,-0.183182923,-0.212895443,-0.234438845,-0.245465514,-0.29020867,-0.250141041,-0.298242999,-0.355001861
1,1,1,1,1,0,0,1,0,0,0,0,0,0,1,0,1,1,1,1,0,1,1,1,1,0,0,1,0,0,1,1,1,1,1,1,0,0,1,1,1,1,1,0,1,0,0,0,1,1,0,0,1,1,0,0,0,0,0,0,1,1,0,0,0,0,0,1,1,1,1,0,0,1,0,0,0,0,0,1,1,0,1,1,0,1,0,1,1,0,0,0,0,1,1,1,0,0,1,1,-0.127527594,-0.02367202,-0.071631618,-0.020333571,-0.037147176,-4.267071354,-0.169675989,-0.051582778,-0.07602726,-0.404765283,-0.10604849,-0.303555169,-1.322929657,-0.261560934,-0.175492376,-0.300841863,-0.455705021,-0.696857411,-1.794665961,-0.613478159,-0.285492399,-0.190067473,-0.207367531,-0.305582388,-7.461234343,-6.871701348,-5.964416883,-8.347269387,-2.585822164,-2.946054373,-1.910540328,-1.28989842,-2.303130761,-9.640112424,-9.293641784,-2.654914593,-1.124895089,-5.685753717,-0.807405338,-1.068595434,-3.228423911,-0.934497851,-3.286395366,-2.908244628,-4.24276379,-2.748765246,-1.12464147,-1.698927612,-6.462698265,-17.84750658,-2.015080495,-1.011986988,-1.206278956,-10.63707486,-0.999838384,-0.500483215,-0.585019259,-0.681896314,-0.966508314,-1.496360681,-2.770376806
1,0,1,0,0,1,0,0,1,0,0,1,0,1,0,1,1,1,0,0,0,1,0,0,1,1,1,1,0,0,0,1,1,0,1,1,0,1,1,0,1,1,0,0,1,0,0,0,1,1,0,1,0,1,1,0,0,1,0,0,0,1,1,0,1,1,1,0,1,1,1,0,0,1,0,0,1,1,0,0,0,0,1,1,1,1,1,0,0,0,1,1,1,1,1,0,1,0,1,0,-0.002987849,-0.00322035,-0.004224471,-0.00526989,-0.0061129,-0.007650754,-0.009477843,-0.012022952,-0.014500732,-0.017666582,-0.020849553,-0.024353382,-0.026115302,-0.031302878,-0.031398056,-0.036816774,-0.042551686,-0.052490944,-0.053870348,-0.060576968,-0.147147685,-0.071048341,-0.080432204,-0.085422366,-0.089315175,-0.097963865,-0.108616432,-0.118128815,-0.079641706,-0.123573338,-0.134526083,-0.140736619,-0.144863332,-0.147212276,-0.151829422,-0.150863515,-0.149654647,-0.149609074,-0.141374718,-0.133998077,-0.132156039,-0.125137906,-0.125818929,-0.12814914,-0.123538878,-0.127608341,-0.137260822,-0.144480309,-0.14211788,-0.14770016,-0.162997144,-0.178525283,-0.179381851,-0.190693983,-0.202688724,-0.214188543,-0.225540582,-0.247367141,-0.272382462,-0.319495786,-0.364625353
1,0,0,0,1,1,0,1,1,1,1,0,0,0,0,1,0,1,1,0,1,0,1,0,0,1,0,1,1,1,0,1,0,1,1,1,0,1,1,1,1,0,1,1,1,1,0,0,1,1,1,1,1,1,1,1,0,0,1,1,1,0,1,1,0,0,0,0,1,1,0,1,1,1,0,0,1,0,0,1,1,0,1,1,1,0,1,0,0,1,0,1,1,0,0,0,0,1,1,0,-0.013909122,-0.014212409,-0.015181411,-0.151441273,-0.412331071,-0.18787049,-0.155946896,-0.141477763,-0.12641066,-0.131608394,-0.164668938,-0.361909433,-3.185520453,-0.208380202,-0.168830853,-0.26567586,-0.541058587,-0.297722331,-0.11557511,-0.077473572,-0.069395344,-0.076561045,-0.100085929,-0.262225007,-2.238009207,-0.368636317,-0.495244535,-5.727268139,-0.96919166,-3.266578399,-2.857368381,-1.070894571,-0.586589289,-0.329456578,-0.349024314,-0.410174826,-0.308328776,-0.392495365,-0.892522793,-0.582121669,-0.545651083,-0.886588638,-3.704859635,-1.859784402,-3.197525186,-2.554118231,-1.503957274,-1.005096712,-2.285311804,-3.380909287,-1.627296529,-1.320176954,-1.570084885,-7.886089194,-5.925451895,-4.640199276,-3.807406108,-10.50573376,-5.767294595,-3.241401904,-2.913604214
0,1,0,1,0,1,0,1,0,1,0,0,1,1,0,0,0,1,0,0,0,1,0,1,1,0,0,1,1,1,0,0,1,1,1,1,1,0,1,0,0,0,1,1,0,0,1,1,0,1,1,0,0,0,0,0,1,0,1,0,0,0,0,1,1,0,0,0,0,1,0,1,0,1,0,0,0,0,1,0,0,0,0,0,0,1,0,1,1,1,0,0,1,1,1,1,1,0,1,1,-0.170202753,-0.140143958,-0.38003147,-0.097326754,-0.177891266,-0.355739107,-1.281043877,-0.270946722,-0.097912142,-0.065087554,-0.208798603,-0.06821511,-0.05400259,-0.063651796,-0.112886207,-1.094816437,-1.403369835,-2.223472383,-2.544813587,-0.340406066,-0.357581214,-0.269778464,-0.464805224,-0.784611333,-1.147285718,-1.348861421,-1.904028829,-1.560014564,-1.682617634,-0.987803427,-1.419254987,-2.864692453,-12.22704488,-1.608581102,-5.465488681,-5.338462418,-5.70956647,-5.666556847,-4.024464474,-1.519281378,-0.971674052,-9.558313003,-3.812055473,-1.363769267,-1.136954469,-1.254646703,-0.962589448,-2.025492115,-4.889128714,-0.639058898,-0.621499916,-0.910303101,-2.928934431,-2.56072316,-1.080624302,-1.922596633,-1.354949111,-0.493040314,-0.516127349,-0.744843673,-2.339922961
0,0,0,1,1,1,0,0,1,0,0,0,1,1,1,1,0,0,1,0,1,0,1,1,0,0,1,1,0,0,0,1,1,0,1,0,1,0,0,1,1,1,0,0,0,1,1,0,1,0,1,0,1,0,0,0,1,0,0,0,1,0,0,1,1,0,1,1,1,0,1,1,1,1,1,0,0,0,1,1,1,0,1,1,0,1,1,1,1,1,1,1,1,0,1,0,0,0,0,1,-0.005941178,-0.007130284,-0.008156032,-0.009430655,-0.011238914,-0.009862228,-0.014208705,-0.017275619,-0.015739477,-0.021133537,-0.024503952,-0.027556852,-0.030388023,-0.028744264,-0.029735864,-0.030293764,-0.033790981,-0.025940397,-0.028231791,-0.029120338,-0.030645932,-0.035084257,-0.032456769,-0.033392578,-0.034120739,-0.034789585,-0.039890292,-0.044120325,-0.051675806,-0.057799731,-0.066325083,-0.077336249,-0.091216093,-0.107644015,-0.134117536,-0.171886067,-0.145668647,-0.165287196,-0.185157125,-0.208118132,-0.237987519,-0.269342756,-0.288611754,-0.309510499,-0.3145749,-0.311274221,-0.376125099,-0.373034745,-0.38280928,-0.399750961,-0.446080431,-0.481408736,-0.507480491,-0.492311348,-0.506427801,-0.568114982,-0.598650943,-0.676127784,-0.697596361,-0.752874468,-0.779766412
1,0,1,0,0,0,0,0,1,0,1,1,0,1,0,1,0,1,1,0,1,1,1,1,1,1,0,1,1,0,0,0,0,1,0,0,1,0,1,1,1,1,0,1,0,1,1,1,0,0,1,0,0,1,1,0,0,0,0,1,1,0,1,0,1,0,1,0,1,0,1,1,0,0,1,0,1,0,0,0,0,0,0,0,1,0,1,0,1,0,0,0,0,1,1,1,1,1,0,1,-0.070883822,-0.382279587,-0.077786064,-0.006166626,-0.016657388,-0.01977152,-0.06709348,-0.225457537,-0.021158833,-0.016338759,-0.163496308,-0.395115992,-0.15373032,-0.050870849,-1.571253164,-0.054183056,-0.189262596,-0.193265339,-0.271589298,-2.897556854,-0.487045385,-0.538386039,-8.536256491,-2.657556956,-1.028425064,-0.58656748,-0.376858845,-0.913858655,-0.355451041,-0.195223466,-0.149784401,-0.490669982,-2.216192854,-0.896907764,-0.229175874,-0.338276607,-0.228758668,-0.313292366,-0.472684451,-0.606561806,-2.371800623,-1.753794288,-6.426948942,-4.85254827,-6.160437908,-2.885430023,-1.206666596,-1.189720482,-6.542884275,-1.125986064,-1.201069306,-0.763468446,-2.341851916,-2.375326072,-3.393226627,-12.44076168,-4.868275415,-5.245840953,-2.941818578,-7.082737508,-6.087903902
0,1,1,0,0,1,1,0,1,1,0,0,0,0,0,1,0,1,0,0,0,1,0,1,0,1,1,1,1,0,1,1,0,0,0,0,0,0,1,0,1,0,0,1,0,0,0,0,1,1,1,0,1,0,1,0,0,1,1,1,1,0,1,0,0,0,0,1,0,1,0,0,0,1,1,0,1,1,1,0,0,0,1,0,1,1,0,0,0,1,0,1,1,1,1,1,1,1,0,1,-0.016243318,-0.012189719,-0.074442952,-0.345648279,-0.212843765,-4.474842132,-0.040529491,-0.028363979,-0.051015445,-0.366591364,-0.070521708,-0.043440417,-0.030621298,-0.082085115,-1.045753068,-0.12816278,-7.374859748,-0.541504582,-1.085007564,-0.997313543,-0.599888334,-0.301665214,-0.27211745,-0.67300796,-0.519360416,-0.238458107,-1.221672352,-2.134444668,-0.767786901,-0.706094251,-2.397848419,-0.354596129,-0.74814995,-8.279421437,-3.0241194,-2.276652245,-0.536328409,-0.880382705,-3.532213201,-3.314391972,-2.913777223,-4.980503325,-1.091342539,-0.534055284,-0.498499397,-1.068299603,-2.354838344,-4.6617773,-4.615982003,-1.667209362,-1.684228302,-9.952632334,-10.83651315,-9.087351589,-11.15857333,-8.371085729,-3.515944572,-1.420994047,-1.864196133,-3.810764486,-5.475506252
0,1,1,0,1,0,1,0,0,0,1,1,0,1,0,0,1,1,0,0,1,0,1,0,1,0,1,1,1,1,0,1,1,1,0,0,1,1,0,0,1,1,0,1,0,0,0,1,1,0,1,0,0,0,1,1,1,1,0,1,1,1,1,0,1,1,1,1,0,1,0,0,1,1,0,0,1,0,1,1,0,0,1,0,0,1,0,1,1,0,1,1,1,0,0,1,1,0,1,1,-0.002634749,-0.003467243,-0.004453545,-0.004938897,-0.006264696,-0.007984911,-0.00878306,-0.011810511,-0.014578687,-0.01758424,-0.021531961,-0.023727594,-0.030627221,-0.028394007,-0.032144538,-0.037256414,-0.041018652,-0.04838723,-0.052220969,-0.059920534,-0.066504225,-0.074113044,-0.073229005,-0.0812023,-0.087564281,-0.098050968,-0.107321579,-0.11901503,-0.115993349,-0.140388354,-0.130558118,-0.131866303,-0.139486435,-0.150166614,-0.148944936,-0.154274109,-0.137140378,-0.149618853,-0.145490838,-0.126278237,-0.137411273,-0.127909639,-0.127741157,-0.128989372,-0.146139196,-0.13331157,-0.129106617,-0.144713168,-0.142824502,-0.183002873,-0.13707465,-0.171030395,-0.161480009,-0.176161529,-0.186348342,-0.209959016,-0.260959411,-0.301437462,-0.322038676,-0.352453614,-0.390597591
0,0,1,0,0,0,1,0,1,0,0,1,0,1,0,0,1,0,1,0,0,0,1,1,1,1,0,0,1,1,1,0,0,1,1,1,0,0,1,1,0,0,0,0,1,0,1,1,0,0,0,0,1,1,0,1,0,0,1,1,0,0,0,1,1,0,1,0,0,1,0,0,0,1,0,1,0,0,1,0,0,0,0,0,0,0,0,1,1,0,1,1,1,1,0,0,0,1,0,0,-0.017352735,-0.018329828,-0.020133834,-0.022793785,-0.026886553,-0.030782351,-0.035379904,-0.044234014,-0.056027241,-0.072334616,-0.094933748,-0.129897043,-0.170806021,-0.237701382,-0.348062862,-0.467472987,-0.59988475,-0.912034615,-2.154547885,-2.299684057,-1.385476747,-1.016823165,-0.963997089,-1.222236966,-2.10445195,-2.905791981,-1.210762973,-0.79449226,-0.607715019,-0.455946455,-0.464109054,-0.567537034,-0.983406952,-3.570153215,-6.773032681,-1.588925429,-1.394377489,-0.83513513,-0.558020413,-0.533763061,-0.607330065,-1.274031977,-6.373743206,-1.448374392,-1.343118469,-2.49313947,-1.837363461,-2.199868599,-3.418735248,-3.883856594,-2.513616683,-2.079408515,-1.966486979,-2.660270659,-5.695846844,-10.55509292,-4.446833216,-2.205510073,-1.500185781,-1.283725539,-1.266669301
1,0,0,0,1,1,0,1,1,1,1,1,1,0,1,1,1,0,0,1,0,1,0,1,0,0,0,1,0,0,1,1,1,0,1,0,1,0,1,1,0,0,1,1,1,1,0,1,1,0,0,0,0,1,1,0,1,0,0,0,1,1,1,1,1,1,0,0,1,0,1,1,1,1,0,1,1,0,1,1,1,0,1,1,1,1,0,1,0,1,1,0,1,0,1,1,0,0,1,0,-0.011303011,-0.00966687,-0.013415798,-0.023740831,-0.072480773,-4.875767316,-0.06779183,-0.044719634,-1.240817668,-0.034376487,-0.0412926,-0.178382603,-0.256082684,-0.082580709,-0.074893861,-0.149757745,-1.047976804,-1.672399407,-0.427333278,-0.26343106,-0.161428114,-0.138111004,-0.128459707,-0.14564135,-0.362310487,-1.596226972,-0.380229636,-0.340384513,-0.790341681,-2.200331548,-2.299265134,-2.793017472,-2.850501423,-3.447023534,-5.975239687,-6.534390481,-5.628374473,-9.428243337,-1.63124808,-4.108502785,-2.561547091,-1.350981676,-2.827628476,-1.947823475,-0.689811848,-0.560201602,-0.550993389,-0.580479462,-0.561125988,-1.156900153,-0.555707688,-0.583575394,-0.629151778,-0.713228617,-1.205113493,-4.630717683,-3.822875485,-1.107592402,-0.776813918,-1.258648582,-1.179253447
1,1,0,0,1,0,1,0,1,1,0,0,1,0,1,1,1,0,0,0,1,1,0,0,1,1,0,1,1,0,1,1,0,1,1,0,1,0,0,1,1,1,1,1,1,0,0,1,0,0,1,1,1,1,1,1,0,0,0,0,0,1,0,0,0,1,0,1,0,0,0,1,0,1,0,0,0,1,0,0,0,1,1,0,1,0,0,0,0,0,0,1,0,1,0,1,0,1,0,0,-0.243961373,-0.088566417,-0.013466553,-0.017762554,-0.01590046,-0.027449029,-0.122796872,-0.021115338,-0.024833635,-0.103459333,-0.061028367,-0.082945559,-0.149801397,-0.641562034,-1.092870912,-0.260403118,-0.517186886,-0.56045589,-0.369742371,-0.25512125,-0.195723169,-0.165333066,-0.134809296,-0.152490696,-0.157881338,-0.176842256,-0.211572621,-0.233243405,-0.346222515,-0.335096551,-0.458515709,-0.533207952,-0.69433421,-0.892392755,-1.161445705,-1.47442332,-2.056643305,-4.650951616,-8.361901481,-2.615549699,-2.096557205,-1.239190127,-1.399708453,-1.514213503,-1.050944541,-0.82979533,-0.786669964,-0.783524761,-0.932528803,-0.650075672,-0.575853673,-0.554697337,-0.769006927,-1.657590001,-1.73799496,-0.697409671,-1.540719383,-0.702965859,-0.549197699,-0.654335311,-0.842250193
1,1,0,1,0,1,0,0,0,0,1,1,0,0,0,1,1,0,1,1,0,0,0,1,0,1,1,1,1,1,0,0,0,0,0,0,1,1,0,0,1,1,0,0,0,1,0,1,0,1,1,1,0,1,0,1,1,0,1,1,1,1,0,1,0,1,0,1,0,0,1,1,1,0,0,0,1,1,0,0,0,1,0,0,1,0,1,1,0,0,0,0,1,1,0,1,0,0,1,1,-0.009773522,-0.006470219,-0.016426751,-0.041393015,-0.133276027,-0.360645526,-0.123585378,-0.183485559,-0.199448048,-0.071757456,-0.050102111,-0.041265118,-0.036035643,-0.034975703,-0.04777771,-0.062658753,-0.11116114,-0.51087141,-0.437285635,-0.757273083,-0.769974425,-0.504207474,-0.330883979,-0.230955964,-0.216267007,-0.168524754,-0.173883376,-1.328872855,-0.195561602,-0.146590701,-0.143665628,-0.215323814,-0.605453251,-0.402657306,-0.35934776,-0.564325362,-0.7276196,-3.287199738,-5.56719165,-1.940248693,-1.868528531,-2.640610683,-3.653144622,-2.678189581,-2.231623656,-4.671427792,-1.226875779,-0.632376902,-0.519407636,-0.618470657,-0.790562885,-0.839314459,-1.244324302,-1.862883023,-2.727418528,-3.964678432,-6.621507993,-4.33570844,-1.878715374,-1.257961974,-1.316169914
1,1,0,1,0,0,1,1,0,1,1,0,0,1,1,1,1,1,0,0,1,1,0,0,1,1,1,1,0,1,0,1,1,0,1,0,1,1,1,1,0,0,1,0,0,1,1,0,1,1,1,0,0,1,1,0,0,1,1,0,0,1,0,1,1,0,0,1,0,1,0,1,1,1,0,0,0,1,0,1,1,1,0,1,1,0,0,1,1,1,1,1,0,1,0,1,1,0,0,1,-0.071974791,-0.250500361,-0.229805144,-0.068538571,-0.067725095,-0.03874772,-0.025200363,-0.144828003,-0.091882557,-0.310549475,-0.097750163,-0.063515069,-0.06989076,-0.089853923,-0.149452681,-0.795842817,-0.151580808,-2.68817123,-0.463676285,-2.449267455,-0.130082061,-0.077279102,-0.105249155,-0.751628733,-2.320432978,-0.441889584,-0.333653832,-1.375285034,-0.369272079,-0.132984284,-0.135224466,-0.155051101,-0.213169625,-0.2651977,-0.416930947,-0.282479021,-0.285698441,-0.526013603,-0.987348815,-5.819591563,-5.888370831,-4.914301714,-5.109707792,-1.587447622,-0.491967576,-0.391867041,-0.569051659,-0.700809262,-0.47774236,-1.17301002,-9.82458898,-2.048500709,-0.936347894,-1.535314902,-3.080331436,-1.00130396,-0.541292275,-1.434708744,-0.647030325,-1.073365403,-1.67885515
0,1,0,1,0,1,0,1,1,1,1,1,0,1,0,0,1,0,1,1,1,0,0,0,1,1,1,1,0,0,0,1,0,1,0,0,0,0,1,0,0,0,1,1,0,0,1,1,0,1,0,1,1,1,0,0,0,0,1,0,0,0,1,0,0,1,0,0,1,1,0,1,0,0,0,1,0,1,0,0,1,1,1,0,0,1,0,0,1,1,1,0,0,0,1,0,0,0,1,0,-0.006131792,-0.008170667,-0.020990256,-0.158217619,-0.168541399,-0.039512401,-0.034785077,-0.042465031,-0.899191009,-0.368786287,-1.377946134,-0.333237674,-0.712233912,-0.541346326,-0.185387517,-0.453011001,-0.201948427,-0.202525071,-0.578206634,-12.22643187,-0.719248545,-0.831089275,-1.417646106,-1.610433393,-1.194953853,-1.776927689,-3.338709357,-3.153731194,-1.853300424,-1.066900387,-0.828670698,-0.841056864,-0.739650348,-0.506677925,-0.273865862,-0.603156165,-0.245772427,-0.282810076,-0.549381656,-1.260958507,-1.641530248,-4.070992169,-1.100870581,-3.868299704,-0.335203028,-0.29134017,-0.285037416,-0.292476255,-0.309398037,-0.321424294,-0.532582516,-0.475128008,-0.589282256,-0.491967862,-0.50042783,-0.600934456,-8.476200466,-1.461305767,-0.954253381,-0.953407499,-1.114079271
0,1,1,0,0,0,0,0,0,1,1,0,1,1,1,1,0,0,0,0,1,0,1,1,1,1,0,1,0,0,0,0,1,0,1,0,1,1,1,1,0,1,0,1,1,1,0,0,0,0,1,1,1,0,0,1,0,0,1,0,0,1,0,1,1,1,1,1,0,0,1,0,1,0,0,1,1,1,1,0,1,0,0,1,1,0,0,1,1,0,0,0,1,0,1,0,0,1,0,0,-0.00247093,-0.003373554,-0.004167878,-0.005229054,-0.006368646,-0.008041574,-0.009963026,-0.015554128,-0.015002658,-0.018261194,-0.020065019,-0.025945334,-0.02401726,-0.028527583,-0.032409353,-0.03817186,-0.040486706,-0.048127843,-0.055499332,-0.064909431,-0.066907435,-0.057791191,-0.074744935,-0.080030958,-0.087532979,-0.095398514,-0.105835839,-0.126188229,-0.105178935,-0.12962753,-0.14136648,-0.143541609,-0.148540639,-0.152798756,-0.17197839,-0.145327341,-0.145201469,-0.164762662,-0.141014015,-0.136829602,-0.132178876,-0.130952777,-0.129846192,-0.129760297,-0.133595245,-0.124521569,-0.12247199,-0.13156014,-0.140131854,-0.150742284,-0.162022085,-0.172250606,-0.189210583,-0.202524915,-0.214962497,-0.228737594,-0.215046863,-0.248260741,-0.260318418,-0.290345903,-0.316599623
0,1,0,1,0,0,1,0,1,1,0,0,1,1,0,0,1,0,1,1,0,0,0,1,0,0,0,0,1,0,1,1,1,0,0,0,1,0,1,0,0,0,0,0,1,1,1,1,1,1,0,1,1,0,1,1,1,1,1,0,0,1,1,1,0,1,0,1,1,1,0,1,0,0,0,0,1,1,0,1,1,1,0,0,1,0,0,0,1,1,1,0,0,0,1,0,0,0,0,1,-0.007894705,-0.006561025,-0.008200453,-0.00867347,-0.552396025,-0.023361014,-0.225460134,-0.097480756,-1.272790456,-0.10905165,-0.039859413,-0.02955853,-0.027622344,-0.024958085,-0.026809854,-0.096719121,-0.025402382,-0.026561029,-0.030657456,-0.044990352,-0.326078546,-0.180198517,-1.523068359,-0.169426437,-0.254488956,-1.356263994,-0.902386675,-1.544578391,-4.689506081,-1.54985517,-1.117484459,-3.559848498,-3.800832592,-0.831053984,-0.58899127,-0.273971686,-0.200289665,-0.136810668,-0.162787255,-0.301879726,-0.578366577,-0.742466147,-3.477465231,-3.487907227,-2.011280302,-1.776604201,-1.813765454,-2.453762589,-1.559572225,-1.984191248,-5.226567515,-6.667061811,-1.374136164,-0.841700408,-0.685375262,-0.634311919,-0.655217186,-0.801427687,-1.250765874,-3.603834896,-6.159846546
0,0,1,1,1,0,1,0,1,1,0,0,1,0,1,1,1,1,0,1,0,0,0,1,1,1,0,1,0,1,0,0,1,1,0,0,0,0,1,1,1,1,1,1,0,0,1,0,1,1,0,0,1,1,1,0,1,1,0,0,0,0,0,0,0,0,0,1,0,0,0,0,0,1,0,1,1,1,1,1,0,0,0,0,1,1,1,1,1,0,1,0,1,1,0,0,1,1,0,0,-0.007269297,-0.017786384,-0.446251141,-0.012688542,-0.014535398,-0.068957962,-0.587109495,-1.159205034,-1.593768801,-0.098854459,-0.148356261,-0.77712431,-0.649127657,-0.208546526,-0.783687057,-0.123251694,-0.460479598,-0.540570481,-0.247895548,-0.161193407,-0.109593562,-0.129259662,-0.717715942,-0.423577306,-3.886505077,-1.899521939,-1.064165502,-0.390631355,-1.370090855,-0.660447685,-1.360740575,-5.602665723,-2.22443336,-1.134044223,-0.506007423,-0.592418815,-3.729880648,-2.936302384,-0.764861239,-4.173214865,-0.273925353,-0.267943892,-2.271273737,-2.730345876,-1.99843164,-0.57444671,-0.843482192,-0.68652577,-2.608699097,-0.718172918,-0.797221329,-0.564728088,-0.85756905,-1.852402878,-0.476238431,-0.335807577,-0.337716416,-0.568848754,-1.641957429,-3.495596694,-1.356158704
0,0,1,0,0,1,1,1,1,1,1,0,1,0,0,0,1,0,1,1,1,0,0,0,1,1,1,1,0,0,0,0,0,1,1,0,1,1,0,0,0,0,1,1,1,1,0,1,1,1,1,1,1,1,0,0,1,0,0,0,0,0,1,1,1,1,0,1,1,0,0,0,0,1,0,1,0,0,0,1,0,0,0,0,1,0,1,1,1,0,1,1,0,1,1,0,1,0,1,1,-0.00730812,-0.008241607,-0.009548094,-0.011118251,-0.012881176,-0.01514593,-0.016822698,-0.019697326,-0.022954041,-0.025523843,-0.029867879,-0.032927116,-0.034940068,-0.036697322,-0.034810684,-0.037215435,-0.038816847,-0.042162015,-0.04717283,-0.05983141,-0.063204815,-0.073986503,-0.087739426,-0.106642046,-0.142808897,-0.15942462,-0.208165414,-0.282251903,-0.437730328,-0.57023278,-0.442849206,-0.650902403,-0.79372689,-0.949858462,-1.024834651,-0.606371955,-0.614690233,-0.561836547,-0.516115182,-0.579342746,-0.462353368,-0.475240062,-0.494279557,-0.487243433,-0.506941157,-0.540614634,-0.569611625,-0.615073588,-0.660675618,-0.725748654,-0.781288932,-0.821415501,-0.933207889,-0.982757751,-1.108453758,-1.249170319,-1.3980905,-1.802045613,-2.152834389,-2.733483489,-3.636560487
1,0,1,0,0,0,0,1,0,0,0,1,0,0,1,1,0,1,0,1,0,0,1,1,0,1,1,1,1,1,1,0,1,0,1,0,0,0,0,1,1,1,1,1,0,1,0,1,1,0,0,0,1,1,1,1,0,0,1,1,0,1,1,1,1,0,1,1,0,0,0,0,0,0,0,1,1,0,0,1,1,0,0,1,1,1,1,1,1,1,1,0,1,1,1,1,0,1,0,1,-0.348687381,-0.013975183,-0.036404721,-0.061125456,-0.305053821,-0.174534133,-0.010237096,-0.008067093,-0.009965479,-0.019765801,-0.099393406,-0.065732611,-0.050039465,-0.733773408,-4.496157055,-1.221650511,-0.226970767,-0.058833322,-0.075068357,-2.639695046,-7.64057201,-1.457158512,-0.566907403,-0.445559064,-0.607053999,-0.73764298,-0.307806065,-0.163705184,-0.977168129,-2.080132175,-1.428574696,-0.378584939,-1.024124704,-1.929729277,-1.041347874,-0.370016718,-0.560996855,-7.163464499,-7.98912476,-0.681326284,-0.762736107,-2.889692028,-6.010909649,-11.70793271,-1.271821999,-1.457689398,-13.83402641,-2.90880148,-3.648528676,-0.92887668,-0.50935096,-1.280933266,-1.26099997,-0.721366156,-1.7069601,-8.241881922,-4.7732356,-1.956336576,-2.67176692,-1.816781858,-8.78601746
0,1,1,0,1,0,0,0,1,1,1,0,1,0,1,0,1,1,1,1,0,1,0,0,1,0,0,1,1,0,1,1,1,1,1,0,1,0,1,1,1,1,1,1,1,0,1,0,0,1,1,0,0,0,1,0,1,0,0,0,0,0,0,0,1,0,0,1,1,1,0,1,0,0,0,0,1,1,1,1,1,0,1,0,0,1,1,0,1,1,0,0,1,0,1,1,1,1,1,0,-0.003004862,-0.003425383,-0.004335682,-0.005297886,-0.006470973,-0.008164648,-0.010250742,-0.01221499,-0.015030401,-0.018056694,-0.021150921,-0.024030794,-0.026715589,-0.02920713,-0.030783359,-0.037485314,-0.042359262,-0.047782977,-0.053620058,-0.059935899,-0.065583983,-0.07073828,-0.075485234,-0.079251231,-0.080431066,-0.099697158,-0.104451225,-0.118140811,-0.125382093,-0.13234441,-0.139869735,-0.145653879,-0.158862449,-0.155912412,-0.15687895,-0.160841015,-0.158291337,-0.15487805,-0.149983843,-0.150032599,-0.138185546,-0.133821261,-0.135118447,-0.110164634,-0.121504192,-0.128589486,-0.132075055,-0.139951189,-0.14314489,-0.152773787,-0.171423425,-0.177114992,-0.188960123,-0.207978283,-0.225460947,-0.23091292,-0.237333898,-0.283128734,-0.305638363,-0.291893065,-0.325982184
1,1,0,0,0,0,0,1,1,0,1,0,1,0,1,1,0,0,1,1,1,0,0,1,1,1,1,0,1,0,1,0,1,0,1,0,1,0,0,0,0,1,0,1,0,1,0,1,1,1,1,1,0,0,0,1,0,1,0,0,0,0,1,0,0,1,1,1,1,1,0,1,0,0,1,1,0,0,1,1,0,1,1,1,1,0,0,0,1,0,1,1,0,1,1,1,1,0,1,1,-0.015362182,-0.030699619,-0.259674498,-0.061265316,-0.0452865,-0.06603511,-0.236903541,-0.289662159,-0.244975401,-0.147668281,-0.633258881,-0.414883714,-0.26686678,-0.234812003,-0.212272045,-0.41208216,-0.11638474,-0.291333741,-0.070723772,-0.067471895,-0.082746333,-0.76571343,-0.263618623,-1.197383369,-2.620811565,-1.639062513,-0.974269282,-0.182930585,-0.146872349,-0.474426788,-7.512775765,-2.667379349,-0.96916312,-0.581632233,-6.305055637,-1.440647678,-4.054588521,-1.129314595,-0.399449426,-0.366878312,-0.780412108,-0.712451732,-8.168541321,-0.962385351,-5.190448395,-0.497303332,-0.548530901,-0.747644882,-0.920569155,-1.34743426,-1.948239963,-0.855505557,-1.16437847,-1.387126842,-1.667102013,-3.785623142,-26.84125264,-4.201876008,-2.094017651,-1.51922832,-3.154048705
0,1,0,0,1,1,1,1,0,1,0,1,0,0,0,1,1,1,0,1,0,1,0,0,1,0,1,1,1,0,0,0,0,0,0,0,0,1,0,0,0,1,0,0,1,0,0,0,1,1,1,0,1,0,1,1,0,1,1,1,0,1,1,0,0,0,0,0,0,1,0,1,1,1,0,0,0,0,0,0,1,0,0,0,1,1,1,0,1,1,1,1,0,1,0,1,1,1,0,1,-0.00510905,-0.006698475,-0.007856432,-0.009168412,-0.010665178,-0.012409221,-0.014501365,-0.017267471,-0.03141285,-0.019570311,-0.022924347,-0.026269883,-0.029226453,-0.028550129,-0.029050838,-0.029095826,-0.028846093,-0.029233244,-0.029536938,-0.031514529,-0.031554705,-0.032454418,-0.033332346,-0.035174842,-0.03542616,-0.042386359,-0.03914281,-0.040924384,-0.050942203,-0.05851268,-0.071995547,-0.084893132,-0.086616317,-0.105047905,-0.122362557,-0.140160067,-0.157255898,-0.17480268,-0.194004255,-0.215139276,-0.247264247,-0.275037302,-0.282179066,-0.308323131,-0.321907674,-0.352586208,-0.380469764,-0.420252806,-0.381312114,-0.435629613,-0.43479194,-0.466395122,-0.510813265,-0.549762346,-0.562301117,-0.57692917,-0.587244784,-0.618956124,-0.67309872,-0.688921831,-0.731358795
1,0,1,1,0,1,1,0,0,1,0,1,1,0,0,1,1,1,1,0,1,0,1,0,0,1,1,0,0,1,1,1,1,1,1,1,1,0,1,1,0,1,0,0,0,0,1,0,1,1,1,1,0,1,0,1,1,1,1,0,0,0,1,0,0,1,1,0,1,0,1,0,1,0,1,1,1,1,1,0,1,1,1,1,1,0,0,0,1,0,1,0,1,0,1,0,0,1,0,1,-0.358686217,-0.101619257,-0.026875326,-0.046933368,-0.027769459,-0.080763764,-0.167363673,-0.046882161,-0.094023388,-1.983502797,-4.946583256,-8.326860116,-0.558642232,-0.161771943,-0.403923184,-0.076022569,-0.058028633,-0.053515499,-0.068312154,-3.894496985,-0.58262604,-3.258269994,-3.929662594,-0.601558824,-0.400598328,-2.2994702,-1.803152997,-0.827459548,-3.18712907,-0.567896296,-1.107443487,-4.60194255,-2.91471631,-7.724100004,-1.922457848,-1.931971161,-0.588131422,-0.772651261,-2.667704488,-3.404576784,-6.443284488,-14.1042676,-0.602566653,-0.357878594,-0.392106092,-0.481360428,-0.709882815,-1.541011319,-4.590372067,-6.681972807,-8.875738359,-1.958590413,-1.391222966,-6.868537516,-2.682240267,-2.028384149,-1.875573985,-1.527187571,-1.338415726,-0.931331524,-0.548898034
0,0,1,0,1,0,0,0,0,1,1,0,0,0,0,0,1,1,1,1,0,0,0,1,1,1,0,0,0,1,1,0,1,0,1,1,0,0,0,0,0,0,1,1,0,1,1,0,1,1,0,1,1,0,0,1,1,0,1,0,1,1,0,0,0,0,1,1,0,0,1,0,1,0,0,0,0,0,0,1,0,1,0,0,1,1,1,1,1,0,0,0,0,0,1,0,1,0,1,0,-0.003269446,-0.003511374,-0.004254396,-0.005203939,-0.006440754,-0.007992601,-0.009656621,-0.012348912,-0.015020849,-0.01799265,-0.021036595,-0.023885459,-0.026268422,-0.029084946,-0.033039553,-0.037433082,-0.04265825,-0.049434924,-0.057986279,-0.060517644,-0.062474448,-0.071241937,-0.077070448,-0.082255742,-0.089769088,-0.096622115,-0.105193419,-0.113865452,-0.122898468,-0.131736312,-0.131161347,-0.144641512,-0.150213452,-0.149455397,-0.153079323,-0.156275454,-0.153063131,-0.141947424,-0.14233094,-0.136806833,-0.129868662,-0.134288969,-0.132271546,-0.128507585,-0.119852145,-0.126000475,-0.133487742,-0.141499915,-0.145533502,-0.166180058,-0.16112771,-0.126030138,-0.137552438,-0.160681971,-0.212480774,-0.242582263,-0.256429392,-0.286962115,-0.318552419,-0.339857568,-0.383519125
0,0,0,1,1,1,1,0,1,0,0,1,0,1,0,0,0,0,0,1,1,1,0,0,1,1,1,1,1,0,0,0,0,1,1,1,0,0,0,1,1,0,0,0,1,1,1,1,1,1,1,1,1,1,1,1,1,0,1,0,1,0,0,0,0,0,0,1,1,1,0,1,0,1,1,0,1,0,0,1,0,1,0,0,0,1,1,1,1,0,1,0,1,1,0,1,0,1,1,0,-0.002961754,-0.003482724,-0.004168743,-0.004830983,-0.006402642,-0.007946861,-0.009939334,-0.012329116,-0.014907993,-0.01794828,-0.019414702,-0.020455494,-0.026094019,-0.029514247,-0.033204857,-0.040648055,-0.040513788,-0.047930505,-0.039851657,-0.058701083,-0.062681843,-0.07083813,-0.073828465,-0.079765104,-0.085887827,-0.092934432,-0.099692767,-0.119603771,-0.120786183,-0.132444376,-0.134740979,-0.139825954,-0.143305204,-0.148931363,-0.150027467,-0.169027336,-0.153994352,-0.161355073,-0.149268961,-0.14757238,-0.143739607,-0.13690543,-0.134282608,-0.123071947,-0.118094293,-0.115792725,-0.13195902,-0.137862826,-0.119667425,-0.132179585,-0.143231831,-0.155705866,-0.171189068,-0.190092345,-0.194264887,-0.215790906,-0.227586959,-0.256606954,-0.281841043,-0.317340847,-0.317704282
1,0,0,0,0,0,0,0,0,0,0,0,0,0,1,1,0,1,1,1,1,0,1,1,0,1,0,0,0,1,0,0,1,1,1,0,1,1,1,1,0,1,0,1,0,1,0,0,0,1,0,1,0,0,0,1,1,0,1,1,1,0,1,1,1,0,0,1,1,0,0,0,1,1,0,0,1,0,0,0,1,1,1,0,1,0,1,0,1,0,0,1,0,1,1,1,0,0,1,1,-0.107456025,-0.012119191,-0.093516624,-0.017099612,-0.012425416,-0.083523564,-0.02867991,-0.014112978,-0.014731291,-0.02980122,-0.026335404,-0.068490365,-0.031305401,-0.037055429,-0.087293453,-0.049954021,-0.012982104,-0.014172784,-0.02199935,-0.054778692,-0.387965198,-0.73674973,-1.032164368,-2.455842259,-0.798915196,-0.225624377,-0.163282002,-0.202022265,-0.272511626,-0.392784783,-0.897127028,-3.448535567,-8.778739873,-1.577683958,-0.484592167,-0.80870467,-3.416403073,-4.964345647,-3.731936615,-1.058784717,-0.688529714,-0.613213016,-0.573791631,-0.583015518,-0.619272267,-0.677886648,-0.765261263,-0.930698459,-1.315221229,-2.629837041,-5.433171792,-1.204498467,-0.805926331,-0.922681834,-1.179795396,-3.624909487,-1.825234145,-6.294647205,-2.548382771,-2.81763342,-3.72395169
0,1,1,1,1,1,0,1,1,0,0,0,1,1,0,0,0,1,1,1,0,0,0,1,0,0,1,1,0,1,0,1,1,0,0,0,1,0,0,1,0,0,0,0,0,1,1,1,0,1,1,1,1,0,0,1,1,1,1,0,1,1,0,1,0,1,0,0,0,0,0,0,0,1,1,1,1,0,1,1,1,0,0,1,1,0,1,0,0,0,0,0,1,1,0,0,0,0,0,1,-0.053250539,-0.248849613,-0.022339876,-0.019422147,-0.026328335,-0.042264655,-0.108931185,-0.054378986,-9.225673357,-2.1471989,-0.21032482,-0.729196026,-0.603389685,-2.262290234,-0.194636153,-0.049481306,-0.262611385,-0.277345961,-0.354906377,-1.785348491,-0.844445702,-0.868251574,-1.545469973,-3.076778745,-0.506729584,-0.296977053,-0.195659678,-4.961781702,-0.602896722,-0.271355743,-0.214644824,-0.319789472,-0.411988305,-17.15273983,-0.54096498,-0.551612483,-7.196978301,-1.015890576,-0.677874808,-3.893332829,-1.641130624,-0.566971467,-0.605094521,-1.231478424,-11.35069684,-12.8993917,-9.498619969,-2.634121548,-1.476691634,-1.079605562,-1.322747458,-1.309292989,-2.210527306,-2.548509597,-3.041991665,-5.938726805,-8.421788403,-2.84348927,-3.918187583,-8.858240177,-16.28698555
1,1,0,0,1,1,1,1,0,0,1,0,0,1,0,0,0,1,0,0,0,1,1,1,0,0,1,1,1,1,0,0,1,1,1,0,0,1,0,1,0,0,1,1,0,1,0,1,1,0,1,0,0,1,0,0,1,1,0,1,0,0,1,1,1,1,1,1,0,1,0,1,0,1,1,0,0,0,1,1,0,0,1,0,1,0,0,0,1,0,1,0,1,0,1,0,1,0,0,1,-0.090333059,-0.032066597,-0.02505945,-0.052072116,-0.179640201,-0.168203767,-0.035250895,-0.022947304,-0.034719352,-0.116157613,-0.050345453,-0.05017517,-0.176382194,-0.523822908,-0.107519247,-0.050475663,-0.057445819,-0.075523602,-0.231696144,-0.08110137,-0.082356693,-0.092210359,-0.118124625,-0.120566106,-0.13700689,-0.14005952,-0.791727514,-0.418680853,-0.736654197,-0.306040299,-0.354638737,-0.555249592,-0.506367926,-0.568545016,-0.669505736,-1.551568943,-1.172446001,-1.184933819,-1.245759217,-1.367642313,-1.432011148,-1.40865339,-1.479567165,-1.813656979,-1.556802168,-1.539681838,-2.041285044,-1.376107779,-1.357990572,-1.367881682,-2.182848376,-1.903673311,-1.829770694,-1.057185114,-1.130240334,-1.666556052,-0.897069251,-0.91017771,-0.934209111,-0.961535647,-1.050816698
1,1,0,1,1,1,0,1,0,1,0,0,0,0,0,0,0,1,0,0,1,0,1,1,0,0,0,0,1,1,0,1,1,0,1,0,0,1,1,1,0,0,0,1,1,0,0,1,1,0,1,0,0,0,1,0,0,0,1,1,1,1,0,0,1,1,1,0,0,0,0,1,1,0,0,1,0,0,0,1,1,0,1,0,0,0,0,1,0,1,1,1,1,0,0,0,0,1,1,1,-0.028875227,-0.093796596,-0.528656284,-0.153813355,-0.088767611,-0.083451207,-0.097294002,-0.125869459,-0.197048718,-0.358304684,-0.690158716,-0.407443121,-0.159011547,-0.285738797,-0.50545798,-0.694171153,-1.117112719,-2.901916057,-0.376555018,-0.144841317,-0.111113655,-0.112842393,-0.118104681,-0.126508831,-0.15966278,-0.22629968,-0.363279535,-0.678790776,-1.152216451,-1.421438873,-1.063148924,-0.801903108,-0.705131092,-0.714011615,-1.111313964,-3.276445087,-5.386252813,-3.088049276,-1.074593173,-0.625463411,-0.492626171,-0.483349865,-1.019254462,-3.555168859,-1.354938167,-1.142381596,-1.676903516,-4.061194551,-1.793752598,-1.022378944,-1.17918165,-3.728693312,-7.151129902,-2.19844934,-1.261220982,-1.016623332,-0.854259317,-0.918374031,-1.552617673,-1.207156501,-1.217037507
1,0,0,1,1,0,0,0,1,1,1,1,1,1,1,1,1,1,0,1,1,0,1,0,0,0,0,1,0,0,1,1,0,1,1,0,1,0,0,0,1,1,1,1,1,0,1,1,0,1,1,1,0,0,1,1,0,1,1,1,1,1,1,1,0,1,0,1,1,1,1,1,1,0,1,1,0,1,0,0,1,1,1,0,0,1,1,0,0,1,0,0,1,0,0,0,0,0,0,1,-0.069054867,-0.654927465,-0.091100811,-0.269408475,-0.016114433,-0.018774634,-0.046419689,-0.664695814,-0.065898096,-0.056141886,-2.529488268,-0.145135205,-0.53043305,-1.158095214,-1.311853921,-0.962226196,-0.218191723,-0.368489236,-11.04771672,-0.15050743,-0.110233514,-0.088640032,-0.080749549,-0.085595355,-0.07533588,-0.069789912,-0.228257885,-0.215489757,-0.540358703,-0.169853844,-0.101488494,-0.150299903,-0.145424686,-0.133759982,-0.191986919,-0.542671065,-0.921199853,-1.084198104,-0.439477297,-0.740167558,-1.122470721,-8.615924552,-1.035103267,-0.609965881,-0.277458014,-0.41786479,-6.425229487,-2.108160086,-0.631332537,-1.492963149,-4.462041688,-2.176187721,-1.039483235,-1.07157781,-2.522905969,-1.864550723,-3.3503193,-3.901088361,-15.02578181,-17.20662332,-3.122841828
1,1,1,1,0,0,1,0,1,1,1,1,0,0,1,1,1,1,1,0,1,0,1,1,1,0,1,1,1,1,1,0,0,1,0,1,0,0,1,1,0,1,0,0,1,0,1,0,0,0,0,0,1,1,1,1,1,0,1,1,1,0,0,0,0,1,1,0,1,0,0,1,1,1,0,1,1,1,1,1,0,0,1,1,1,0,0,1,0,0,1,0,0,1,1,0,1,1,1,1,-0.054230292,-0.058162489,-0.055932145,-0.072515883,-0.108952658,-0.420627677,-0.032189174,-0.005634293,-0.005269033,-0.007739752,-0.010913598,-0.014147872,-0.016852587,-0.018756682,-0.019679844,-0.020063712,-0.020138563,-0.020011035,-0.019899357,-0.02015613,-0.023615585,-0.177374358,-0.045033987,-0.026561423,-0.223911906,-0.24203239,-0.090602132,-0.070303334,-0.068948847,-0.076493857,-0.089461445,-0.12818877,-0.281401359,-6.902387699,-0.184232395,-0.073826316,-0.087071129,-0.093522804,-0.111073332,-0.132956832,-0.185333555,-0.269600394,-0.466700963,-1.487309394,-14.36122368,-1.627389625,-0.77402458,-0.577688507,-0.519845392,-0.506374028,-0.552954114,-0.606798015,-0.672315243,-0.770751545,-0.923679068,-1.370708051,-5.167926518,-3.097146935,-1.451659332,-1.325380448,-1.471863699
1,1,0,0,0,0,1,1,0,0,1,1,1,1,1,0,1,0,1,1,1,0,0,1,0,0,0,0,0,0,0,0,0,1,0,0,1,0,0,1,1,0,0,1,1,1,1,0,0,1,0,1,0,1,1,1,1,0,1,1,0,0,0,0,0,1,0,0,1,0,0,1,0,1,1,0,1,0,1,1,1,1,1,1,0,1,0,1,0,1,1,1,1,1,1,1,0,0,1,0,-0.028938885,-0.044837089,-0.070541493,-0.097078607,-0.083628347,-0.051697254,-0.033699622,-0.029299137,-0.025556455,-0.028892657,-0.034734341,-0.043897942,-0.043450276,-0.075179627,-0.668921355,-0.05601586,-0.135589001,-0.171908682,-0.149724581,-0.067689429,-0.058714977,-0.066279286,-0.080180361,-0.101308385,-0.130317295,-0.171484801,-0.212861212,-0.279078846,-0.384761916,-0.477292988,-0.633179533,-1.089607157,-3.310888235,-12.76233873,-11.34740835,-4.919888733,-2.832286154,-1.762254611,-1.262541404,-0.985821736,-0.769681923,-0.687325735,-0.646501679,-0.590499915,-0.613952249,-1.004924554,-0.484932658,-0.513923562,-0.607572412,-0.990442056,-4.0730725,-0.746361067,-0.278305656,-0.252194785,-0.244748076,-0.242531566,-0.26635626,-0.227613203,-0.235113911,-0.262262683,-0.304911018
1,0,0,0,0,0,1,1,0,0,0,1,1,1,1,0,1,0,0,0,1,1,1,0,0,1,0,0,0,0,0,1,1,1,1,0,1,1,1,1,0,1,0,1,0,1,1,0,0,1,0,1,1,0,0,1,1,0,0,0,0,1,1,1,0,0,0,0,0,0,0,1,1,0,0,0,1,1,0,0,0,0,0,1,0,0,0,0,0,1,0,0,1,1,1,1,1,1,0,0,-0.038166366,-0.080283457,-0.045543,-0.095878916,-0.05299446,-0.017580635,-0.496639465,-0.749273134,-0.018882124,-0.02068643,-0.028210478,-0.033764415,-0.699509646,-0.063796667,-0.271446994,-0.034617554,-0.036051054,-0.042687883,-0.058230405,-0.056860397,-0.12447568,-0.106916941,-0.120699639,-0.159846413,-0.866173413,-0.552771378,-0.598801182,-0.79517546,-0.202598908,-0.228756102,-0.487582464,-0.303593558,-0.428115318,-0.536057842,-0.711849023,-1.528825427,-0.91814086,-1.011798582,-1.171079272,-1.448388293,-4.0851708,-3.23080454,-2.777204045,-4.081207945,-1.996914071,-1.787907813,-1.610166929,-1.485883941,-1.299082365,-1.209400441,-1.105122628,-1.055966344,-1.23774327,-0.945979489,-0.826139552,-0.754443955,-2.546251792,-1.246339045,-1.022659535,-0.827975526,-0.751772207
1,0,1,1,0,0,1,0,0,1,0,0,1,1,1,1,1,1,0,0,1,0,1,0,0,0,0,1,1,0,1,1,1,0,1,1,0,0,0,1,0,0,1,0,1,0,0,1,1,1,0,1,1,0,1,0,1,0,1,0,1,1,1,1,0,0,1,1,1,0,0,0,1,1,0,1,0,0,1,0,0,1,1,0,0,0,0,1,0,1,0,0,0,0,0,1,0,1,0,1,-0.170945969,-0.066752942,-0.05266458,-0.10816042,-0.133842683,-0.170464189,-0.042965695,-0.042011789,-0.047760801,-0.105906516,-0.394452829,-0.23394245,-1.145544981,-0.931783417,-0.697866028,-0.879805018,-0.254742063,-5.60760434,-0.185230957,-0.133106493,-0.097308513,-0.134888416,-0.517849181,-0.169419077,-0.078828313,-0.090179809,-0.126550702,-0.284485405,-0.252578156,-6.7692147,-2.386322201,-0.834384566,-0.765640846,-0.859744503,-0.99905426,-1.414925048,-4.345788557,-1.03455192,-0.633503601,-0.572372325,-7.552020224,-1.369175271,-6.401334715,-1.965227211,-3.061239049,-25.21421241,-7.178448019,-3.389591245,-2.381166196,-6.681043771,-8.955065384,-1.518573714,-1.280127232,-3.545263509,-0.62514778,-0.421911936,-0.359603087,-0.353419805,-0.394771482,-0.534487058,-1.136496008
1,0,0,0,0,0,0,0,0,1,0,1,1,0,1,1,0,1,1,0,0,1,1,1,1,1,0,1,0,1,1,0,1,0,0,0,1,0,1,0,1,1,1,0,1,1,1,0,1,0,1,0,0,1,1,1,0,0,1,1,0,0,0,1,1,1,1,0,1,1,0,0,1,0,1,1,1,0,0,0,1,1,0,0,1,0,0,0,1,1,0,1,1,1,0,1,1,1,1,0,-0.00289024,-0.003542983,-0.004247791,-0.005231029,-0.007158101,-0.007950619,-0.009981405,-0.01257817,-0.016602029,-0.016263629,-0.020153756,-0.023248494,-0.026155515,-0.028377648,-0.03220532,-0.036524149,-0.039027717,-0.049141645,-0.05166703,-0.061011647,-0.066946864,-0.072875535,-0.078778036,-0.084666506,-0.092926094,-0.104928288,-0.096332183,-0.115255925,-0.120969985,-0.128321136,-0.140912617,-0.146013571,-0.155565084,-0.141160065,-0.151399239,-0.154522953,-0.155522342,-0.143178509,-0.132762559,-0.122239102,-0.113569642,-0.126996907,-0.128409121,-0.130921595,-0.126510774,-0.133278854,-0.140106504,-0.148610108,-0.152785313,-0.162292751,-0.173293852,-0.178160916,-0.183266045,-0.196454485,-0.223875845,-0.240599198,-0.25121745,-0.270683128,-0.282449458,-0.315851774,-0.280827726
0,0,1,1,1,0,1,1,1,0,1,0,0,1,0,0,1,0,0,0,1,1,1,0,1,0,0,1,1,1,0,0,1,1,0,1,1,1,0,0,1,0,0,1,0,1,1,1,0,0,1,1,1,1,1,1,0,1,1,0,1,1,0,0,0,0,1,0,1,0,1,0,0,1,1,1,1,1,0,0,0,0,0,1,0,0,1,1,1,1,0,0,0,1,1,0,0,0,1,1,-0.032788637,-0.019814906,-0.014095355,-0.011649125,-0.013674379,-0.013289522,-0.020635346,-5.678877138,-0.044129372,-0.280577995,-0.239263445,-0.171276527,-0.279208208,-0.13959565,-0.564039373,-0.034085323,-0.078236377,-0.14173533,-0.299318237,-1.286855477,-0.662426408,-0.146699688,-0.237712572,-0.098306855,-2.589280822,-0.081372286,-0.052177202,-0.321442961,-0.384982096,-0.581754703,-0.554365084,-4.123759014,-0.17378071,-0.116812848,-0.221912272,-0.097811421,-0.15090404,-0.200045498,-0.114963166,-0.125433631,-0.144698715,-0.148949889,-0.174614399,-0.267896951,-0.277984055,-0.393534883,-0.222375193,-0.283705596,-0.315997606,-0.422269071,-0.415833946,-0.508393288,-0.303618935,-0.296607353,-0.253434446,-0.25055487,-0.251446851,-0.25762666,-0.268640864,-0.308076732,-0.716486185
1,0,0,1,0,1,1,1,0,1,1,0,0,0,1,0,1,1,1,1,0,1,1,1,0,0,1,1,1,1,1,0,1,0,1,1,0,0,1,0,0,0,1,1,1,1,0,0,0,1,1,0,0,0,1,0,0,0,0,1,0,1,1,1,1,0,0,1,0,1,0,0,0,0,1,0,0,1,1,1,1,0,0,1,0,1,0,1,1,0,1,0,1,1,1,1,0,0,0,1,-0.007070676,-0.021201321,-0.991294353,-0.330689466,-1.212462039,-0.127739278,-0.05248405,-0.044430312,-0.068319696,-0.686056424,-0.085771271,-0.122604489,-2.025144841,-0.162365619,-0.175198823,-5.129876614,-0.302053048,-0.402226942,-0.588264107,-0.72098012,-0.711056702,-1.211101697,-0.814043862,-0.663713505,-0.857766928,-1.012376317,-0.770211541,-0.691492158,-1.932333063,-0.600464675,-1.503745066,-1.134438237,-5.602474751,-2.690848994,-0.60002647,-0.319570614,-2.372218456,-0.499309059,-1.369562222,-1.864916297,-2.176335964,-5.843083108,-0.924166678,-0.566287246,-0.679029366,-1.427216193,-8.332096501,-8.152518587,-4.719523032,-13.08830009,-3.115866237,-1.767145762,-1.132355016,-0.948950248,-0.892274461,-0.954506139,-0.692889801,-0.677439849,-0.403374288,-0.399595594,-0.462168411
0,1,0,0,1,1,0,0,1,1,0,0,0,0,1,0,1,0,0,1,0,1,1,1,1,1,0,0,1,1,0,0,0,1,1,1,1,0,1,1,1,0,1,0,0,0,1,1,1,0,0,1,0,0,0,0,1,0,0,1,1,1,0,1,0,0,1,1,1,1,0,0,1,0,0,0,0,1,1,1,1,0,1,1,0,0,0,0,0,0,1,1,1,0,0,0,1,1,0,0,-0.011645022,-0.022138599,-0.043163501,-1.970179828,-0.142460013,-0.181669172,-0.194948497,-0.148976053,-0.144672245,-0.597994622,-0.423662556,-0.159347359,-0.145195158,-0.137924328,-0.131634619,-0.138302329,-0.166754716,-0.237219053,-0.373836938,-0.509135582,-0.433593796,-0.226577201,-0.138145635,-0.157550816,-0.157878619,-2.225035678,-2.425992596,-0.26766838,-0.142827026,-0.089174311,-0.081834243,-0.098825395,-0.14429244,-0.541822415,-1.050360397,-0.695767911,-14.28019919,-8.700642975,-3.871404528,-1.260857564,-1.296472159,-1.43255691,-1.767327463,-3.586528794,-2.704538291,-1.938341089,-3.456070685,-1.201088951,-0.882612107,-0.973447024,-0.821224987,-0.786474895,-0.866300364,-0.941764082,-0.915891675,-0.968405217,-1.193744945,-2.050371725,-10.46288447,-6.71588108,-4.94400606
0,1,0,1,1,1,1,1,0,1,1,0,0,0,1,1,0,1,0,0,0,0,1,1,0,1,1,0,1,1,1,1,1,1,1,0,0,0,1,0,0,1,1,0,0,0,0,0,0,0,1,0,0,1,0,0,1,0,0,1,1,1,1,0,1,0,0,0,1,1,0,1,1,0,1,0,1,0,1,0,0,0,0,1,1,0,1,1,1,1,1,1,1,1,0,0,0,0,1,1,-0.019974152,-0.984460832,-0.075190012,-0.13117577,-0.039396622,-0.190643833,-0.026747522,-0.039342596,-0.031761839,-0.024301448,-0.025970673,-0.026883136,-0.076342932,-0.075543503,-0.152891268,-0.073156071,-0.047544504,-0.200768879,-0.186050397,-0.811926886,-0.499132989,-1.532691698,-3.153153553,-4.585102773,-1.066955626,-0.606060425,-0.469928268,-0.44976122,-1.99159629,-4.485008953,-2.581983207,-3.883849326,-1.522595916,-0.994547218,-1.360198145,-3.829565935,-3.131161368,-26.38197869,-5.077902163,-4.29025161,-5.161628914,-1.583496856,-1.154651576,-0.89954416,-1.319173771,-0.674565821,-0.741075001,-0.619757811,-0.532010073,-0.540746534,-0.542479431,-0.554310391,-0.576518761,-0.595883553,-0.622583399,-0.648174866,-0.688888707,-0.746538223,-0.83063184,-0.940028299,-1.189174695
0,0,1,0,0,1,0,1,1,1,0,0,0,1,0,1,1,1,1,1,0,0,1,0,0,1,1,1,0,1,1,0,0,1,1,0,1,0,0,0,1,1,0,0,1,1,1,1,1,1,0,0,1,0,0,1,1,0,0,0,1,0,0,0,1,0,1,1,0,0,0,0,0,1,1,0,1,1,1,1,0,0,1,1,1,0,0,0,1,1,1,1,0,1,1,0,1,0,0,1,-0.013940496,-0.015289994,-0.022639957,-1.118528809,-0.157321032,-0.107825161,-0.031229533,-0.032992614,-0.386081545,-0.082627998,-0.09569943,-0.084622229,-0.123438535,-0.280054846,-3.059017385,-0.847877221,-1.8226757,-1.972435932,-2.080352532,-0.581830865,-0.831812535,-0.225271793,-1.04231234,-0.406953296,-0.973579625,-0.675738845,-0.174549187,-0.327643041,-1.069417242,-8.773465723,-1.407336539,-0.801877649,-1.129217931,-6.266634673,-1.001032946,-2.164410444,-2.93146455,-9.903774194,-6.375837902,-0.996000227,-0.51177428,-1.026279771,-0.465457427,-0.300564426,-0.341697281,-0.607500414,-7.447931941,-0.740632417,-0.535606073,-0.81049975,-12.85223554,-2.024032119,-2.686521297,-12.96148112,-3.52182782,-4.239266228,-1.697103481,-6.270719961,-1.169070569,-2.507764135,-0.99207436
0,0,1,0,0,0,0,1,0,1,0,1,0,1,1,0,0,0,0,0,1,1,1,0,0,1,0,1,0,1,1,0,1,1,0,0,0,1,1,0,1,1,1,1,0,1,1,0,1,1,1,0,1,0,1,0,0,0,0,0,0,0,0,1,0,0,0,1,0,0,0,0,1,1,0,0,0,0,0,0,0,0,1,1,1,0,0,0,1,1,0,0,0,0,0,0,0,1,1,0,-0.025102943,-0.127084014,-0.018496469,-0.018224542,-0.032265329,-0.135351812,-0.791657399,-0.079540752,-0.071584446,-0.158877504,-0.123366089,-4.710052749,-0.07755157,-0.04499991,-2.081165702,-0.040197388,-0.066143126,-0.154683171,-0.205161352,-0.371816023,-2.315457888,-1.933019242,-0.808139341,-0.528284995,-0.21631264,-0.182173592,-0.354109702,-0.447270054,-1.974550646,-1.720819424,-4.410880945,-7.74344603,-9.762427738,-2.161919655,-1.041964369,-4.79885878,-0.871195928,-0.628979318,-0.591047001,-0.627862317,-0.908081956,-2.679247548,-4.161080462,-0.541368049,-0.350236577,-0.34935479,-0.409577033,-0.678310015,-0.528568105,-0.564470741,-0.750413437,-1.013640871,-1.382697566,-1.669345767,-1.684644574,-1.546576163,-1.547073009,-1.481331528,-2.043854866,-3.398915415,-2.99954187
0,0,0,1,0,1,0,1,0,1,0,1,0,1,1,1,0,1,0,0,1,1,1,1,0,1,0,0,0,1,1,0,1,0,1,1,0,1,1,0,1,1,1,1,0,0,0,1,1,0,1,1,0,1,0,1,0,1,1,0,0,0,1,0,0,1,0,0,1,1,0,1,0,1,0,1,0,1,0,1,0,1,1,1,0,0,1,1,0,1,1,0,0,1,0,1,0,1,1,0,-0.006154263,-0.007241464,-0.008351836,-0.009406589,-0.010925635,-0.012426431,-0.014553928,-0.016492302,-0.018800663,-0.021718924,-0.022919675,-0.025922427,-0.028588639,-0.031556736,-0.030604221,-0.03592093,-0.042406707,-0.048797363,-0.058099747,-0.072519538,-0.094347408,-0.123694733,-0.153226331,-0.182871433,-0.23179556,-0.297770066,-0.384738324,-0.526076912,-0.734995655,-1.138999041,-1.086074611,-1.412537453,-1.598000444,-1.546278643,-1.322031451,-1.09641007,-0.719399209,-0.663812248,-0.572987255,-0.508374125,-0.464567981,-0.489787325,-0.477863414,-0.450758161,-0.439354117,-0.449848824,-0.486859801,-0.388315878,-0.389513308,-0.436851498,-0.484817784,-0.505949393,-0.535895,-0.542180164,-0.60070826,-0.658328407,-0.766786363,-0.88683487,-1.0361608,-1.275649011,-1.780738532
0,0,0,0,0,1,1,1,0,1,1,0,0,0,0,0,0,0,0,1,1,1,1,1,0,0,1,0,0,0,1,1,0,0,0,1,1,0,0,1,0,1,1,0,0,0,1,0,0,1,0,0,0,1,1,1,1,0,0,1,1,1,0,1,0,1,1,1,1,0,1,0,0,0,0,1,0,1,1,1,1,0,0,0,1,1,1,0,0,0,1,0,1,0,0,0,1,0,1,1,-0.048964874,-0.015242827,-0.019581848,-0.022311948,-0.028220042,-0.041012335,-0.071306613,-0.256426628,-0.601377137,-0.108472693,-0.192690206,-6.649582721,-2.347215148,-0.090569481,-0.173018678,-2.806949015,-5.000220946,-0.670418964,-14.66959515,-0.741657066,-0.445975898,-0.461458518,-0.797680609,-2.037791264,-1.126056617,-0.428541647,-0.262304711,-0.386511288,-0.48986098,-0.152800248,-0.196392718,-0.339345516,-0.861783684,-2.44744304,-1.651886486,-0.770186744,-0.539055126,-0.464733126,-1.533810623,-0.235274564,-0.638932814,-2.133568951,-0.717450396,-0.915290534,-1.742123922,-5.195720817,-3.129565815,-3.873282205,-0.774509729,-0.450570579,-0.453782657,-0.646283076,-1.800601543,-4.972918034,-2.217747735,-1.764034062,-2.839713746,-10.74803488,-5.700927675,-2.308907755,-1.64316328
1,1,1,0,0,1,0,0,0,0,0,0,1,0,1,0,1,1,1,1,0,0,0,0,0,0,1,1,1,0,0,0,1,0,1,1,1,0,1,0,0,1,1,0,1,0,0,1,1,1,0,0,0,1,0,1,0,1,1,1,1,0,0,1,1,1,1,0,0,0,0,1,1,1,1,1,0,0,0,1,0,0,0,1,1,1,1,0,1,0,1,0,1,0,1,0,0,0,0,0,-0.074938841,-0.047135577,-0.060393749,-0.223834144,-1.660650692,-0.56689199,-0.622802926,-2.055104063,-2.816907698,-0.016664024,-0.02071512,-0.03103736,-0.110240815,-0.085695459,-0.053658725,-0.056244118,-0.076432899,-0.206828663,-5.664440193,-0.560878464,-0.167899683,-0.176965525,-0.087077438,-0.076327843,-0.066365718,-0.062419346,-0.055911486,-0.053542746,-0.059757041,-0.064934371,-0.114916052,-0.124775042,-0.473064724,-0.428534511,-0.237515014,-0.121652322,-0.133024224,-0.184135571,-0.222494328,-1.145142891,-0.272896828,-0.37500493,-0.593459822,-0.684673043,-3.144352067,-1.17452811,-3.711026219,-6.008777494,-1.148034595,-0.799156766,-1.602705218,-0.949871333,-1.113101618,-2.773487993,-1.811536652,-1.573800442,-6.473865468,-2.626515624,-5.663346149,-3.630261917,-4.117408854
1,0,1,0,1,1,0,0,1,1,1,0,0,1,1,1,1,0,1,1,1,1,1,0,0,1,0,0,0,1,0,1,0,0,1,0,0,0,1,1,1,0,0,0,0,1,1,1,0,1,1,0,0,0,0,1,1,1,1,0,1,0,0,1,1,0,0,1,1,1,1,0,1,0,0,1,1,1,1,1,0,1,0,1,1,0,0,1,1,1,1,0,1,0,1,1,0,0,0,0,-0.002905489,-0.003492394,-0.00431598,-0.005219148,-0.006456526,-0.008185737,-0.011470386,-0.014132548,-0.014417811,-0.01579989,-0.020228811,-0.023164045,-0.027150062,-0.028878454,-0.032652226,-0.037193357,-0.042007489,-0.047952004,-0.054263446,-0.060700556,-0.06784485,-0.067615171,-0.094559188,-0.081988241,-0.092828668,-0.091333898,-0.100738633,-0.105402674,-0.116248233,-0.129687192,-0.133581309,-0.139278981,-0.141836048,-0.179496577,-0.152802132,-0.153867794,-0.14971502,-0.148609396,-0.14873486,-0.135740113,-0.130967872,-0.12142726,-0.117780607,-0.126135255,-0.137469485,-0.132699288,-0.129952939,-0.129895566,-0.139230358,-0.136931879,-0.166860498,-0.177820186,-0.188514467,-0.208342902,-0.209845319,-0.219789096,-0.25198752,-0.282206671,-0.29497573,-0.312386911,-0.337970446
0,0,0,0,0,1,1,0,0,0,1,0,0,0,1,1,1,0,0,1,0,1,0,0,1,1,0,1,1,0,1,0,1,0,0,1,1,1,0,0,1,0,0,0,1,1,1,0,1,0,1,1,1,0,0,1,1,1,0,1,1,0,1,1,1,1,0,0,1,1,0,1,1,1,1,0,0,1,1,0,0,0,0,0,0,1,0,0,0,0,1,1,0,0,0,0,1,0,0,0,-0.237373041,-0.047334703,-0.051632982,-0.144986058,-0.093865189,-0.075378245,-0.103365222,-0.239562321,-0.148333762,-0.035897386,-0.024710587,-0.027800071,-0.133006025,-0.056620661,-0.042065562,-0.045427744,-0.047456739,-0.057102629,-0.149883289,-0.42263555,-0.118783194,-0.094600674,-0.09411361,-0.097171948,-0.173658695,-0.174127342,-0.134145556,-0.195610315,-0.794930102,-0.531437682,-0.169830818,-0.662276061,-1.353797809,-0.266265782,-0.180124398,-0.370974306,-0.227440879,-0.249112975,-2.201979205,-0.773873089,-0.990579325,-0.466775377,-0.418612387,-0.42859078,-0.429161653,-0.45144811,-0.528815894,-1.179154959,-0.499675941,-0.484524638,-0.528359106,-0.576016239,-0.589711919,-0.614071098,-0.6429318,-0.701401556,-0.980901373,-0.697435601,-0.76719763,-0.840828308,-0.947597664
1,0,1,1,0,0,0,0,0,0,0,1,1,1,1,1,1,1,0,1,1,0,1,1,0,0,0,1,1,0,0,1,1,0,1,0,1,0,0,1,0,1,0,0,0,0,0,0,1,0,0,1,1,1,0,1,1,0,1,1,0,0,1,0,0,0,1,0,0,0,0,1,1,1,1,0,1,1,0,0,0,0,1,0,1,0,0,0,1,0,0,0,1,0,1,0,1,1,1,0,-0.038370239,-0.103983837,-0.03909012,-0.116853245,-0.031918136,-0.148173845,-0.139993448,-0.332705291,-0.036901235,-2.451454738,-0.106027683,-0.141215146,-0.124656595,-0.0544414,-0.1817505,-0.06590733,-0.082970308,-0.22954455,-0.255161823,-0.496814528,-0.826391788,-0.648802078,-1.551702431,-0.201616684,-0.135643696,-0.174633667,-0.641720057,-1.153723492,-7.653618585,-2.312712943,-2.235385304,-0.372259646,-0.424889655,-0.466341115,-0.904534105,-1.172812502,-2.063098663,-1.354511554,-1.116642784,-1.02484198,-0.995372536,-0.583932236,-0.509512962,-0.639688669,-0.845980464,-2.53453833,-5.590619335,-3.941782683,-2.527872762,-5.305350913,-4.097086282,-4.764698632,-6.093798911,-6.605524937,-3.503637412,-4.632968144,-9.998146974,-10.38399789,-10.56702091,-9.274559294,-4.807423132
0,0,1,0,0,0,1,1,0,1,1,0,0,1,0,1,1,1,1,1,0,1,1,0,0,1,1,0,1,1,1,1,0,0,1,1,1,0,0,0,0,0,1,0,0,0,1,1,1,0,1,1,1,1,0,0,1,1,0,1,1,0,0,1,0,0,0,0,0,1,1,0,0,0,0,1,1,1,1,1,0,0,1,1,1,1,1,0,1,1,0,0,1,0,0,0,0,0,0,1,-0.026957771,-0.041080645,-0.102329201,-0.203324038,-0.120963955,-0.107003538,-0.068966245,-0.101867395,-0.313755087,-0.206961272,-0.042548747,-0.044485817,-0.046061406,-0.055381403,-0.052086844,-0.055989097,-0.080876595,-0.864272143,-0.74176798,-3.020882907,-0.243175541,-0.110809048,-0.090069524,-0.085935528,-0.087658549,-0.097382833,-0.353836819,-0.092578489,-0.089166039,-0.118558132,-0.225224157,-3.380271042,-0.319236818,-0.191944117,-0.190617458,-0.216003335,-0.861019326,-0.729144207,-0.259049192,-0.234484884,-0.688048265,-0.829397385,-0.480350093,-0.445280965,-0.428926833,-0.431558257,-0.713790528,-0.55443227,-0.511872638,-0.553315573,-0.732906851,-0.662642539,-0.585696909,-0.593283284,-0.60977566,-0.643170506,-0.624880195,-0.774020046,-0.861556719,-0.891491667,-0.936165953
1,0,1,1,0,0,0,1,1,0,1,1,0,0,1,0,0,0,0,1,0,1,1,0,0,1,1,1,0,1,1,1,1,0,1,0,0,0,1,1,1,1,0,1,1,0,0,1,1,1,1,0,1,1,0,0,1,0,1,0,0,0,0,1,1,0,0,0,1,1,0,0,0,0,1,1,0,1,0,1,0,1,0,1,1,0,1,0,1,0,1,0,1,1,0,1,1,1,1,1,-0.003027921,-0.003283373,-0.004219868,-0.00519679,-0.006468625,-0.008400246,-0.009269265,-0.011218229,-0.014597711,-0.017429714,-0.020617523,-0.023230288,-0.026260905,-0.029280849,-0.033052743,-0.035756108,-0.042907422,-0.049833286,-0.068734739,-0.05852658,-0.07906248,-0.068017759,-0.072431334,-0.079855921,-0.087985523,-0.098073457,-0.104295094,-0.113597684,-0.122484594,-0.131750254,-0.139412051,-0.157620813,-0.137075555,-0.133889013,-0.153134947,-0.153456165,-0.151388978,-0.143348873,-0.141193208,-0.136154027,-0.136912008,-0.134573906,-0.124808659,-0.125153586,-0.123718094,-0.128160669,-0.131710043,-0.133055258,-0.131636104,-0.143713869,-0.15009613,-0.166557433,-0.182086231,-0.190342674,-0.205259785,-0.21242502,-0.2317182,-0.247097791,-0.273372802,-0.317651435,-0.377254944
1,0,0,0,1,0,0,1,0,0,0,0,1,1,0,1,1,1,0,1,0,1,0,0,1,0,1,1,1,1,1,0,1,1,1,0,1,0,1,0,0,1,0,1,1,1,0,1,1,1,1,1,0,0,1,1,1,0,0,1,0,1,1,0,1,1,1,0,0,1,0,1,0,1,1,0,1,0,0,1,0,0,0,1,0,1,1,1,1,1,0,1,0,0,0,0,1,1,0,1,-0.002884582,-0.003472575,-0.004216538,-0.005185041,-0.007700455,-0.007986117,-0.009934786,-0.012276913,-0.01500684,-0.018008178,-0.021132353,-0.024572917,-0.026684128,-0.030629848,-0.031677901,-0.041944102,-0.020286519,-0.047204347,-0.053671572,-0.058491976,-0.066786266,-0.071890207,-0.075863726,-0.08229436,-0.09044522,-0.09918151,-0.103822351,-0.110146533,-0.118784155,-0.126846117,-0.142810502,-0.145030064,-0.14853315,-0.149324453,-0.153743857,-0.163876354,-0.155059661,-0.151801286,-0.148531239,-0.147825783,-0.146344162,-0.141952885,-0.134745137,-0.135148902,-0.155369387,-0.137191926,-0.171503889,-0.192148796,-0.149198686,-0.220367715,-0.137736791,-0.158001124,-0.176574657,-0.199916867,-0.230794641,-0.204333737,-0.231381762,-0.260078878,-0.287934558,-0.350525689,-0.30088115
1,0,1,0,1,1,1,1,1,0,1,0,1,0,1,0,0,0,0,0,1,1,0,0,1,0,0,0,1,0,1,0,1,1,1,0,0,0,1,0,1,0,0,0,0,0,0,1,1,0,0,1,0,1,1,1,0,0,0,1,1,0,0,1,0,1,1,0,1,1,0,0,1,1,1,1,1,0,1,0,1,1,0,0,1,0,1,0,0,0,1,0,0,0,1,0,1,0,0,1,-0.008703381,-0.008007651,-0.017003791,-0.018440543,-0.062170321,-0.010780904,-0.012302364,-0.059244337,-4.217458849,-0.026567734,-0.021279837,-0.073693609,-0.022547526,-0.135784381,-0.027955321,-0.037873662,-0.092408348,-2.270779365,-0.219588439,-1.370688324,-0.064615958,-0.062915391,-5.474415539,-0.167800732,-0.030710447,-0.021395795,-0.053346998,-1.663328056,-0.146851622,-0.118646303,-0.222506764,-0.522178602,-1.14059163,-2.03993685,-1.809856252,-1.193139265,-0.834305753,-0.74636463,-0.661293412,-0.612695668,-0.627384113,-0.575240213,-0.608582179,-0.638193132,-0.680145751,-0.776953092,-0.788731449,-0.844743259,-0.836806426,-0.989154162,-1.195128855,-1.425774297,-2.251494091,-2.5561713,-3.241423858,-4.456486869,-6.381889444,-10.09234765,-21.97088606,-17.95563549,-10.47812559
1,1,0,1,1,1,1,1,1,1,0,1,0,0,1,1,1,1,1,1,1,1,1,0,1,1,1,1,0,0,1,0,0,0,0,1,0,0,0,1,0,0,1,0,0,0,1,1,1,1,1,0,0,0,1,0,1,1,0,1,1,1,1,1,1,0,1,1,0,1,0,0,1,0,0,1,0,0,1,1,1,1,1,1,0,0,1,1,1,1,0,1,1,1,0,1,1,0,1,0,-0.086603145,-0.078008261,-0.164937738,-0.292059773,-0.101599383,-0.044777925,-0.047907129,-0.252673272,-0.251606524,-1.853556674,-0.359827827,-0.077448252,-0.137702813,-1.239541504,-0.08274991,-0.213542303,-0.672045508,-0.915877974,-0.281433458,-0.168454871,-0.202981053,-0.171268662,-1.70723424,-14.30985084,-0.077042678,-0.072597536,-0.123228832,-0.067422591,-0.103433628,-0.288325415,-0.11318853,-0.098953869,-0.709242093,-0.112488053,-0.107776972,-0.470512056,-0.12622143,-0.169161877,-0.219934616,-0.466618461,-0.264706757,-0.320550264,-0.534565171,-0.394584482,-0.613474402,-1.500127086,-0.524291292,-1.094267622,-1.687563078,-3.526293266,-8.935150023,-7.924008472,-16.48422518,-5.262152503,-3.711938433,-16.19457379,-20.44215758,-10.61442748,-5.560205665,-2.556314571,-1.656916415
0,1,0,1,1,1,1,1,1,1,1,0,1,1,0,1,0,0,0,1,0,1,0,0,1,0,0,1,0,1,0,0,0,1,0,1,0,1,0,1,1,0,1,0,0,0,0,0,0,1,1,0,0,1,0,0,0,0,0,0,0,0,1,0,1,0,0,1,1,1,1,0,1,0,1,1,1,0,0,0,1,0,1,0,0,0,1,1,0,0,0,1,0,0,1,0,0,0,0,1,-0.002984814,-0.003541761,-0.004278125,-0.005240674,-0.006459059,-0.008165709,-0.0101937,-0.011587711,-0.014917356,-0.018039024,-0.020615321,-0.023852043,-0.026849247,-0.029807095,-0.03352048,-0.038127631,-0.043386596,-0.048947866,-0.044365203,-0.058971667,-0.065940814,-0.071712243,-0.077108064,-0.08272384,-0.089420976,-0.095810717,-0.101926477,-0.120489383,-0.123651564,-0.133098911,-0.141951942,-0.126591463,-0.146181535,-0.150483971,-0.152147249,-0.163692573,-0.14640091,-0.157069606,-0.142585776,-0.140646251,-0.13806021,-0.136141971,-0.133732586,-0.132860907,-0.134092166,-0.128599245,-0.13256535,-0.141940085,-0.168330015,-0.16077016,-0.161729502,-0.174464392,-0.195772354,-0.181747859,-0.225150595,-0.277498618,-0.225428988,-0.245572984,-0.298932029,-0.318066533,-0.266739982
0,1,1,1,0,1,0,1,1,0,0,1,0,0,0,0,1,1,0,1,0,1,0,1,1,1,1,0,1,1,1,0,0,0,1,1,1,1,0,0,0,0,0,1,1,0,0,1,0,0,0,1,0,1,1,1,1,0,1,0,1,1,0,1,0,1,0,0,0,1,1,1,1,1,1,1,0,0,1,0,0,1,0,0,1,1,0,1,1,0,0,0,0,1,1,1,0,1,1,1,-0.015233489,-0.093939728,-0.052105426,-0.043538552,-0.040333218,-0.061197398,-0.052276621,-0.063761593,-0.086166935,-0.135012112,-0.279623574,-1.068250448,-2.443138109,-0.56957961,-0.250031321,-0.173093668,-0.145611452,-0.182399099,-0.267722472,-0.986610274,-1.021469327,-0.157345123,-0.248392345,-0.444204407,-0.650255455,-0.531854548,-0.430083034,-0.316327994,-0.241487114,-0.225162443,-0.253445799,-0.369677155,-1.012583774,-3.692195403,-6.37169359,-10.59687441,-7.992907971,-8.052832879,-4.53132217,-1.993035715,-1.940369726,-4.483532248,-0.591209683,-0.39298195,-0.367887805,-0.401048967,-0.682467085,-2.316517578,-1.871552181,-0.908828729,-4.828669235,-0.591670706,-0.464743526,-0.414779729,-0.402552587,-0.401405669,-0.41433895,-0.470836663,-0.824458465,-13.07232767,-2.51540942
1,1,0,1,0,0,0,1,0,0,0,0,0,1,0,1,1,0,1,1,1,1,0,0,0,0,1,1,0,0,1,0,1,0,0,1,1,1,0,0,1,0,0,1,0,1,0,0,0,1,1,0,1,1,1,1,0,0,1,0,0,1,0,1,1,0,1,1,0,1,0,1,1,1,0,1,0,0,0,0,0,0,0,1,1,0,0,0,0,1,1,0,1,1,1,1,1,1,1,0,-0.043195354,-0.189917528,-0.403521113,-0.126770909,-0.079582465,-0.07179655,-0.082196907,-0.08472054,-0.098010723,-0.135237303,-0.209186427,-0.118810122,-0.210094542,-0.29293962,-0.357036364,-0.378320703,-0.737625744,-1.119207624,-0.552496513,-0.381448706,-0.312434902,-0.319910462,-0.30097019,-0.257229194,-0.269048255,-0.298406271,-0.374079667,-0.618065384,-0.959679083,-0.22970635,-0.297304438,-0.547327605,-1.140194931,-7.67542954,-2.668230625,-1.827070301,-1.220154595,-0.858129324,-0.659602452,-0.554187574,-0.573667855,-0.339059793,-0.312388978,-0.355660607,-0.334394419,-0.358790946,-1.191521793,-3.100316734,-0.881306324,-0.673265931,-0.726681202,-1.250257255,-5.238191903,-6.608440372,-3.019852131,-2.752950521,-6.548057394,-6.478375827,-2.807360246,-2.538129567,-3.45816645
0,1,0,1,0,0,1,0,1,1,1,0,0,1,0,1,0,1,0,1,0,0,1,1,1,1,1,1,1,1,1,1,1,0,1,0,0,0,0,0,1,0,1,1,1,0,1,1,1,0,0,0,0,1,0,1,0,0,0,1,0,1,0,1,1,0,1,1,1,0,1,1,1,1,1,0,0,1,1,1,0,0,1,1,0,1,0,1,0,1,0,1,1,1,0,0,1,1,0,0,-0.001773556,-0.003083562,-0.016013196,-0.006189011,-0.008504388,-0.01515634,-0.057605341,-0.473153049,-0.031074597,-0.01955351,-0.018665101,-0.025697669,-0.035376765,-0.030067328,-0.033486887,-0.036135555,-0.049565681,-0.051343677,-0.092487416,-0.547474213,-0.246274981,-0.962031131,-2.293399214,-2.796413927,-1.291696755,-1.269415716,-0.83772369,-0.472689895,-0.357743408,-0.602593453,-0.092227934,-0.08053429,-0.074703109,-0.242827208,-0.32396867,-2.453756473,-0.184056436,-0.156481436,-0.666621539,-3.788293674,-0.418567388,-0.350326545,-0.450430498,-0.766572879,-2.068302747,-17.6205285,-7.33183724,-5.396931303,-7.772537053,-9.548347501,-2.920279694,-10.61713024,-4.256427683,-1.766298251,-0.698216655,-0.481096665,-0.395544498,-0.36260423,-0.4696174,-0.63903268,-0.859034358
0,1,1,0,0,1,0,0,1,1,1,0,1,0,1,0,0,0,0,0,1,0,0,0,0,1,0,0,0,1,0,0,0,0,0,1,1,0,0,0,1,0,0,1,0,1,1,0,1,1,0,0,1,0,0,1,1,0,0,1,1,0,0,0,0,1,1,0,1,1,1,1,0,1,0,0,1,1,0,1,0,0,0,1,1,1,1,1,0,0,0,0,0,0,0,1,0,0,0,0,-0.00296635,-0.003553796,-0.004336484,-0.0054154,-0.006568401,-0.010495095,-0.008260751,-0.012207246,-0.014244454,-0.016288291,-0.020644084,-0.023708028,-0.026889638,-0.029999924,-0.037811643,-0.04265827,-0.025052151,-0.042833965,-0.051115486,-0.059621105,-0.062879882,-0.072898092,-0.068130797,-0.077844977,-0.085176547,-0.09148777,-0.095433865,-0.115861454,-0.124430511,-0.130179405,-0.165544752,-0.143755214,-0.14931181,-0.150157253,-0.151539388,-0.152759068,-0.157341138,-0.150704212,-0.132163334,-0.132226838,-0.115880632,-0.125899623,-0.131204974,-0.117545066,-0.11612221,-0.11863356,-0.127598399,-0.131344033,-0.138071219,-0.148687134,-0.145722378,-0.162282144,-0.170971953,-0.185049426,-0.202730318,-0.265060653,-0.26243935,-0.262650634,-0.273242566,-0.287720412,-0.337201342
0,1,1,0,1,1,0,0,0,1,0,0,1,1,0,1,0,1,0,1,1,1,1,1,0,1,0,0,0,1,1,0,1,1,0,1,0,0,1,0,0,0,0,1,0,1,1,1,0,1,0,1,1,0,1,0,0,1,1,0,0,1,1,0,0,0,0,1,1,1,0,0,0,1,1,0,0,0,0,1,1,0,0,1,0,1,0,0,1,1,1,0,0,1,1,0,0,0,1,0,-0.0029473,-0.003426254,-0.004236101,-0.005539152,-0.006464104,-0.008198267,-0.01344416,-0.011837669,-0.014766727,-0.017463742,-0.020744958,-0.02374128,-0.026753825,-0.029584739,-0.033333284,-0.037321936,-0.043552022,-0.047415713,-0.05438968,-0.062565108,-0.066265044,-0.071515506,-0.073798187,-0.070048199,-0.086885995,-0.095312519,-0.107231442,-0.112479576,-0.117968293,-0.127010768,-0.13325957,-0.152283677,-0.149100723,-0.151072216,-0.152873715,-0.155027971,-0.154767282,-0.151478391,-0.146787615,-0.141432925,-0.1364791,-0.130699754,-0.129032868,-0.129817934,-0.129151182,-0.127527718,-0.128346687,-0.139302096,-0.145147611,-0.15019202,-0.155918291,-0.176076754,-0.17524339,-0.180149702,-0.2179848,-0.243424477,-0.255263903,-0.279787561,-0.299709088,-0.336929573,-0.404425285
1,0,0,1,0,0,1,0,1,1,0,0,0,0,1,1,1,0,1,0,1,1,0,0,0,1,0,0,1,1,0,0,0,1,1,1,0,1,1,0,0,1,1,0,0,0,0,1,0,0,0,0,1,1,0,1,0,1,1,1,1,0,0,1,0,0,0,1,1,0,1,1,0,0,0,1,0,0,1,0,0,1,0,1,0,0,0,0,1,1,0,1,0,0,0,1,1,1,0,0,-0.027924235,-0.115735485,-0.016463263,-0.035097372,-0.005773898,-0.009989321,-0.029303365,-2.427262876,-1.354671777,-0.040949229,-0.019693142,-0.024087142,-0.057237011,-0.393335158,-0.100641832,-0.055631522,-0.052319289,-0.055165029,-0.07359181,-0.858493428,-0.15076726,-0.135920829,-0.158312374,-0.158927094,-0.130525424,-0.181066577,-0.291801224,-11.64205522,-0.312372984,-0.407962976,-1.085031554,-0.591118769,-0.950449442,-1.265499397,-1.450756353,-1.96937065,-4.3687041,-2.629971858,-8.724941412,-2.195362723,-1.769103521,-1.313196867,-0.988782219,-0.733117942,-0.557194667,-0.442926552,-0.507574227,-0.446302236,-0.513405084,-0.634916145,-0.683448043,-1.060068056,-1.52345879,-2.33736251,-5.872418804,-2.670000702,-1.824492979,-1.490535818,-1.392081008,-1.18700526,-1.088382261
0,0,0,1,1,0,0,0,1,0,0,0,1,0,1,1,1,0,0,1,1,1,1,0,0,0,1,0,1,1,1,0,1,0,1,1,0,0,1,0,0,0,0,0,0,0,0,0,1,0,0,0,0,0,1,0,1,0,1,1,1,0,1,1,1,1,1,1,0,1,0,0,1,1,1,0,1,1,1,0,1,1,0,0,0,1,1,1,0,1,0,0,1,0,1,1,0,0,1,0,-0.046233632,-0.020873668,-0.013841921,-0.01163328,-0.011439772,-0.012501944,-0.013589005,-0.015731881,-0.018943701,-0.051012939,-0.050157776,-0.033693722,-0.033046392,-0.032037935,-0.031239381,-0.030942042,-0.033490738,-0.036099668,-0.0420303,-0.072745434,-5.731552211,-0.081600518,-0.090765819,-0.141002036,-0.173147637,-0.610925382,-1.271950588,-6.365655385,-3.638768873,-0.97053082,-0.577757695,-0.487338349,-0.52541389,-0.768749034,-5.174989914,-1.038526022,-0.718596858,-0.73836091,-0.93968657,-0.897046459,-0.954388017,-1.032075774,-1.058107114,-1.012565975,-1.162291057,-1.049091358,-1.059762882,-1.090518949,-0.99438166,-0.932324286,-0.906235424,-0.973036763,-0.747432927,-0.622588065,-0.553463535,-0.47343932,-0.42313865,-0.396064652,-0.363654692,-0.380059988,-0.412447096
1,1,0,1,0,0,0,0,1,1,1,1,1,0,1,0,0,1,1,1,1,0,1,0,0,0,1,0,1,0,0,1,0,1,0,0,0,0,0,0,0,0,0,0,1,1,0,1,1,0,0,1,1,1,1,0,1,1,1,0,1,0,1,0,1,0,1,1,1,1,1,0,1,0,0,0,0,0,0,1,0,1,1,1,1,0,1,1,1,0,1,0,0,1,0,1,0,1,1,0,-0.071572991,-0.186669622,-0.214550507,-0.283275521,-0.539832605,-0.437262705,-0.25940961,-0.124652291,-0.092336591,-0.08214387,-0.086069244,-0.19992895,-0.24867778,-1.827570455,-1.017460533,-0.847143502,-0.52094212,-0.849499244,-0.752580709,-0.491831347,-2.344554014,-0.192763071,-0.131371697,-0.106050613,-0.156512208,-0.356377342,-0.455316437,-0.084485254,-0.089569314,-0.160780148,-0.327116873,-0.643626277,-0.569886196,-1.799545494,-1.973177115,-0.689557688,-0.495420527,-1.6262576,-3.37687647,-1.615926498,-3.543606122,-0.612663431,-1.280953637,-1.534267248,-0.79425988,-0.323859464,-0.349735131,-0.555107221,-3.165938087,-2.864856678,-1.545519871,-1.773484786,-1.97175245,-1.638923396,-1.848978182,-1.604768642,-3.735193893,-7.576283838,-2.183099894,-1.854660067,-2.023113958
1,1,0,1,0,1,1,1,1,1,0,1,1,1,1,0,0,0,0,1,0,0,1,0,1,0,0,1,1,0,0,0,0,0,0,0,1,0,0,1,1,1,0,0,1,1,1,0,1,1,1,0,0,0,1,0,1,1,1,0,1,1,0,0,0,1,1,0,1,1,1,1,1,0,1,1,1,0,1,1,0,1,1,1,1,0,1,0,1,1,1,1,0,1,0,0,0,1,1,0,-0.015211603,-0.012262654,-0.017567229,-0.075754436,-0.141129279,-0.128497873,-0.274410089,-0.186899901,-0.415220891,-0.11853355,-0.18943415,-0.542492158,-0.218266195,-0.598232547,-0.119970085,-0.10747937,-0.133898137,-0.220341516,-1.207183796,-1.153616663,-0.268626463,-0.253239143,-0.599711775,-3.00591385,-1.224795534,-0.56520284,-0.890772924,-0.608922758,-3.586593657,-2.092601483,-9.297749155,-1.205493305,-0.519769758,-0.553545725,-0.298669076,-1.72254471,-0.333603821,-2.832817521,-1.040513966,-0.521157468,-0.980815511,-3.255115384,-3.68157677,-0.998576266,-0.710182519,-0.650165259,-2.278312726,-5.752414612,-4.178094377,-1.183221531,-0.779295677,-0.725373925,-1.39507094,-1.016807264,-0.797570624,-2.358139489,-1.011597139,-0.502688795,-0.451789443,-0.557998496,-0.633540137
0,1,1,1,1,1,0,0,0,0,1,1,1,1,1,1,1,0,1,1,0,1,1,1,1,0,0,0,1,0,1,1,1,0,0,1,1,0,1,0,1,1,0,0,0,1,0,0,0,0,1,1,0,0,0,1,0,0,0,1,0,0,1,1,0,0,0,1,0,0,1,1,0,1,1,0,0,1,1,1,0,0,0,0,1,1,0,0,0,1,1,0,1,1,1,1,1,0,1,0,-0.005913438,-0.006931236,-0.008229223,-0.009468409,-0.007410912,-0.012742978,-0.016564443,-0.016690165,-0.019566073,-0.02261769,-0.025827907,-0.028310575,-0.033893035,-0.031576543,-0.031841128,-0.031570346,-0.031600253,-0.03336129,-0.032057965,-0.033017675,-0.036402415,-0.03514356,-0.03638259,-0.035537329,-0.038521582,-0.040781739,-0.045051492,-0.046165934,-0.055145052,-0.064705259,-0.076201646,-0.090001109,-0.103502191,-0.129292566,-0.096011825,-0.142420823,-0.167768698,-0.188820614,-0.213680179,-0.223357144,-0.256335157,-0.269490683,-0.323737051,-0.314576964,-0.336597905,-0.350032512,-0.362969083,-0.373830241,-0.396959422,-0.402324005,-0.360117037,-0.398355441,-0.476871387,-0.528509817,-0.601895368,-0.650519592,-0.631870776,-0.670627063,-0.776109766,-0.729061877,-0.8447927
1,1,0,0,0,1,0,1,1,0,1,0,0,0,1,0,0,1,0,1,1,0,1,1,1,0,1,0,1,1,1,0,1,0,1,1,0,0,0,0,1,0,1,0,0,1,0,1,0,1,1,0,1,1,0,1,1,0,1,1,1,1,1,1,1,0,0,0,1,1,0,0,1,1,1,1,0,1,0,0,0,1,0,1,0,0,1,0,0,1,0,1,1,1,1,1,1,1,1,1,-0.019057829,-0.040030953,-0.084761434,-0.331818822,-0.155881995,-0.148406512,-0.442594108,-0.452973662,-0.169857249,-0.141055287,-0.508276429,-0.330456117,-0.176052569,-0.178331579,-0.231239672,-0.427562931,-4.024160814,-0.8478431,-1.4490296,-1.351024421,-0.712222736,-1.435571329,-2.300951505,-5.262962716,-1.185940611,-0.338754757,-0.186898615,-1.019777472,-2.611072577,-0.504341293,-3.021253156,-0.328739483,-0.468170539,-1.298285599,-0.790536229,-0.389612525,-0.527419233,-4.284859131,-0.316661007,-0.25608869,-0.436786074,-0.424735386,-0.8977675,-1.190919494,-1.962334986,-8.059758704,-1.265619036,-2.251445557,-0.716224077,-0.520802003,-0.625330653,-2.096726334,-7.267877055,-2.569375094,-3.289640659,-1.544082344,-2.063015386,-9.468810851,-2.366657513,-1.817905525,-2.937402317
0,1,0,0,0,0,1,0,0,0,0,1,1,0,1,0,1,1,0,0,1,1,1,1,0,1,1,1,0,1,0,1,1,1,0,1,1,1,1,1,0,0,0,1,1,0,1,1,0,0,0,1,1,1,0,0,1,1,1,1,0,1,1,1,1,1,0,0,1,1,0,0,1,0,0,0,0,1,0,1,1,1,0,0,0,1,0,1,0,1,1,1,1,0,0,1,0,0,0,1,-0.002985958,-0.003510997,-0.00421432,-0.005243685,-0.00650473,-0.008060492,-0.009993999,-0.012293678,-0.016000068,-0.018544884,-0.021277912,-0.023924748,-0.026710863,-0.029435745,-0.033177404,-0.037397652,-0.042608225,-0.048010377,-0.053891499,-0.059211713,-0.066748803,-0.070910502,-0.077146226,-0.082143194,-0.089439569,-0.093673332,-0.103824549,-0.111762062,-0.120053913,-0.12818306,-0.135369455,-0.140014206,-0.150851763,-0.150119551,-0.151982437,-0.153660337,-0.153267656,-0.153691514,-0.14632119,-0.135674911,-0.134062643,-0.133527352,-0.125378046,-0.12501062,-0.122356629,-0.127898294,-0.129649166,-0.132242551,-0.142366742,-0.147840202,-0.14815215,-0.161865391,-0.170126704,-0.176393373,-0.16912377,-0.212346344,-0.227574256,-0.291494734,-0.333029449,-0.359271766,-0.381916612
1,0,1,0,0,1,1,0,0,0,0,0,1,1,0,1,0,1,1,0,0,1,0,1,0,0,0,1,0,1,1,0,1,1,0,0,1,1,1,0,1,0,1,1,1,0,1,0,1,0,0,1,0,1,1,1,0,1,1,0,0,0,0,0,1,0,1,1,1,0,1,1,1,0,1,0,0,1,1,1,1,1,1,0,1,0,1,0,0,1,1,0,1,0,1,1,1,0,1,0,-0.123477048,-0.141943653,-0.608160664,-0.074484069,-0.061362735,-0.431573606,-0.9889739,-0.168728334,-0.112166341,-0.845978005,-0.67761153,-3.631949354,-1.155572113,-1.528322428,-0.438160298,-0.60273396,-0.578049143,-0.398486391,-0.294354581,-0.609138204,-3.043999812,-2.448521094,-1.059610325,-1.042009817,-0.686688065,-1.112511986,-0.449084787,-0.481743086,-0.24028796,-0.233228814,-0.149247211,-0.125813463,-0.137011999,-0.136830608,-0.162090089,-2.988006255,-0.184376332,-0.184956052,-1.823928337,-0.19518073,-0.370694527,-5.994017742,-2.704291043,-0.496673616,-0.570793329,-0.291311378,-0.242542061,-0.271320515,-0.284714225,-0.311161806,-0.344103052,-0.441498184,-1.587634402,-0.416325814,-0.389899703,-0.452813691,-0.51099741,-0.456166811,-0.603086845,-0.727383626,-0.959207003
1,1,0,0,1,1,0,1,1,0,0,0,0,1,0,1,0,0,1,0,0,0,1,1,1,0,1,1,0,0,1,1,1,1,1,1,1,0,1,0,0,0,1,1,1,1,0,0,0,1,0,0,1,1,1,0,1,1,1,1,0,1,0,0,1,1,0,0,0,0,1,1,1,1,1,1,1,1,0,0,0,0,0,1,0,1,0,1,0,0,0,1,0,0,1,1,1,0,1,1,-0.189803019,-0.025736924,-0.022659523,-0.01741662,-0.025775134,-0.019285852,-0.077823423,-0.160538197,-0.122954724,-0.12616955,-0.109943388,-0.206417168,-0.854530249,-0.244836822,-0.236626081,-1.358444897,-0.273810204,-0.331276597,-0.352537291,-4.837902901,-0.492289211,-9.479090636,-0.550680402,-0.495355898,-0.331239896,-0.274318167,-0.230428123,-0.229171792,-0.181594456,-0.169819382,-0.161732,-0.160076345,-0.177977507,-0.267656126,-0.284923133,-0.248082532,-0.313222206,-0.424496612,-0.687500256,-0.885793488,-1.679794529,-3.070862372,-4.960537339,-11.17890659,-3.915617818,-1.373404593,-0.971727821,-0.988217581,-0.594193087,-0.472179471,-0.458664169,-0.944811559,-8.769874384,-5.299268895,-2.496222271,-1.711019037,-1.317727407,-1.221034682,-1.074827565,-1.020476603,-1.194707873
1,1,0,1,1,0,0,0,1,0,0,0,1,0,0,0,1,1,1,1,1,1,0,0,0,0,0,1,1,1,1,0,1,1,1,0,1,0,0,0,0,0,1,1,0,1,1,1,1,1,0,0,0,0,1,0,0,0,1,1,0,0,1,1,0,0,1,0,0,1,0,0,1,1,0,0,1,0,1,1,0,0,1,0,0,0,0,0,1,0,0,0,1,0,0,1,0,0,1,1,-0.005892392,-0.004668522,-0.007928501,-0.009897524,-0.011931672,-0.01592058,-0.023848881,-0.043328695,-0.263391057,-0.336742444,-0.052034764,-0.034148473,-0.029876727,-0.028399728,-0.027882105,-0.027936833,-0.028905561,-0.031209249,-0.035405172,-0.041282833,-0.043993721,-0.058925345,-0.080208198,-0.090794341,-0.128142111,-0.164261938,-0.276844052,-0.486296806,-1.163748393,-1.09860384,-1.423274624,-2.283635719,-2.345827469,-1.631224561,-1.048506559,-0.722217815,-0.516003176,-0.426403754,-0.420108016,-0.4428257,-0.508853141,-0.681736825,-1.00431596,-1.710986538,-2.843373985,-2.888323765,-1.524745215,-0.873741156,-0.672579779,-0.515361352,-0.475198563,-0.503523437,-0.615823859,-1.031969627,-2.745633927,-16.50831461,-2.256903926,-1.150048544,-0.95924751,-1.082184616,-1.484381977
0,0,1,0,1,1,0,0,0,1,0,0,1,1,0,1,0,0,0,0,0,0,0,1,0,1,1,1,1,1,0,0,0,1,1,0,1,0,0,1,1,0,1,0,1,0,1,0,1,0,0,1,0,0,0,1,0,0,0,0,0,1,0,0,1,1,1,1,1,1,1,0,0,0,1,0,1,1,0,1,0,1,1,0,1,1,1,1,0,0,1,0,0,0,1,1,1,0,0,0,-0.258487334,-0.235053379,-0.04687875,-0.226044888,-0.011954957,-0.026984567,-0.179224368,-0.034165012,-0.029486464,-0.253267091,-1.63384754,-0.061790908,-0.042801819,-0.039489514,-0.182861744,-0.060104518,-0.137860536,-7.282966106,-0.686509008,-1.146923861,-7.812341978,-2.729897605,-1.558571245,-0.138265269,-0.197538552,-0.49493127,-3.6794255,-1.124062731,-2.93794036,-4.062606278,-0.859580795,-1.8304405,-2.541777979,-24.6708079,-1.426595105,-1.037983743,-0.907942337,-1.531137618,-1.858103515,-1.345291144,-1.689799174,-6.907536776,-1.304807865,-1.63676467,-2.079033075,-3.662731581,-7.378082161,-7.363904697,-4.152771118,-2.803938471,-2.424871963,-2.930941838,-5.326420852,-5.14787325,-3.773621107,-2.549018447,-2.434209464,-2.127953832,-2.175726634,-2.590908971,-2.949121217
1,1,1,1,0,0,1,0,1,0,1,1,0,1,0,1,0,1,1,0,0,1,0,0,1,0,1,1,0,0,0,0,0,0,1,1,0,0,0,1,0,1,0,1,1,0,0,1,0,1,1,0,0,0,0,1,0,1,0,1,0,1,0,0,1,1,0,1,0,1,1,1,0,0,0,0,0,0,1,1,0,1,0,0,1,0,0,1,0,0,0,0,0,0,0,0,0,1,1,1,-0.267297539,-0.04089767,-0.857574614,-0.046658902,-0.012405135,-0.014368903,-0.024047918,-0.03387355,-0.136406942,-0.101197284,-0.039420227,-0.126469651,-0.332652302,-0.440059884,-0.097865969,-0.070849803,-22.10923016,-0.04484328,-0.138565943,-1.022683576,-0.810538145,-0.401160297,-0.097497736,-0.162787451,-0.670961323,-2.901872322,-12.80173874,-0.639389924,-1.180233465,-1.884766825,-2.212497816,-8.956838733,-6.849032026,-2.218884346,-2.061095253,-0.974950443,-1.627075366,-2.674719907,-0.450455266,-0.429947694,-0.515005178,-5.679090654,-1.475999452,-1.018920871,-0.689807787,-1.010319667,-0.906072343,-1.459958436,-1.85384278,-2.254798155,-1.55498348,-3.20255073,-0.90068502,-1.54211218,-3.54306994,-7.04432341,-2.390682471,-1.047640578,-0.756959566,-0.589470958,-0.556230066
0,0,1,1,0,0,0,1,0,1,0,1,0,1,1,1,1,0,1,0,0,1,1,1,0,1,0,1,1,0,0,1,0,1,1,1,1,1,1,1,1,0,0,0,0,1,0,1,1,1,0,1,0,1,1,0,1,1,1,1,1,1,1,0,1,0,0,0,1,1,0,1,0,0,1,1,1,1,1,0,1,1,1,0,0,1,1,0,0,1,1,0,0,0,0,0,1,1,1,1,-0.009363984,-0.013008748,-0.026954663,-0.163688749,-0.705684285,-0.096352082,-0.04402678,-0.032524829,-0.032019004,-0.0459376,-0.166042089,-1.461896552,-0.162802765,-0.084786489,-0.064118869,-0.056492002,-0.061674544,-1.195595023,-0.17670663,-0.157522412,-0.500884941,-1.47033575,-0.859575907,-1.754057002,-1.351860087,-0.482061441,-0.235735646,-0.787135615,-0.318942148,-0.152215972,-0.139158832,-0.959018548,-0.107993833,-0.124676854,-0.158382523,-0.229706728,-0.372636585,-0.991080812,-1.412908065,-4.609471452,-1.609461347,-0.301917507,-0.13960546,-0.120268622,-0.155220476,-0.142820596,-0.161006142,-0.193093417,-0.226697876,-0.299365111,-0.481614962,-1.191521669,-0.517068564,-0.697270999,-1.619702602,-1.545967993,-2.705223833,-4.093184566,-2.768939303,-3.838697158,-2.167162076
1,0,1,0,1,1,0,1,1,1,1,0,1,0,1,0,0,1,0,1,0,1,1,1,1,1,1,0,0,1,0,1,0,0,1,0,0,1,1,0,1,0,0,0,1,0,0,1,0,1,1,1,0,1,0,0,1,0,1,0,1,0,0,0,1,1,0,0,0,1,1,1,0,0,1,1,1,0,1,1,1,0,0,0,0,0,1,1,0,1,1,1,0,1,1,1,1,0,0,1,-0.012054095,-0.79927912,-0.027859333,-0.192622275,-0.846251257,-0.35395269,-0.681605552,-0.31449419,-0.275134702,-0.772758147,-0.296879282,-0.188315125,-0.217352067,-0.288237351,-0.486795572,-2.862006594,-1.284301089,-0.592960214,-0.307464993,-1.420653668,-0.239358286,-0.272914698,-0.876741323,-2.594454358,-0.64786995,-0.434513755,-0.61437422,-1.320008806,-1.850192376,-1.716039216,-0.668904263,-0.842465754,-0.615381359,-11.14357441,-0.780547384,-0.793549122,-4.56302093,-0.720656865,-1.711323754,-1.728901666,-0.978564546,-1.967348723,-20.59661809,-1.674585596,-2.646349145,-4.525155653,-1.342259264,-6.904214848,-3.282405893,-2.503296435,-6.353367998,-2.437955173,-13.9757346,-10.6784613,-2.183990957,-2.248058951,-3.475729945,-4.685209396,-4.340444464,-5.18595303,-8.699635527
0,1,1,1,0,1,1,1,1,0,1,0,1,0,1,0,1,0,0,1,0,0,1,0,1,0,0,0,0,1,0,1,0,0,1,1,0,0,1,1,1,1,0,1,1,0,0,0,1,0,1,0,0,0,0,0,1,0,0,1,0,0,1,0,0,0,1,1,1,0,1,1,1,1,1,1,0,1,0,1,1,0,0,1,1,1,1,1,1,0,1,0,1,1,1,1,0,0,0,0,-0.002984718,-0.003555708,-0.004219281,-0.005287836,-0.006559419,-0.009038102,-0.011375692,-0.012564437,-0.013291384,-0.017619753,-0.020844644,-0.023581016,-0.026534982,-0.029766504,-0.03583749,-0.035559109,-0.041166928,-0.040316141,-0.054290151,-0.060153506,-0.065959751,-0.071381419,-0.077670281,-0.0823952,-0.089186336,-0.096989014,-0.106250258,-0.109938008,-0.120865037,-0.130531446,-0.13960571,-0.142175436,-0.143013368,-0.148684833,-0.156511928,-0.154807769,-0.156356781,-0.152981407,-0.145469402,-0.142540296,-0.136738254,-0.132891893,-0.129949149,-0.128548014,-0.128668444,-0.130214902,-0.135521992,-0.138783847,-0.153081202,-0.165283084,-0.179445329,-0.191162943,-0.209399612,-0.215894278,-0.191074087,-0.219046545,-0.24276823,-0.256107917,-0.284627618,-0.312514039,-0.34508525
0,0,1,0,0,1,0,0,1,0,1,0,1,1,0,0,0,1,0,0,0,0,0,1,0,0,0,0,1,1,1,1,1,0,1,0,1,1,1,0,1,0,1,0,0,1,1,0,1,1,1,0,1,0,1,0,1,1,1,0,0,1,0,1,1,0,1,0,0,1,0,0,1,1,0,0,0,0,1,0,1,0,0,1,1,1,0,0,0,0,1,1,1,0,0,1,1,0,1,1,-0.002974161,-0.003537685,-0.004281039,-0.005263064,-0.00657731,-0.008430769,-0.011859963,-0.011759641,-0.013830371,-0.017355503,-0.020471126,-0.023451088,-0.026289502,-0.028900151,-0.034108626,-0.036000245,-0.041976761,-0.048554919,-0.053325545,-0.060036743,-0.066113202,-0.068651587,-0.075148448,-0.082709576,-0.091523861,-0.106526026,-0.106639163,-0.115632997,-0.115630566,-0.125376738,-0.132574359,-0.141654477,-0.144991386,-0.145554618,-0.155214766,-0.158063639,-0.158043615,-0.16347557,-0.156293552,-0.146697733,-0.139915047,-0.13426916,-0.129232952,-0.135900082,-0.1358957,-0.138911616,-0.130891392,-0.135953986,-0.139050694,-0.155122492,-0.164866033,-0.176497931,-0.190248737,-0.2140415,-0.218940121,-0.226506508,-0.1878406,-0.192048139,-0.243640348,-0.2842923,-0.323581484
1,1,0,0,0,0,0,1,1,0,1,1,0,1,1,0,1,0,0,0,1,1,1,1,0,1,0,1,1,1,0,0,0,0,0,0,0,1,1,1,1,1,0,0,0,1,0,0,1,1,0,0,0,0,0,0,0,0,1,0,0,0,1,0,1,0,0,1,1,0,0,0,1,1,1,0,0,0,1,0,1,1,0,1,1,0,1,0,0,1,0,1,1,0,1,0,0,0,0,0,-0.872722127,-0.029740716,-0.017562608,-0.013176979,-0.046182698,-0.910975831,-0.115129246,-0.162482202,-0.125418435,-0.12376522,-1.278223458,-0.309698588,-0.981227084,-0.369882834,-0.297837391,-0.272598212,-0.495327104,-2.373107506,-2.435996485,-1.410698219,-0.882592185,-0.613930674,-0.568941183,-0.777588275,-0.884784039,-0.807222566,-2.884132735,-3.540953689,-10.43166123,-1.823831065,-0.861859859,-1.613862913,-2.479466787,-10.18164473,-1.015510063,-0.650607854,-0.364192362,-0.392671533,-0.499866981,-6.719450024,-2.937206226,-4.211650163,-2.217231956,-2.364521796,-1.609810051,-1.897505282,-6.094084923,-6.993128821,-4.94589623,-4.773882834,-1.835714991,-1.177709081,-5.399500592,-3.510021696,-1.179049183,-1.046366807,-7.744965445,-2.046787928,-1.097886033,-0.98308258,-1.151971124
0,1,0,0,1,0,0,0,0,0,0,0,1,1,0,0,0,1,0,1,1,1,0,1,0,1,0,1,0,0,0,1,1,1,0,0,0,0,1,1,0,1,1,0,1,1,1,1,1,0,0,1,1,1,1,0,1,0,1,1,1,0,0,0,0,1,0,0,1,1,1,1,0,1,0,1,1,0,1,1,0,0,0,0,0,1,1,1,1,1,0,1,0,0,1,1,1,1,0,0,-0.012533398,-0.016258684,-0.031117209,-0.176691728,-0.129034067,-0.020805215,-0.0169191,-0.025505439,-0.051114829,-0.07864717,-0.104382854,-0.164810467,-0.083927022,-0.070393268,-0.114901518,-1.252007573,-0.700349338,-0.203481659,-0.196622582,-1.456160376,-1.104079914,-0.562292245,-0.395312429,-0.672412446,-1.361680006,-1.095954303,-0.511018805,-0.585448879,-0.235280143,-0.16689071,-0.163313828,-0.186075027,-0.283348781,-0.259085955,-0.411524097,-2.097793381,-3.106423175,-1.339762517,-1.28632679,-2.341813433,-6.424402156,-1.087006091,-1.13465494,-0.365526291,-0.318302601,-0.385551155,-0.599479207,-1.532865025,-5.7067127,-0.89051343,-0.384930106,-0.284821147,-0.301843544,-0.427658157,-0.985239462,-16.0738162,-1.884761087,-1.512595442,-1.872326777,-2.785411425,-3.909169214
0,0,1,1,1,0,1,1,1,1,0,0,0,0,1,1,0,0,0,0,1,1,1,1,1,0,0,0,0,0,0,0,1,1,1,1,0,1,1,1,1,1,1,1,1,0,0,0,0,0,1,1,0,1,0,1,0,1,0,1,1,1,1,1,0,0,0,1,0,1,0,0,0,0,1,0,1,1,0,1,1,0,0,1,0,0,1,0,0,0,0,1,0,0,0,1,1,0,0,1,-0.193541045,-0.08697018,-0.03379806,-0.016988654,-0.017853958,-1.391986482,-0.09069822,-0.056748411,-0.047374493,-0.050304194,-0.053856469,-0.058184611,-0.064024922,-0.095830769,-0.047082702,-0.059654756,-0.065298868,-0.079487908,-0.091057479,-0.131426461,-0.152634178,-0.295059434,-0.994126384,-1.705882914,-0.175997699,-0.211782697,-0.369119142,-0.676642866,-1.131479931,-2.113575084,-10.85760175,-2.212633017,-1.146678229,-0.765366279,-0.638272407,-0.901433273,-5.351850223,-1.467986923,-1.299786186,-1.567683812,-0.521578901,-0.393746029,-0.371153337,-0.346373495,-0.386113272,-0.480300806,-0.814638658,-3.810665473,-2.164147853,-0.7657236,-0.391415391,-0.328085801,-0.316221296,-0.343647914,-0.37076356,-0.446193718,-0.666445355,-1.414549661,-5.707305486,-5.387080576,-1.588323459
0,1,1,0,0,1,1,1,1,1,1,1,1,0,0,0,1,1,1,0,1,1,1,1,1,0,1,0,1,0,0,1,1,1,0,0,1,1,1,1,0,0,0,0,1,0,0,0,1,1,1,0,0,0,1,0,1,1,0,0,0,1,1,1,1,1,0,0,1,0,1,1,1,1,1,0,0,0,1,0,0,1,0,1,0,1,0,0,1,0,1,1,1,0,0,1,1,0,0,1,-0.003011198,-0.003564742,-0.004322951,-0.005377426,-0.004218294,-0.007777152,-0.009794966,-0.012182989,-0.014881954,-0.017875781,-0.020906155,-0.023746828,-0.026650673,-0.029012862,-0.032875254,-0.037039031,-0.041901804,-0.047039376,-0.054118381,-0.060895491,-0.066325728,-0.069855915,-0.076968228,-0.07996161,-0.087662159,-0.099963303,-0.105855235,-0.10332839,-0.123585974,-0.138549858,-0.133608938,-0.125097602,-0.143696162,-0.146593417,-0.152267225,-0.154218258,-0.154056326,-0.149551099,-0.142705461,-0.137518453,-0.137055228,-0.131860933,-0.128674361,-0.126063212,-0.124434978,-0.130919059,-0.129189853,-0.131387132,-0.136133094,-0.139208872,-0.134582108,-0.113225132,-0.156903146,-0.197768911,-0.228167338,-0.248169003,-0.262504332,-0.268742919,-0.300910483,-0.313303498,-0.362549642
0,1,0,1,1,0,0,1,0,0,1,1,1,1,1,1,1,1,0,0,1,0,1,0,0,0,0,0,0,1,0,1,1,0,0,0,1,0,0,1,0,1,0,0,1,1,1,0,0,1,0,1,1,1,0,1,0,0,1,0,0,0,0,1,0,1,0,0,0,0,0,0,1,1,1,0,0,1,0,1,1,0,0,1,0,1,1,0,1,1,1,1,0,1,1,0,0,1,1,1,-0.058728993,-0.017213703,-0.020999056,-0.059038374,-0.06474269,-0.077248742,-1.003635644,-1.626017164,-0.161717028,-0.06531025,-0.04925831,-0.136519042,-0.199542303,-0.376561122,-0.233886392,-0.09291026,-3.380236728,-0.093717535,-0.099908415,-0.123908319,-0.319556864,-0.261180242,-0.446435675,-2.957933102,-1.297214647,-0.538600818,-2.372488236,-1.317138279,-0.931046905,-5.192896109,-2.84939335,-0.865659139,-2.47478559,-5.52769287,-1.075777727,-0.876638828,-2.922426151,-6.378397716,-4.32871729,-5.770175321,-2.251587968,-2.031171139,-1.743823921,-4.341756267,-16.82169299,-1.863793371,-7.795479191,-1.346866072,-1.117477139,-2.181414995,-1.406909323,-2.138198505,-2.605266949,-2.214233466,-3.586364107,-3.746312777,-9.145982505,-8.087703812,-6.054217089,-4.52119832,-1.800843012
1,0,0,0,1,0,0,1,1,0,1,0,1,0,1,1,0,0,1,0,0,0,1,1,1,1,1,0,1,0,1,0,0,1,0,0,1,1,1,1,0,1,0,0,0,1,1,1,1,0,1,1,0,0,0,0,0,1,0,0,1,1,1,1,0,1,1,0,0,0,1,0,1,1,1,1,1,0,0,1,0,1,1,0,1,1,0,1,0,0,1,0,1,0,0,0,1,1,0,1,-0.002970889,-0.003492069,-0.00419397,-0.005166903,-0.006449911,-0.008057927,-0.010218214,-0.008136924,-0.014606495,-0.017817773,-0.022002113,-0.023496755,-0.027400121,-0.028875524,-0.033190709,-0.038955204,-0.04261859,-0.039580602,-0.056833046,-0.058656777,-0.063447381,-0.066381052,-0.075012613,-0.080240695,-0.089624402,-0.097036814,-0.109773418,-0.115333794,-0.125821322,-0.146490772,-0.149109519,-0.144459994,-0.140861658,-0.15105518,-0.150760584,-0.155183449,-0.148992525,-0.147569417,-0.144486828,-0.141720019,-0.122271772,-0.127948817,-0.129143867,-0.123676046,-0.122483071,-0.125302621,-0.129073002,-0.149807158,-0.14327025,-0.153171996,-0.188555265,-0.163046738,-0.177195361,-0.195508898,-0.208400678,-0.197539635,-0.22462924,-0.241358015,-0.29567653,-0.319417964,-0.363295993
1,0,1,1,1,1,1,1,0,1,1,0,1,0,1,0,1,1,1,1,1,0,1,0,0,1,1,0,0,0,1,1,0,1,0,1,0,1,0,1,1,1,0,1,1,0,0,0,1,1,0,1,1,0,0,0,1,0,0,1,1,1,1,1,1,1,1,1,0,1,1,0,1,0,0,1,0,0,0,0,1,1,0,1,0,0,1,1,1,0,0,1,0,0,1,0,1,0,1,0,-0.074685874,-0.101171693,-0.119170196,-0.132698764,-0.352248097,-0.103601494,-0.134890254,-0.844650269,-0.653404461,-0.102445569,-0.194431109,-0.594694289,-4.185885359,-0.590303454,-0.09049011,-0.101351883,-0.423793254,-1.592136104,-1.198042256,-0.62665758,-0.743424924,-0.850511724,-2.626926881,-0.889905805,-0.580603744,-0.446779555,-0.453142422,-0.861721172,-0.318494245,-1.295011082,-1.006374461,-0.277035648,-0.212916265,-0.368875751,-3.198672189,-2.716681876,-0.75042675,-0.552222404,-0.368900286,-0.342941146,-0.359279831,-0.457392272,-2.083584415,-0.619260919,-0.770576588,-2.266643034,-2.524930434,-1.306256909,-6.988206498,-2.203731397,-2.208155876,-2.156729509,-1.799766005,-3.162488271,-3.769285465,-4.521580269,-1.593308445,-1.680802293,-1.765247847,-2.75609404,-3.337477624
0,1,0,0,0,1,1,1,1,0,0,0,1,0,1,1,1,0,1,1,1,0,1,0,0,1,0,1,1,1,1,1,1,1,0,0,1,0,0,1,1,0,1,0,0,0,1,0,1,1,0,1,0,0,0,0,1,1,1,1,0,1,1,1,0,0,1,1,0,1,0,0,1,0,1,0,1,1,0,1,0,1,1,0,0,0,1,0,0,1,1,1,0,1,0,1,1,1,0,1,-0.066618693,-0.103589266,-0.035376331,-0.235225739,-0.052942848,-0.063576777,-0.455628739,-0.068666752,-0.088887658,-0.037107353,-0.03469765,-0.045448201,-0.069018845,-0.244368562,-0.960641952,-4.560490585,-0.253618922,-0.228314108,-0.239529502,-0.308573538,-0.522799351,-0.328993935,-3.849571009,-0.444277964,-0.50801473,-1.047900555,-1.370009495,-0.66612954,-0.851631155,-1.520911625,-4.721139513,-0.946575501,-0.607874205,-0.546275175,-6.882202537,-6.218794095,-2.396477745,-1.550901253,-1.427296514,-2.648110566,-0.900006123,-0.644914995,-0.769793922,-0.588236989,-0.591887065,-0.520465703,-0.539833265,-0.676651476,-0.847617806,-1.142426281,-8.477736325,-2.092732719,-1.513155383,-0.963940197,-0.757555839,-0.739442892,-0.700462196,-0.788173887,-0.905298231,-1.214613747,-2.948028009
1,0,0,0,1,0,1,1,1,0,1,1,0,0,0,0,1,1,0,1,1,0,0,0,1,1,1,0,0,0,0,1,1,1,0,0,0,1,0,1,0,1,0,1,0,1,1,1,1,1,1,1,1,1,1,0,1,1,1,0,0,1,0,1,1,0,1,0,1,1,0,0,0,0,0,1,0,0,1,0,1,1,1,0,0,0,0,1,0,1,1,0,1,1,0,1,1,1,1,1,-0.010038916,-0.005870826,-0.012421329,-0.037551243,-0.05347889,-0.186212593,-0.153271289,-0.050128142,-0.182824658,-0.504892057,-0.249991355,-0.09613677,-0.238204396,-0.775625156,-0.081279839,-0.112074928,-0.590782595,-0.334527903,-0.092803886,-0.429910298,-0.376691265,-1.342439269,-1.083825421,-0.701096802,-3.732049887,-0.282007837,-0.122607226,-0.134537376,-0.100813607,-0.204393749,-0.898603096,-0.287449887,-2.028873129,-1.00936602,-3.019058666,-4.893430146,-0.913065624,-3.976281807,-6.734595067,-2.281882815,-1.910716578,-3.456987699,-2.422903569,-1.380306507,-2.439719903,-2.479449416,-4.074610911,-2.01000328,-1.396481534,-3.053080457,-1.613540512,-4.783079421,-12.11549936,-9.648829103,-1.802385762,-1.99494272,-6.652589407,-6.758320994,-2.913993185,-1.335425032,-1.16255182
1,0,1,0,1,1,1,1,1,1,0,1,1,0,0,0,1,1,1,1,0,1,0,1,1,1,1,1,1,0,0,0,1,1,0,1,1,1,0,0,1,1,1,0,1,0,0,0,1,1,1,1,1,1,0,1,0,1,0,1,0,0,1,0,1,1,1,1,1,1,0,1,0,0,0,0,1,0,1,0,0,0,0,0,1,1,0,0,1,1,1,0,1,0,1,0,0,1,0,0,-0.027411316,-0.256006064,-0.043623188,-0.222421478,-0.026994802,-0.018215685,-0.023115413,-0.043087764,-0.032289767,-0.096681087,-0.307447398,-0.030751249,-0.590670588,-0.094232324,-0.145547024,-1.220273486,-0.795004992,-0.328778525,-0.601114814,-1.334220892,-1.037475523,-0.876529988,-1.113065071,-1.161466895,-0.357133399,-0.17031894,-0.135959969,-0.30391809,-0.954828709,-0.133692859,-0.81211942,-0.325750748,-0.637813136,-0.67753269,-8.626371182,-3.579924443,-1.26179514,-0.297402511,-0.230463935,-0.236326673,-0.235639896,-0.204582617,-0.233035346,-0.296635124,-0.781110924,-0.800687487,-5.088625739,-3.085730944,-9.884932051,-2.356886565,-1.194140941,-5.027160821,-1.163999703,-1.440890805,-0.747865099,-1.860430082,-1.173045741,-5.595107908,-3.194147776,-13.16179835,-7.371879524
0,0,1,1,1,1,0,1,1,1,0,1,1,1,0,1,1,1,0,1,0,0,0,1,0,1,1,0,0,1,1,0,1,1,0,1,1,1,0,1,1,1,0,1,0,1,1,1,0,0,0,0,1,0,0,1,1,1,0,0,0,1,1,0,0,0,0,1,0,0,0,0,0,1,0,0,0,1,0,1,1,1,1,0,1,0,1,1,1,0,0,1,0,1,0,1,1,1,1,0,-0.002967605,-0.003559393,-0.002305052,-0.005122853,-0.006409627,-0.008042257,-0.010023878,-0.012523843,-0.014798199,-0.019152628,-0.007711217,-0.022609432,-0.025678304,-0.02937792,-0.032628161,-0.040042867,-0.042267939,-0.050123903,-0.053410576,-0.059861114,-0.067187778,-0.07239637,-0.077941435,-0.08440944,-0.093901002,-0.073522122,-0.106623786,-0.117012398,-0.130354571,-0.137636099,-0.14165406,-0.147826765,-0.146639236,-0.15015858,-0.154135162,-0.156385811,-0.150236849,-0.134656342,-0.144015103,-0.140287963,-0.142238766,-0.163146568,-0.117264013,-0.12671881,-0.129628613,-0.150202201,-0.133395633,-0.140078193,-0.136944159,-0.148282143,-0.151141331,-0.16405393,-0.178440983,-0.195684674,-0.200652997,-0.201800297,-0.245303459,-0.274341682,-0.309415398,-0.351615868,-0.338910296
0,0,0,1,1,1,1,0,0,0,0,1,0,0,1,0,1,0,0,1,0,1,0,1,1,1,1,1,0,0,0,0,0,0,0,1,1,1,1,0,0,1,1,0,0,1,1,0,0,1,0,1,1,1,1,0,1,1,0,1,0,0,1,0,0,0,1,0,1,0,1,0,0,0,1,1,0,0,0,1,1,1,0,0,1,0,0,1,1,0,0,1,1,1,0,1,1,1,0,1,-0.057664747,-0.021683618,-0.048129399,-0.662711395,-0.769107712,-0.106026585,-0.045986589,-0.064738172,-0.162304254,-4.753372127,-0.141640869,-0.139166369,-0.187362687,-3.098292323,-0.699729,-1.764102481,-1.165918085,-2.215997136,-1.261962591,-0.471833659,-0.646873786,-8.317698696,-0.273544092,-0.67408562,-0.084733059,-0.136726846,-0.105919774,-0.126519145,-1.436785935,-0.774015045,-3.653834085,-0.958428612,-0.161693574,-0.254275992,-0.200892692,-0.394225689,-0.246879951,-0.910703554,-1.499317596,-4.026663836,-0.949626375,-0.509515989,-1.603854811,-0.879825606,-1.065815432,-0.692012817,-1.354823693,-5.141951758,-2.470493069,-1.863095689,-1.457194334,-2.084505086,-1.045331776,-2.986211208,-0.692755074,-0.668266368,-0.495010683,-0.687061071,-1.403666906,-1.818638197,-5.034051458
0,1,0,1,1,1,1,1,1,1,1,1,1,0,0,1,0,0,1,1,0,1,1,1,1,1,0,1,0,1,1,0,0,0,1,0,1,1,0,0,1,1,1,0,1,0,1,0,0,0,1,1,1,1,0,0,0,1,0,1,0,1,1,0,0,0,1,1,0,1,0,1,0,1,1,0,0,1,0,1,1,1,1,1,0,0,0,1,1,0,1,1,1,1,1,1,0,1,0,0,-0.008079151,-1.991501632,-0.015636714,-0.021353144,-0.681064081,-0.061438937,-0.178363069,-0.079680735,-0.223910369,-0.274348597,-0.975126032,-0.174112665,-0.148930557,-0.155212736,-0.465231662,-0.067685689,-1.814568168,-0.063115041,-0.058255751,-0.060438842,-0.082199141,-0.081739439,-0.106963074,-0.17546526,-0.939968713,-1.390647748,-0.474009733,-0.675882263,-1.087964275,-3.184968947,-7.199246103,-2.915843696,-1.339178407,-1.212287924,-1.262416389,-1.242308208,-1.67918718,-2.255005862,-2.673399434,-2.379021483,-1.401472378,-1.559470138,-0.682180151,-0.582061787,-0.497753953,-0.349297259,-0.349688444,-0.699674916,-0.344381859,-0.348231497,-0.39095412,-0.437389055,-0.610987074,-1.883911609,-1.119832821,-1.466678136,-2.304181112,-3.299155852,-3.786064486,-3.151731975,-2.624946581
1,0,1,0,0,1,1,1,0,0,1,1,0,1,0,0,0,0,0,0,0,1,0,1,1,1,1,0,1,1,1,1,0,1,1,1,0,1,0,0,0,0,0,0,0,1,1,1,1,1,1,1,1,1,1,1,1,0,0,0,1,1,0,0,1,1,0,0,0,1,0,0,0,1,1,1,0,0,1,0,1,0,0,0,1,1,1,0,0,0,0,1,1,1,0,0,1,0,1,0,-0.005954217,-0.007016853,-0.008572251,-0.010078465,-0.010992741,-0.013956145,-0.016627475,-0.01967928,-0.023024408,-0.028348985,-0.02000674,-0.029334387,-0.033327402,-0.025427063,-0.031182761,-0.030533215,-0.029657796,-0.027545964,-0.031697561,-0.030513091,-0.030574165,-0.032873745,-0.033859887,-0.036990943,-0.036883543,-0.037725497,-0.0423044,-0.049666069,-0.061322162,-0.069217312,-0.085537216,-0.105768164,-0.119385866,-0.153169845,-0.175491976,-0.199435015,-0.219375734,-0.241209622,-0.256228375,-0.275759876,-0.291108958,-0.311934061,-0.3460261,-0.334807223,-0.372265638,-0.34599472,-0.363463229,-0.348541761,-0.420798099,-0.443778667,-0.491633867,-0.55400374,-0.608462196,-0.668238353,-0.778092338,-0.801354564,-0.995070942,-1.232469812,-1.45289775,-1.285189199,-1.235179517
1,0,0,1,0,1,0,1,1,1,1,0,1,1,1,0,1,1,1,0,0,1,0,1,1,1,0,1,0,0,1,1,0,0,0,0,0,0,0,1,1,1,1,0,1,1,1,1,1,1,0,0,0,0,0,1,0,1,1,1,1,1,0,0,0,0,0,1,1,0,0,0,1,1,0,1,1,0,0,0,0,0,1,1,1,0,0,0,1,0,0,1,0,1,0,1,0,0,0,0,-0.003164282,-0.003577771,-0.004139051,-0.005185119,-0.006426619,-0.007851408,-0.010043717,-0.012330773,-0.014873456,-0.018071577,-0.021182679,-0.024213394,-0.027204696,-0.033281081,-0.033470744,-0.038499639,-0.044038566,-0.054178112,-0.043644456,-0.059198668,-0.064195051,-0.070457703,-0.072262298,-0.080348783,-0.08770721,-0.092212148,-0.121042952,-0.110589287,-0.122218978,-0.121600312,-0.14020148,-0.150610775,-0.102003027,-0.14138486,-0.128257682,-0.144401052,-0.149769279,-0.146842934,-0.143100349,-0.138175213,-0.141803542,-0.131094233,-0.127582656,-0.125511515,-0.124745115,-0.128333063,-0.136703906,-0.133591115,-0.143855928,-0.160365321,-0.164301469,-0.174774631,-0.184353326,-0.195368459,-0.214673738,-0.225377074,-0.25209816,-0.31278932,-0.412903482,-0.350354115,-0.387229018
0,0,1,0,0,1,1,1,1,1,1,0,1,1,1,0,1,0,1,1,0,0,1,1,0,1,0,0,1,1,0,0,0,0,1,1,0,0,1,1,1,0,1,1,0,0,0,0,0,0,1,1,0,0,1,0,0,0,1,0,1,1,1,1,1,1,1,1,0,1,0,0,1,0,1,0,1,1,1,1,1,1,1,1,1,1,1,0,0,1,1,1,0,1,0,1,1,1,0,0,-0.002498074,-0.003487869,-0.00427929,-0.005593009,-0.006560852,-0.007949118,-0.010902388,-0.012585359,-0.014947215,-0.017732639,-0.020962927,-0.023644861,-0.026210429,-0.029210239,-0.034024476,-0.038971173,-0.043325567,-0.052538884,-0.087646363,-0.053333143,-0.064066885,-0.070970016,-0.079302739,-0.076816658,-0.08708527,-0.096369398,-0.104079558,-0.110057572,-0.123752202,-0.132901283,-0.146490233,-0.1601539,-0.140995288,-0.148312089,-0.164429734,-0.154524507,-0.139411054,-0.146154534,-0.149190393,-0.134231702,-0.128507203,-0.128977231,-0.112297612,-0.115802615,-0.122283642,-0.123866456,-0.13095864,-0.131798209,-0.122210873,-0.150925877,-0.156649805,-0.165375087,-0.183874981,-0.182003476,-0.187246171,-0.163958679,-0.234903825,-0.299565706,-0.371232722,-0.385572528,-0.455297089
0,0,0,0,0,0,0,0,0,0,1,0,0,1,1,0,0,0,1,1,1,1,1,1,0,0,1,1,1,1,0,1,1,1,0,0,0,1,0,0,1,1,0,0,0,0,0,0,1,0,0,0,1,0,0,1,1,0,1,1,1,0,0,0,0,0,1,0,0,1,1,1,1,1,1,1,1,0,0,0,1,1,0,0,0,1,0,1,0,1,0,0,1,0,1,0,1,0,0,0,-0.023626458,-0.017255845,-0.029655629,-0.025350192,-0.105038367,-0.105716606,-0.047623246,-0.057790154,-0.01481333,-0.169905628,-0.024938173,-0.04462029,-0.210723723,-0.618094544,-0.088220257,-0.160994531,-0.133368579,-0.325003784,-0.115331419,-0.650415741,-0.338516461,-0.351754659,-0.312822923,-0.528523038,-2.407039234,-2.811668653,-0.581255095,-0.30377513,-0.408380521,-0.23101174,-0.371036607,-1.389125933,-3.31657269,-1.992901271,-1.821062474,-2.21334129,-1.696416733,-1.655757418,-0.49039205,-0.356148965,-0.634613546,-0.55086438,-0.376906459,-0.509676069,-1.523485867,-4.09566125,-4.66948458,-2.527037113,-1.496138243,-3.609152022,-8.822586869,-2.463527621,-1.505501673,-1.319104752,-1.432710717,-1.498088885,-2.624757859,-3.268676963,-2.055359426,-1.550456435,-1.288175626
0,1,0,0,0,0,1,1,0,0,1,0,0,1,1,1,1,0,0,0,1,1,0,1,0,0,0,1,1,1,1,0,1,1,1,1,0,0,0,1,1,0,1,1,1,0,1,1,1,1,0,0,1,0,0,0,1,1,0,0,0,0,1,0,0,1,0,1,0,1,0,0,1,1,1,0,0,1,1,1,1,0,0,0,1,1,1,0,1,0,1,1,0,0,0,0,1,0,1,0,-0.152955598,-0.464437369,-0.243681545,-0.179152065,-0.037598081,-2.37816531,-0.042065167,-0.035900367,-0.079899987,-0.023690179,-0.015461002,-0.01790739,-0.015228341,-0.061803479,-0.026096833,-0.032673203,-0.067441802,-0.805729939,-1.486697576,-0.399819447,-0.832104814,-0.888077802,-1.610296438,-1.317265647,-0.233580621,-0.123887322,-0.083525921,-0.230687226,-1.43946217,-0.237355736,-0.275696809,-1.803111955,-3.853761606,-1.752475393,-0.651644408,-1.22186336,-5.326401743,-1.288906148,-0.506161363,-2.742243684,-0.745049821,-4.403196248,-7.092796061,-10.20156836,-1.215702245,-0.609941438,-0.613698956,-1.276628904,-1.609158369,-14.05923904,-10.43089563,-4.884121698,-9.836067348,-1.405092187,-1.467738822,-1.715084858,-3.602228819,-5.36713486,-3.668466814,-3.588203912,-2.822235465
0,1,1,0,1,1,0,0,0,1,0,1,1,0,1,0,1,0,0,1,0,0,1,0,0,0,1,0,0,1,0,1,1,0,1,1,0,0,0,0,1,0,0,0,0,0,1,0,1,1,1,1,1,0,1,0,1,0,1,1,0,0,1,0,1,1,1,1,1,0,1,1,0,0,1,1,0,0,1,0,1,1,0,0,0,0,0,1,1,1,0,0,0,0,0,0,1,0,0,1,-0.002990778,-0.003552814,-0.004290033,-0.005258541,-0.00651387,-0.008170416,-0.010419871,-0.012025133,-0.015870118,-0.018089624,-0.021266281,-0.017378092,-0.026630549,-0.029973864,-0.032152743,-0.037848537,-0.039528193,-0.049066541,-0.05681352,-0.05950324,-0.065780737,-0.071096194,-0.077490915,-0.080190146,-0.090269395,-0.097496691,-0.103108201,-0.114141793,-0.122707159,-0.129052507,-0.135670404,-0.15014237,-0.153172227,-0.156893173,-0.156615438,-0.160176582,-0.149417189,-0.15601829,-0.150936156,-0.138051225,-0.142493991,-0.139620492,-0.137697467,-0.138470362,-0.148692508,-0.158537008,-0.177716357,-0.21751152,-0.11180927,-0.118077924,-0.139595607,-0.150044741,-0.131025681,-0.143797634,-0.171464359,-0.20066971,-0.219159164,-0.234914205,-0.264215646,-0.295294565,-0.366288189
0,1,0,0,0,0,1,1,0,1,1,1,1,1,1,0,1,1,1,1,1,1,0,1,1,1,0,0,1,1,1,1,1,0,0,0,1,1,0,0,1,0,1,0,0,0,1,0,0,1,0,0,0,1,0,0,1,0,1,0,0,0,1,0,1,1,0,0,0,1,1,0,0,1,1,0,0,1,0,1,0,0,1,0,0,0,0,0,0,1,0,0,0,1,1,1,1,0,1,0,-0.141123155,-0.181014987,-0.042863029,-0.013027111,-0.00895329,-0.01789094,-0.105414292,-3.118436676,-0.440473845,-0.468117172,-0.283763947,-0.228133168,-0.199396531,-0.203958555,-0.219044723,-0.290442581,-0.324112609,-0.317372347,-0.269041114,-0.21646246,-0.173503114,-0.935179842,-0.482861416,-0.296044986,-0.310099086,-0.554526409,-2.085892609,-3.105827049,-1.376405599,-1.257210232,-2.074952925,-8.333894376,-6.358421831,-2.871967339,-0.947232659,-1.737110917,-2.502565297,-1.32564187,-2.035869141,-5.942177466,-8.411404611,-3.016893704,-1.059283475,-0.726651031,-0.515418205,-0.456499423,-0.484092586,-0.705301664,-0.790514115,-2.76893505,-8.89733648,-3.336905847,-3.837955335,-1.581686535,-2.200560767,-8.101440201,-4.419830561,-2.266829476,-1.928649318,-2.493588322,-5.025048922
1,1,0,1,1,0,1,0,0,1,0,0,1,1,1,0,0,0,0,1,0,1,1,1,1,0,0,1,1,1,1,0,1,0,0,1,0,1,0,1,0,0,1,0,1,1,1,1,0,1,0,0,0,0,0,1,1,1,1,1,1,0,0,1,0,0,1,1,0,1,0,1,1,1,1,1,0,0,1,1,1,0,1,0,0,1,1,1,0,1,1,0,1,0,1,1,1,0,1,1,-0.032619199,-0.079519247,-0.192500201,-0.192835763,-1.145781007,-0.05291736,-0.176495545,-0.049362234,-0.04431642,-0.034771503,-0.060054115,-1.479859203,-0.143668387,-0.112407519,-0.131127674,-0.309579102,-1.458585673,-0.48576051,-8.119982357,-11.1538989,-1.755595676,-0.143948098,-0.056164051,-0.087337779,-0.33092019,-4.260076412,-0.46536114,-0.968759465,-1.485312555,-8.249611737,-0.986850545,-0.56875758,-0.526143426,-1.057796588,-1.219353681,-0.925534527,-1.022264037,-1.086492709,-1.353171318,-2.37486103,-6.807797869,-2.035761173,-1.433179819,-1.173979495,-1.241699825,-1.540994642,-4.663694191,-3.927866768,-4.624123503,-2.779011704,-2.4534938,-3.493919339,-2.707060983,-2.080100687,-1.511954722,-1.178688817,-1.040983413,-0.951044614,-1.02563141,-1.115961915,-0.799880516
1,1,1,1,1,1,1,0,0,1,1,0,0,1,1,1,0,1,0,1,1,0,0,0,1,0,1,1,0,1,0,0,1,1,0,0,0,0,1,1,1,0,0,1,0,0,0,1,0,0,0,1,0,1,1,0,1,0,1,1,0,0,1,1,1,0,1,0,0,0,1,1,0,1,0,0,0,0,0,1,0,1,0,0,0,1,0,1,1,1,1,1,1,1,0,0,0,0,1,0,-0.002886183,-0.003504174,-0.004259857,-0.00534897,-0.006384377,-0.007899892,-0.01026454,-0.012055348,-0.015276044,-0.017105637,-0.020579633,-0.023677524,-0.024107308,-0.029186015,-0.036025249,-0.036459781,-0.041882439,-0.047889081,-0.049271788,-0.060342014,-0.067343896,-0.071413135,-0.077071234,-0.083211729,-0.090520735,-0.100004584,-0.109179421,-0.132725101,-0.127138652,-0.1432662,-0.135517513,-0.145401563,-0.151113372,-0.155575762,-0.159473452,-0.163787687,-0.159835364,-0.170115898,-0.138016443,-0.142282069,-0.140168277,-0.139912622,-0.130322732,-0.133017975,-0.134044247,-0.137100649,-0.147550261,-0.204490095,-0.165144814,-0.158666833,-0.183966005,-0.215734033,-0.23449789,-0.237619176,-0.227101409,-0.153591508,-0.169642728,-0.21275584,-0.262046359,-0.284405082,-0.3216077
1,1,0,0,1,1,1,0,0,0,0,0,1,0,0,1,1,1,0,0,0,1,1,0,1,0,0,1,0,0,0,1,1,1,0,1,0,1,1,1,1,0,1,0,0,0,0,1,0,1,1,1,0,0,0,0,0,0,0,0,0,0,0,0,1,0,0,0,1,0,0,0,1,1,1,0,1,1,1,1,1,1,1,1,1,0,1,1,0,1,1,1,0,0,1,0,1,1,1,0,-0.017771806,-0.021722173,-0.00957116,-0.018159599,-0.134726142,-0.097553731,-0.059487231,-0.051750026,-0.04681464,-0.066130682,-0.587255985,-0.176128298,-0.137765029,-0.12087389,-0.11291565,-0.100787396,-0.107744128,-0.096623299,-0.10840372,-0.653152704,-0.569661762,-2.812368149,-0.68166612,-0.487919294,-0.594268643,-1.453660318,-3.877309849,-0.968313959,-0.443598592,-0.320359616,-0.283514522,-0.372146128,-0.966826907,-8.973633051,-0.92414959,-0.663538787,-2.052231226,-12.86277062,-0.854928235,-1.068389412,-4.921408819,-4.425070601,-1.164302766,-0.7155213,-0.66745171,-0.981973189,-3.590759599,-3.454734611,-0.769242024,-0.463395541,-0.385236112,-0.368609602,-0.374401538,-0.375694926,-0.391692833,-0.411123294,-0.419484389,-0.436786689,-0.47378042,-0.531177386,-0.622253194
1,1,1,0,0,0,0,0,0,0,0,1,0,0,1,1,1,1,1,1,0,0,1,0,0,1,1,0,0,1,0,0,0,0,0,0,1,0,0,0,1,1,0,1,1,0,0,1,1,1,0,0,0,0,0,1,1,1,0,1,0,0,1,0,0,1,1,0,1,0,1,0,1,0,1,0,1,1,1,0,0,0,0,0,1,0,0,0,1,1,0,1,0,0,1,1,1,0,1,0,-2.974138506,-0.061583363,-0.100407808,-0.040858595,-0.03633904,-0.215035463,-0.067933407,-0.068649694,-0.109667552,-0.341864494,-0.035734195,-2.556046066,-0.05129466,-0.049761506,-0.525410819,-0.018371929,-0.021507041,-0.034136708,-0.07762195,-0.257899221,-0.054472506,-0.100677877,-0.134418534,-0.303882364,-6.902198257,-1.349916061,-0.374943069,-0.341465439,-0.711223526,-1.993916625,-11.56119251,-0.552330054,-0.559231459,-0.981673421,-1.675038978,-2.043866057,-1.685291639,-1.553627565,-3.434274243,-1.949296407,-3.991890782,-3.273890977,-0.745678941,-1.891966379,-0.628510983,-0.518305968,-0.519980025,-0.536293785,-0.511458686,-1.497219309,-0.814744676,-0.718709188,-0.632119924,-0.655650028,-0.657005597,-0.656864776,-0.690542115,-0.741099726,-0.805130229,-0.905699016,-1.061635461
0,1,1,0,1,0,0,1,0,0,1,1,1,1,0,0,1,0,1,1,0,0,1,0,1,1,1,0,0,1,0,1,0,0,1,1,1,1,0,0,0,1,1,0,0,0,0,0,0,0,1,0,1,1,1,1,1,0,0,0,0,0,1,1,1,0,0,1,1,0,1,0,1,0,1,1,1,1,1,0,1,1,1,1,1,1,0,1,0,0,0,0,0,1,0,0,1,1,0,0,-0.029655244,-2.787152015,-0.036334427,-0.057786148,-0.103813388,-0.235342824,-0.567939517,-1.087726624,-0.292176732,-1.571569658,-0.180803535,-0.142765744,-0.222394414,-0.788156591,-1.180950393,-0.466146948,-0.283958379,-0.23452026,-0.264880695,-8.149251626,-6.797164399,-0.092860755,-0.078521666,-0.09763888,-0.232604517,-0.373939353,-1.337766855,-4.807622492,-2.338943101,-4.551259736,-0.542967489,-0.271968835,-0.196209634,-0.177312661,-0.208045702,-0.332056389,-1.70680445,-0.83056112,-0.509370004,-1.24019996,-1.571133851,-1.127540575,-0.654123268,-0.500932091,-0.465274651,-0.453949238,-0.395405166,-0.426166233,-0.655378814,-0.364048838,-0.314843366,-0.407417045,-2.209945671,-0.790633581,-1.346991609,-11.99702791,-2.008426475,-1.851479326,-1.803888562,-3.359223784,-5.368503267
0,1,1,1,0,1,1,1,0,0,0,0,0,0,1,1,1,1,1,0,0,1,0,0,0,0,0,0,0,0,0,1,1,0,0,0,0,0,0,1,1,0,0,1,1,1,1,1,1,1,1,0,1,1,1,0,1,1,1,1,1,1,1,1,1,0,1,1,0,0,1,0,0,1,0,1,1,0,1,0,1,0,0,1,0,0,1,0,0,0,1,1,1,0,0,0,0,0,1,1,-0.025598598,-0.029942176,-0.006837539,-0.127493701,-0.026054401,-0.031691232,-0.054689617,-0.082717408,-0.162137751,-1.747611301,-1.160012611,-2.337554391,-0.353215238,-1.326430697,-0.231955194,-1.445624151,-0.405583857,-0.180962926,-0.393590139,-0.460469839,-6.134963484,-0.888565235,-0.468843101,-1.659696919,-4.25625803,-5.481246063,-2.019124911,-0.206992576,-0.194445324,-0.171118053,-0.176586264,-0.291177719,-1.47135102,-2.019863179,-0.238347384,-3.767859481,-0.367080111,-0.249662883,-0.232405496,-1.852444774,-1.064209881,-0.235256153,-0.504136608,-1.317123718,-0.336600781,-0.277484662,-0.271243126,-0.280993029,-0.292779725,-0.320623361,-0.377878473,-0.694440435,-0.777323045,-0.392201078,-0.672224058,-0.429882547,-0.362275509,-0.534604648,-0.585358966,-0.615921228,-0.671479884
1,0,1,0,1,0,1,1,1,0,0,1,0,0,0,0,0,1,0,1,0,0,1,0,0,1,0,1,0,1,0,0,0,0,0,1,0,0,0,1,0,1,0,1,0,1,0,1,0,0,1,1,0,0,1,1,1,1,1,0,0,0,0,1,0,1,0,1,0,1,0,0,1,0,1,0,0,0,1,1,1,1,0,0,1,0,1,0,1,0,1,0,0,1,1,0,0,1,1,0,-0.007161037,-0.011604177,-0.010886922,-0.034661527,-0.064419953,-0.426497298,-0.12639558,-0.087604938,-0.158765992,-1.697264497,-0.179070749,-0.298672166,-0.602047377,-0.66056435,-1.468761866,-0.614495695,-0.639661643,-0.749920648,-0.465411246,-0.398209045,-1.164377575,-1.062829881,-0.73447311,-0.319987241,-0.267141047,-2.198299912,-1.708618403,-1.37696931,-3.447943394,-5.702979152,-0.852309419,-0.403561432,-0.483196058,-0.291730906,-0.321348754,-4.594560521,-2.26592095,-4.275576761,-5.548188798,-2.328657022,-1.098778488,-0.676841063,-0.517286424,-0.528918092,-1.657919911,-1.137199399,-0.918947753,-9.032802897,-1.134509293,-1.293603495,-2.11742333,-0.747108656,-1.797013435,-1.155471409,-1.130231522,-8.118229744,-4.43983513,-3.18528245,-1.252311036,-0.847138624,-0.796232613
1,1,0,1,1,0,1,0,1,0,1,0,1,1,1,1,0,0,1,1,0,1,1,0,0,0,1,0,0,1,1,1,1,0,0,0,0,0,0,0,1,0,1,0,0,1,0,0,0,0,1,0,0,1,0,1,0,1,1,0,0,1,1,1,1,1,0,1,0,0,0,0,0,1,0,0,0,0,1,0,0,1,1,1,0,1,0,1,0,0,1,1,0,1,0,1,1,0,1,1,-0.015256448,-0.007918643,-0.018907025,-0.047497678,-0.074979466,-0.094641131,-0.272954689,-0.185424304,-0.064948007,-0.051653452,-0.375393533,-5.382760109,-0.867567228,-0.653151545,-1.74341008,-1.106993152,-0.192299965,-0.224528743,-0.842895597,-0.34391807,-0.067509707,-0.067440579,-0.631450448,-0.213776633,-0.082805266,-0.127205485,-4.090859909,-1.44816095,-0.560771746,-2.778038178,-1.846393837,-0.609712886,-0.775207511,-7.509233704,-0.842961691,-2.505488687,-0.244243894,-0.148749214,-0.183840591,-2.614181639,-0.375475799,-0.576454615,-0.496717979,-1.410447509,-8.330822878,-3.109938391,-0.763720763,-0.625839868,-1.39100857,-2.106022259,-2.839009214,-1.770051994,-0.954464113,-10.78988135,-6.147750112,-3.42841953,-5.912605188,-2.125380237,-1.235784032,-0.71838002,-0.617973852
0,1,1,1,1,1,0,0,1,1,0,0,0,1,1,0,1,1,0,1,0,1,1,0,1,1,1,0,1,0,1,1,0,1,1,1,1,1,0,1,0,0,1,0,0,0,0,1,1,0,1,1,0,0,1,1,1,1,0,0,0,1,0,0,0,1,0,1,1,0,1,1,0,1,0,1,1,1,1,1,1,0,0,0,0,0,0,1,0,1,1,0,1,1,0,1,1,1,1,0,-0.027162113,-0.195415946,-0.311260902,-0.089507381,-0.055672361,-0.044423062,-0.046354665,-0.050528563,-0.050233723,-0.060852901,-0.077061637,-0.088292185,-0.104423175,-0.13002371,-0.197313961,-0.311728653,-0.523618272,-1.141908236,-1.631848518,-1.217882698,-0.728461461,-0.468413434,-0.347356716,-0.276550254,-0.241149171,-0.230983823,-0.250292662,-0.331546711,-0.778313138,-1.425644927,-0.970532445,-6.885094644,-1.416119472,-0.459562592,-0.413347994,-0.4673126,-0.564289903,-0.712526843,-0.95089286,-2.01713829,-1.508324333,-1.768597283,-2.386892027,-6.057317412,-3.944470335,-2.079111097,-1.49004571,-1.416388103,-1.323697798,-1.338401962,-1.298100292,-1.533921958,-1.881632058,-2.353328661,-3.257886368,-3.589885301,-3.226596886,-4.484173643,-13.0894792,-3.806533077,-1.599397723
0,1,0,1,0,0,1,1,0,0,0,1,0,1,0,0,1,1,1,0,1,0,1,0,0,0,1,0,0,0,0,1,0,1,0,0,0,1,1,1,1,0,1,0,1,1,0,0,1,0,0,0,0,0,0,0,1,0,1,1,1,1,0,1,0,0,1,0,0,1,0,1,0,1,0,1,1,1,1,1,1,0,0,0,1,1,1,1,0,0,0,1,1,0,1,1,0,1,1,1,-0.047640547,-0.132314433,-1.366232145,-0.087054306,-0.071521453,-0.617844495,-0.021791297,-0.029285231,-0.034300892,-0.035247281,-0.042687776,-0.057293223,-0.227188861,-0.135797238,-0.324206728,-0.905130288,-0.652256076,-0.318763496,-0.088081901,-0.055634682,-0.044843278,-4.907891489,-0.239953537,-0.217262228,-0.392831478,-2.576092062,-0.242416207,-0.204678929,-0.238416129,-0.458085963,-0.364448602,-1.427089742,-0.732964566,-1.234693969,-1.790362481,-1.119080907,-2.303515984,-1.671678001,-2.025913423,-8.313643006,-2.198789092,-1.585913005,-1.64216876,-7.308939235,-1.757525001,-1.51979937,-1.686602658,-1.453149391,-5.699605076,-1.821516734,-1.156375961,-2.53831402,-0.825043579,-0.691296406,-1.164842686,-2.850297845,-9.456117509,-3.253365434,-1.498930303,-1.046370266,-1.445129686
1,0,0,0,1,1,0,1,1,1,0,1,0,1,1,1,1,0,1,1,1,1,1,1,0,1,0,0,1,1,0,1,1,1,0,0,0,1,0,0,0,0,0,1,1,1,1,1,0,1,0,1,1,1,0,1,0,1,1,1,1,0,0,0,0,1,0,0,1,1,0,0,1,0,0,1,1,1,1,0,1,0,0,0,0,0,0,0,0,0,1,1,1,0,0,1,0,1,0,1,-0.121527133,-0.035793527,-0.036340488,-0.116439329,-0.055375106,-0.060585856,-0.096097946,-0.243304393,-0.964499084,-1.875524449,-0.394154751,-0.127066154,-0.122998738,-0.264343304,-1.278843307,-0.50201705,-0.220327146,-0.142544949,-0.114587793,-0.167053741,-0.147791954,-0.267157637,-1.069325387,-1.886529076,-1.53704549,-0.984175962,-4.196351109,-2.292994068,-3.24572759,-0.676390837,-0.558537375,-6.752107773,-0.266000259,-0.216215882,-0.258153345,-0.192836363,-0.274158867,-1.90269329,-1.355290502,-1.81854342,-6.132919663,-1.575721749,-1.394339679,-3.565392789,-14.29837505,-2.832712047,-2.425935454,-0.721875091,-2.54650083,-0.76782376,-0.735035253,-0.569327032,-0.477454548,-0.581115042,-1.129592378,-6.931499697,-8.000321798,-2.900436627,-5.557114742,-0.886820035,-0.775066486
1,1,0,1,0,0,0,1,1,1,1,1,1,1,1,0,0,0,0,0,1,1,1,1,0,0,1,0,0,1,0,1,1,0,0,1,1,1,1,0,0,1,1,1,0,1,1,1,0,0,1,0,1,0,1,0,1,0,0,0,0,1,1,0,1,0,1,0,0,1,0,1,0,1,1,0,0,1,1,1,0,1,1,1,0,1,0,0,1,0,0,1,1,0,1,0,1,1,1,1,-0.00295539,-0.003495534,-0.004239357,-0.005213,-0.006488232,-0.008166278,-0.01010927,-0.012739536,-0.014768693,-0.018748385,-0.023727268,-0.021292724,-0.023871406,-0.028456421,-0.033511332,-0.04471068,-0.043195007,-0.029140915,-0.048709772,-0.05776566,-0.074071127,-0.074007485,-0.070739931,-0.077825916,-0.085876362,-0.115257231,-0.098816612,-0.110707121,-0.115728643,-0.124876999,-0.1329127,-0.137351417,-0.144619491,-0.147766394,-0.152240049,-0.194760049,-0.160260337,-0.16216328,-0.169217249,-0.154042312,-0.139580608,-0.117306903,-0.122799284,-0.135625499,-0.117112814,-0.132809936,-0.089799052,-0.128981114,-0.126919204,-0.145960207,-0.154680618,-0.165218759,-0.151422368,-0.175630271,-0.187547688,-0.211984107,-0.238120394,-0.280295005,-0.275936355,-0.293631206,-0.318563815
1,1,1,1,1,0,0,0,1,0,0,1,1,0,0,0,0,1,1,1,0,1,1,1,0,1,1,0,0,0,1,0,0,0,1,0,0,1,1,1,0,0,1,0,1,1,1,1,0,1,1,0,0,0,1,0,1,0,1,1,1,0,1,0,1,0,0,1,1,1,1,1,0,0,0,0,0,1,1,1,1,1,0,1,0,1,1,1,1,1,1,0,1,0,1,0,0,1,1,1,-0.011903171,-0.064533267,-0.093281013,-0.025200774,-0.024295726,-0.061101532,-1.306355492,-0.209738418,-0.473362741,-0.046397315,-0.014268501,-0.038041468,-0.260013263,-0.082544692,-0.078466207,-0.028984858,-0.032526112,-0.040884078,-0.214430564,-0.560929307,-1.254362419,-0.434158611,-0.883346967,-1.870413446,-1.633985139,-1.104014758,-0.846312311,-13.21160437,-1.195427343,-1.064199046,-2.153215404,-10.10748895,-1.209029179,-4.721033713,-1.908231756,-2.178879617,-5.343520714,-4.773288385,-1.651897564,-0.787170417,-0.456434228,-0.447178907,-0.346557797,-0.355126254,-0.396789594,-0.476786463,-0.642837142,-1.119046484,-4.819467705,-2.220596861,-2.548498947,-3.403331531,-8.91054404,-2.347621014,-3.498600707,-6.811957632,-13.83719979,-8.500887843,-4.965903956,-3.747454655,-2.888459088
0,0,1,1,1,0,0,1,1,0,1,1,1,1,0,0,1,0,1,1,0,0,1,0,1,1,1,0,1,0,0,1,1,1,1,1,1,1,0,0,0,1,0,0,1,1,0,0,0,0,0,0,0,1,0,0,1,0,1,1,0,1,1,1,0,0,0,0,0,1,0,1,0,1,1,1,1,0,0,1,0,0,1,0,0,1,1,0,0,0,1,1,0,1,0,1,0,1,0,1,-0.0032432,-0.003414519,-0.004196229,-0.00534337,-0.006436764,-0.008017095,-0.010067309,-0.012129788,-0.01494481,-0.017985104,-0.021125988,-0.024205709,-0.02941136,-0.029208542,-0.033228693,-0.03727178,-0.042344091,-0.048381602,-0.055082719,-0.062501523,-0.067599703,-0.073140198,-0.078634308,-0.084839116,-0.093033797,-0.096454542,-0.10658917,-0.111583164,-0.121457734,-0.129888057,-0.141453375,-0.152923464,-0.151593879,-0.183713082,-0.134373518,-0.145947582,-0.148020092,-0.137694123,-0.147428187,-0.14545282,-0.143674148,-0.133399117,-0.133004742,-0.130642639,-0.132822273,-0.135630156,-0.139613953,-0.145435896,-0.163919091,-0.176643161,-0.19350622,-0.193805907,-0.228874033,-0.222626769,-0.219299171,-0.193864639,-0.24031284,-0.273964104,-0.292680491,-0.334155099,-0.347386943
0,1,1,0,0,0,0,1,0,1,0,0,0,1,1,0,0,0,0,1,0,1,0,1,0,1,0,0,1,0,0,0,0,0,1,1,0,1,1,0,1,0,0,0,1,0,0,0,0,1,1,1,0,0,1,1,0,1,1,1,0,1,1,0,1,0,1,0,0,1,1,0,1,0,0,0,0,0,0,1,1,1,0,0,0,1,1,0,0,1,1,0,0,1,1,1,1,0,0,0,-2.371823919,-0.016490446,-0.102562096,-0.020197153,-0.005493003,-0.042012271,-0.01352594,-0.006247666,-0.708122849,-0.21466468,-0.92700917,-0.366450247,-0.455926061,-0.18830474,-1.583270524,-0.474654316,-0.649146422,-1.451110342,-0.615053627,-0.524445511,-1.07991988,-0.672004039,-0.165287581,-0.120814845,-0.216583988,-0.237498693,-1.546009169,-2.188115192,-2.327776111,-8.440148111,-1.432877302,-0.909995419,-2.420365805,-6.4450828,-3.048849924,-1.0311618,-4.381574477,-1.701889296,-0.783326745,-0.685709393,-1.945526901,-1.09936587,-3.685408127,-4.725124508,-1.379838188,-1.300518016,-1.116627964,-7.808014556,-2.123236401,-1.106996025,-1.287977463,-0.659749401,-0.586916236,-0.63984276,-0.766212143,-1.154437117,-0.952159333,-3.364393995,-1.614739237,-3.345031886,-4.903291187
1,1,0,1,1,1,0,0,0,0,1,1,0,0,1,1,1,1,0,0,0,1,0,0,0,0,1,0,1,1,1,0,0,1,0,1,0,0,0,0,0,1,0,1,1,1,1,1,1,0,1,1,1,1,0,1,0,1,0,0,1,0,0,1,1,1,0,0,1,0,1,0,0,1,0,0,0,0,1,0,1,1,1,1,1,1,0,0,1,1,0,1,0,1,1,0,0,0,0,0,-0.57866403,-0.280655884,-0.048482427,-0.039588894,-0.687213777,-0.091056789,-0.068703931,-0.067526253,-0.039590457,-0.052326879,-0.073477008,-0.089626661,-1.113588617,-0.413453918,-0.766036295,-0.632193848,-2.554053683,-1.0969683,-3.786465854,-1.361518512,-0.613484558,-1.307042802,-6.219457586,-0.457305761,-0.264169001,-0.822197129,-0.855728072,-2.921015577,-0.786890895,-0.398008345,-0.244814038,-0.217815181,-0.475929343,-0.337697192,-1.064702515,-1.708713878,-1.199062958,-2.123504952,-5.182313878,-0.58382849,-0.367881016,-0.624855773,-5.050633202,-5.519913963,-2.328654484,-3.261476954,-1.2914282,-1.958912104,-8.878578065,-7.241087971,-2.239690354,-9.084881232,-4.509458714,-2.684153412,-0.850051665,-1.613715689,-0.972688239,-0.870293794,-0.729912608,-1.195901213,-2.445778596
1,1,0,1,0,1,0,0,1,1,0,1,1,1,0,0,0,0,0,1,1,1,0,0,1,0,0,1,1,1,0,0,1,0,0,0,1,0,1,1,1,0,1,1,1,0,1,0,1,1,1,0,0,1,0,0,1,0,1,0,0,1,1,1,1,0,0,1,0,1,1,0,0,1,0,1,1,1,0,0,1,0,1,1,1,1,0,1,1,1,0,1,0,1,1,1,0,1,0,0,-0.032400186,-0.047860115,-0.041576053,-0.101279535,-0.032143182,-0.04392516,-0.057104109,-0.086593114,-0.150020576,-0.352740723,-0.773787702,-1.093476623,-0.564357933,-0.775694161,-0.142890211,-4.272544954,-0.049490825,-2.445907808,-0.191422973,-0.399118388,-6.136866534,-0.569358824,-2.418066878,-0.2241646,-0.235608355,-6.681881531,-3.501660649,-0.361045703,-0.194030069,-0.200689038,-0.160332342,-0.167786719,-0.199673794,-0.321676167,-0.307837675,-0.231551402,-0.393673337,-0.82932827,-2.919678109,-3.36163157,-2.77594239,-0.743878641,-2.11656612,-3.38692511,-1.189105785,-1.258781107,-1.300324423,-1.288214664,-4.038793712,-2.115662577,-1.169646179,-1.103247608,-1.179728642,-1.843709121,-1.907570877,-3.74845686,-11.64798415,-4.874447014,-10.59490294,-8.890212459,-5.235546414
0,1,0,1,0,1,0,0,0,1,1,0,0,0,0,1,1,0,1,0,0,0,0,0,1,0,0,0,0,1,0,0,1,0,0,1,0,0,1,0,0,1,1,0,0,1,0,1,1,1,1,1,0,0,1,1,1,1,1,1,1,1,1,0,1,1,0,1,1,1,1,0,1,0,0,0,1,1,0,0,0,1,1,0,1,0,0,0,1,0,0,0,1,1,1,1,0,1,1,0,-0.002941696,-0.003953335,-0.004283899,-0.007598371,-0.006344838,-0.007964033,-0.009979426,-0.0125092,-0.015720669,-0.018225499,-0.021949724,-0.024142211,-0.02598072,-0.030739055,-0.03938448,-0.026031692,-0.037849059,-0.044935543,-0.051641215,-0.058167722,-0.064434645,-0.070623492,-0.072268867,-0.074913486,-0.085811689,-0.091138585,-0.100640431,-0.106419794,-0.147293564,-0.140522888,-0.145868736,-0.145652387,-0.148776773,-0.151439564,-0.163133631,-0.164634115,-0.153210034,-0.139926032,-0.135636711,-0.111664219,-0.128018381,-0.123156784,-0.119956209,-0.128316341,-0.124438101,-0.124090625,-0.137926994,-0.125150633,-0.137084953,-0.148426866,-0.168704435,-0.172468985,-0.171647795,-0.200073501,-0.21442179,-0.230089141,-0.250410909,-0.262850806,-0.288447253,-0.318661525,-0.339971078
0,1,1,0,0,1,1,1,1,1,0,1,1,0,1,1,1,1,1,0,1,1,0,1,0,1,0,1,0,0,1,0,1,1,1,1,1,1,1,1,0,1,1,1,1,1,1,0,0,0,0,1,1,0,1,0,1,1,1,0,0,1,1,1,1,1,1,1,0,0,0,1,1,0,1,1,1,0,1,1,0,0,1,1,1,1,0,1,1,0,1,1,1,0,0,1,0,0,0,1,-0.351821734,-0.058899968,-0.036964002,-0.00622474,-0.01512716,-0.376592964,-0.035772159,-0.079424077,-0.043874669,-0.110291232,-0.047873546,-0.236797989,-0.058831162,-0.120422161,-0.057671906,-0.158872783,-1.326363997,-0.735918807,-0.169869798,-0.245112478,-1.096984511,-1.122668366,-0.462943777,-0.879309056,-5.595768795,-1.709098863,-7.649126123,-4.620423678,-0.938783975,-0.487077745,-3.012210576,-1.810466214,-0.46348109,-3.877094619,-0.681603728,-0.264639728,-3.015081461,-0.346586908,-3.533193213,-1.5770058,-2.854132402,-1.69871447,-1.311022827,-1.887598807,-2.182676554,-0.811546783,-1.56563772,-5.805867448,-6.697061567,-8.233352778,-12.16837951,-5.373676602,-3.381338855,-3.83900355,-6.118671218,-1.299584885,-0.840882796,-0.922123534,-1.027967187,-0.941075508,-1.356036195
0,1,0,0,0,0,1,1,1,0,1,1,1,0,1,1,0,1,1,1,0,1,1,1,0,0,1,1,0,0,0,1,1,0,1,0,0,0,1,1,1,0,1,1,1,1,0,0,0,0,0,0,1,1,0,1,1,0,0,0,0,1,1,0,0,0,0,0,0,1,1,1,0,0,1,0,0,0,1,1,1,1,0,1,0,0,0,0,1,1,1,1,0,0,0,0,0,0,0,1,-0.016084964,-0.032162093,-0.015114073,-0.029289683,-0.012951028,-0.016985548,-0.744539279,-0.044658182,-0.147766628,-0.112047378,-0.045524205,-0.074497526,-0.197086242,-1.683324098,-0.617334215,-1.581241498,-1.46149923,-0.390281452,-0.232533741,-0.226691141,-0.484017794,-1.462116832,-0.790177122,-12.76055878,-1.261650127,-2.404758139,-4.524350949,-0.572252541,-1.186842238,-1.16349502,-2.864811713,-0.72814474,-0.312049257,-1.055551022,-0.228652882,-0.148083445,-0.171472743,-0.339087337,-0.924048819,-0.911159253,-3.032669111,-0.447345687,-0.473062804,-3.138637598,-3.268292075,-3.081745501,-4.904999941,-6.757336876,-4.073935692,-2.791889685,-1.472378234,-1.265191562,-1.335662917,-1.631657517,-2.544823836,-3.390890156,-3.308069301,-6.505200124,-5.064591996,-1.888240344,-1.014123829
1,1,1,0,1,1,1,0,0,1,1,1,0,0,0,0,0,0,0,0,1,0,1,0,0,1,0,0,1,1,0,0,1,1,1,0,1,0,0,1,0,1,0,1,0,0,0,0,1,1,0,1,1,1,0,1,0,0,1,0,1,0,1,0,0,0,0,0,1,1,0,0,1,1,0,1,1,0,1,1,1,0,1,1,0,1,0,0,1,1,1,1,0,0,0,0,1,0,1,0,-0.002964075,-0.003490791,-0.004203121,-0.005160846,-0.006598018,-0.008010172,-0.0100172,-0.012213387,-0.014956982,-0.018563955,-0.021699246,-0.023835889,-0.026950066,-0.029967111,-0.033660059,-0.038464064,-0.034654387,-0.052022837,-0.052785193,-0.060650971,-0.066417843,-0.07293402,-0.078057552,-0.083549052,-0.095564319,-0.068776624,-0.102415373,-0.10738529,-0.122306606,-0.133673677,-0.140460208,-0.147246055,-0.150371428,-0.151478717,-0.157226004,-0.156138832,-0.156040742,-0.152410524,-0.142025365,-0.140674929,-0.139726836,-0.137972751,-0.143823733,-0.172396794,-0.132580867,-0.13959429,-0.100406172,-0.129214978,-0.148774242,-0.131442823,-0.150543094,-0.163035304,-0.173607235,-0.193491845,-0.203903903,-0.227143648,-0.24387925,-0.261846243,-0.287335571,-0.311647027,-0.337645413
0,0,1,1,1,1,0,0,0,0,0,0,1,0,0,0,1,1,0,0,1,0,0,0,1,1,0,0,0,1,1,0,1,1,1,1,0,0,0,0,1,0,0,0,1,0,1,0,1,1,0,0,0,0,1,1,0,0,0,1,1,1,1,0,0,1,0,0,1,1,1,1,1,1,1,0,1,0,1,0,1,0,1,1,1,1,0,1,1,0,0,1,0,0,1,0,1,1,0,0,-0.015183854,-0.009074897,-0.140134867,-0.010969211,-0.007392358,-0.012250306,-0.032424291,-0.015101077,-0.020487996,-0.07259933,-0.077618393,-0.068673035,-0.162699358,-0.364437147,-2.401567031,-0.107191971,-0.216170907,-0.577655939,-0.875292579,-0.44733318,-1.546483761,-1.598967084,-0.567404656,-0.475681835,-0.553510009,-0.462637511,-0.284819838,-0.178234742,-0.137169351,-0.11652674,-0.137865821,-0.228274163,-0.568589765,-2.363982829,-9.659731928,-1.756310955,-1.115918745,-2.498260021,-5.501879681,-1.249834746,-0.853389776,-0.74707228,-0.712528243,-0.764085861,-0.777442604,-0.813426737,-0.831074844,-0.959403115,-1.134478843,-1.33303492,-1.408934058,-1.375558282,-1.221575775,-1.058196404,-0.913193661,-0.808690231,-0.844167766,-0.839490136,-0.937346187,-1.071889026,-1.393477964
1,0,1,0,0,0,0,0,0,1,0,0,0,0,1,1,1,0,0,0,0,1,0,0,0,0,0,1,1,0,1,0,0,0,0,0,1,0,1,0,1,1,1,1,0,1,0,1,1,0,0,0,1,1,1,0,0,0,1,0,1,0,0,1,1,1,1,1,1,0,0,1,0,0,0,0,0,1,1,1,1,1,1,1,0,1,0,1,0,0,1,1,1,1,1,1,0,1,1,1,-0.002944459,-0.003440423,-0.004228442,-0.005353245,-0.006280793,-0.007656328,-0.009931928,-0.012359414,-0.015406871,-0.015515196,-0.020490845,-0.023925206,-0.027173315,-0.033307054,-0.028186904,-0.03505335,-0.040711719,-0.049261239,-0.052924549,-0.058542582,-0.067341094,-0.072444467,-0.078243831,-0.086745488,-0.088418496,-0.092450223,-0.10360841,-0.11226732,-0.126697264,-0.13258076,-0.141238471,-0.148539238,-0.152113431,-0.158621117,-0.145282668,-0.157144076,-0.172255126,-0.149025815,-0.131005322,-0.131466608,-0.12732117,-0.126620842,-0.132767578,-0.122973783,-0.128958186,-0.131419322,-0.127062239,-0.135259742,-0.13925096,-0.14752026,-0.160794023,-0.169976876,-0.18284626,-0.184986434,-0.255883808,-0.232732143,-0.249467503,-0.281383064,-0.316245722,-0.344415865,-0.370677445
1,0,1,1,1,0,0,0,1,1,1,1,1,1,0,0,0,1,1,0,1,1,1,0,1,1,1,1,1,0,0,1,0,1,1,0,0,1,1,0,0,0,1,1,1,0,0,0,1,1,1,0,0,0,0,1,0,1,0,1,1,1,0,1,1,1,0,1,0,1,1,1,1,0,0,0,0,1,1,0,1,1,0,0,1,0,0,0,0,1,0,1,1,0,0,0,0,1,1,0,-0.511891573,-0.017699177,-0.01874537,-0.070723665,-0.007980215,-0.01787933,-0.794807382,-0.048589656,-0.10198164,-0.264868609,-0.357901873,-0.269815737,-0.201286528,-0.178578732,-0.20759801,-0.524055684,-0.561356007,-0.064935893,-0.031958763,-0.037597474,-0.047999302,-0.498094103,-0.256622497,-0.481559247,-1.191354133,-1.253851558,-0.768458434,-0.972617899,-1.582927498,-0.204032335,-0.211643752,-0.351955407,-1.520201963,-4.427076659,-0.701275223,-0.350030256,-0.809090643,-0.323797139,-3.279664194,-0.425293226,-0.238203047,-0.195898748,-0.184498389,-0.179623494,-0.187306096,-0.200128383,-0.228362345,-0.304900172,-0.664695396,-14.27495121,-1.779554703,-4.804726585,-1.500058385,-1.533531707,-2.281643064,-2.360539915,-3.929871038,-5.159439723,-3.733071631,-2.49171778,-1.864579792
1,1,1,0,0,1,1,1,0,0,0,0,1,1,1,1,1,0,1,0,0,1,1,1,1,1,0,0,0,0,0,1,1,1,0,1,1,0,0,1,1,1,1,0,1,1,1,1,0,0,0,1,1,0,1,0,0,1,0,0,0,0,1,0,0,0,0,1,1,0,0,0,1,0,0,0,1,0,1,0,0,1,1,1,1,1,1,1,1,0,0,1,1,0,0,1,1,1,0,1,-0.002997687,-0.003507724,-0.004324645,-0.005298997,-0.006565411,-0.008179909,-0.010190028,-0.012617076,-0.015745491,-0.019395257,-0.015500332,-0.025590137,-0.015200722,-0.025094155,-0.030866967,-0.034452765,-0.040245625,-0.046372475,-0.053310124,-0.056202602,-0.063657826,-0.069708848,-0.076374488,-0.080200559,-0.085599588,-0.094012508,-0.103894796,-0.120646902,-0.12964296,-0.168543891,-0.12754597,-0.138551092,-0.146912602,-0.146707209,-0.156129507,-0.193361341,-0.158592734,-0.152001337,-0.147083168,-0.140308997,-0.138385158,-0.139410285,-0.135235443,-0.10064482,-0.11494837,-0.121411895,-0.12569983,-0.130645516,-0.137449935,-0.15222328,-0.163420945,-0.170634076,-0.182673261,-0.193677806,-0.2065233,-0.216687848,-0.237977302,-0.257721895,-0.280499085,-0.326902947,-0.334064522
1,1,1,0,0,1,0,0,0,1,1,0,0,1,0,1,1,0,0,0,1,1,0,1,1,1,1,0,0,1,1,0,1,1,0,0,0,0,0,0,0,1,1,1,1,1,0,1,0,1,1,1,1,1,1,1,0,1,0,1,1,1,0,1,1,1,1,0,1,0,1,0,1,1,1,1,1,0,0,0,0,0,1,0,1,1,1,0,1,0,0,1,0,0,0,0,1,1,0,0,-0.026452842,-0.026180826,-0.032622591,-0.036577632,-0.028395517,-0.084274415,-0.41187275,-0.039705245,-0.043632604,-0.050235449,-0.055853143,-0.221335689,-0.190042022,-0.280961604,-0.415108646,-0.281761129,-0.163660554,-0.179166635,-2.311512741,-0.280070637,-0.06275149,-0.116642106,-0.033132936,-0.111740686,-0.021634873,-0.025535113,-1.144503722,-0.069539277,-0.434151895,-0.057890472,-0.069712055,-0.158921017,-1.104209182,-0.081579502,-0.327875215,-0.345837913,-9.166936924,-1.347831827,-0.398500583,-0.278748059,-0.340620752,-0.351453877,-0.324135694,-0.243311181,-0.234831352,-0.284671225,-0.479678757,-1.171253771,-6.603889776,-6.537479231,-2.379854899,-2.20898485,-0.936575225,-0.654297101,-0.559712235,-0.501243012,-0.473762708,-0.559038885,-0.548858615,-0.611317634,-0.865607488
1,1,0,1,0,0,0,1,0,0,1,1,0,0,1,1,1,0,1,0,1,1,0,1,0,1,1,1,1,0,1,1,1,1,0,1,0,0,1,1,0,0,1,0,0,0,1,1,1,0,1,0,0,1,0,0,1,1,0,1,0,1,0,0,0,0,1,1,1,0,0,1,0,0,0,1,1,1,1,0,1,0,0,1,0,1,0,1,1,1,0,1,1,0,0,1,0,1,1,1,-1.218557254,-0.026015809,-0.007906342,-0.023297372,-0.270054074,-0.01630816,-0.022997182,-1.093257834,-0.020138533,-0.028097205,-0.029483246,-0.035958114,-0.637820288,-0.038134437,-0.029646951,-0.047722158,-0.055335397,-0.425968613,-0.30530519,-1.425748224,-0.228063976,-0.100200489,-0.111508047,-0.145465108,-0.386739941,-0.26166956,-0.668237677,-5.043625626,-1.063925743,-1.075587023,-2.725104242,-1.59680686,-3.625208282,-4.033267809,-6.895209543,-3.400790913,-2.187575508,-1.839341563,-1.357780288,-1.123965526,-1.716403274,-2.54879072,-0.58610447,-1.637214102,-29.91670735,-11.70035382,-2.014903857,-3.741188826,-1.289953029,-0.802024051,-1.333754232,-0.802631274,-0.993641705,-5.26512564,-2.703627399,-3.500933723,-2.253115398,-5.045663791,-5.180527632,-12.01791653,-13.84574999
0,0,0,0,0,1,0,1,0,1,0,1,0,0,0,0,0,0,0,1,0,0,1,0,1,0,1,0,1,0,0,1,0,1,1,0,0,1,0,1,0,1,0,1,1,0,0,1,0,0,1,1,1,0,1,1,1,0,1,1,1,0,1,0,1,1,0,0,0,0,0,1,0,0,0,0,1,0,0,0,1,1,0,1,1,1,1,1,0,1,1,0,1,0,1,0,1,1,1,1,-0.00299531,-0.003460557,-0.004244108,-0.005136044,-0.006420272,-0.007977836,-0.009935425,-0.012315721,-0.015132479,-0.019182779,-0.026271615,-0.02331303,-0.025569793,-0.028852501,-0.032336636,-0.036798199,-0.042193063,-0.048600724,-0.060401421,-0.059693083,-0.068048939,-0.071576842,-0.077308485,-0.080226072,-0.093187931,-0.075602112,-0.101094836,-0.116291404,-0.126205068,-0.141519382,-0.135734498,-0.159882498,-0.136825308,-0.128625703,-0.14283268,-0.143589087,-0.151178229,-0.145140157,-0.142389097,-0.139230403,-0.132719441,-0.135580447,-0.124807091,-0.129661367,-0.129410746,-0.154498667,-0.151709759,-0.149000941,-0.159441918,-0.173677621,-0.182440259,-0.1775496,-0.197973436,-0.221611628,-0.194280712,-0.199376843,-0.210048451,-0.257497533,-0.252377175,-0.304852735,-0.349953097
0,1,0,0,1,0,1,1,1,0,0,0,1,1,0,1,1,0,1,1,1,1,1,1,0,1,0,0,0,0,1,0,1,1,0,0,1,1,1,0,0,0,0,1,1,1,0,1,0,1,1,1,0,0,0,1,1,1,0,0,1,1,0,1,1,1,0,0,1,1,1,0,1,1,1,1,1,0,1,0,1,0,1,0,1,1,1,0,1,1,1,1,1,1,1,1,1,0,0,1,-0.003045753,-0.004236614,-0.007660561,-0.03307822,-0.299645029,-0.027121718,-0.016673716,-0.015495464,-0.016401367,-0.020322009,-0.092772911,-0.030534025,-0.028904472,-0.028374164,-0.030752433,-0.043322685,-0.400276014,-0.084566807,-0.033384267,-0.029222099,-0.031118225,-0.036162257,-0.044777306,-0.059812348,-0.09271489,-0.169176442,-0.767767002,-3.455888813,-0.710398509,-0.595215178,-1.271576366,-5.269569027,-3.071405923,-1.901383926,-2.086926634,-1.755882197,-1.856290719,-1.425751852,-2.309598313,-6.027357643,-0.988949778,-0.524865535,-0.39849748,-0.322184791,-0.401545379,-0.690928905,-4.288582008,-2.216009434,-11.89122841,-1.341450036,-0.665391415,-0.706758848,-1.216660338,-4.7116904,-8.822801811,-1.882044099,-1.011675987,-1.074927104,-1.668251593,-3.233378758,-6.39562686
0,1,1,1,0,0,0,0,0,1,0,0,0,1,0,0,0,1,0,1,0,0,1,1,1,0,1,0,1,1,1,1,1,0,0,1,1,1,1,1,0,1,0,0,1,1,1,0,1,0,0,0,0,1,1,0,1,1,0,1,1,0,1,0,1,0,0,1,0,1,0,0,1,1,0,1,0,0,1,1,1,0,1,1,0,1,1,0,1,0,1,0,0,0,1,1,1,1,0,1,-0.017037275,-0.015432891,-0.013732171,-0.011514366,-0.015749987,-0.020947864,-0.013473236,-0.016086484,-0.032280846,-0.231304146,-0.675677674,-0.237921888,-0.172196368,-0.451938131,-0.266376664,-0.752913153,-0.673503146,-0.686769073,-0.258701605,-0.217949015,-0.448725762,-4.696111097,-0.236571565,-0.108786087,-0.090404729,-0.914515556,-0.09523787,-0.320027364,-0.104692725,-0.109025714,-0.805835496,-0.174678064,-0.168958243,-0.631330131,-26.21010954,-0.514373528,-0.352048,-0.434443256,-2.183913927,-0.346597027,-0.351391333,-0.250946187,-1.147911081,-0.250722346,-0.244731026,-0.274501483,-0.368683189,-0.560409719,-5.025296636,-0.710559137,-0.550603148,-0.674958442,-1.433620156,-3.315997745,-7.118123592,-2.943382694,-2.552156453,-3.058164989,-4.030960454,-5.130522086,-5.356896363
1,1,0,0,0,0,0,0,1,0,0,0,0,0,1,1,0,0,0,0,0,1,1,0,1,0,0,0,0,0,1,1,1,1,0,1,0,0,1,0,1,1,0,1,0,0,1,1,1,0,0,0,1,0,1,0,1,1,1,0,0,0,1,0,1,1,1,1,1,1,1,0,1,0,1,1,1,1,0,0,1,0,1,1,0,0,1,0,1,1,1,1,1,1,0,0,0,0,1,1,-0.062679451,-0.756732308,-0.255948805,-0.037773511,-0.041866474,-0.435638152,-0.162500071,-0.300893468,-2.332862046,-0.290899644,-1.391805088,-1.048528014,-0.119702403,-0.085827251,-1.010505397,-0.113638665,-0.212209027,-0.760913592,-2.604785112,-0.348488546,-1.165882259,-0.705992795,-1.641720185,-0.937568207,-4.829963464,-2.294729082,-1.340123891,-6.385750574,-3.895489999,-3.912799543,-2.259335251,-0.725857049,-0.26217375,-2.05313741,-0.194196636,-0.503068987,-6.812399485,-1.461203682,-6.476522295,-2.022746483,-1.43833605,-1.142761411,-0.805126033,-0.567507874,-0.777309,-3.391304744,-5.388496916,-1.795872252,-1.948607161,-5.764389617,-5.121179247,-6.812486875,-8.525523096,-4.898763308,-3.947362829,-3.618064847,-5.678851929,-3.620500136,-3.081145708,-4.761988869,-11.62798063
1,0,1,0,0,0,1,1,0,1,0,1,1,0,1,0,1,0,0,1,0,1,0,0,1,0,0,1,1,1,0,1,0,1,0,0,1,1,0,0,0,0,0,0,1,0,1,0,1,0,0,0,1,0,0,0,1,1,0,1,0,1,1,0,1,1,0,1,1,1,0,0,1,1,1,1,0,1,0,1,1,0,1,1,0,0,1,1,1,1,1,1,1,1,1,1,0,1,1,1,-0.002978856,-0.003507381,-0.00430118,-0.005233861,-0.006630062,-0.007664626,-0.009960032,-0.012083661,-0.014928995,-0.017938103,-0.021015392,-0.023921765,-0.026660207,-0.029605546,-0.033039911,-0.037299206,-0.042145871,-0.050320976,-0.054442392,-0.06109101,-0.065617438,-0.072714589,-0.067366942,-0.079486487,-0.087307025,-0.097239922,-0.105401945,-0.121490243,-0.12771327,-0.134142876,-0.140693822,-0.14495481,-0.155348962,-0.156024056,-0.155755857,-0.156828397,-0.157440426,-0.152827372,-0.148405601,-0.144073331,-0.140745841,-0.13890493,-0.135913978,-0.138336916,-0.13584795,-0.147923988,-0.163032545,-0.194205689,-0.223460894,-0.131815288,-0.128849593,-0.150315822,-0.168303535,-0.187003631,-0.189015065,-0.180754374,-0.178190759,-0.203158994,-0.248217207,-0.236803967,-0.300649865
1,1,0,0,1,1,0,0,1,1,1,1,0,1,0,0,0,1,0,0,1,1,1,1,0,0,1,1,1,0,1,1,1,0,1,0,0,1,1,1,1,1,1,0,1,1,1,0,1,0,0,0,0,1,1,1,0,0,1,1,0,1,1,0,0,1,1,1,0,0,1,1,1,0,1,1,1,0,0,1,1,1,1,1,0,0,0,0,0,1,1,1,1,0,0,1,0,0,0,1,-0.014391854,-0.015257693,-0.055422595,-0.04418396,-0.046866851,-0.051106943,-2.682756045,-0.111810536,-0.17426789,-0.38121964,-0.470764612,-0.335297538,-0.113858403,-0.046954466,-0.02497677,-0.064594402,-0.026339147,-0.022872474,-0.03392674,-0.220751308,-0.047965371,-0.047133736,-0.720901858,-0.095486999,-0.922728543,-0.276738917,-0.092906597,-0.236966465,-0.201899879,-0.102692738,-0.182558413,-1.053558915,-2.096107334,-4.742421002,-0.880176916,-1.276381836,-0.304166705,-0.376197948,-0.645877239,-1.103459302,-1.095323753,-0.491836899,-0.313363524,-0.841042162,-0.316571763,-0.381558686,-0.419062433,-2.148444754,-1.94655845,-2.91580897,-1.157247826,-0.68293392,-3.311182351,-0.46525074,-0.364823142,-0.344577558,-0.377891508,-1.299410192,-0.519188336,-0.453182323,-0.501001642
0,0,1,0,0,1,0,0,1,1,1,1,1,1,0,0,0,1,0,1,1,0,0,0,0,1,0,1,0,0,1,0,0,1,0,1,1,0,1,0,1,0,1,1,1,1,1,0,0,1,1,0,1,1,0,1,0,0,1,1,0,0,1,0,0,1,0,1,0,1,0,1,0,0,0,0,0,0,1,0,1,1,1,1,1,0,0,1,0,0,0,1,1,1,0,0,0,1,0,1,-0.032343883,-0.030621181,-0.025074251,-0.023121201,-0.177342224,-0.109053819,-0.196247529,-0.104925653,-0.34802382,-0.105501357,-0.088342696,-0.100438902,-0.304213041,-0.208081341,-4.40261117,-1.556069818,-0.264811696,-0.976722009,-5.875828569,-2.310509377,-0.766216152,-0.162933746,-0.15901705,-0.187455594,-0.701142605,-0.528127642,-0.376843127,-0.651669546,-0.613413035,-1.106026043,-2.08982943,-7.100489877,-9.657419004,-1.756865644,-2.654858012,-1.98862593,-1.917691367,-4.291500322,-1.800236826,-0.696505584,-1.098387516,-3.930816672,-3.890917024,-7.04586201,-2.596022652,-2.568708519,-2.956943346,-1.6238005,-0.865106142,-0.653719777,-0.549405869,-0.488442114,-0.812144791,-1.475225189,-0.665986345,-1.705230118,-2.269143725,-1.525394069,-1.609938664,-2.097725939,-2.955815404
1,0,1,0,1,0,1,0,0,1,0,1,1,0,0,0,1,0,0,0,1,0,1,0,1,1,0,0,1,1,1,1,1,0,0,0,0,1,1,1,0,1,0,0,1,0,0,0,0,0,1,0,1,1,0,0,1,1,1,1,1,1,0,0,0,1,1,1,1,0,1,1,1,0,0,0,1,1,1,1,0,1,1,1,1,1,0,0,1,0,1,1,0,1,0,0,0,1,1,1,-0.00296628,-0.003540486,-0.004285675,-0.005268735,-0.006522105,-0.008329872,-0.010576224,-0.018468989,-0.01400691,-0.016557007,-0.020082074,-0.023117153,-0.025978302,-0.02886471,-0.03183903,-0.037219686,-0.042319653,-0.048621249,-0.053399843,-0.059982708,-0.067045711,-0.072500511,-0.076460472,-0.084362639,-0.092473785,-0.104054873,-0.116638415,-0.151274511,-0.086526489,-0.117175885,-0.130091787,-0.138344105,-0.143801262,-0.147765805,-0.151051869,-0.155424385,-0.132595968,-0.137247455,-0.134931222,-0.13358669,-0.132086057,-0.126128781,-0.12167253,-0.122383089,-0.13011178,-0.135822037,-0.141258436,-0.143057297,-0.15200771,-0.187240172,-0.171738813,-0.183816478,-0.202545436,-0.198309955,-0.208803067,-0.233697945,-0.251253158,-0.262390619,-0.305215731,-0.334731466,-0.358169692
0,0,0,0,1,0,1,1,0,1,1,0,0,0,0,1,0,1,0,0,0,1,0,1,0,1,1,1,1,0,0,0,0,1,0,1,0,0,0,1,1,0,1,0,1,0,1,0,0,1,1,0,0,0,1,1,0,1,1,0,0,1,1,0,0,1,0,1,1,1,1,0,1,0,1,0,0,1,0,0,0,1,1,0,1,0,1,1,1,0,0,1,1,1,1,0,0,1,0,0,-0.00429418,-0.007048525,-0.735019745,-0.216704245,-0.630332684,-0.661867009,-0.445494079,-1.602166673,-0.243735097,-0.090183957,-0.270656961,-0.047961049,-0.046435135,-0.115688749,-0.938771869,-0.085660012,-0.073410123,-0.105895499,-0.34054787,-1.223277775,-1.828579018,-0.630479836,-0.341158885,-0.456182281,-0.368325574,-0.307699492,-0.563171819,-0.426281604,-7.552835114,-1.564061353,-5.591332152,-11.367919,-1.490690055,-7.183289534,-8.336583458,-0.969935665,-1.254515927,-5.688736644,-3.961571707,-1.79542613,-1.399898308,-1.399469748,-1.43078231,-1.13031871,-0.959302872,-1.494159098,-1.873252363,-0.419192411,-0.565138273,-2.020315374,-1.064738033,-1.122675318,-2.030202396,-1.467278604,-0.733985658,-0.56560865,-0.536363466,-0.594329241,-0.772379874,-1.503894017,-5.823956627
1,1,0,1,0,1,0,1,1,1,1,0,0,1,1,1,0,1,0,1,1,0,0,1,1,1,1,1,0,1,1,0,1,0,1,1,1,1,0,1,1,1,0,1,0,1,0,1,0,1,0,1,0,0,0,1,1,1,0,1,1,1,1,1,1,0,1,1,1,1,0,1,1,1,1,1,0,1,1,0,0,1,1,0,1,0,0,0,0,0,0,1,1,1,1,1,1,0,1,0,-0.035974181,-0.021401143,-0.235999319,-0.058661267,-0.125180303,-0.335139793,-1.546596629,-0.101181404,-0.13059025,-0.209539186,-0.196849728,-0.39617393,-0.202982475,-0.161062543,-0.333869287,-0.25498619,-0.22561361,-1.819526253,-0.350782838,-0.227455051,-0.207505672,-0.158685634,-0.163627356,-0.395203163,-0.259121419,-0.383990295,-1.770322803,-4.597507085,-0.312417757,-0.320297591,-0.682903175,-2.055870323,-3.361889894,-1.120810816,-7.198970097,-0.651947695,-0.526564958,-0.327825298,-0.735507094,-3.834107186,-0.545326466,-0.324641789,-0.275120981,-0.26002575,-0.249027285,-0.332282163,-0.30128976,-0.533659782,-0.444113748,-1.410368645,-6.91148502,-1.236530097,-0.80797006,-0.858248311,-1.124958737,-1.528570772,-1.127344722,-0.972952075,-0.94702944,-0.976493728,-1.075815018
0,0,0,1,1,0,0,0,1,0,1,1,0,1,0,1,0,1,0,0,1,1,1,0,1,0,1,0,1,0,0,0,0,1,0,1,0,0,0,0,0,0,0,0,0,1,0,1,0,0,0,0,0,1,0,0,1,1,0,1,1,0,1,1,1,0,1,1,0,0,1,0,1,0,1,0,1,0,0,1,0,0,0,0,0,1,1,1,1,1,0,0,0,1,0,0,0,0,0,1,-0.002942206,-0.003499535,-0.004230533,-0.005192101,-0.006448986,-0.007033958,-0.009977913,-0.012115192,-0.014712509,-0.017774568,-0.02090282,-0.02402309,-0.036108075,-0.028654759,-0.032458577,-0.03674547,-0.042092433,-0.048050612,-0.054141974,-0.055352429,-0.066117159,-0.071286938,-0.076849927,-0.083690787,-0.090049584,-0.09746611,-0.106851981,-0.121531311,-0.126441603,-0.13854379,-0.130459096,-0.139486388,-0.146865448,-0.153917806,-0.150722528,-0.154662408,-0.156101973,-0.157543649,-0.149973437,-0.147223368,-0.149626858,-0.150654252,-0.154056735,-0.101883791,-0.109816005,-0.123853246,-0.130405164,-0.140006366,-0.146185351,-0.13583355,-0.159668144,-0.18176215,-0.190524357,-0.201951051,-0.201962879,-0.217586403,-0.227518102,-0.272922879,-0.326322662,-0.382138538,-0.43335239
0,0,1,0,0,0,0,0,1,0,0,1,0,0,1,0,0,0,1,0,0,1,0,0,0,0,0,0,1,0,0,1,0,0,1,0,0,0,0,0,1,1,0,0,0,1,1,0,0,1,1,1,1,0,0,1,1,0,0,0,1,1,0,0,1,1,0,0,1,1,0,1,1,0,1,1,0,1,1,0,0,0,1,0,1,1,1,1,0,1,1,1,0,0,1,0,0,1,0,0,-0.019834859,-0.016850377,-0.047543728,-0.042423247,-0.062938761,-0.242685047,-0.423643847,-0.053782822,-0.032012924,-0.035682965,-0.048779583,-0.070416515,-0.123634847,-0.493034104,-4.623880576,-0.332019191,-1.323735332,-1.502342866,-0.217413995,-0.195465906,-0.670231882,-1.360705213,-4.59507729,-1.311376956,-1.170373185,-0.381394926,-0.337687329,-0.327758525,-0.591480719,-5.506853491,-0.965553247,-0.798576084,-10.83124202,-0.956524752,-0.542872669,-0.682743405,-1.031967761,-4.534510457,-9.677849122,-2.17520951,-4.845255828,-2.895580404,-2.815022405,-4.12429176,-2.516346747,-8.920812456,-1.934522117,-1.645779653,-7.367264515,-6.62489706,-4.197587283,-1.840189773,-1.675791756,-2.759455064,-3.89430306,-1.892996853,-2.562648165,-7.441319477,-4.141004313,-1.699336151,-1.4493016
0,1,0,1,1,1,1,0,0,1,1,1,1,0,0,1,0,0,1,1,1,1,1,0,0,0,0,1,1,0,0,1,1,1,0,1,0,0,1,1,1,1,1,1,1,0,1,0,1,0,1,1,1,1,0,1,1,1,1,1,0,1,0,0,0,1,0,0,0,0,0,0,1,0,0,0,1,1,0,1,1,1,1,1,1,0,1,0,1,1,1,1,0,1,1,0,1,1,1,1,-0.002692622,-0.003436021,-0.004185844,-0.005309907,-0.006973783,-0.008057149,-0.010102573,-0.012067283,-0.014591924,-0.018597308,-0.021208184,-0.024609422,-0.032162344,-0.029083042,-0.030016824,-0.036719615,-0.042218213,-0.048924415,-0.047187184,-0.060456759,-0.069692902,-0.069514976,-0.075129481,-0.081150117,-0.088207148,-0.096619936,-0.103965842,-0.085629436,-0.118730565,-0.126920989,-0.1385633,-0.135267167,-0.143228358,-0.146965272,-0.150453514,-0.160730739,-0.147837756,-0.149710397,-0.142567995,-0.140056965,-0.134044542,-0.128349606,-0.131867337,-0.127735559,-0.132876688,-0.118903695,-0.129780818,-0.129787413,-0.144337183,-0.148643507,-0.160235316,-0.175969624,-0.203778983,-0.175863728,-0.184454789,-0.224209608,-0.266107222,-0.258836705,-0.28409065,-0.368148845,-0.35765308
0,0,1,1,1,0,1,1,1,0,1,1,1,1,0,1,1,0,0,0,0,1,0,1,0,1,0,1,1,1,1,1,1,1,1,0,1,0,0,1,0,1,1,0,1,1,1,1,1,0,1,0,1,1,0,1,0,0,0,0,1,0,1,0,1,0,0,0,1,1,0,1,1,1,1,1,0,1,1,0,1,0,0,1,0,0,0,0,1,1,1,0,0,1,0,0,1,0,0,0,-0.005796809,-0.006932918,-0.007867736,-0.009379067,-0.011577352,-0.012230476,-0.014450121,-0.01682266,-0.019460007,-0.021867122,-0.026265984,-0.02885035,-0.031097919,-0.030647694,-0.033618045,-0.030141347,-0.030631543,-0.028362559,-0.030802556,-0.041538603,-0.0312551,-0.032746162,-0.034300345,-0.033653436,-0.034845695,-0.040269276,-0.0405096,-0.045600098,-0.052639862,-0.060699236,-0.070332471,-0.080890264,-0.096656944,-0.117165807,-0.132232258,-0.154331093,-0.175249441,-0.189272453,-0.208326468,-0.227067368,-0.251650161,-0.269420527,-0.286153008,-0.312368449,-0.334537128,-0.353188363,-0.367225423,-0.383617657,-0.403368323,-0.42722128,-0.463742801,-0.519159073,-0.596193663,-0.589928622,-0.61963832,-0.595350584,-0.600652762,-0.648810138,-0.727516473,-0.823589943,-0.931165924
0,1,1,1,0,0,1,1,1,0,0,1,1,1,1,1,0,1,1,0,0,1,1,1,0,1,1,1,0,1,0,1,1,0,0,0,1,0,1,1,1,0,0,1,1,1,1,1,1,1,0,0,0,1,1,0,0,0,0,0,1,0,0,0,0,1,1,0,0,1,1,0,1,1,0,0,0,0,1,1,0,1,0,1,0,1,1,0,0,0,0,1,1,0,1,0,0,1,1,1,-0.016465352,-0.058927626,-0.152988922,-0.331484702,-0.190370319,-0.039512783,-0.022134405,-0.029479534,-0.08756847,-0.012372331,-0.030690854,-0.145279966,-0.042628581,-0.084374654,-0.259790113,-0.134655737,-1.133893087,-0.488452479,-0.635092615,-0.240778345,-9.639508415,-0.259740682,-0.193560198,-0.344318671,-4.648751181,-1.521649948,-0.771201607,-0.268694796,-0.499735403,-2.139985363,-3.809764234,-0.865394178,-0.428618312,-2.841896527,-2.306456614,-0.471560429,-1.929057962,-6.18450496,-1.215970408,-0.598083671,-1.45206278,-1.211583561,-4.964763502,-2.502097848,-3.695598725,-2.10993016,-11.84889079,-5.564434943,-4.870037853,-0.997195107,-0.8597974,-2.584255379,-1.099815961,-2.676336595,-2.256149089,-4.531788117,-6.125978485,-3.196933239,-11.7042305,-6.031098122,-2.208977098
0,0,1,1,1,0,0,0,1,0,0,1,0,1,0,1,0,0,0,1,0,0,1,1,0,0,0,0,1,1,0,1,1,0,0,0,1,1,1,1,1,0,0,0,1,0,0,0,1,1,0,0,0,1,0,1,0,1,1,0,0,0,1,0,1,1,0,0,0,0,0,1,1,0,1,1,1,1,0,0,1,1,0,0,1,1,0,1,1,0,1,0,1,0,1,1,1,1,1,0,-0.017775555,-0.032273997,-0.096156711,-0.121834777,-0.097478261,-0.147480334,-0.197149886,-0.04127685,-0.030242257,-0.02822299,-0.03155807,-0.035282655,-0.046212796,-2.111898331,-0.055395588,-2.854262095,-0.094252005,-0.174203634,-1.08807467,-1.671005954,-0.593186477,-0.30152144,-0.211711617,-0.187684098,-0.163948466,-0.437691142,-2.259576704,-0.093246134,-0.11109345,-0.286146858,-0.117185847,-0.238589008,-3.399261415,-1.002827332,-0.827585623,-0.204119924,-3.422219534,-0.508317029,-0.203991812,-0.193231962,-0.940363586,-0.255872213,-0.241053227,-0.308595066,-0.294356285,-0.368016361,-0.46079768,-0.605570263,-0.753717307,-0.983532662,-1.815957213,-2.822091895,-4.541576632,-4.716217117,-3.161329811,-2.467319611,-2.297222992,-4.945163164,-9.157133617,-2.713818582,-1.172819542
1,1,1,0,1,1,1,0,0,0,1,0,1,1,0,1,0,1,1,1,0,1,0,0,1,1,0,1,1,1,1,0,1,0,0,1,0,0,0,1,1,0,0,1,0,0,1,1,0,0,0,1,0,1,1,0,0,1,1,0,1,1,1,1,1,1,0,0,0,1,0,1,1,1,1,0,0,0,1,0,0,0,1,1,1,0,1,0,1,0,0,1,1,0,0,1,0,1,1,0,-0.374625799,-0.062020645,-0.011425226,-0.479188081,-0.00552448,-0.005258931,-0.00757695,-0.239325218,-0.026574575,-0.018883328,-0.030874289,-0.183309234,-0.154490505,-0.615040961,-1.204066153,-0.613776175,-0.339991933,-0.16167665,-0.138999367,-0.125792454,-0.165916801,-0.309595234,-0.078590875,-0.063115792,-0.052261215,-0.072464903,-0.062412281,-0.052545287,-0.067015617,-0.077496293,-0.105905008,-0.421504224,-0.13243823,-0.206515991,-1.059318064,-0.554002203,-0.963691637,-0.406519889,-0.13154325,-0.146069478,-0.248728883,-0.287198989,-0.300534344,-0.911076608,-0.781578679,-2.006346504,-15.45688574,-3.615222655,-1.398465379,-0.919453698,-0.769195493,-0.750467756,-0.718234004,-1.042728027,-1.016993908,-1.056847917,-1.081237834,-1.173233504,-1.28671101,-1.520223069,-1.828339057
0,0,0,1,1,1,0,1,1,0,0,1,1,0,1,1,0,0,0,1,1,0,1,1,0,1,0,0,0,0,0,1,1,0,1,1,0,0,0,1,0,1,1,0,0,0,1,1,1,1,0,0,1,1,0,1,0,1,0,0,0,0,0,0,0,1,0,1,1,1,0,1,0,0,1,1,1,0,0,1,1,1,1,0,0,0,1,1,1,1,0,1,1,1,0,1,1,1,1,0,-0.008995093,-0.058526639,-0.016590299,-0.015136718,-0.024686603,-4.124008174,-0.088213106,-0.10627078,-0.08794558,-0.143380396,-0.955296003,-1.035886583,-0.51862869,-0.222384633,-0.110430052,-0.18632837,-0.203865486,-0.111613285,-0.108392369,-0.293027943,-1.679847166,-0.094465788,-0.047825524,-0.064640601,-0.083175701,-0.111343995,-0.156129537,-0.238737996,-2.189902073,-0.577024449,-0.728667595,-2.324292315,-2.804675536,-6.171995579,-5.005395229,-6.776473095,-1.034307956,-2.341274619,-3.314951269,-3.15122555,-2.388287191,-2.9132113,-2.671878709,-4.469254225,-3.454644091,-4.25161829,-5.074099958,-6.879695781,-4.568946271,-10.25441785,-6.088540408,-3.556147932,-11.52660969,-1.289665619,-0.984738786,-1.053169385,-1.81968173,-2.080924693,-3.281115378,-4.511894569,-8.060784389
1,0,0,0,0,1,0,0,1,1,0,0,0,1,1,0,0,0,1,1,1,1,0,0,1,1,1,0,0,0,1,1,1,0,0,1,0,0,0,1,1,0,1,0,1,1,0,0,1,1,0,0,1,1,0,1,0,1,0,0,0,0,0,1,1,1,1,0,0,0,0,0,1,1,1,1,0,1,0,1,0,0,1,1,0,1,0,0,0,0,0,1,1,0,1,1,0,1,1,0,-0.002970509,-0.003549934,-0.004300745,-0.005296072,-0.006767579,-0.007918936,-0.009655307,-0.012119042,-0.01500862,-0.017852083,-0.021141733,-0.024452328,-0.030079583,-0.027913097,-0.031997156,-0.028465189,-0.041821066,-0.04623383,-0.053299936,-0.060087006,-0.066167937,-0.07117623,-0.076749857,-0.082678839,-0.089831408,-0.096609111,-0.110875137,-0.115719547,-0.124628942,-0.134418572,-0.135421949,-0.143210503,-0.145262529,-0.151425549,-0.158318101,-0.15528098,-0.145169851,-0.145093935,-0.140445184,-0.120973405,-0.131208537,-0.116629802,-0.121428948,-0.131603252,-0.113862306,-0.131845442,-0.139423856,-0.147268744,-0.157754021,-0.173396615,-0.203671231,-0.224656859,-0.250296473,-0.249757723,-0.175984016,-0.178388515,-0.207975635,-0.24033824,-0.252837852,-0.280311468,-0.314551663
0,0,0,1,0,1,1,1,0,1,1,1,0,0,0,0,0,1,1,1,0,1,1,0,0,0,0,0,0,0,1,1,1,0,1,1,0,0,0,1,0,1,1,0,1,0,1,1,1,0,0,1,1,1,1,0,0,1,1,0,1,0,0,0,0,0,0,0,1,1,1,0,0,1,0,1,1,0,0,1,1,0,0,1,1,1,1,1,0,1,1,0,0,1,1,0,0,1,0,0,-0.002897988,-0.003568822,-0.004600085,-0.005230366,-0.006478883,-0.008020731,-0.010132146,-0.012681327,-0.015841513,-0.015791285,-0.01975735,-0.022869741,-0.02514054,-0.029930009,-0.032349805,-0.03747193,-0.043299363,-0.048077326,-0.054905417,-0.059176872,-0.066345443,-0.073436135,-0.07528795,-0.083816048,-0.088461828,-0.097162501,-0.111801049,-0.12328073,-0.127827893,-0.14209129,-0.139470917,-0.144733366,-0.158259241,-0.138895195,-0.134263053,-0.142528754,-0.146728201,-0.149005611,-0.138010462,-0.137758277,-0.12285079,-0.131991554,-0.127952405,-0.127988584,-0.124469343,-0.128794365,-0.136562584,-0.14094555,-0.148300329,-0.158814603,-0.170584969,-0.187604527,-0.173271002,-0.206913823,-0.240000309,-0.2569228,-0.270670783,-0.317037464,-0.305095334,-0.410611191,-0.504473742
0,1,0,0,1,0,0,1,0,1,1,0,1,1,0,1,1,0,0,0,1,1,0,1,1,1,1,0,1,1,1,0,1,0,1,0,0,0,1,1,1,1,0,1,1,0,1,1,1,1,1,0,1,1,1,0,1,0,1,1,0,1,0,0,0,0,1,1,0,1,1,0,1,1,0,0,1,1,1,1,0,0,0,1,1,1,0,1,0,1,0,1,0,1,1,0,1,1,0,0,-0.013262321,-0.019562714,-0.025946418,-0.020716466,-0.012767078,-0.004269063,-0.003776992,-0.004697461,-0.006232319,-0.008486348,-0.010435863,-0.012384041,-0.014759832,-0.017188422,-0.022016953,-0.040476483,-0.166498024,-5.379373342,-0.379793327,-0.155035361,-0.096180335,-0.075073352,-0.064192459,-0.057596236,-0.054152302,-0.051640623,-0.05302657,-0.065912983,-0.075600465,-0.084600346,-0.10468228,-0.150534044,-0.29163984,-0.865674225,-11.36470601,-0.398978396,-0.140367182,-0.107208234,-0.104810006,-0.120190591,-0.139425612,-0.163643909,-0.183142406,-0.218534002,-0.238060114,-0.210017025,-0.270130511,-0.297335333,-0.331371585,-0.373526692,-0.441065709,-0.499991283,-0.616602607,-0.813680386,-0.834902994,-0.759286857,-0.754777046,-0.88161039,-1.250454044,-1.986873403,-2.25708304
1,1,1,1,1,0,0,0,0,1,1,1,0,1,0,1,0,1,0,0,0,0,0,1,1,1,1,0,0,0,0,0,0,0,1,1,0,0,0,1,1,0,0,0,0,0,1,1,0,1,1,1,0,1,0,1,0,1,0,1,1,0,1,1,0,1,0,0,0,0,0,1,1,1,1,1,0,1,1,0,0,1,1,1,1,1,1,1,0,0,1,0,1,1,1,1,0,0,1,1,-0.015161001,-0.130222739,-0.092348931,-0.236345319,-0.150864796,-0.055664107,-0.030981466,-0.025125212,-0.025711913,-0.03165815,-0.04063707,-0.802905258,-0.030791007,-0.040975736,-0.060773406,-0.102131816,-0.168253603,-0.171168108,-0.108279698,-0.068488839,-0.053126122,-0.71851102,-0.099422275,-0.077210518,-0.317290395,-15.20719134,-0.582685362,-1.674949374,-0.156427155,-0.086942925,-0.064369917,-0.052308917,-0.085701567,-0.105053114,-0.087648442,-0.128878338,-0.316034607,-2.155295637,-4.067526428,-5.783735231,-0.946820916,-0.480008082,-0.38831833,-0.377743015,-0.329002556,-0.338267094,-0.380443235,-0.707414436,-6.221473299,-1.832020654,-2.294755545,-1.597302436,-1.630988747,-1.590096914,-0.536617269,-0.752561948,-0.943152438,-1.165453961,-1.624199291,-2.294739178,-1.961103777
0,0,1,0,0,1,1,1,1,0,1,1,1,0,0,0,0,1,1,0,1,0,1,0,1,1,1,1,1,0,0,1,1,0,0,1,0,1,1,0,0,0,1,0,0,1,1,1,0,1,1,0,0,0,1,0,1,0,1,1,0,0,0,0,1,0,0,0,1,1,1,0,1,1,1,0,1,1,0,1,1,0,0,1,1,0,1,1,0,1,1,0,0,1,0,0,1,1,0,1,-0.072252911,-0.030008019,-0.558358738,-0.034551593,-0.037340155,-0.186450638,-0.080410066,-0.025268816,-0.021842332,-0.063015401,-0.297324711,-0.536384931,-0.422194273,-1.289677745,-0.094845059,-0.080212093,-0.13284908,-0.686934727,-0.735666529,-0.200951943,-4.406522282,-0.463186288,-0.34585119,-0.279458691,-0.775765757,-1.848682073,-3.389148195,-7.403263192,-15.82815639,-1.096694207,-0.46699512,-0.398265963,-1.062704105,-0.195218685,-0.158476863,-0.096224016,-0.130929856,-0.150129669,-0.224027892,-1.675902,-0.191731505,-0.154226618,-0.398912528,-1.436086581,-0.427774413,-1.916002856,-2.243076552,-0.679151234,-2.065196782,-6.086829409,-5.853272863,-7.372871524,-3.677003698,-1.32501343,-3.690351524,-0.7609977,-0.532202722,-3.554875496,-0.691240719,-0.568391218,-0.609478924
1,1,1,1,1,0,1,0,1,0,0,0,0,0,1,0,0,1,0,0,0,0,0,0,1,0,1,1,0,1,1,0,0,0,1,0,0,0,0,0,0,1,0,1,0,1,1,1,0,0,1,0,0,1,1,0,1,1,1,0,0,1,0,0,1,1,0,0,0,1,0,1,0,0,1,1,0,0,1,0,0,1,0,0,1,1,1,0,1,0,0,0,1,1,1,0,0,0,0,0,-0.002970682,-0.003584822,-0.004240726,-0.005230062,-0.006481112,-0.008060164,-0.010004614,-0.012404322,-0.015133205,-0.018202192,-0.021413896,-0.023130879,-0.028444977,-0.04042848,-0.029598412,-0.035785962,-0.040149781,-0.047779108,-0.053916373,-0.060812497,-0.15065707,-0.066783101,-0.073245917,-0.079438377,-0.086727472,-0.094928057,-0.10328802,-0.11154794,-0.121571789,-0.132033067,-0.14308413,-0.17556216,-0.137811761,-0.143078456,-0.144210958,-0.156812881,-0.15320947,-0.149588847,-0.150202705,-0.149520295,-0.144539159,-0.135635743,-0.13267686,-0.131696214,-0.136752193,-0.136420814,-0.144995048,-0.150836251,-0.16994981,-0.185375645,-0.217085408,-0.163356855,-0.144114081,-0.160192254,-0.207152821,-0.144873439,-0.185038747,-0.221432772,-0.27123724,-0.32098295,-0.365323597
0,0,1,0,0,0,0,0,0,0,0,1,0,1,1,0,0,1,0,0,0,0,1,1,0,1,0,1,1,1,0,1,0,0,0,0,0,1,0,1,0,0,1,1,1,0,0,0,0,0,1,1,0,0,1,1,1,1,1,1,0,1,1,1,0,0,0,0,1,0,0,0,1,1,1,1,1,1,0,0,0,0,1,0,0,0,0,0,0,1,1,0,1,1,0,0,1,1,1,1,-0.16843306,-0.06844734,-0.076794392,-0.099210891,-0.098961805,-0.014000317,-1.076183266,-0.064678676,-0.078224309,-0.124514427,-0.146475804,-0.453927986,-0.492617986,-0.148219403,-0.068175078,-0.08298162,-0.032776504,-0.038366582,-0.103134578,-0.471442789,-0.279377398,-2.323909936,-0.8098082,-1.296594276,-0.709401358,-1.267690016,-4.656948752,-1.322682683,-0.379414042,-0.619078507,-0.388003232,-0.922818025,-2.17263687,-2.830332648,-2.935477437,-23.32004278,-2.211038481,-2.929802324,-24.50220209,-5.316114767,-2.73932097,-2.309636442,-3.963186763,-3.242957302,-7.330438252,-3.824651224,-1.777598435,-1.906962545,-9.315578912,-20.07943563,-2.827342572,-3.612295015,-2.191387135,-1.028992526,-0.815490935,-1.21967265,-2.759498391,-3.461512748,-4.763699034,-10.357845,-4.361865404
0,1,0,1,1,0,0,0,0,0,1,0,1,0,1,0,0,1,1,1,1,1,1,0,0,1,1,0,1,0,0,0,0,0,1,0,1,1,1,0,0,0,1,0,0,0,1,1,0,1,0,1,1,0,0,1,0,1,1,0,1,1,0,0,0,0,1,0,1,0,1,1,1,1,1,0,1,0,0,0,1,0,0,1,1,1,1,1,1,1,0,0,0,1,1,1,0,0,0,0,-0.002952591,-0.003604685,-0.004294807,-0.005266774,-0.00655106,-0.008367919,-0.009747468,-0.012160737,-0.015037859,-0.018346917,-0.021229424,-0.024129475,-0.027457752,-0.033097536,-0.033732382,-0.040873483,-0.022962236,-0.043661725,-0.052457394,-0.05640273,-0.065456023,-0.070570546,-0.077284768,-0.081272416,-0.084448732,-0.094217499,-0.1027085,-0.118604865,-0.123223081,-0.130248294,-0.12827738,-0.139143889,-0.147791801,-0.151794378,-0.1500119,-0.155007495,-0.156474707,-0.157009106,-0.145844081,-0.143284144,-0.140827029,-0.132604731,-0.131529843,-0.135099256,-0.148626781,-0.120564682,-0.120368426,-0.126539101,-0.135598198,-0.126313213,-0.140475439,-0.155130578,-0.161484649,-0.174311973,-0.187475348,-0.19579865,-0.224127257,-0.255186467,-0.362238923,-0.403378798,-0.386532863
0,1,0,0,1,1,0,1,0,1,0,1,1,0,1,1,1,0,1,0,0,0,1,1,0,0,0,0,0,1,1,0,0,0,1,0,1,0,1,1,0,0,0,0,0,1,1,0,1,0,0,0,0,1,0,1,1,0,1,1,1,0,1,0,1,0,1,1,0,1,0,0,0,1,1,0,0,0,1,0,0,0,1,0,1,0,1,0,0,0,0,1,1,1,1,0,0,0,1,1,-0.028667117,-0.009775145,-0.012046744,-0.03681898,-0.110487502,-0.066588249,-0.043121461,-0.041300338,-0.052270465,-0.333895913,-0.044482284,-0.179816835,-0.28626518,-0.527794159,-0.388603663,-0.332105855,-0.323440908,-0.405669887,-1.139286744,-1.183857914,-0.865178193,-0.970591282,-0.467113365,-1.961556799,-0.408535394,-0.474087448,-1.466195965,-0.282327018,-0.94800716,-7.770371772,-2.319819339,-2.049636941,-1.835709242,-2.954026517,-1.336796512,-1.12324064,-0.693316573,-1.18347087,-3.05843894,-1.051398975,-8.538567574,-0.926607466,-0.437122678,-0.500325524,-2.033368109,-3.838942122,-2.708001618,-3.139665894,-2.005409316,-0.789819239,-1.013837025,-0.594210662,-1.791718182,-2.082118725,-1.845791593,-9.818666052,-2.680923571,-1.344045307,-1.694380917,-3.586814871,-2.345121266
0,1,1,1,0,1,1,1,0,1,1,1,0,1,1,0,1,0,0,1,0,1,1,1,0,1,0,0,1,1,1,0,0,1,0,1,1,0,1,0,0,1,0,0,0,1,1,1,0,1,0,1,0,1,0,0,1,0,1,0,1,1,1,0,0,0,0,1,0,0,1,1,1,1,1,1,0,1,1,0,1,0,1,1,1,1,1,0,1,1,1,0,1,0,0,0,1,1,1,1,-0.094403401,-0.472994598,-0.098867309,-0.103505825,-0.274919788,-1.70964058,-0.133570816,-0.096716173,-0.172706918,-0.028687694,-0.0264924,-0.032341617,-0.033907885,-0.383368596,-0.178902139,-0.132659133,-0.218922947,-8.919500523,-2.086100173,-1.977776655,-1.112028989,-0.245482196,-0.937045547,-0.125129247,-0.141480201,-0.136833712,-0.133021651,-0.153065113,-0.201900691,-0.458329198,-0.330273067,-1.171760089,-2.961603693,-2.134504065,-6.481425817,-1.703519811,-7.716905026,-2.386524334,-3.405890713,-3.049680877,-1.093930151,-1.042612386,-1.04493605,-0.886247346,-0.591751035,-3.626457903,-6.060852229,-3.071113925,-13.07142978,-3.129145717,-1.487291101,-1.30897826,-1.283333571,-0.925877606,-0.877310713,-1.574035581,-1.36204742,-1.291218592,-2.029829782,-2.447697855,-1.825249198
0,1,1,1,0,0,0,0,0,0,0,1,1,0,1,1,1,1,0,1,1,1,1,0,1,0,1,1,0,0,1,0,0,1,1,0,0,1,1,0,1,1,0,0,0,1,1,0,0,1,1,1,1,1,0,1,1,1,1,0,1,1,1,0,0,1,0,1,0,1,0,0,0,0,1,0,0,1,0,1,1,0,0,0,1,1,0,0,1,0,0,0,1,0,1,1,1,1,1,1,-0.092398678,-0.05693692,-0.219492194,-0.276483102,-0.035711521,-0.025816196,-0.026320967,-0.01763242,-0.024990341,-0.024920205,-0.040617248,-0.043952681,-0.10180335,-0.134986163,-1.482259729,-2.409059365,-0.57132829,-0.409112334,-0.8003077,-4.179499202,-0.394785025,-0.273230145,-0.284913329,-0.844956733,-0.906350615,-0.350611769,-1.204112543,-0.738050922,-0.417879667,-0.170713387,-0.23758553,-0.072200469,-0.074108047,-0.108248268,-0.349986264,-0.915706562,-0.959516666,-0.253496859,-0.503470121,-0.557478005,-1.079506946,-2.338193154,-1.615502914,-0.694145213,-1.524125093,-7.121408208,-1.343017879,-3.04435499,-9.538961072,-3.173186544,-4.227443643,-9.902737171,-3.174344244,-1.090172224,-0.989510813,-2.340802413,-1.204249191,-0.76124362,-0.582183631,-0.496592026,-0.718681153
1,0,0,1,1,1,1,0,0,1,0,0,1,1,1,0,1,0,0,0,0,0,1,1,0,1,1,1,0,1,1,1,0,1,1,0,0,0,1,1,1,1,1,1,1,1,0,1,0,0,1,0,0,1,1,0,1,1,0,0,0,1,0,1,0,0,1,1,0,1,0,0,0,1,1,1,0,1,0,1,1,0,0,0,1,1,0,0,0,0,1,0,1,1,1,1,0,1,1,1,-0.018742431,-0.021791877,-0.068664083,-0.029499099,-0.064403617,-0.271655217,-0.763370548,-0.47613311,-8.534453888,-0.109861803,-0.116528672,-0.120114103,-0.127154947,-0.140631796,-1.045657591,-0.15112831,-0.266737155,-5.332244709,-0.833852879,-3.102952212,-0.251179489,-0.090383783,-0.066138387,-0.170010474,-0.042798785,-0.159002649,-0.072574264,-0.075000678,-0.104679985,-0.663622982,-11.68136371,-0.690302544,-0.381872778,-0.222293298,-0.193451539,-0.278716612,-0.211821858,-0.403044351,-0.878480266,-1.122499125,-2.078623213,-2.628324717,-10.47540183,-1.359397752,-0.671044174,-0.543762787,-0.641076983,-1.167860995,-0.678851405,-2.173803205,-1.226591667,-0.667205016,-0.807506689,-0.533108092,-2.39813051,-0.820855745,-0.419500532,-0.382354348,-0.944552992,-0.448027735,-0.371789356
0,0,1,0,1,0,0,0,0,0,1,0,0,1,1,1,1,0,0,1,1,0,1,1,0,1,1,0,1,1,0,1,0,0,0,1,1,0,1,1,0,0,0,0,1,1,0,0,1,0,0,1,1,0,1,1,0,1,0,0,1,1,0,0,0,1,1,0,1,1,1,0,0,0,1,1,0,1,0,0,0,0,1,1,0,1,1,0,1,1,0,1,0,1,0,0,0,1,1,1,-0.002934852,-0.003532797,-0.004290753,-0.004894248,-0.006345079,-0.007929445,-0.009900941,-0.01220594,-0.014703737,-0.01787948,-0.01999481,-0.023334436,-0.023866318,-0.029755582,-0.032997435,-0.03712965,-0.04096623,-0.049355511,-0.054554134,-0.060412796,-0.065514655,-0.067347885,-0.08228767,-0.085259748,-0.088557756,-0.095001459,-0.106446651,-0.110796367,-0.11662393,-0.123683051,-0.137115927,-0.142808418,-0.146949065,-0.151652265,-0.152380035,-0.153407512,-0.149978567,-0.149939438,-0.149671749,-0.137523994,-0.1328423,-0.128958027,-0.125470869,-0.126097206,-0.127351502,-0.131721411,-0.13603835,-0.131485227,-0.135976184,-0.155964371,-0.15801184,-0.175461751,-0.176915524,-0.18781285,-0.225922591,-0.208936531,-0.226914959,-0.249072813,-0.26096395,-0.32199521,-0.343323985
0,1,0,0,0,1,0,1,1,1,1,0,0,0,1,0,1,1,1,0,1,0,1,0,1,0,1,1,0,0,0,1,1,1,1,0,0,0,1,1,0,0,0,0,1,1,1,1,0,0,1,0,0,1,1,0,0,1,1,0,1,0,0,0,0,1,0,1,0,0,0,1,0,0,1,0,0,0,1,1,1,0,1,0,0,1,0,0,1,0,1,0,1,1,1,0,0,0,1,0,-0.030636866,-0.029635193,-0.021399856,-0.413922643,-0.021983299,-0.023125962,-0.025112999,-0.026729799,-0.025671412,-0.030152201,-0.031614741,-0.082518573,-0.031679437,-0.025269083,-0.036581957,-0.231104566,-0.098951856,-0.112719053,-0.099451935,-0.106284599,-0.11695049,-0.132329895,-0.279089187,-1.271090225,-12.74392655,-0.935943015,-1.283916877,-5.965602668,-3.132418005,-2.606339202,-1.369595389,-1.158482181,-1.018566332,-1.008799801,-1.116022025,-1.335752305,-1.567622324,-2.362752738,-4.143836178,-4.44123547,-2.794757648,-3.0406963,-2.790290337,-2.117991805,-1.255931968,-1.232492749,-0.941761462,-0.927846779,-6.697219219,-1.27365684,-0.77194448,-0.908721197,-0.551807464,-0.56272751,-0.623572462,-2.034823831,-2.724659017,-1.159114759,-0.734271634,-0.67588187,-0.721562801
0,1,0,0,1,0,0,0,1,1,0,1,1,1,0,0,0,1,1,0,1,0,1,0,0,0,1,0,1,1,0,1,1,1,1,0,1,0,1,0,0,0,1,0,1,0,0,0,0,0,1,1,1,1,0,0,0,0,1,1,0,1,0,1,1,0,0,1,0,0,1,1,1,0,1,1,1,1,1,0,0,1,1,1,1,1,0,1,1,1,1,0,0,1,0,0,0,0,0,1,-0.166009409,-0.336156389,-0.154874861,-0.080543157,-0.055894108,-0.06106904,-0.129129392,-0.146727375,-0.037429855,-0.053987981,-1.185407706,-0.157537707,-0.233369258,-0.257865473,-0.164551467,-0.168952998,-1.956292175,-0.554671558,-0.244805109,-0.054735063,-0.133915579,-0.688600367,-0.696229693,-0.265039996,-0.899593622,-0.181177341,-0.472983297,-1.849835521,-0.206082028,-0.199982368,-0.227875498,-0.563486043,-1.36767415,-1.054008546,-1.298400509,-5.036590733,-6.956952436,-1.208041044,-1.147988675,-25.39565132,-16.46837567,-5.509751053,-4.500603115,-1.366696886,-1.014127195,-0.918558683,-1.080185681,-1.997822949,-4.689214688,-2.773540227,-2.222071542,-19.90969827,-2.184760759,-2.745069514,-8.900217488,-4.398826364,-5.683971511,-1.762596571,-3.297138417,-1.766607563,-1.992572333
0,1,0,0,0,1,0,0,1,1,0,0,1,0,1,1,0,0,0,0,1,0,1,1,1,1,1,0,1,0,0,0,1,0,1,1,1,1,0,1,0,1,1,0,1,1,0,0,0,1,1,0,0,0,0,0,0,1,0,0,1,0,0,1,0,1,0,1,1,0,1,0,0,0,1,0,0,1,0,0,0,0,1,0,1,0,1,1,1,1,0,0,1,1,1,1,0,0,0,0,-0.146564796,-0.027589473,-0.009643776,-0.600441667,-0.106513896,-0.01816192,-0.024200099,-0.29455744,-0.076312423,-0.050731262,-0.054592084,-0.197254045,-0.271591382,-1.310567718,-0.544008267,-0.525881909,-0.089365673,-0.148133429,-0.073798087,-0.043833988,-0.046876196,-0.027034903,-0.038567238,-0.099632529,-2.040390453,-0.071209829,-0.135116106,-1.189241173,-0.211761762,-0.242817755,-0.498025068,-2.681798158,-1.080865365,-1.28701826,-3.266252524,-1.948117513,-2.322416579,-1.924339408,-1.369754888,-1.114324875,-0.915055897,-0.783278626,-0.721492518,-0.68088591,-0.605984526,-0.610894057,-0.594851274,-0.558323915,-0.540833656,-0.598078121,-0.587716327,-0.616924216,-0.655281057,-0.683665471,-0.721332387,-0.785131821,-0.865759929,-0.997246318,-1.344521892,-1.549512294,-2.136905475
0,1,0,0,0,1,0,1,0,0,0,1,0,1,1,1,1,1,0,0,0,1,0,1,1,1,0,0,0,0,1,1,1,0,1,0,1,1,0,0,1,0,1,1,1,1,1,1,1,1,0,1,1,0,0,0,0,0,1,1,0,0,0,0,0,0,0,0,0,1,0,0,1,1,1,1,1,1,0,1,1,0,0,1,1,0,0,1,1,0,0,1,0,1,0,0,0,0,1,0,-0.104237097,-0.047703703,-0.04413662,-7.422080813,-0.011260962,-0.02322072,-0.0505213,-0.155778224,-0.442155684,-1.093865858,-0.219372916,-0.02346551,-0.018042045,-0.020128987,-0.036185759,-0.163526966,-0.110100778,-0.757191852,-0.440889136,-1.649792764,-1.299670505,-0.307239671,-0.193249678,-0.300488455,-1.152843197,-0.299633361,-0.170346792,-0.402645582,-0.120394147,-0.115493402,-0.142629717,-0.342113709,-1.068652008,-11.78674556,-2.673181223,-0.788858624,-6.143561284,-1.277998483,-4.596583555,-0.925023517,-0.363014802,-0.284600677,-0.266453274,-0.325060804,-0.538181931,-1.327843314,-18.55224511,-1.979181822,-1.100037931,-1.149722911,-1.180626914,-1.495418855,-0.670755996,-1.315704883,-0.678316436,-0.703334954,-0.617100516,-0.622114364,-0.758772208,-0.892793484,-0.843848551
0,0,0,1,0,0,0,1,1,0,1,0,1,1,1,1,1,0,1,1,0,0,0,0,0,1,0,1,0,0,1,1,0,0,0,0,1,1,0,1,0,1,1,1,0,1,1,1,1,0,1,1,1,1,0,1,0,1,0,0,1,1,0,1,1,1,0,0,0,1,1,1,1,0,0,1,0,0,1,1,0,1,0,1,1,0,1,0,1,1,1,1,0,1,1,0,1,0,0,0,-0.011574639,-0.015976952,-0.020056338,-0.025548065,-0.034023158,-0.035363582,-0.048052494,-0.049421303,-0.067173921,-0.07969576,-0.086279738,-0.083823188,-0.068427854,-0.058540444,-0.046611577,-0.041531661,-0.027674126,-0.02439509,-0.022817904,-0.030045522,-0.013364127,-0.024311115,-0.032820632,-0.044921935,-0.061727801,-0.086674641,-0.12622966,-0.192045781,-0.253575149,-0.430739139,-0.666865393,-0.938113428,-1.363339325,-1.778439881,-1.985015748,-1.981581708,-1.80044259,-1.605391021,-1.398994478,-1.256053432,-1.140680392,-1.076822114,-0.99391857,-0.905318522,-0.799486767,-0.832915779,-0.787676476,-0.718911055,-0.704610146,-0.677869173,-0.695736736,-0.766689744,-0.827660609,-0.908524379,-1.059072452,-1.303296785,-1.718472676,-2.317097274,-2.227686117,-3.154191283,-8.961211195
0,0,1,1,1,1,1,1,1,0,0,1,0,1,0,0,0,0,0,1,1,1,0,1,1,0,0,1,1,0,0,1,1,0,1,0,1,1,0,1,0,0,1,1,0,0,0,1,1,0,1,0,0,0,1,1,0,0,0,1,0,0,1,1,0,1,1,1,1,1,0,1,0,1,0,0,1,1,1,0,1,0,1,1,0,0,0,0,1,0,0,0,1,0,0,0,1,1,0,0,-0.031479841,-0.009155037,-0.172996273,-0.047402716,-0.021021198,-0.018869255,-0.024081312,-0.041169533,-2.08464873,-0.123224368,-0.476698321,-0.142894349,-0.137704014,-0.367477621,-0.080369982,-0.137452902,-0.286438296,-0.705334258,-0.349040051,-0.252062068,-0.275821159,-0.226271455,-4.069677776,-0.987051147,-1.680495032,-2.314354656,-2.093707103,-3.592311396,-3.054491501,-1.163484441,-0.881338956,-0.787137553,-1.129402447,-3.87387643,-0.757872145,-0.891984763,-0.861361082,-0.589263305,-1.067125147,-1.204382179,-1.026716448,-2.532819286,-2.035546954,-1.49576062,-1.219417439,-1.859434918,-15.85612462,-2.107253009,-1.976936291,-2.372123099,-3.749499191,-7.373758134,-7.79045164,-4.177272646,-2.686006215,-3.719247312,-3.589579383,-9.052890947,-4.980445516,-4.749811495,-2.100971033
0,1,0,1,0,1,0,0,0,1,1,1,1,0,1,0,0,1,1,1,1,0,1,1,0,0,1,0,0,0,1,0,0,0,0,1,1,0,1,1,0,1,0,1,1,0,0,0,0,1,1,0,0,1,0,1,0,0,1,1,1,0,0,1,0,1,0,1,1,0,1,1,1,0,0,0,0,1,0,0,0,0,0,0,0,1,1,0,0,0,0,1,0,1,1,1,1,0,0,0,-0.003470005,-0.003526462,-0.004245292,-0.005418527,-0.006589568,-0.007601812,-0.00983819,-0.012245813,-0.015037874,-0.018200801,-0.02125944,-0.024539451,-0.028188604,-0.04676514,-0.031579221,-0.039473995,-0.02731662,-0.044261092,-0.051709404,-0.058437856,-0.064771842,-0.0711065,-0.080199971,-0.070326301,-0.084493007,-0.094847863,-0.104457021,-0.119635721,-0.111723337,-0.126483971,-0.136077682,-0.140274189,-0.143635994,-0.146843233,-0.150688124,-0.154242534,-0.151116924,-0.147714792,-0.143214634,-0.13158538,-0.130084881,-0.122573458,-0.123548659,-0.126345063,-0.127421703,-0.132457005,-0.1284219,-0.125765317,-0.122907163,-0.14180345,-0.164122919,-0.15181186,-0.159545136,-0.176840489,-0.186152935,-0.213296331,-0.283886252,-0.29291078,-0.320727064,-0.337101606,-0.373831674
0,1,0,1,0,0,0,0,0,0,0,0,0,0,0,1,1,1,1,0,1,1,1,1,1,1,0,1,1,1,1,0,1,1,1,0,1,1,1,0,1,0,0,1,0,0,1,1,1,0,0,0,0,0,1,1,0,1,0,1,1,1,0,0,0,1,1,0,1,1,0,1,1,1,1,0,0,0,1,1,0,0,0,0,0,0,1,1,1,0,1,0,1,1,1,1,0,0,1,1,-0.005718422,-0.008841744,-0.35896369,-1.089401848,-0.006669017,-9.36612531,-0.010889446,-0.010016864,-0.011056388,-0.012200826,-0.014541174,-0.016632654,-0.051917814,-0.207346246,-0.062092867,-0.046401649,-0.090970603,-0.683745453,-0.444131442,-0.219566896,-0.658102119,-1.65021435,-1.753956464,-1.733269883,-3.864031058,-3.011276426,-5.869017167,-0.473746796,-0.217886609,-0.635938531,-3.404521147,-3.456378709,-0.545050738,-19.48452309,-2.009335574,-1.479557067,-0.46323524,-0.425288545,-0.39430625,-0.215726519,-0.246890305,-0.254403154,-0.290044394,-0.897718733,-0.443893131,-0.655112874,-0.733804471,-1.260448502,-3.191249338,-11.35369259,-6.131113114,-3.316592461,-4.868571612,-4.403576425,-3.870282633,-6.921573973,-2.17368813,-1.487572508,-1.597861359,-2.251604474,-4.848982533
1,1,1,1,1,1,0,1,0,1,1,0,1,1,0,1,0,1,1,1,0,0,1,0,1,0,1,0,0,1,1,1,1,0,0,1,1,1,1,0,1,1,1,1,0,0,0,1,0,1,1,0,0,1,0,1,1,0,1,1,1,1,0,1,1,0,1,0,0,0,1,1,1,1,0,1,0,1,0,1,1,1,1,0,0,1,0,1,0,1,1,0,1,1,1,0,1,0,0,0,-0.002996322,-0.00362395,-0.005881362,-0.005103109,-0.005062016,-0.007732519,-0.009757029,-0.011994944,-0.015843257,-0.018009299,-0.020398328,-0.023396352,-0.026087487,-0.030486932,-0.033099581,-0.03780936,-0.041208085,-0.047370362,-0.054201122,-0.060671797,-0.066925831,-0.073095755,-0.080539857,-0.076886857,-0.092463701,-0.12959153,-0.089821555,-0.105404449,-0.122252901,-0.128828353,-0.137420505,-0.143827303,-0.148221064,-0.149035899,-0.150577243,-0.150805911,-0.147499786,-0.145794562,-0.141239717,-0.137191012,-0.134793357,-0.136428911,-0.161974883,-0.119478348,-0.125426255,-0.128231387,-0.130141922,-0.143455016,-0.146108656,-0.152039761,-0.165133915,-0.173495884,-0.193020344,-0.175277995,-0.218191711,-0.243007222,-0.261055178,-0.290581151,-0.301623089,-0.273137223,-0.326229327
0,0,0,0,1,0,0,1,1,0,1,1,0,1,1,0,1,1,0,1,0,1,1,0,1,1,1,0,0,0,0,1,1,0,1,1,0,0,1,1,0,1,0,1,1,1,0,0,0,1,0,1,0,0,1,0,1,1,0,0,0,0,0,0,0,1,0,0,1,0,1,0,0,0,1,0,1,0,0,0,0,1,0,0,0,1,1,0,1,0,1,0,0,1,0,0,0,1,1,0,-0.007514169,-0.038814448,-0.025057011,-0.015406506,-0.020875519,-0.05423904,-0.343181975,-0.077429597,-0.236726792,-0.22936742,-0.137670888,-0.061351383,-0.144845104,-0.137972849,-0.060410037,-0.162466361,-0.17422293,-0.980484398,-0.194367174,-4.593049103,-1.280792357,-1.48493728,-9.986461588,-0.641683082,-3.133075535,-0.982606713,-1.913057605,-0.429516989,-0.717259202,-2.390392642,-1.089115898,-0.528116848,-2.067005173,-19.11434055,-0.734394604,-8.894858936,-1.258421689,-3.614026565,-2.437196157,-2.8929509,-0.887320881,-0.711822136,-0.764704297,-0.654554962,-0.664577598,-0.672876491,-0.924709303,-1.214214423,-2.007676207,-2.780617235,-6.240242636,-4.632492597,-3.807058818,-3.735372693,-4.765895787,-6.449983409,-3.731292427,-1.782469068,-1.179902447,-1.069366599,-1.236200765
0,1,1,0,0,1,0,0,0,0,0,0,1,1,0,0,0,0,0,0,0,0,1,0,1,1,0,0,1,1,1,0,1,1,0,1,0,0,1,0,1,0,0,1,0,0,0,0,0,1,0,1,0,1,1,1,0,0,0,0,1,1,1,1,0,0,0,1,1,0,0,1,1,1,1,0,1,0,0,1,1,0,0,1,0,0,0,0,1,1,0,1,1,0,1,0,1,0,1,1,-1.221559269,-0.04030046,-0.026378182,-0.027396726,-0.019770068,-0.023087647,-0.02562682,-0.031198439,-0.032161807,-0.039212158,-0.225247107,-0.542774757,-0.085942518,-0.37125842,-0.566272613,-3.796780205,-0.295068624,-0.121205114,-0.157814597,-0.200448648,-1.824276302,-1.075465308,-0.325827321,-0.136561494,-0.195732192,-0.171150917,-0.284850063,-1.110799849,-2.388094743,-1.171962777,-2.857064686,-2.38149145,-5.522473729,-1.465099739,-2.123467256,-3.021888022,-4.09007415,-3.048237266,-1.229916664,-0.583276159,-0.720210524,-0.723265474,-0.817842491,-0.949751401,-1.193370637,-1.619798363,-2.605227536,-2.207268013,-2.3878193,-2.796935612,-3.818602781,-2.928047664,-2.614116289,-3.459226917,-3.351636549,-1.611399239,-0.869580701,-0.634636874,-0.511285345,-0.494303961,-0.493151935
1,1,0,1,0,0,0,1,0,1,0,0,1,0,1,0,1,1,0,0,0,1,1,0,1,1,1,1,0,0,0,1,1,0,1,0,1,1,0,0,0,1,0,1,1,0,0,1,1,0,0,1,0,1,1,1,0,0,0,1,1,0,1,1,0,0,0,1,1,1,0,1,0,1,1,1,0,1,0,1,0,0,1,0,1,1,1,0,1,0,1,0,0,1,0,1,1,0,0,0,-0.002897779,-0.003248821,-0.004361233,-0.005167319,-0.006480071,-0.008064333,-0.010070521,-0.012350482,-0.015383266,-0.0185707,-0.020767254,-0.024016858,-0.026325285,-0.029740815,-0.033564277,-0.038308013,-0.043439313,-0.050201748,-0.058375467,-0.042107629,-0.066504723,-0.071990725,-0.076356246,-0.086101187,-0.096678393,-0.086533413,-0.081701533,-0.106547843,-0.120187673,-0.121406877,-0.135448092,-0.143736744,-0.149143955,-0.166404123,-0.152861999,-0.158182985,-0.134343952,-0.143323565,-0.14198847,-0.135915863,-0.131536283,-0.128415001,-0.12610896,-0.125495761,-0.130620653,-0.133939768,-0.14015029,-0.14237091,-0.1966745,-0.217884395,-0.138930821,-0.147742055,-0.171709887,-0.18826568,-0.203034765,-0.227225421,-0.260834864,-0.265077507,-0.293248194,-0.349766554,-0.362078247
1,0,0,1,1,0,1,1,0,1,0,1,1,1,0,1,1,1,0,1,0,0,0,1,0,1,1,0,0,1,1,0,0,0,1,0,1,0,1,0,0,1,0,1,0,0,1,0,0,0,0,0,0,0,0,0,1,1,1,1,1,1,0,1,1,0,1,1,1,0,0,0,0,1,0,1,0,0,1,0,0,1,0,1,0,0,1,0,0,0,0,0,0,1,0,0,1,0,0,1,-0.04936988,-0.09288269,-0.165338419,-0.206075916,-0.18567398,-0.129740819,-0.118088477,-0.106516326,-0.249538773,-0.25712999,-0.072247921,-0.060442534,-0.131990944,-0.153864571,-0.500733124,-2.688139757,-1.036320474,-0.272969391,-0.253830297,-0.20701552,-0.144025587,-1.531345519,-2.188475748,-0.146894711,-0.086884043,-0.071332193,-0.078679828,-0.060399158,-0.063046594,-0.076385926,-0.069359359,-0.514211591,-0.145216677,-0.138573244,-0.1660633,-0.216338832,-0.39381112,-1.978431858,-0.777241436,-0.398203324,-0.382164281,-2.115895314,-1.553939617,-1.349666501,-0.941947218,-9.156848616,-1.105144442,-0.634191298,-0.635419828,-6.694117408,-1.325774264,-2.463798176,-28.87869709,-2.023343955,-1.245501922,-1.060518157,-0.912256356,-1.277802088,-0.756459842,-0.801367585,-1.037903492
0,0,1,1,1,0,1,0,1,0,0,1,0,1,0,1,0,0,0,0,0,0,0,1,1,1,1,1,1,0,1,1,0,1,0,1,1,0,1,0,0,1,0,0,0,1,1,0,1,0,1,0,0,1,0,1,0,0,1,0,0,1,1,0,1,0,0,1,0,1,1,1,1,1,0,0,1,1,0,1,0,1,0,1,0,1,1,1,0,0,0,1,0,1,1,0,1,1,1,1,-0.02299218,-0.00688693,-0.015762526,-0.0342033,-0.038828252,-0.202191508,-0.183817541,-0.084119423,-0.558749059,-0.297369306,-0.143212952,-0.066280198,-0.046753026,-0.040703327,-0.080228517,-7.571134401,-0.118615335,-0.652925511,-0.3063396,-2.224595699,-0.488779311,-0.8432921,-0.658794163,-0.592172035,-0.490089267,-0.471461533,-4.254439391,-5.597726498,-0.412493026,-0.19410536,-0.461332121,-0.139078968,-0.32773152,-0.176634963,-4.846405559,-0.144903937,-0.112240292,-0.219075981,-0.206844778,-0.799275952,-0.402572287,-0.177686258,-0.201266357,-0.226307208,-0.264640748,-0.246245296,-0.261376292,-0.602496682,-1.954070896,-0.648712146,-0.977730751,-1.799664349,-0.463991078,-0.809272976,-0.675103107,-0.428423951,-0.425148028,-0.461193014,-0.52506603,-0.619354555,-0.741232068
1,1,1,0,0,1,0,0,1,1,1,0,0,1,0,0,0,1,0,1,0,0,1,1,0,0,0,1,0,0,0,1,0,0,0,1,1,0,0,0,0,0,0,0,0,1,1,1,1,1,0,0,1,0,1,1,0,1,1,1,0,1,0,1,0,0,1,0,0,0,0,0,1,0,1,0,0,1,0,1,0,1,0,0,0,0,0,1,0,0,1,0,1,0,0,0,1,1,0,1,-0.532797813,-0.284820816,-0.116482021,-0.056306863,-0.032637702,-0.034850115,-0.479705669,-0.039098325,-0.041913575,-0.058407173,-4.833592962,-0.197018198,-0.268579418,-0.494985742,-0.192710752,-0.082069841,-0.058843124,-0.050721215,-0.04826374,-0.047955873,-0.04835575,-0.053539992,-0.104601146,-4.569053608,-0.92501475,-0.061416755,-0.136878393,-2.417082688,-0.347897948,-0.250481505,-0.282433229,-0.431578215,-0.579753309,-0.738112295,-3.419237002,-1.152762324,-1.924553045,-4.503942018,-7.077396413,-3.452819154,-1.666148825,-0.901471322,-0.596487379,-0.462620418,-0.48504368,-0.576123993,-0.374972518,-0.44196628,-0.286352698,-0.301969063,-0.320344702,-0.342766632,-0.355353325,-0.351486549,-0.327519792,-0.315759883,-0.330899253,-0.413565513,-1.046678391,-0.90905946,-0.653310051
1,1,0,0,0,0,1,0,0,0,1,0,1,0,0,0,0,1,1,1,1,1,1,0,0,0,0,1,0,0,1,0,0,1,0,1,0,1,1,1,0,1,1,1,1,1,0,1,1,1,1,0,1,0,1,0,0,0,0,0,1,1,1,0,0,1,1,1,1,0,0,0,1,0,1,0,1,1,1,0,0,1,1,0,1,1,0,0,1,1,1,1,0,1,1,1,0,1,1,1,-0.010739025,-0.032092837,-0.247429851,-0.008448156,-0.063582516,-0.01040954,-0.014448168,-0.022963987,-0.039678911,-0.07385625,-0.151538362,-0.125491103,-0.093796254,-0.141608222,-0.359172766,-0.290444304,-0.299718989,-0.553304785,-7.295513582,-1.2649547,-0.468152389,-0.303046741,-0.124950763,-0.080013804,-0.084683366,-0.10543406,-0.078044225,-0.134867465,-0.211005399,-2.6189549,-1.073171085,-0.211301345,-0.226549988,-1.365953785,-0.22384844,-0.22617147,-0.955416041,-0.711321042,-0.248437396,-1.218193051,-0.462503134,-1.210900304,-0.482925696,-0.376745637,-0.69695119,-1.485003425,-0.371711008,-0.751971036,-0.589036482,-0.396518823,-0.305158243,-0.437490446,-1.014970081,-0.618236093,-2.344185851,-0.577286547,-0.425189745,-0.416345824,-0.480775855,-0.711687719,-0.809617742
1,0,1,0,0,1,1,0,0,1,1,0,0,1,1,0,1,1,1,0,0,0,1,0,1,1,1,1,0,1,1,0,0,1,0,0,0,0,0,0,1,1,1,1,1,0,0,1,0,1,1,1,1,1,0,1,0,1,0,1,0,1,0,1,1,1,1,1,0,1,1,1,0,1,0,0,0,0,0,1,1,0,1,1,1,0,1,0,1,0,1,1,1,1,0,0,0,1,1,0,-0.002968081,-0.00352853,-0.004263042,-0.005321647,-0.006006371,-0.008167351,-0.010102989,-0.012485045,-0.015273441,-0.018417769,-0.02182339,-0.025978097,-0.019962188,-0.027577533,-0.031530228,-0.036501901,-0.040556926,-0.046844371,-0.042364945,-0.064833285,-0.065642542,-0.070677816,-0.074662583,-0.081499174,-0.088194074,-0.096668225,-0.100779833,-0.119853537,-0.119203292,-0.121675669,-0.135287695,-0.141403954,-0.145812727,-0.149949467,-0.162569369,-0.156467608,-0.167984259,-0.147634022,-0.151812719,-0.145444262,-0.141764134,-0.137184493,-0.13215731,-0.127822587,-0.131064461,-0.136864526,-0.136456651,-0.143599422,-0.148470435,-0.151085914,-0.165429278,-0.175918139,-0.190005836,-0.207980334,-0.232329929,-0.23111588,-0.243075589,-0.250739426,-0.2879895,-0.304113334,-0.352916997
1,1,0,0,0,1,1,1,1,0,1,0,1,0,1,1,0,1,0,1,1,1,1,1,0,0,0,0,0,0,0,1,0,1,0,0,1,1,0,1,0,1,1,1,0,0,1,0,1,1,0,0,0,1,0,0,1,1,0,0,0,0,0,1,1,1,1,1,0,0,0,0,1,0,0,1,0,0,0,0,0,0,0,0,0,0,1,0,1,0,1,1,0,0,1,0,0,0,0,0,-0.013952654,-0.024493733,-0.163402017,-0.326864908,-0.116813875,-0.210490374,-0.613712761,-0.066211234,-0.079160312,-0.544887035,-0.316142379,-0.151853597,-0.192345806,-0.099861629,-0.351977489,-0.475366885,-0.140010165,-0.126478642,-0.140340086,-0.196429541,-0.499494617,-1.884583395,-0.306517232,-0.405370442,-9.086220044,-2.40390905,-2.02664009,-2.313129976,-0.807443756,-0.521281316,-0.644396409,-1.214946851,-1.525825131,-1.474425177,-4.443248707,-5.333701773,-2.945662709,-4.186815408,-7.133727006,-5.31330125,-3.981236771,-1.713488394,-2.276587901,-1.138460795,-1.136022493,-2.031215816,-6.517084762,-1.598162199,-1.457079879,-1.586806006,-1.751369256,-1.870358976,-2.095432807,-5.22637664,-2.791551243,-10.08629143,-7.375532757,-3.579944251,-2.286560198,-1.791606121,-1.655107406
0,1,0,1,1,1,0,1,1,1,1,0,1,1,1,0,1,0,1,0,0,1,0,0,1,0,0,1,1,1,1,0,1,1,1,1,0,0,0,0,0,0,1,1,0,1,1,1,1,1,1,0,0,1,1,1,1,0,1,1,0,1,1,1,1,0,1,1,0,0,0,1,1,0,1,0,1,1,1,0,1,1,0,0,0,1,1,1,1,1,1,0,1,1,1,1,0,1,0,1,-0.04100428,-0.080796495,-0.629252478,-0.170554601,-0.113189408,-0.079463227,-0.126274899,-0.04131844,-0.043615349,-0.049933793,-0.081101817,-0.142057614,-0.081538658,-0.068579435,-0.14207269,-0.220230457,-0.370171488,-0.197021372,-0.719966202,-0.446844235,-10.58220011,-1.441554084,-0.19309876,-0.123142374,-0.105973866,-0.104167953,-0.150566279,-0.277039459,-1.169722936,-4.833157801,-25.4994851,-4.75111619,-2.981360361,-3.011942742,-4.920052342,-6.362052042,-8.955088434,-2.558313406,-1.708725084,-1.198423242,-0.815049305,-0.822521638,-0.562419452,-0.473100539,-0.448633019,-0.40393279,-0.387745955,-0.367379347,-0.356530048,-2.46271998,-1.297124145,-1.851602246,-0.973389209,-2.735634813,-9.07832289,-4.066023933,-1.108437272,-0.601862957,-0.471341149,-0.48380879,-0.571177092
0,1,0,0,1,0,1,1,0,0,1,1,0,0,0,0,1,1,1,1,1,0,0,1,1,0,0,1,0,1,0,1,1,0,1,0,1,0,0,1,0,0,1,1,1,0,0,0,1,0,0,1,0,0,1,1,1,1,0,1,0,0,1,0,1,1,1,0,0,0,0,0,0,0,0,1,0,0,0,0,0,1,1,1,1,0,0,0,0,1,0,1,0,1,1,1,0,1,1,0,-0.002970303,-0.003498052,-0.003842789,-0.005213319,-0.006500292,-0.00852909,-0.009706724,-0.012056436,-0.016707857,-0.017795463,-0.021020678,-0.023498394,-0.025831223,-0.02968739,-0.034211837,-0.037250005,-0.028646906,-0.04697338,-0.053239649,-0.054216022,-0.063705565,-0.072833918,-0.076964111,-0.07800018,-0.088313562,-0.097033069,-0.101862916,-0.110529131,-0.120634411,-0.123796426,-0.142071568,-0.146384345,-0.144788251,-0.148071906,-0.155608345,-0.151402363,-0.154218352,-0.168175814,-0.142835834,-0.142268912,-0.137347072,-0.129604256,-0.130351591,-0.129427534,-0.128407124,-0.130088268,-0.133413581,-0.132648597,-0.15081128,-0.158347482,-0.172955621,-0.184660271,-0.194311474,-0.192583684,-0.218215006,-0.231894269,-0.250963241,-0.27303349,-0.305379525,-0.322958481,-0.34650791
1,0,0,1,1,1,0,0,1,1,1,1,1,0,0,0,1,0,1,0,1,1,1,0,1,1,0,1,1,0,1,0,1,0,1,0,0,0,1,0,1,0,0,0,0,0,1,0,1,0,1,1,0,0,1,0,0,0,0,1,0,0,0,1,1,1,1,1,1,0,0,0,0,0,1,0,1,0,1,1,1,1,0,1,0,0,0,1,1,0,0,0,0,1,1,1,0,1,1,1,-0.008639635,-0.011399915,-0.089505747,-0.845785364,-0.058554258,-0.035496062,-0.041153243,-0.215800656,-0.879853071,-0.331932118,-0.333761357,-0.055913168,-2.077866081,-0.213975012,-0.107693283,-0.087071791,-0.10782784,-0.074811392,-0.091622502,-0.118093035,-0.137742123,-0.210890517,-1.42575707,-0.460162767,-0.610590229,-0.970686736,-3.158986377,-1.348429137,-0.727969449,-0.421157035,-3.692182307,-2.853541701,-8.108031784,-1.042526361,-0.465628336,-0.46013959,-0.52933569,-0.467440761,-0.542550806,-4.63572159,-1.748401075,-2.031383428,-1.638450461,-2.272345004,-5.920570629,-3.082744439,-1.082003827,-0.886534199,-1.153882669,-1.270290132,-2.48243796,-8.676726421,-7.698849778,-3.506267104,-1.300210532,-1.532349325,-0.848413386,-0.666585565,-0.680709498,-0.903661547,-1.869661848
0,1,0,1,0,0,1,1,1,1,0,1,0,0,1,0,1,0,0,0,0,0,0,0,0,1,0,1,1,1,1,0,0,0,1,1,1,1,1,1,1,1,1,0,0,1,0,0,0,0,0,0,1,1,0,1,1,1,0,0,1,1,0,1,0,0,0,1,0,1,1,0,1,0,0,1,0,0,1,1,1,0,1,0,0,1,1,1,0,1,1,1,0,1,1,0,1,0,0,0,-0.088193006,-0.021436364,-0.018934243,-0.032863995,-0.059261833,-0.148860492,-0.077951386,-0.052494139,-0.169655646,-0.44769644,-0.7447905,-0.668907239,-0.183461415,-0.101034734,-0.077671124,-0.056576908,-0.056472614,-0.055815487,-0.057788414,-0.063361491,-0.073795033,-0.092842735,-0.129799872,-0.172049528,-0.458768291,-0.90828375,-7.382567584,-1.517002702,-1.331963915,-0.885953529,-0.697371716,-7.628732643,-0.550355812,-0.697248566,-1.695415677,-5.384929798,-1.760015158,-0.97731537,-0.548800168,-0.351232442,-0.275525548,-0.276185169,-0.353074516,-0.235109166,-0.204129375,-0.236269555,-0.334209992,-0.733397367,-4.412673376,-4.243660347,-1.42756819,-0.943559961,-0.813512166,-1.053605165,-1.611246435,-5.475281168,-8.194523391,-2.183404877,-2.24205624,-1.356754927,-1.507950727
0,0,1,0,0,1,0,0,1,1,0,1,1,0,1,0,0,1,0,0,0,1,1,1,0,1,1,0,0,0,0,0,1,0,1,0,1,1,0,1,0,0,0,0,1,0,0,0,0,1,0,1,1,1,1,1,1,1,0,0,0,0,0,1,1,0,1,0,0,0,0,1,1,0,1,0,0,1,0,0,1,1,1,0,0,1,1,0,0,1,1,1,0,1,0,0,1,1,1,0,-0.013855352,-0.049308201,-0.133664658,-0.034624372,-0.024340011,-0.022963037,-0.023573356,-0.02619041,-0.030314903,-0.038799019,-0.043663039,-0.052332633,-1.512747688,-0.084931569,-2.615750939,-0.178893766,-0.29061572,-0.428193468,-0.988970209,-0.692499658,-3.961634791,-1.925135488,-2.250284679,-1.472448679,-0.874516625,-1.488663734,-0.346365566,-0.261043589,-1.413077047,-0.280200081,-0.247575103,-0.470578308,-0.36272897,-1.459269253,-0.239503433,-0.153271367,-0.198293186,-3.722062215,-0.534197417,-0.356862158,-0.242388529,-0.261443984,-0.679806903,-0.434269401,-0.234243535,-0.87522189,-1.407071875,-0.454712318,-0.445771489,-0.477093408,-0.67238923,-1.891451536,-2.231996044,-2.146237551,-2.843945336,-3.490266501,-3.438317878,-1.974624003,-0.851124392,-0.516068235,-0.392513523
0,1,0,1,0,0,1,1,1,0,1,0,1,0,0,1,1,1,1,1,1,1,0,1,1,1,0,1,1,1,1,1,0,1,1,1,0,0,0,0,1,0,1,0,1,1,0,1,0,0,1,1,1,1,1,1,0,1,1,1,1,1,0,0,0,0,1,0,0,0,0,1,0,0,1,0,0,1,1,1,0,0,1,0,0,1,0,0,1,1,1,0,1,1,0,0,1,1,1,1,-0.013535865,-0.051964038,-0.186705003,-0.255193537,-0.021489232,-0.029790979,-0.045297265,-0.050348539,-0.057473539,-0.180453906,-0.105859589,-0.134523951,-0.131821271,-0.299164833,-0.128973988,-0.133294846,-0.821190146,-0.122689826,-0.24812812,-0.089725885,-0.132999182,-0.291232345,-0.159639963,-0.098092447,-2.735061685,-0.060798415,-0.069331923,-0.298233351,-0.118963656,-0.141566385,-0.208098804,-0.560927007,-3.662778458,-0.55356998,-0.243052988,-0.45786935,-0.679305515,-0.260076359,-0.238008141,-0.216475776,-0.24368794,-0.259871364,-0.273361487,-0.28875554,-0.727751897,-0.524475843,-0.450104477,-0.345655903,-0.528058202,-0.531254153,-0.520297474,-0.525670999,-0.526469711,-0.574632087,-0.57425442,-0.581019135,-0.555765958,-0.625497008,-0.689494759,-0.760624743,-0.856730551
1,0,1,1,1,0,0,1,0,0,1,0,1,1,0,0,1,0,1,1,1,1,0,1,1,0,1,1,0,0,0,0,0,1,0,0,0,1,0,1,1,0,0,0,0,0,0,0,0,1,0,0,0,0,0,1,1,0,1,1,1,1,0,0,0,1,0,1,1,0,1,0,0,1,0,0,1,0,1,0,1,0,0,1,0,0,1,0,0,1,1,0,1,0,1,1,1,0,0,0,-0.032172822,-0.022598482,-0.040591778,-0.36847715,-0.117582086,-0.042933694,-0.209090556,-0.131861744,-0.450590657,-0.710548527,-0.475350239,-0.327996213,-0.18354695,-0.154723703,-0.20840551,-0.113704828,-0.150238924,-0.372694544,-1.298347534,-1.366790799,-0.321558106,-1.516025254,-0.737995043,-2.458152148,-0.58435153,-0.592491295,-2.48103325,-1.887669869,-1.377227956,-7.847187783,-3.46927883,-1.270427328,-0.709890737,-0.678060253,-0.54349815,-1.900568788,-1.396237429,-0.71073946,-1.05127746,-1.180772688,-9.06312846,-2.677876084,-0.922527039,-0.563681573,-1.625025135,-0.578941061,-2.32572147,-0.944533976,-0.580399352,-0.41973442,-0.327421836,-0.296850514,-0.277491203,-0.290396487,-0.51452796,-1.943788426,-7.728365453,-9.483941055,-3.646941275,-4.012333172,-2.392022254
0,1,0,1,0,1,1,1,1,1,0,0,0,1,0,0,0,1,1,0,1,0,1,1,0,1,1,1,1,1,0,0,1,0,1,1,1,1,1,0,0,0,1,1,0,1,1,1,0,0,0,0,0,0,0,1,1,1,1,0,1,1,0,1,1,1,1,0,1,1,1,1,0,1,1,1,0,0,1,1,0,1,0,1,1,0,1,0,1,0,0,1,0,0,1,1,1,1,1,1,-0.005315134,-0.006080676,-0.006947079,-0.007981357,-0.009048452,-0.010641925,-0.012300633,-0.014247514,-0.016740253,-0.019480053,-0.022683553,-0.027700903,-0.022541343,-0.025230021,-0.025019244,-0.02534207,-0.025140029,-0.025157803,-0.025010079,-0.025359517,-0.025910475,-0.023738093,-0.02551473,-0.026587813,-0.029794371,-0.026610833,-0.029415927,-0.037733789,-0.037829763,-0.044993591,-0.052259438,-0.059310052,-0.067535233,-0.082139505,-0.070304514,-0.103702122,-0.128122801,-0.142773805,-0.152746253,-0.18152034,-0.212117264,-0.261572322,-0.292458321,-0.323044926,-0.356551875,-0.380992677,-0.365323322,-0.485391059,-0.545384407,-0.604514243,-0.677400588,-0.705013543,-0.783814846,-0.857208434,-1.027752959,-1.131786469,-1.320166523,-1.424259578,-1.644340128,-1.890466471,-2.11544587
1,1,0,0,0,0,1,1,1,0,1,1,1,0,0,1,1,1,1,0,1,0,0,0,1,0,1,1,0,1,1,0,0,1,1,1,0,0,0,1,1,0,0,1,1,0,0,1,1,1,1,0,0,0,0,0,1,0,1,1,0,0,0,1,1,0,0,1,0,1,0,0,1,1,0,1,0,0,1,1,0,0,0,0,0,1,1,0,1,1,1,1,0,1,0,0,1,0,0,1,-0.037730847,-0.037874726,-0.106653453,-0.057245872,-0.047889931,-0.046934856,-0.58038936,-0.029319221,-0.067498305,-0.057823506,-1.515715166,-0.176273646,-0.444978889,-0.972779353,-0.600882233,-0.352433921,-0.277886366,-0.241536296,-0.221855815,-0.658338101,-0.239124799,-0.287278095,-0.473709823,-2.873497171,-1.078071571,-1.496948697,-2.861464003,-3.237355942,-1.413510158,-0.842749539,-0.511085897,-0.739613119,-0.213737377,-0.175352445,-0.166091719,-0.188724915,-0.284476028,-0.640705702,-0.214554847,-0.232053155,-0.241922922,-0.496694512,-0.531881652,-0.513341695,-0.232522165,-0.239524038,-0.255541996,-0.284348912,-0.342503197,-0.317531287,-0.294316561,-0.314121543,-0.348538342,-0.35981086,-0.466367263,-0.903462231,-0.451676261,-0.470302802,-0.639695666,-0.644617397,-0.653390526
1,0,1,1,0,0,0,0,0,0,1,1,0,1,1,0,0,0,0,1,1,0,0,0,0,1,1,1,1,0,1,1,0,1,1,0,1,1,1,1,0,0,0,1,1,1,0,1,1,0,1,0,0,0,1,1,1,0,0,1,1,1,1,1,1,1,0,0,1,1,0,1,1,1,0,1,0,1,0,1,0,0,1,1,0,1,0,1,1,0,1,0,0,1,0,1,1,0,0,0,-0.028021327,-0.323433044,-0.037789875,-0.028944499,-0.152642214,-0.288904302,-0.074902436,-0.081064892,-0.095470191,-0.191989739,-0.428417438,-0.535065991,-1.284542377,-0.393258074,-0.22703677,-0.1539056,-0.12236361,-0.104615731,-0.095804754,-0.089659382,-0.073115065,-0.068352502,-0.070943,-0.06398064,-0.061227438,-0.0668659,-0.065093035,-0.062860328,-0.064840471,-0.078248683,-0.082144187,-0.133888731,-0.094425253,-0.109481187,-0.141734641,-0.229320411,-2.224535951,-0.379238645,-0.388164117,-1.704306152,-1.167743115,-1.670961415,-8.773963085,-0.810333267,-0.872739743,-0.329166315,-0.291888341,-0.296064372,-0.313426867,-0.330006505,-0.396955424,-0.436692331,-1.129758475,-4.728002981,-5.899128792,-2.444310479,-1.706217345,-1.3637665,-1.535993939,-1.369400065,-1.502376782
0,1,1,1,1,0,1,1,1,1,0,0,0,0,0,1,1,1,1,1,1,1,0,0,1,0,1,0,1,0,1,1,1,1,1,0,0,1,1,0,1,1,1,0,1,1,0,0,1,1,1,1,1,0,0,1,1,1,0,0,0,0,0,1,1,1,0,1,0,1,1,0,1,0,0,0,0,1,0,0,0,1,1,0,0,1,0,1,1,1,0,1,1,0,0,0,1,1,0,1,-0.023370783,-0.155657016,-0.107451212,-1.326081698,-0.066926967,-0.070753716,-0.080229312,-0.319766852,-0.107568296,-0.044457518,-0.030599642,-0.032985956,-0.04886011,-0.358412088,-0.604630916,-0.261037923,-0.653778436,-0.58293516,-0.079616819,-0.07573086,-0.079189238,-0.147724281,-0.548322149,-0.5374952,-0.407581619,-3.935049289,-1.350617811,-0.580851328,-1.805866846,-1.942551807,-0.667540463,-0.436408183,-0.905143886,-0.314247725,-3.733093317,-0.762670527,-5.490507232,-1.350949518,-5.040353442,-3.25082628,-4.844739686,-2.40176406,-4.213076639,-2.171418574,-6.706835388,-4.151683283,-5.14249346,-1.421958612,-5.764676582,-3.49492815,-4.751817343,-4.741592262,-2.261861973,-3.821894344,-7.29208398,-13.13916341,-2.739181528,-21.9469817,-2.772206804,-1.84099999,-4.227438818
1,1,1,1,1,0,0,0,1,0,1,1,0,0,1,0,0,1,0,0,0,1,1,0,0,1,1,1,1,1,1,0,0,0,0,1,1,0,0,1,0,1,1,1,0,0,1,0,0,0,0,0,1,0,0,1,1,1,0,0,0,1,1,1,1,1,1,0,1,0,0,0,1,0,1,0,0,0,0,1,0,1,1,1,1,1,1,1,1,1,1,1,1,0,1,0,1,0,1,1,-0.002925783,-0.003503894,-0.004250085,-0.005221751,-0.006479875,-0.008106085,-0.010328901,-0.011352909,-0.014522223,-0.015082403,-0.021084167,-0.024009254,-0.026810907,-0.028502655,-0.033001027,-0.037260792,-0.042777989,-0.048266889,-0.05513087,-0.061074754,-0.064997555,-0.072589396,-0.077224782,-0.083253502,-0.090086108,-0.100358578,-0.10629841,-0.11285628,-0.11995674,-0.126623175,-0.138257927,-0.14132239,-0.143513357,-0.14289344,-0.155428701,-0.154702101,-0.151018373,-0.151805079,-0.149012001,-0.142281885,-0.135301017,-0.132711533,-0.130322891,-0.128643148,-0.131162346,-0.149949907,-0.139317724,-0.142165523,-0.153914056,-0.162901944,-0.171858381,-0.180342486,-0.179461981,-0.194587474,-0.207927936,-0.219491304,-0.230728214,-0.254908822,-0.274079037,-0.29738133,-0.328098176
0,0,1,0,1,0,1,0,1,0,0,1,1,0,0,0,0,0,1,0,1,1,1,0,0,1,0,0,0,1,0,1,0,1,0,1,1,1,0,1,1,0,0,1,1,0,1,1,1,1,0,0,0,1,0,1,1,1,1,0,0,0,0,1,1,1,1,1,1,1,1,1,0,1,1,1,0,0,1,1,1,0,0,0,1,0,0,1,1,0,0,1,1,1,0,1,1,0,0,1,-0.003140194,-0.00397279,-0.006570452,-0.007919046,-0.027203827,-0.038001206,-1.832215112,-0.068413617,-0.070550517,-2.12904158,-0.062005324,-1.375218405,-0.087698759,-0.310339647,-0.531660895,-0.499153504,-0.174686045,-0.127339753,-0.094020456,-0.09054251,-0.084938624,-0.080816676,-0.078396837,-0.082299864,-0.110174727,-0.323491821,-0.069327416,-0.344853227,-0.105792962,-0.070026276,-0.075702883,-0.086244676,-0.101435778,-0.119696414,-0.266345857,-0.886648336,-0.257312198,-0.209940237,-0.17328685,-0.200288585,-0.233020278,-0.253704026,-0.315847982,-0.357750565,-0.447553807,-0.396745719,-0.456260099,-0.519561063,-0.614014487,-0.872414853,-1.047033301,-0.893371967,-0.92701195,-1.114323566,-2.862984722,-4.548056291,-3.165071607,-3.305041922,-4.02377785,-5.714528111,-5.36656737
1,0,0,0,1,1,1,1,1,1,0,0,1,1,0,1,0,0,1,0,0,0,0,1,1,1,1,0,0,1,0,1,1,0,0,0,0,1,1,1,0,0,1,1,0,1,0,0,1,0,1,1,1,1,0,1,1,0,1,1,1,0,1,1,0,0,1,1,0,1,0,1,1,1,0,1,0,1,1,1,0,0,1,1,0,1,0,0,0,1,0,1,1,0,1,1,0,1,1,0,-0.002994002,-0.003560749,-0.004356886,-0.005218944,-0.006496038,-0.008099111,-0.010114145,-0.014638205,-0.0151664,-0.018544563,-0.022565704,-0.028342511,-0.025135979,-0.028701136,-0.031896298,-0.037065471,-0.04220034,-0.048155304,-0.054441174,-0.060584152,-0.077902006,-0.071459273,-0.077848637,-0.081402518,-0.087245285,-0.105175095,-0.111552735,-0.110051617,-0.108504506,-0.1297038,-0.119382583,-0.133989386,-0.148811236,-0.153244981,-0.15667067,-0.158751497,-0.162410986,-0.156498296,-0.150248473,-0.15923986,-0.218408385,-0.122967361,-0.142050609,-0.101145821,-0.116025386,-0.12737677,-0.130054356,-0.142897471,-0.160274956,-0.182112216,-0.149390513,-0.177359205,-0.159488295,-0.192416028,-0.221370749,-0.236335095,-0.269909659,-0.305314677,-0.323640589,-0.367032391,-0.387182392
0,1,0,1,0,0,0,0,1,0,1,0,0,0,0,0,1,1,1,1,1,0,0,0,1,0,1,0,0,0,1,0,0,1,1,0,0,1,0,1,1,1,1,1,0,1,1,1,0,1,0,0,1,1,1,1,1,1,0,1,1,1,1,1,0,1,0,0,0,0,0,1,0,1,1,1,0,0,0,1,1,0,0,1,0,0,1,1,0,1,1,1,1,0,0,1,0,1,1,1,-0.002984203,-0.003516898,-0.004269007,-0.005213289,-0.006561084,-0.008475032,-0.009263088,-0.012150024,-0.014670538,-0.017759809,-0.020858135,-0.023813951,-0.026548883,-0.029615393,-0.033382514,-0.040157793,-0.042821213,-0.052670207,-0.052924907,-0.061293416,-0.07019863,-0.061668874,-0.073231365,-0.10573484,-0.088735866,-0.096031658,-0.105410332,-0.116291128,-0.149121879,-0.12698029,-0.136662975,-0.144417441,-0.147997849,-0.146678888,-0.15267722,-0.158293355,-0.155033759,-0.148849362,-0.144145072,-0.141314666,-0.132728811,-0.139890233,-0.150500926,-0.142769088,-0.145229569,-0.143716428,-0.106917334,-0.126998493,-0.136447346,-0.151488969,-0.18043968,-0.148383101,-0.147904623,-0.165361279,-0.208459316,-0.227705789,-0.250163749,-0.255152805,-0.264731961,-0.300742707,-0.36221108
0,0,1,0,0,1,1,1,0,0,0,0,1,1,1,1,1,0,1,1,0,1,0,0,1,0,0,0,0,1,0,0,0,1,1,1,0,0,1,0,0,0,1,0,0,0,1,0,1,0,1,1,0,1,1,1,1,1,1,0,1,0,1,1,0,1,0,0,1,0,1,1,1,1,1,0,1,0,1,1,0,0,0,1,1,1,1,0,0,1,0,1,1,0,0,0,0,0,1,0,-0.00587775,-0.009516949,-0.021749977,-0.144401903,-0.092902522,-0.113039867,-0.12792305,-0.186418713,-1.855682118,-0.20892096,-0.09951603,-0.520522864,-0.986857536,-1.621969709,-0.549143539,-3.824274144,-0.673955547,-1.464305661,-5.064412945,-0.700257611,-0.231316915,-0.084028638,-0.056033925,-0.050526625,-0.085744396,-0.190293275,-0.985664057,-1.265958113,-1.307222319,-1.998887724,-5.388157021,-1.944509909,-2.475148641,-7.117778749,-0.996410392,-0.772848648,-2.355725337,-2.341067321,-0.668767466,-1.945386777,-1.045694088,-10.11903256,-2.823664749,-1.561120343,-0.966340146,-0.390969474,-0.262442125,-0.327564551,-0.239319253,-0.233515417,-0.241590419,-0.270881839,-0.425734228,-1.559145548,-0.708725144,-0.385728958,-0.433032117,-1.676895652,-2.257134562,-0.547295113,-0.314569765
0,1,0,0,1,0,0,1,0,0,1,0,1,1,0,1,1,0,1,0,0,1,1,0,1,0,0,1,1,1,0,1,0,1,1,0,1,0,0,1,1,1,1,0,0,1,0,1,0,1,0,1,0,1,1,0,1,0,0,1,1,0,0,1,0,1,1,1,1,0,1,0,0,1,0,0,1,0,0,0,1,1,1,1,0,0,0,1,0,0,1,1,0,1,0,1,1,0,0,1,-0.003052531,-0.003536801,-0.004340084,-0.005360456,-0.007721778,-0.008068974,-0.009699682,-0.012165503,-0.014781158,-0.017782912,-0.020913341,-0.023838074,-0.026787394,-0.029686741,-0.033354127,-0.038442314,-0.043212565,-0.046984492,-0.053455022,-0.05957959,-0.065834669,-0.071379692,-0.07699837,-0.082514075,-0.089353585,-0.098441111,-0.106234113,-0.114108555,-0.123535326,-0.125195104,-0.138330425,-0.144664106,-0.14683555,-0.154210748,-0.157559008,-0.149376504,-0.152116466,-0.155982992,-0.150367084,-0.144332136,-0.139628943,-0.134268199,-0.13004904,-0.115264628,-0.125431247,-0.127313543,-0.134749019,-0.14155976,-0.14693692,-0.140979943,-0.1571353,-0.166430824,-0.188774996,-0.185918694,-0.196686277,-0.226881263,-0.22595512,-0.256706311,-0.293616432,-0.328387774,-0.352284356
1,1,0,0,1,1,0,0,0,1,0,0,0,0,0,0,1,0,1,1,1,0,0,0,0,1,1,1,0,1,0,0,1,1,1,0,1,0,0,1,0,1,1,0,1,1,0,0,0,0,0,1,1,1,0,1,1,1,0,0,1,1,1,1,1,1,1,0,1,0,0,0,0,1,1,1,0,0,0,1,1,1,0,1,1,0,1,1,0,0,1,1,0,0,0,1,0,0,0,1,-0.143321591,-0.033061421,-0.023494294,-0.026215548,-0.151610151,-0.132983888,-0.35575455,-0.196337285,-0.144440278,-0.169463924,-0.631471673,-0.742136367,-2.415683282,-0.971149131,-0.239407997,-0.846235381,-0.216328673,-0.20126768,-0.098851885,-0.100135056,-0.136312311,-1.450280989,-0.717781982,-5.398578363,-0.321726208,-0.11810545,-0.105725575,-0.314928791,-0.18981198,-1.249738661,-3.676446937,-0.363344375,-0.214160648,-2.219934389,-0.609133013,-0.441801849,-0.266168205,-0.269084419,-0.261310734,-0.266896737,-0.347867539,-0.371120235,-0.744909844,-0.487205837,-0.434283024,-0.444370788,-0.463425266,-0.458670686,-0.540323986,-0.5930369,-0.482377105,-0.62916164,-0.757950739,-0.91772499,-0.785675285,-0.608134455,-0.725211009,-0.704384142,-0.718306339,-0.804351912,-0.87273474
1,0,1,1,0,0,1,1,0,1,0,1,0,1,1,0,0,0,1,0,0,1,1,1,1,0,1,0,0,1,1,1,1,1,1,0,1,0,1,1,0,0,0,1,1,0,1,0,0,0,1,0,1,1,0,1,1,0,0,1,1,0,0,1,1,1,1,1,0,0,1,0,0,0,0,0,0,1,0,1,0,0,1,0,0,0,0,0,1,1,1,0,0,1,1,0,1,1,1,0,-0.043452488,-0.185412899,-2.507234834,-0.010650979,-0.153715117,-0.005752792,-0.006479308,-0.107653492,-0.022006247,-0.035490342,-0.644084173,-0.362059763,-0.06354218,-0.05573539,-0.031105116,-0.027529375,-0.03521932,-0.146969866,-0.204510935,-0.057237462,-0.079797988,-0.38762081,-0.929018531,-0.364044967,-0.346140007,-3.281777838,-0.722733248,-0.354143618,-0.499082613,-0.85441796,-1.957439523,-0.568701907,-1.752898931,-0.158806904,-0.143291021,-0.205726924,-0.769737166,-1.251527966,-0.570123994,-0.431230648,-4.790079605,-2.625503726,-1.547751217,-1.787731465,-2.280441463,-6.223883296,-1.798418858,-1.203430964,-6.122242503,-1.838508871,-0.875160715,-0.774479913,-0.490845382,-0.378349241,-0.364388639,-0.567110015,-0.76305055,-4.795497488,-2.770459908,-1.154161119,-0.933773322
1,1,0,1,1,1,1,0,0,1,1,1,1,1,0,1,1,1,1,0,1,0,1,1,1,0,0,0,0,1,1,0,1,0,0,0,1,0,1,0,0,0,1,1,0,1,0,0,0,0,0,0,0,1,0,0,1,0,1,0,0,1,0,1,0,0,1,0,1,0,1,0,1,1,0,1,1,1,0,0,0,0,1,0,1,1,0,0,1,0,0,1,0,1,0,1,0,1,1,0,-0.002975179,-0.003608051,-0.004354763,-0.005208776,-0.006758129,-0.00832795,-0.008085327,-0.011714059,-0.014580313,-0.017634324,-0.020764052,-0.023762671,-0.024515348,-0.025306303,-0.033603764,-0.03757716,-0.043107104,-0.048872,-0.055874218,-0.061140534,-0.064258071,-0.070911003,-0.07021626,-0.080908649,-0.088950339,-0.096461524,-0.108895602,-0.115242106,-0.12277692,-0.129146251,-0.136402146,-0.144908497,-0.148966864,-0.150147303,-0.147669585,-0.168209724,-0.160765727,-0.157915859,-0.158116054,-0.130490568,-0.140000444,-0.140109369,-0.132785708,-0.136667817,-0.139618962,-0.134198333,-0.148384838,-0.163936686,-0.183545037,-0.209936384,-0.225637289,-0.132438013,-0.137210022,-0.159521618,-0.184404609,-0.202184628,-0.22229904,-0.250704152,-0.287678607,-0.330103275,-0.31518203
0,0,1,0,0,0,1,0,0,1,1,0,1,1,0,1,1,0,0,0,0,0,0,0,1,0,0,0,0,0,0,1,0,0,0,0,1,0,0,0,0,1,0,1,0,0,0,0,1,0,1,0,0,0,0,0,1,1,1,1,1,0,1,0,0,1,0,1,0,1,1,0,0,0,0,0,0,1,1,1,0,0,0,1,1,1,1,0,1,1,0,0,1,0,0,0,1,0,1,1,-0.009134139,-0.005182215,-0.341311445,-0.018530228,-0.016143052,-0.0118151,-0.013426513,-0.022404683,-0.319901254,-0.467210419,-0.540703781,-0.536434426,-0.216154052,-0.170300028,-0.121535267,-0.118160335,-0.135736062,-0.180789464,-0.440159236,-3.182579843,-0.7034385,-0.446767146,-0.684555362,-2.045745239,-5.482318945,-2.069366509,-0.615728092,-1.156836902,-2.819148097,-0.898087615,-0.473665511,-0.254547595,-0.270939687,-0.278425788,-0.492692027,-0.956235717,-3.023865311,-9.608073054,-7.05666341,-2.2282042,-1.085609137,-0.745138442,-0.993676731,-1.029851776,-1.569126115,-0.535392275,-0.437805519,-0.440736708,-0.463237344,-0.585706552,-0.683329479,-1.109965753,-3.135006816,-2.955525292,-0.690238311,-1.750842123,-7.488518281,-1.906965433,-1.250365898,-3.034673483,-2.114228507
1,1,1,1,0,0,1,0,1,0,1,0,1,1,1,1,1,0,0,0,1,0,0,0,1,1,0,1,1,1,1,1,0,1,1,0,1,0,0,1,1,1,0,1,0,1,1,0,0,0,0,1,1,0,1,1,0,1,0,1,1,1,0,0,0,1,1,0,1,0,1,0,0,0,0,1,0,1,0,1,1,0,0,1,0,1,0,0,0,0,0,0,1,1,1,1,1,1,0,0,-0.003088838,-0.003469243,-0.004282776,-0.005245607,-0.006495192,-0.008092642,-0.01012594,-0.017540874,-0.014725223,-0.017813865,-0.020917728,-0.023856296,-0.026675471,-0.029990108,-0.031461372,-0.031345432,-0.041629298,-0.049649671,-0.0558877,-0.061884389,-0.068755424,-0.073619142,-0.078471288,-0.085085189,-0.093335483,-0.104918405,-0.101782235,-0.097606175,-0.114584735,-0.125721357,-0.136194878,-0.142376033,-0.147567306,-0.152556161,-0.153977918,-0.152884448,-0.150692062,-0.14901053,-0.145013814,-0.138795443,-0.133552212,-0.129855368,-0.139572442,-0.129654697,-0.126349383,-0.120108831,-0.134025721,-0.145186602,-0.152162911,-0.153968502,-0.163703612,-0.165374876,-0.19076997,-0.189816299,-0.199879187,-0.214163589,-0.234874313,-0.25566705,-0.288076736,-0.309020925,-0.34456097
1,0,1,0,0,1,0,0,0,0,1,1,0,1,1,0,0,0,0,1,1,0,0,0,1,0,1,1,0,0,1,0,1,1,0,0,1,1,0,0,0,1,1,0,0,0,0,0,0,1,1,0,1,1,0,0,1,1,1,1,1,0,1,1,0,0,1,1,1,1,0,0,0,1,0,0,1,0,0,1,1,0,0,1,0,1,1,1,0,1,0,0,0,1,0,0,0,1,0,1,-0.008795916,-0.010563993,-0.018600809,-0.037518229,-0.097301099,-0.169448279,-0.614552866,-0.093121137,-0.065102513,-0.057665005,-0.112753689,-0.086545588,-1.100213753,-0.112832183,-0.380780709,-5.12484104,-0.719865366,-0.218975196,-1.145078644,-1.92820719,-0.168171652,-0.198272088,-0.393768181,-3.613844431,-1.635618259,-0.147702134,-0.105202976,-0.243321492,-0.187132298,-0.038366463,-0.133032317,-0.08206107,-0.286627057,-0.7278039,-0.126826447,-0.649472686,-0.404304389,-0.505577292,-10.87573418,-1.400294274,-0.503817252,-0.387721311,-0.351522724,-0.396313521,-0.630852852,-5.018738345,-1.501952728,-1.529339176,-4.322464521,-1.423310821,-1.608141662,-0.819415574,-0.838454387,-1.040092447,-1.211028493,-1.139896705,-1.436275449,-1.684497029,-3.891802277,-3.072077629,-4.560774193
1,1,0,0,1,0,0,1,1,0,1,0,0,1,1,1,0,1,1,0,0,1,1,0,0,0,0,1,0,0,1,1,0,0,1,1,0,0,1,0,1,0,1,0,1,1,0,0,0,1,1,0,0,1,1,1,1,0,0,1,0,1,0,0,1,0,0,1,1,1,0,1,0,1,1,0,1,0,0,1,1,1,1,0,0,1,0,0,0,1,0,0,1,1,1,0,1,1,0,1,-0.040922987,-0.063539902,-0.193387854,-0.24321596,-0.020605526,-0.013477618,-0.012701004,-0.02258693,-0.205109464,-0.202088562,-0.063805653,-0.031406882,-0.025404746,-0.024463383,-0.025054688,-0.026838408,-0.032712173,-0.092816493,-0.084719312,-0.370474607,-0.9947793,-1.252223502,-0.412345122,-1.597477688,-0.660885751,-0.268919931,-0.157065418,-0.146962376,-0.185025691,-0.163029806,-0.159381091,-0.178124678,-0.351175167,-0.281931026,-0.231963448,-0.290147677,-0.554673794,-0.409196895,-0.69359996,-0.54593218,-0.325917229,-0.332693095,-0.35314124,-0.452622387,-0.493126137,-0.433544581,-0.429992405,-0.442118118,-0.477503306,-0.475685752,-0.5456573,-0.619304477,-0.614924171,-0.611149625,-0.586094849,-0.650128421,-0.792278633,-0.798584373,-0.838291227,-0.845505393,-0.859010733
0,0,0,0,0,0,0,1,1,1,1,0,0,1,0,0,0,0,0,1,0,0,0,1,0,0,0,1,1,1,1,1,0,1,1,1,1,1,0,0,1,1,0,1,1,1,0,1,1,1,0,1,1,1,0,0,1,1,0,1,1,1,0,0,1,1,1,1,1,1,1,0,1,1,1,0,0,0,1,1,0,0,0,1,0,1,0,0,0,0,0,0,0,1,0,1,1,1,0,0,-0.032558941,-0.257297868,-0.014755335,-0.007187619,-0.0062697,-1.964678746,-0.021573011,-0.028078835,-0.028633902,-0.041428159,-0.0666941,-0.170640941,-0.234432392,-0.574895815,-0.13638761,-0.096345401,-0.138397071,-0.34399736,-0.379239795,-0.884747542,-0.621613275,-0.380583602,-0.836620252,-0.23306899,-0.156257689,-0.151011663,-0.156525651,-0.240877172,-2.745207587,-0.679585476,-0.266259256,-0.854423438,-0.893132159,-2.150891177,-0.556650426,-0.73802152,-5.493370357,-2.885264704,-0.559977743,-0.284224181,-0.326011977,-0.231871809,-0.331513958,-1.82591743,-1.049180771,-1.479968847,-5.413186917,-3.038879479,-6.217822166,-2.495887452,-5.727896062,-1.573040563,-1.457182325,-2.056747571,-0.725154208,-0.582950951,-0.973200068,-0.440431669,-0.481366267,-0.340748568,-0.284001626
1,0,1,0,0,1,1,1,0,0,1,0,1,0,1,1,0,0,1,1,1,1,1,0,1,1,1,1,0,0,1,1,0,1,0,0,1,1,1,1,1,0,0,1,0,1,1,0,0,1,1,0,0,1,1,0,1,1,0,1,1,0,1,0,1,1,1,0,1,0,0,0,0,1,1,0,0,0,0,0,0,1,1,1,0,1,1,1,0,1,0,1,0,1,0,0,1,0,1,1,-0.002997204,-0.003568566,-0.004241673,-0.005239031,-0.006492727,-0.008102828,-0.010072726,-0.012493396,-0.015394343,-0.018889271,-0.024016775,-0.01520565,-0.02378402,-0.027976036,-0.031762327,-0.037763456,-0.041779044,-0.045944977,-0.053776115,-0.06058007,-0.067158222,-0.073664207,-0.087337008,-0.074917326,-0.088235785,-0.117674639,-0.103157489,-0.111356323,-0.121026878,-0.127429404,-0.139719194,-0.14605007,-0.152513993,-0.152304771,-0.15605317,-0.155046949,-0.154550979,-0.153144679,-0.147191118,-0.144190367,-0.130902112,-0.135010435,-0.13181632,-0.130509366,-0.131746939,-0.12588417,-0.204806108,-0.1558073,-0.162489863,-0.167968327,-0.198293984,-0.218737927,-0.233807686,-0.240212372,-0.143838918,-0.139298045,-0.184181803,-0.221479444,-0.253744475,-0.285711111,-0.320519749
0,0,0,1,0,0,0,1,0,1,0,1,1,1,1,1,1,1,0,0,1,0,1,0,1,0,0,0,0,0,0,0,1,1,1,1,1,1,0,0,0,1,1,1,0,1,1,0,1,0,1,0,1,1,0,0,1,1,0,1,1,1,1,1,0,1,1,1,0,0,1,0,1,0,0,1,0,0,0,1,0,0,1,1,1,0,1,0,0,0,0,0,1,0,0,1,0,0,0,0,-0.002987811,-0.003580326,-0.00427814,-0.005251563,-0.006501787,-0.008155417,-0.010074684,-0.011954402,-0.015461456,-0.01876962,-0.022465668,-0.021310775,-0.025883232,-0.029145357,-0.032921257,-0.036475063,-0.043798428,-0.050315819,-0.057998531,-0.048461392,-0.065265281,-0.089623452,-0.070096074,-0.078264378,-0.085476639,-0.093077469,-0.101023607,-0.111576206,-0.112796285,-0.124279637,-0.128989127,-0.137823255,-0.145930593,-0.145013828,-0.147159999,-0.152404209,-0.153133876,-0.150196873,-0.141025705,-0.138120546,-0.132463467,-0.126831171,-0.12324086,-0.132889361,-0.130369944,-0.125458049,-0.126350733,-0.132159982,-0.136363512,-0.140348012,-0.153197244,-0.166802055,-0.166351257,-0.179022107,-0.212264182,-0.226390994,-0.273550146,-0.322032762,-0.352349222,-0.390012726,-0.349163513
1,1,1,0,1,1,1,1,1,0,1,0,0,0,1,0,0,1,0,1,1,1,1,0,1,0,0,0,0,1,1,1,0,1,0,1,0,0,0,0,0,0,1,0,1,0,0,0,1,1,0,1,0,0,1,1,1,0,0,1,0,0,0,1,0,1,0,0,0,0,1,1,1,0,0,0,1,0,0,0,0,1,0,0,0,1,1,1,1,1,1,0,0,0,1,1,0,0,0,1,-0.003003457,-0.003886663,-0.003945914,-0.005044208,-0.006319646,-0.00789787,-0.009964599,-0.012323937,-0.015162722,-0.018585724,-0.023976614,-0.02080054,-0.025340028,-0.028672465,-0.032370074,-0.038951437,-0.041839376,-0.054070064,-0.051138094,-0.05920926,-0.065469926,-0.07176711,-0.076184593,-0.083485044,-0.091476151,-0.101662239,-0.102501384,-0.119859446,-0.142219515,-0.128363352,-0.141739522,-0.136262637,-0.148959622,-0.154479782,-0.160781216,-0.149884701,-0.155497532,-0.165617982,-0.112005028,-0.127284767,-0.127290973,-0.126732114,-0.127109528,-0.132718159,-0.12352854,-0.127666768,-0.124986067,-0.141122333,-0.158448783,-0.173771492,-0.205585099,-0.167445378,-0.182799317,-0.208557702,-0.227846327,-0.23345965,-0.258634388,-0.27393935,-0.308466635,-0.297884413,-0.389406789
1,1,1,1,1,1,1,1,1,0,1,1,1,0,1,0,1,0,1,1,0,0,0,1,1,1,1,1,0,0,0,1,0,1,1,0,0,0,1,1,0,1,1,0,0,0,1,1,0,0,1,1,1,1,0,1,1,0,1,0,0,0,1,1,1,1,1,0,0,0,0,1,0,1,0,1,1,0,0,1,0,1,0,1,0,0,0,0,1,1,0,0,0,0,1,0,0,0,0,1,-0.033050002,-0.024628213,-0.083204367,-0.029778103,-0.050839799,-0.049898983,-20.2225547,-0.061588632,-0.090985367,-0.559662157,-0.127604522,-0.105597048,-0.053284567,-0.055453101,-0.207788046,-0.04602169,-0.372511266,-0.090923418,-0.090876558,-0.111454296,-0.139827348,-0.123936416,-0.11471538,-0.119475443,-0.148122523,-2.510489638,-0.674646242,-0.722655637,-0.250728573,-0.151521634,-0.431164624,-2.637095414,-0.676304266,-0.340074055,-0.218150792,-0.246473056,-0.707563001,-3.545224374,-0.766046927,-0.345769787,-0.381080144,-0.771882884,-0.421148378,-0.386135105,-0.386915128,-0.394637417,-1.282298272,-0.547123813,-0.527251722,-0.541307709,-0.593542155,-0.904028725,-0.61580377,-0.603457885,-0.639148072,-0.709166871,-0.764410247,-0.835155928,-0.853304835,-1.086880064,-1.143512162
1,1,1,0,0,0,1,1,1,0,0,0,1,0,1,0,0,0,0,0,0,0,0,1,1,1,0,1,1,1,1,0,0,1,0,0,1,1,1,0,1,1,0,1,0,1,0,1,1,1,1,0,0,1,0,1,1,1,0,1,0,0,0,0,0,0,0,1,0,0,0,1,1,1,1,0,1,0,1,0,1,1,0,1,0,0,1,1,1,1,0,0,1,0,0,0,0,0,0,1,-0.02014885,-0.078278885,-0.17192596,-0.079633685,-0.04725948,-0.060585784,-0.273522448,-0.451886296,-0.28820817,-0.036932341,-0.048607074,-0.376117082,-0.084851955,-0.053653618,-0.093815275,-2.755450906,-0.437838184,-0.086091572,-0.097827296,-0.577619546,-0.598181896,-1.052954967,-2.582733214,-0.467192546,-1.071267517,-0.39578257,-2.352199671,-3.969025077,-1.458816887,-0.71730657,-0.872433142,-0.648004344,-0.906786954,-9.274101097,-5.256012488,-9.454977944,-1.341453478,-8.931104072,-3.954908901,-2.252541548,-4.534450028,-5.044503186,-6.980002436,-12.31768582,-11.65349882,-12.0901937,-5.231168113,-4.387829756,-3.535710553,-2.750085159,-2.863117104,-11.17191529,-7.697898912,-7.221473868,-7.66216114,-3.799411194,-3.241332507,-2.310837071,-1.149231669,-0.977406814,-1.119250878
0,0,1,0,1,1,0,0,1,0,1,1,0,1,0,1,1,0,1,1,0,0,0,1,0,0,1,1,1,1,1,1,0,1,0,0,0,0,1,0,1,0,1,0,0,0,0,1,1,1,0,1,1,0,0,1,1,1,1,1,0,0,1,0,0,0,1,0,0,1,1,0,0,0,0,0,0,1,1,1,1,0,1,1,1,1,0,1,0,0,0,0,1,0,0,1,1,1,0,1,-0.034659085,-0.084973212,-0.176172971,-0.511748073,-0.126906793,-0.052468535,-0.039249281,-0.061228845,-0.094458507,-0.103328025,-0.912171725,-0.240565757,-0.25455136,-0.350135526,-0.723089183,-0.605149602,-0.217852239,-0.440763316,-2.15915811,-1.247629071,-2.839044883,-0.574228571,-0.848477959,-1.141700021,-1.237777834,-1.202620289,-1.801790461,-1.412985357,-0.58760512,-0.488037516,-0.631440148,-0.676299547,-0.685875962,-1.094979507,-1.565560962,-0.477785913,-0.69033427,-3.310508705,-2.427985677,-13.24585618,-1.555701815,-2.038471393,-0.800331541,-1.686201836,-4.392313381,-2.157221569,-1.866258855,-5.419556388,-1.851289602,-2.208177711,-10.75283299,-2.895540612,-5.314538788,-8.980681129,-4.143842337,-4.01311524,-3.03002398,-4.203761995,-12.78597719,-9.007498419,-11.87431094
1,0,1,1,0,1,0,0,0,1,0,1,0,1,1,0,0,0,0,0,0,0,1,0,1,1,0,0,1,0,1,0,1,0,0,1,1,0,1,0,0,0,1,1,0,1,1,0,0,1,1,1,0,0,1,0,1,1,1,1,1,0,1,1,1,0,1,0,0,1,0,1,1,1,0,0,1,0,0,1,0,0,0,1,0,0,1,1,1,0,0,1,0,1,0,1,1,0,0,1,-0.015075996,-0.014381661,-0.014645991,-0.015414139,-0.014024452,-0.080723327,-0.356133364,-0.173524106,-0.618024918,-1.238389303,-0.202160642,-0.188544015,-1.922923399,-0.248690428,-0.164049958,-1.442755396,-0.058986099,-0.3781693,-0.062123546,-0.079036356,-0.174530227,-0.630298992,-0.528960602,-0.463779573,-0.452540724,-0.513602903,-0.744313527,-0.983353163,-1.645082784,-7.233379003,-11.03387717,-1.156322245,-0.678168654,-0.599445562,-1.247479461,-0.343638873,-0.322254291,-0.317958909,-0.318319516,-0.325231872,-0.338695949,-0.35649032,-0.374015805,-0.391493191,-0.417339197,-0.457594727,-0.585999361,-0.951143472,-3.099748354,-6.531262649,-8.694126173,-2.791070332,-1.351617909,-0.965239206,-0.969032658,-0.970645853,-0.950767948,-0.949276766,-1.037005682,-1.156124576,-1.246266957
1,0,0,1,0,1,1,0,1,1,0,1,1,0,1,1,1,0,1,1,1,1,0,0,1,1,1,0,0,1,1,0,0,0,0,1,1,1,0,0,0,1,0,0,0,1,0,1,1,0,1,1,0,0,1,1,1,0,0,0,1,0,1,0,0,0,0,1,0,1,0,1,1,0,1,0,1,1,1,1,1,1,1,1,0,1,1,1,1,0,0,1,1,0,0,0,0,0,1,1,-0.009520412,-2.262269152,-0.027583297,-0.050303962,-2.42312683,-0.360546824,-0.072327815,-0.136520155,-0.155517595,-0.241972888,-0.22187727,-0.164112179,-0.211613234,-0.365314157,-1.605346924,-2.005423858,-1.034247045,-0.413530364,-0.393153244,-0.460869199,-1.151021924,-0.407181025,-0.469712754,-1.115028726,-1.409374026,-0.78889049,-0.577739727,-0.353406108,-5.544706803,-4.297293562,-1.489534043,-0.738416738,-2.652655944,-1.202016857,-6.201435087,-2.305261851,-0.5466723,-3.677302705,-1.155434946,-1.031290899,-1.989018008,-3.548210862,-1.652123319,-1.014319745,-3.561225421,-7.061430286,-2.234099647,-13.49247508,-1.809659127,-1.172467028,-1.019501608,-1.568935417,-1.661219408,-1.994381074,-7.776570473,-7.244490065,-2.495499426,-1.220266732,-0.986377408,-0.873753469,-1.633851748
1,1,0,1,1,0,1,1,0,1,0,0,1,0,0,0,0,0,1,1,1,0,0,1,1,0,1,1,1,1,1,1,0,0,0,1,0,1,1,1,0,0,0,0,1,0,0,1,0,0,1,1,1,0,0,1,1,0,0,1,1,0,1,1,1,1,0,0,1,1,1,1,1,1,1,1,0,1,0,0,0,1,0,0,1,0,0,0,1,1,1,1,1,1,0,1,1,1,1,1,-0.027905583,-0.111977479,-0.028357876,-0.009522911,-0.005835293,-0.00578146,-0.016524129,-0.095738761,-0.00880321,-0.009377524,-0.116577959,-0.034611036,-0.106286421,-0.055238149,-0.050706111,-0.051626204,-0.057483514,-0.079808138,-0.401119918,-0.117909752,-0.145151316,-0.673196077,-0.385356061,-1.837539921,-6.821094757,-1.352115941,-1.027496504,-7.879362821,-1.381979571,-2.414772513,-0.836796382,-0.378902678,-0.28508897,-0.872783972,-0.177375491,-0.331093148,-1.270374848,-2.973464566,-1.477593788,-8.169571724,-0.994107397,-0.385217787,-0.321036381,-0.251402512,-0.325669865,-0.212927075,-0.170801642,-0.186859214,-0.283763909,-0.547429686,-0.351795641,-0.209776914,-0.207462878,-0.227224702,-0.299424772,-1.083133048,-0.383872839,-0.290000459,-0.287945416,-0.330069146,-0.432635689
0,1,1,0,1,0,0,0,0,0,1,1,1,0,0,0,0,1,1,1,0,0,0,1,1,0,1,1,1,0,1,0,1,0,0,0,0,1,1,1,1,0,0,1,1,0,0,0,0,0,1,0,1,0,0,0,0,1,0,0,1,0,0,0,1,1,0,1,1,1,1,0,1,0,0,1,0,0,1,1,0,1,1,1,1,1,0,0,0,1,1,0,0,0,1,1,0,0,1,0,-0.002990808,-0.003550387,-0.004361259,-0.004803097,-0.006498819,-0.008031773,-0.010030797,-0.012971474,-0.014285169,-0.017231116,-0.022641693,-0.034470952,-0.026530742,-0.029323084,-0.032723335,-0.036920813,-0.04196171,-0.047493596,-0.055195049,-0.060325875,-0.065591242,-0.071259153,-0.071862547,-0.082501913,-0.092068584,-0.102968609,-0.101277397,-0.110855689,-0.11996643,-0.126363864,-0.136449884,-0.142130074,-0.146367455,-0.149163687,-0.152220906,-0.159507218,-0.152189679,-0.149163036,-0.142212141,-0.142973652,-0.133990161,-0.136848147,-0.125366011,-0.123419176,-0.119235339,-0.129448867,-0.132792593,-0.134418825,-0.156294123,-0.148478458,-0.157390654,-0.171463421,-0.178787869,-0.172345779,-0.171375391,-0.201991439,-0.247998393,-0.268191286,-0.305284937,-0.290715498,-0.343929633
1,0,0,1,0,0,1,1,0,1,0,0,1,0,1,1,1,1,1,1,0,0,1,0,0,0,0,0,0,0,1,1,1,1,0,0,1,0,1,1,0,0,0,1,1,1,1,1,0,1,0,0,0,0,0,1,1,1,0,1,1,1,0,0,0,0,1,0,1,0,0,1,0,0,0,1,0,0,1,0,1,0,0,1,1,0,1,1,1,1,0,0,0,1,1,1,0,0,0,0,-0.008909115,-0.010757099,-0.01354556,-0.018329742,-0.029775922,-0.072863458,-0.194717842,-0.144282811,-0.101806958,-0.088085612,-0.096764985,-0.117542819,-0.953128844,-0.204389599,-0.1385024,-0.139806135,-0.165978364,-0.22901335,-0.36650364,-0.595230379,-0.512884741,-0.396125147,-0.707875642,-4.874789258,-1.437849575,-0.432175532,-0.210121414,-0.136174387,-0.101327453,-0.084110694,-0.081871521,-0.101407311,-0.446273476,-0.141775339,-0.063226899,-0.05474023,-0.056890503,-0.056301046,-0.070487053,-0.085287625,-0.106024241,-0.190896041,-0.696649435,-0.184707324,-0.167098564,-0.181771186,-0.2147817,-0.182398905,-0.1996672,-0.208912518,-0.23774421,-0.261102403,-0.284625277,-0.405759246,-0.464511022,-0.321951171,-0.271928772,-1.333258093,-1.455133484,-1.262561573,-1.405492344
1,1,0,1,1,0,0,1,0,0,1,1,0,1,0,0,1,1,0,1,1,1,1,0,1,0,1,0,0,1,0,1,1,0,1,1,1,0,1,1,1,0,0,1,1,1,0,1,1,0,0,1,0,0,0,0,1,0,0,0,1,0,1,1,0,1,1,0,0,0,0,0,1,1,0,1,0,0,1,0,0,1,1,0,0,1,1,0,0,1,1,0,0,1,0,1,0,1,1,1,-0.007992619,-0.010703837,-0.008348404,-0.005167356,-0.006712634,-0.01146046,-0.042347929,-0.462932527,-0.026794641,-0.023294503,-0.233430005,-0.034314476,-0.02351613,-0.076239393,-0.073289099,-0.147110288,-0.024143327,-0.024541669,-0.031437571,-0.269920236,-0.536523285,-0.190291632,-0.134250007,-0.220485245,-0.865040364,-0.432956948,-0.16308069,-0.344334224,-3.2718044,-0.217105362,-0.180812361,-0.21656158,-0.263847757,-0.40444259,-0.383623084,-1.139575248,-1.008597016,-0.995785121,-1.180878225,-1.183455675,-1.603963505,-10.50252821,-1.606383023,-1.614644205,-1.272836837,-3.642582365,-4.214839577,-3.794606108,-2.209222651,-2.682994148,-1.18377634,-1.039504337,-0.951860998,-0.894788851,-0.831246166,-0.606425832,-0.675344881,-0.677103049,-0.62379138,-0.627396365,-0.633044891
0,1,1,0,1,1,0,0,0,1,0,1,1,0,1,1,0,0,1,0,0,0,0,1,0,0,0,1,0,1,0,1,1,0,0,0,1,0,1,0,1,1,0,1,1,1,0,0,0,1,0,0,0,1,0,0,1,0,1,1,0,0,0,0,1,1,0,1,1,1,0,1,0,1,1,1,1,1,0,0,0,1,1,0,0,0,0,0,1,1,0,0,1,0,1,1,0,1,1,0,-0.007928387,-0.01169488,-0.041916033,-0.06503499,-0.012218787,-0.007309035,-0.006618515,-0.169585293,-0.060536311,-0.076439681,-0.1726685,-0.311982276,-0.625651588,-1.057495297,-0.477993316,-4.460745901,-0.471685733,-1.371820429,-3.250234202,-0.244283579,-0.140339942,-1.133765591,-0.108624901,-0.15890081,-0.568025579,-6.124103871,-0.783927241,-0.611775856,-0.672079221,-1.245458188,-1.921199921,-4.377791152,-1.669523977,-0.599329251,-2.564217115,-0.632205852,-0.339682441,-0.388303559,-0.425846122,-0.221128296,-0.285222622,-0.303859472,-0.446607632,-7.071470057,-0.534636046,-0.316156029,-0.442540079,-0.293274892,-0.307737551,-0.380405835,-0.678593168,-0.672778031,-0.963170733,-0.863813118,-0.583958154,-0.507954889,-0.483206777,-0.477246698,-0.490921841,-0.513460686,-0.544251914
0,1,0,0,0,0,0,1,1,0,1,0,0,1,0,1,0,1,1,1,1,0,1,0,0,0,1,1,0,0,0,1,1,1,0,0,0,1,1,0,1,0,1,1,0,1,1,0,1,1,1,0,1,1,0,0,0,1,1,1,1,1,1,1,1,1,0,0,1,0,1,1,1,0,0,0,0,0,0,0,0,1,1,1,1,0,1,0,0,1,1,0,0,1,0,1,0,1,1,0,-0.002985788,-0.003679076,-0.004522662,-0.004790179,-0.006149265,-0.007872825,-0.01006228,-0.011785147,-0.026724471,-0.017324016,-0.020470065,-0.023499647,-0.040310367,-0.028929979,-0.031550643,-0.035980279,-0.108616116,-0.047375007,-0.05336045,-0.058728216,-0.066175491,-0.072946497,-0.076553849,-0.081599526,-0.086232964,-0.095014732,-0.092927882,-0.119181246,-0.120373112,-0.130650414,-0.137823771,-0.142577048,-0.143850501,-0.146819083,-0.157908789,-0.153440587,-0.153826981,-0.150630977,-0.144512401,-0.142112267,-0.132710787,-0.127224862,-0.129033168,-0.141159666,-0.124099346,-0.130774486,-0.138379967,-0.145443269,-0.151901148,-0.163138108,-0.154029643,-0.162088386,-0.141685004,-0.150153669,-0.178135938,-0.209151154,-0.228964308,-0.240388489,-0.285696143,-0.305717906,-0.331596872
1,0,1,1,0,0,0,1,1,1,0,0,0,0,0,0,1,1,0,0,0,0,0,0,1,1,0,0,0,1,0,0,1,0,1,1,0,0,0,1,0,1,1,0,1,0,0,0,1,1,1,0,0,0,1,0,1,1,0,1,1,0,1,0,0,0,1,1,1,0,0,1,1,1,0,1,0,1,0,1,0,1,1,0,0,0,1,0,0,0,0,0,1,0,1,1,1,1,0,1,-0.002963716,-0.003574989,-0.004278183,-0.005231437,-0.006587379,-0.008054902,-0.009987002,-0.012308915,-0.015005776,-0.017987585,-0.020990403,-0.021307645,-0.027149283,-0.027821852,-0.032162464,-0.037573645,-0.042878088,-0.048783936,-0.055107903,-0.061458943,-0.067763758,-0.074526779,-0.057872665,-0.080234258,-0.087794786,-0.09615138,-0.101483972,-0.109459549,-0.122530542,-0.130577919,-0.138171509,-0.142548365,-0.147391683,-0.150579451,-0.151601357,-0.153660457,-0.153356462,-0.150491053,-0.147049876,-0.141411481,-0.136274157,-0.130945672,-0.130013415,-0.1301943,-0.122960367,-0.120057201,-0.137054736,-0.129162177,-0.128883662,-0.152639531,-0.153110855,-0.158228375,-0.173052248,-0.175980513,-0.201319967,-0.216547613,-0.230718195,-0.235225372,-0.301194526,-0.345964596,-0.379320962
1,1,0,1,0,0,0,0,0,1,0,0,0,0,1,1,1,0,0,1,0,1,1,0,0,1,0,1,1,0,0,1,1,1,0,0,0,1,0,1,0,1,1,0,1,1,1,1,1,1,0,1,1,1,1,1,1,0,1,0,1,0,1,0,0,1,1,0,0,1,1,1,0,1,1,1,1,0,1,0,0,0,1,1,0,1,0,1,0,0,1,1,0,1,0,1,1,0,1,0,-0.128867381,-0.547313794,-0.20841463,-0.35058312,-0.049091104,-0.089283739,-0.193460305,-0.32548622,-0.232456944,-0.13962166,-0.109838645,-0.118440635,-0.146089235,-0.538994252,-0.570850618,-0.388463144,-0.111879375,-0.082816629,-0.077797726,-0.092488961,-0.18267894,-1.925323904,-1.142699858,-0.452746764,-0.756480492,-0.566017139,-1.768857901,-1.167897287,-3.283718899,-1.485477827,-0.40771415,-0.268096225,-0.334134961,-3.845146484,-0.976234313,-1.038457115,-2.780814342,-0.385617314,-0.505392726,-1.374508601,-0.341231622,-0.37301967,-2.096359947,-3.953646584,-8.907463149,-2.327652084,-1.852552981,-1.705737866,-1.841857783,-1.993723477,-2.534321452,-3.061014454,-3.081333992,-2.553488007,-1.852571035,-1.903391371,-1.413617916,-1.41024184,-1.910440846,-2.704746702,-6.774719594
1,1,0,0,0,0,1,1,0,1,1,0,0,0,1,0,1,0,0,0,1,0,1,0,1,1,0,1,0,0,1,1,0,0,0,0,0,0,1,1,1,0,0,0,1,1,0,0,1,1,0,1,1,1,0,1,1,1,1,0,1,1,0,1,0,1,0,1,0,1,0,0,0,1,0,1,1,0,0,1,1,0,0,0,0,0,1,0,1,0,0,0,0,0,0,0,0,1,1,0,-0.003022411,-0.003531028,-0.004331623,-0.005034639,-0.006500536,-0.008058817,-0.009992826,-0.012327714,-0.01502752,-0.018014585,-0.021150104,-0.024667485,-0.0236613,-0.028063334,-0.031206671,-0.038482854,-0.043053556,-0.048272704,-0.053747637,-0.059447151,-0.066515253,-0.070829144,-0.072588566,-0.081839253,-0.088159306,-0.095680774,-0.10404556,-0.111283456,-0.116469428,-0.127656273,-0.138394211,-0.143678392,-0.147424164,-0.150431832,-0.153586686,-0.154250511,-0.153727532,-0.149871565,-0.146515691,-0.143513884,-0.137733766,-0.1315099,-0.129637551,-0.128432717,-0.129928481,-0.127760071,-0.123278158,-0.139379071,-0.123307611,-0.156646192,-0.165925147,-0.185888529,-0.188381612,-0.174700572,-0.195414722,-0.225263315,-0.238807192,-0.261878038,-0.292169076,-0.31402668,-0.344410319
0,0,0,0,1,0,0,1,0,1,1,1,0,0,0,1,1,1,1,0,0,0,1,1,1,1,1,0,0,1,1,1,0,1,1,0,1,0,1,1,0,0,0,0,1,0,0,0,1,1,1,0,1,0,1,1,0,1,0,1,0,1,0,0,1,0,1,0,0,0,1,1,1,1,1,0,0,1,0,1,0,1,0,0,0,0,0,1,0,0,0,0,1,1,1,1,0,1,0,1,-0.028258929,-0.046944868,-0.057418986,-0.065526379,-0.07242866,-0.07399145,-0.067191681,-0.152299789,-0.022872865,-0.018607192,-0.055861074,-1.191906341,-0.187567526,-0.0714558,-0.06807238,-0.077902375,-0.106603941,-0.244933465,-1.322515534,-0.058446944,-0.094981995,-1.326087269,-0.820617855,-1.012010141,-0.130007877,-0.061856444,-0.040621666,-0.037332219,-0.045523568,-0.067528796,-0.054760258,-0.063723919,-0.086211599,-0.233535371,-0.126578305,-0.121741329,-0.260445903,-1.061206325,-0.250908754,-0.478397458,-0.798818598,-3.465322854,-2.255873419,-31.22162742,-1.263610906,-0.635250785,-0.50508933,-0.479246368,-0.69304708,-0.944000224,-0.475746549,-0.590071049,-2.27074307,-1.133849103,-0.486247906,-0.381130355,-0.338788643,-0.346315352,-0.33781908,-0.475486764,-0.439159472
0,1,1,0,0,1,0,1,0,1,1,1,0,0,0,1,1,0,0,1,1,0,0,0,0,0,1,1,1,0,0,1,1,1,0,1,1,1,0,0,0,1,0,1,1,1,0,1,0,1,1,1,0,0,0,0,0,1,1,0,0,1,0,0,0,0,0,0,1,1,1,0,0,0,0,0,1,0,0,1,1,1,1,0,0,0,1,1,1,0,0,1,1,1,0,0,1,1,1,0,-0.05427747,-0.039159618,-0.023183494,-0.016090333,-0.017079767,-0.020719477,-0.027206302,-0.038585579,-0.067835505,-0.09234251,-0.342303431,-6.649597746,-0.176928924,-0.351698377,-0.068242127,-0.164993824,-1.196351518,-1.253554233,-3.847302833,-0.586510607,-0.260159795,-1.310790078,-1.122086924,-0.321205526,-0.271726319,-1.260613306,-5.016043845,-0.987521708,-0.724913205,-3.439917425,-2.391279115,-0.688847838,-0.441058195,-0.460298713,-1.315013992,-1.618403989,-0.61976513,-1.971157987,-4.249709443,-0.95784566,-0.634711645,-0.847668794,-1.799853631,-8.008639392,-6.840482199,-8.603274985,-4.737391456,-1.091620686,-0.653139029,-0.676109231,-1.089515159,-3.808574061,-0.62847378,-0.426102831,-0.480218153,-0.455547598,-0.388067862,-0.448722663,-0.657809159,-1.375541887,-4.576022259
0,1,0,1,0,0,0,0,0,0,0,1,0,1,0,0,1,1,1,1,1,0,1,1,1,0,1,1,0,1,0,1,0,1,0,1,1,0,0,0,1,1,0,1,0,1,0,1,1,1,0,0,1,0,1,1,0,0,1,0,1,1,1,0,1,1,1,0,0,1,0,0,0,1,0,0,0,1,1,0,1,1,1,1,0,1,1,0,0,0,1,0,0,1,0,0,0,0,1,0,-0.035097042,-0.035593957,-0.072135209,-0.023167046,-0.020409315,-0.017757302,-0.017565247,-0.020165819,-0.022194415,-0.105544822,-0.12108898,-1.47754765,-0.812319503,-0.106047836,-0.049431666,-0.039093068,-0.0383092,-0.041799435,-0.048176472,-0.064958185,-0.100945695,-0.306102942,-2.672524594,-0.389716507,-0.598083472,-1.700485127,-9.955045846,-0.999648595,-0.357986265,-0.302826813,-0.380320458,-0.560480016,-1.328403512,-1.223452866,-3.766839618,-3.157468544,-2.558008237,-2.068982404,-1.538967189,-1.178960224,-1.148800317,-1.203620886,-3.126928652,-0.800680542,-0.692781128,-0.641156967,-0.624971384,-0.614548827,-0.677878525,-0.604757725,-0.519905192,-0.570117021,-1.765161366,-0.780737005,-0.740251038,-0.730454854,-0.790921096,-0.866370722,-0.978631746,-1.149304517,-1.458701319
1,1,0,1,1,1,1,1,1,0,1,0,1,1,0,1,0,0,1,0,0,1,1,1,0,0,0,0,0,0,1,1,1,1,0,0,1,0,1,0,0,1,1,1,0,1,1,0,1,0,0,0,0,1,1,0,1,1,0,0,0,0,0,0,1,0,1,0,1,0,1,1,1,1,0,0,0,1,1,1,1,0,1,1,1,0,1,1,1,0,0,1,1,0,1,1,0,1,1,1,-0.022445417,-0.024818563,-0.034454054,-0.062770898,-0.176235606,-0.033490535,-0.032127786,-0.040970981,-0.048009419,-2.008410644,-0.258361241,-0.263602799,-0.248655691,-0.394324486,-0.527914611,-0.855540237,-3.424851573,-0.183925219,-0.17411477,-0.196812486,-0.216972962,-0.263149696,-0.424571092,-1.827253873,-0.851862584,-0.632782537,-1.082445618,-2.460957004,-1.505975607,-0.431199341,-0.452143849,-1.012890999,-2.975840313,-2.916502992,-1.222535793,-0.753848951,-0.58489386,-0.487427,-0.422810019,-0.424755698,-0.382947138,-0.551069404,-1.75627395,-1.349988333,-0.641534082,-2.430289954,-1.787267624,-3.080472616,-2.80715394,-1.484847897,-1.031237398,-1.173808024,-5.346444978,-2.767165698,-1.063189893,-0.551267051,-1.485316366,-0.865175981,-5.354786082,-2.175271087,-1.355476043
0,0,1,1,0,1,0,0,0,0,1,0,0,1,0,1,1,1,0,0,0,1,0,1,1,0,0,0,0,1,0,1,1,1,1,1,1,1,0,0,0,1,0,0,1,1,0,0,0,0,1,1,0,1,1,1,0,1,0,0,0,1,0,0,1,0,1,0,0,0,1,0,1,1,1,0,1,1,1,1,1,1,1,0,1,0,0,0,1,0,0,1,1,0,0,1,0,1,0,1,-0.120959863,-0.12401741,-0.068563061,-0.057570408,-0.052866794,-0.061016161,-0.072262982,-0.098262026,-0.126102504,-0.194875397,-0.404948569,-1.14022727,-0.395196557,-0.243224746,-0.21588576,-0.592512596,-1.414268452,-0.134544232,-0.042320535,-0.030212455,-0.031889428,-0.037179797,-0.043945653,-0.05418958,-0.080484163,-0.505759754,-0.07536,-0.048802627,-0.094981511,-0.052130623,-0.061013842,-0.077535382,-0.105241073,-0.919006607,-0.180464441,-0.15441212,-0.164580928,-0.201920178,-0.285895818,-1.76105661,-2.256308557,-0.722636454,-0.569067343,-0.533447784,-0.471998424,-0.369672845,-0.462793038,-0.488819232,-0.504633998,-0.487167629,-0.587216491,-0.591975652,-0.522697134,-0.581132994,-0.611241219,-0.586461679,-0.650225406,-0.734358393,-0.805836296,-0.889873428,-1.004585101
1,0,1,0,1,0,1,0,1,0,0,1,0,0,1,1,1,0,0,0,0,1,0,0,0,0,0,0,0,0,1,0,0,1,0,0,1,0,1,1,0,0,1,0,0,1,0,1,1,0,1,1,1,1,1,1,1,1,1,1,1,0,0,1,0,1,1,1,0,0,1,1,1,1,0,0,0,1,1,0,0,0,0,0,1,0,0,1,0,1,0,1,0,1,1,1,1,1,0,0,-0.006091685,-0.00738499,-0.006211738,-0.008707365,-0.011129672,-0.013538048,-0.014918599,-0.017160802,-0.020456536,-0.023576239,-0.026734883,-0.026888512,-0.030535395,-0.031468791,-0.031231117,-0.030905398,-0.030662891,-0.030388092,-0.030695218,-0.03123578,-0.030392918,-0.032905251,-0.034315118,-0.035523353,-0.036215089,-0.041406936,-0.03350884,-0.047728802,-0.053841897,-0.062037734,-0.073634064,-0.085992253,-0.099923438,-0.116949138,-0.138548066,-0.156390017,-0.187574911,-0.208648697,-0.224418672,-0.238437583,-0.270251186,-0.284394525,-0.312188255,-0.331807451,-0.337176256,-0.371668502,-0.385149885,-0.386035799,-0.411649558,-0.40817859,-0.440789207,-0.474239293,-0.506115047,-0.538639807,-0.543117029,-0.613356906,-0.58349926,-0.768612464,-0.8380858,-0.920262997,-1.031687669
1,0,0,0,1,1,1,0,0,0,0,1,0,1,0,1,1,1,1,0,1,1,0,1,1,1,0,0,0,0,0,1,1,0,0,1,1,0,1,0,0,1,0,0,0,1,0,0,0,0,0,0,1,1,1,1,0,0,1,1,0,1,0,1,0,1,1,1,1,1,0,1,1,0,1,1,1,1,0,1,0,0,1,0,0,1,1,0,0,0,0,0,0,1,0,0,0,0,0,1,-0.062037321,-0.397244365,-0.114877117,-0.062541682,-0.068502227,-0.096880457,-0.121799879,-0.751249195,-0.133142417,-0.166453359,-0.40791601,-0.146108387,-0.872056193,-0.129664126,-0.184186249,-0.102054494,-0.121108665,-0.196643822,-1.94229646,-0.223191013,-0.106200867,-0.104389546,-0.138627731,-1.131462077,-0.616952717,-0.714082776,-0.162651174,-1.525425095,-0.513499537,-23.13201415,-0.433380754,-0.253108722,-0.41808279,-0.393154954,-0.167459878,-0.191798489,-0.2152278,-0.224060557,-0.24802159,-0.307677854,-0.38347565,-0.577234721,-1.324524233,-0.484653806,-0.400600548,-0.477339113,-0.843940384,-0.544858105,-0.421680032,-0.493447672,-0.482190689,-0.478861789,-0.479732733,-0.558853184,-0.59540584,-0.736425169,-0.593825696,-0.706739029,-0.750942964,-0.840962737,-0.937121686
0,1,1,0,1,0,1,1,1,0,1,0,1,1,1,0,1,0,0,0,0,1,1,0,1,1,1,1,1,0,1,1,0,0,1,0,1,0,0,0,1,1,0,1,1,0,1,1,0,0,1,1,0,0,0,0,1,1,1,0,1,1,1,0,0,1,1,0,1,1,1,1,1,0,0,0,0,1,1,0,1,0,0,0,0,1,1,1,1,1,1,0,1,1,1,1,0,1,1,0,-0.051178218,-0.049655918,-0.019587282,-0.013319077,-0.017641554,-0.025492342,-0.040941226,-0.058813675,-0.311029906,-0.159806579,-0.717886986,-0.130959722,-0.146518562,-0.089461359,-0.078018985,-0.087241369,-0.108722161,-0.190618893,-0.691601179,-0.96988498,-0.199287692,-0.109566699,-0.19502923,-0.953500434,-0.279061229,-0.600619423,-1.263301817,-0.132406022,-0.104514405,-0.148455318,-0.192125086,-0.6849016,-0.662502894,-0.231218226,-0.212090034,-0.196461159,-0.285189342,-2.407324572,-0.432853988,-0.377935662,-0.866904013,-0.350114056,-0.365418886,-0.375186327,-1.524650664,-0.492628641,-0.478071903,-0.445295613,-0.508426361,-0.5212241,-0.596811908,-0.594971322,-0.625158962,-0.659170559,-0.719427183,-0.731435336,-0.825171064,-0.942781102,-1.517746696,-1.319682939,-1.003051088
0,0,0,0,0,1,1,0,1,1,1,0,1,1,0,1,1,0,1,1,0,1,1,1,1,1,1,1,0,0,0,1,1,1,1,0,0,1,0,0,1,0,1,0,0,0,1,0,0,0,1,1,0,1,1,0,0,0,1,1,0,0,0,1,1,0,1,0,0,1,1,1,0,1,1,0,0,0,0,1,1,0,0,0,0,0,0,1,1,1,0,1,0,0,0,0,0,1,1,0,-0.010356035,-0.018510887,-0.017154293,-0.016598789,-0.017866953,-0.02013933,-0.047976021,-0.500725675,-0.147198319,-0.067684231,-0.051621235,-0.061764831,-1.217932403,-3.333191531,-0.049254939,-0.064305764,-0.100050586,-0.294149833,-2.296549643,-0.201840687,-0.161679058,-0.192423273,-0.288643111,-2.959564698,-0.300041019,-0.530283209,-0.670483342,-1.872997461,-1.191820121,-0.774994616,-0.627355014,-0.596392961,-0.43282193,-1.271003662,-0.536138914,-0.455089284,-0.373737338,-2.831903805,-0.727138835,-0.350747965,-0.583005234,-0.379125312,-0.503128542,-0.924776223,-3.25856338,-5.761542711,-7.873362939,-2.290755379,-1.298217029,-1.903452547,-3.582232542,-1.964337547,-1.088335085,-1.099982657,-0.866272939,-0.775175226,-1.013445452,-3.918923041,-1.648802757,-1.536076252,-1.61676221
1,0,1,1,0,0,0,1,0,1,0,0,0,1,1,0,0,1,0,1,1,0,0,1,1,1,0,0,1,1,0,1,1,1,0,1,0,0,1,1,1,1,1,0,1,1,1,0,0,0,0,1,1,0,1,0,1,0,1,0,0,1,0,0,1,0,0,1,1,0,1,0,1,1,1,1,0,1,0,1,1,0,1,1,0,0,0,0,0,1,0,0,0,0,1,1,1,1,1,1,-0.002950429,-0.003519344,-0.004244937,-0.005225261,-0.006678181,-0.006766449,-0.009899049,-0.012542158,-0.016075881,-0.01728544,-0.020601603,-0.023253007,-0.02622718,-0.029668944,-0.032304712,-0.037518239,-0.042803261,-0.047970227,-0.053040052,-0.059532348,-0.066087061,-0.071781571,-0.077427802,-0.083525571,-0.09131869,-0.09210608,-0.110402036,-0.110786022,-0.088105773,-0.129479894,-0.137580821,-0.145325967,-0.148226074,-0.150043503,-0.154749708,-0.157196598,-0.151199507,-0.148022721,-0.144384848,-0.136910673,-0.134317987,-0.128733744,-0.125907269,-0.125687199,-0.124215273,-0.128028094,-0.136802168,-0.139462125,-0.144802587,-0.139652759,-0.173706769,-0.192754736,-0.200922348,-0.208238643,-0.223466773,-0.238400945,-0.228829196,-0.244809851,-0.283083299,-0.319433403,-0.34781194
1,0,1,1,1,0,1,1,1,0,1,1,1,0,0,0,1,1,1,0,0,1,0,1,0,0,0,1,0,0,0,0,1,1,0,0,0,0,1,1,1,0,0,1,1,1,0,0,0,1,0,1,1,1,0,0,0,0,0,1,0,1,1,0,1,1,0,0,1,0,1,1,0,0,1,0,0,0,1,0,1,0,1,0,1,0,0,1,0,0,1,1,0,1,0,1,0,1,1,0,-0.00297055,-0.003521745,-0.004234093,-0.005401904,-0.006141423,-0.007911701,-0.00989778,-0.01259598,-0.014446519,-0.017745552,-0.021071366,-0.02589571,-0.025463439,-0.028978381,-0.034076733,-0.036867698,-0.04262974,-0.049722222,-0.066107057,-0.058362885,-0.066273808,-0.053943305,-0.073454462,-0.08087972,-0.089275214,-0.098979682,-0.109042604,-0.1120884,-0.12301082,-0.134231886,-0.121892855,-0.145239949,-0.146995935,-0.162407062,-0.136279757,-0.139825645,-0.150477736,-0.118252858,-0.132937608,-0.13327575,-0.13131691,-0.130410184,-0.130936162,-0.134094123,-0.155903482,-0.144032871,-0.12034093,-0.129461249,-0.15856431,-0.1554595,-0.15743298,-0.159507236,-0.17361754,-0.188489549,-0.202880383,-0.218548278,-0.242642037,-0.267703393,-0.295609237,-0.327214193,-0.365744933
1,1,1,0,0,1,1,0,0,1,0,0,0,1,0,0,1,0,1,0,0,1,0,0,0,0,1,0,1,0,1,0,1,0,1,1,0,1,1,0,0,0,0,0,1,1,0,1,1,0,1,0,1,0,0,1,1,0,1,1,0,0,0,1,0,0,1,0,1,0,0,0,1,0,0,1,0,1,1,0,0,0,1,1,0,1,0,1,1,0,1,1,0,0,1,1,0,0,0,0,-0.002838532,-0.003471664,-0.004255376,-0.005195197,-0.006814033,-0.008040819,-0.009965215,-0.012194,-0.015054753,-0.01812975,-0.021184192,-0.024109948,-0.02686595,-0.029484154,-0.033394884,-0.038151835,-0.041741206,-0.050277604,-0.059757625,-0.107002981,-0.056561433,-0.066393829,-0.073012295,-0.079329568,-0.086003844,-0.094319229,-0.103862374,-0.111177809,-0.104803172,-0.130489404,-0.137489969,-0.139865284,-0.152324147,-0.132019247,-0.146611816,-0.150859045,-0.151245718,-0.148573768,-0.143921565,-0.136938752,-0.130413001,-0.130996186,-0.126095233,-0.115430964,-0.119184907,-0.125704578,-0.127774829,-0.138664774,-0.145640006,-0.155411625,-0.164531867,-0.157905271,-0.166199673,-0.185431778,-0.16661005,-0.288565478,-0.300901737,-0.3088859,-0.327063137,-0.353037104,-0.374649723
0,0,1,1,1,0,1,0,0,0,1,0,0,0,0,0,1,1,1,1,0,1,1,0,0,0,0,1,1,1,1,1,1,0,0,0,0,1,1,1,0,0,1,0,0,0,1,0,0,1,0,1,1,0,0,0,1,0,1,0,1,1,1,0,1,0,1,1,0,1,0,0,1,1,1,0,0,1,1,0,1,1,0,1,1,0,0,0,1,0,0,1,0,1,0,0,1,0,0,1,-0.032821114,-0.088320787,-0.257548506,-0.17852122,-0.075613749,-0.053550934,-0.077700851,-0.196092434,-0.056563041,-0.038400752,-0.039149394,-0.042073766,-0.043956365,-0.045212612,-0.064087245,-9.851756677,-0.172766586,-0.154129963,-0.325695452,-0.646044785,-1.896765123,-0.917472858,-4.060640283,-1.1440282,-0.553003936,-0.463288856,-0.80699283,-12.33205087,-5.456866446,-12.41204774,-2.950865378,-1.522702165,-0.699100213,-2.809729957,-0.229004982,-0.149200659,-0.206267145,-3.0249573,-1.607265416,-1.054013162,-1.323676935,-0.340554396,-0.354920783,-0.94508357,-0.545788124,-0.257461073,-0.318919705,-0.523683541,-1.588390064,-1.118472983,-2.027580628,-4.821682897,-6.654576936,-3.5603587,-1.742232467,-1.089463312,-1.317354793,-2.42344599,-1.030701774,-0.875722529,-1.093789126
1,1,0,1,0,0,1,0,0,1,0,0,0,1,0,0,1,1,0,0,0,1,0,0,0,1,1,1,0,0,0,0,0,1,0,0,1,0,0,1,0,1,1,1,1,0,0,1,1,1,0,0,0,0,1,1,0,1,1,0,1,0,0,1,1,0,0,0,1,0,1,0,0,0,0,0,0,0,0,0,1,0,1,1,1,1,1,0,1,0,0,1,0,0,0,0,1,1,0,1,-0.021361812,-0.013656219,-0.013197314,-0.01834071,-0.015123874,-0.022813691,-0.021393484,-0.016359563,-0.019121296,-0.023752108,-0.287251428,-0.054932228,-0.042332393,-0.077120788,-0.331988015,-0.09427169,-0.293211407,-0.097348791,-0.084625713,-0.094737239,-0.123325186,-0.129191952,-0.170978218,-0.228518767,-0.385255376,-0.479059767,-0.445867513,-0.528033102,-0.930331217,-1.258490878,-1.92275521,-2.794044972,-3.247626736,-2.920684058,-2.312636796,-2.030004064,-4.163842235,-1.632944728,-1.302919384,-6.042758442,-1.670330089,-2.37091221,-2.203340423,-1.861024921,-1.697635479,-1.264421022,-1.660398863,-2.113643317,-1.192409222,-1.210155281,-2.006298457,-3.591644689,-3.470197191,-3.752262892,-3.2738355,-2.890167969,-2.351347105,-1.913502547,-1.562314224,-1.45469606,-1.336439861
1,0,0,0,0,1,0,1,1,1,0,0,1,1,0,0,1,0,1,1,0,0,1,0,0,0,1,0,0,1,0,0,0,1,0,0,1,1,0,0,1,0,0,1,0,1,0,1,1,1,1,1,0,1,1,0,0,0,0,1,0,1,0,0,0,1,0,0,1,0,1,0,0,1,1,1,1,0,1,0,1,0,1,0,0,1,1,0,0,0,0,1,1,0,1,0,1,1,0,0,-0.036001284,-0.036640775,-0.316015403,-0.018182044,-0.013787028,-0.033255273,-0.252592358,-0.158933088,-0.535512223,-0.22776996,-0.074225577,-0.104622513,-0.105610394,-1.642915481,-0.134013443,-0.101363615,-0.160285593,-32.22978413,-0.277169261,-0.259497392,-1.228968672,-1.159044815,-0.332998146,-0.273104505,-0.289608457,-3.09045044,-5.208744641,-5.532518224,-0.511420397,-2.990254783,-1.160284743,-0.163365484,-0.235154428,-0.772731457,-0.88123452,-0.405170372,-0.382447666,-2.998673881,-0.793227314,-0.355386317,-0.18758392,-0.248361483,-0.215803386,-0.207801252,-0.255641843,-0.613530126,-0.893539482,-0.48579546,-0.584662563,-4.813354667,-1.060745022,-0.761736927,-0.498672636,-0.716200697,-1.901881783,-3.699633611,-1.044147083,-0.62498547,-0.58150938,-0.584504131,-0.707765164
1,0,0,0,1,0,1,1,1,0,0,0,0,1,0,1,1,1,0,1,1,0,1,1,0,0,0,0,1,0,0,1,0,0,1,1,1,0,1,1,1,1,1,0,1,1,1,0,1,0,1,0,1,0,0,1,1,1,1,0,0,1,0,1,0,1,1,1,1,0,0,0,1,0,1,1,0,0,1,0,1,0,0,1,0,1,0,1,1,1,1,1,1,1,0,1,1,0,1,1,-0.002996946,-0.003575732,-0.004395326,-0.005269084,-0.006338497,-0.008050679,-0.009546466,-0.012504677,-0.0103855,-0.018317956,-0.019988476,-0.023231766,-0.026062064,-0.028638017,-0.032948798,-0.037440808,-0.043183095,-0.052899738,-0.051673847,-0.059125341,-0.065490536,-0.070923019,-0.076363574,-0.081095592,-0.087986496,-0.094968883,-0.102655795,-0.10829856,-0.12312491,-0.125403494,-0.132003875,-0.153880264,-0.148594404,-0.148830351,-0.153458867,-0.155174679,-0.156569884,-0.153694829,-0.145830249,-0.138992507,-0.133903434,-0.126188407,-0.125803382,-0.126369695,-0.122554737,-0.12659933,-0.129670085,-0.134562527,-0.142279238,-0.161629893,-0.172892684,-0.176264907,-0.162112316,-0.183132911,-0.206864081,-0.228300198,-0.244036591,-0.260489186,-0.284019324,-0.319716639,-0.348112654
1,1,1,0,1,1,0,0,1,1,0,0,1,1,1,0,0,1,0,1,1,0,1,0,1,1,1,0,1,1,0,0,1,1,0,0,1,1,1,0,0,0,1,0,0,0,1,0,0,1,1,0,0,0,0,1,1,1,0,0,0,1,0,0,0,1,1,0,0,1,0,1,1,1,1,0,0,1,1,1,0,0,1,0,1,1,1,1,0,0,0,0,0,0,1,0,0,1,1,1,-0.005480069,-0.0068091,-0.006673555,-0.008027866,-0.009413664,-0.011354362,-0.01125113,-0.013990701,-0.016496319,-0.018865727,-0.021929441,-0.024586593,-0.026641357,-0.027318937,-0.025823798,-0.026505395,-0.02634822,-0.025964089,-0.026292502,-0.026606504,-0.026610028,-0.02752684,-0.027632981,-0.02657704,-0.028246429,-0.029361377,-0.031769204,-0.037729827,-0.040264257,-0.045191362,-0.051094295,-0.053914429,-0.067549787,-0.0797823,-0.094695572,-0.111144174,-0.128341521,-0.148990565,-0.17192328,-0.194623387,-0.224939955,-0.258495059,-0.310487207,-0.318317814,-0.355119899,-0.379398884,-0.451850476,-0.48739673,-0.544252056,-0.508650942,-0.60375357,-0.703305262,-0.759139974,-0.868673724,-1.044475822,-1.27207031,-1.430880817,-1.47153391,-1.768343486,-1.973322143,-2.422564903
0,0,0,0,1,1,1,1,1,0,0,0,1,0,0,1,0,0,0,0,1,0,1,1,1,0,1,0,0,0,1,0,0,1,0,1,0,1,1,1,1,1,1,1,0,0,1,1,0,1,0,1,0,0,0,0,0,1,1,1,1,0,1,0,1,0,0,0,0,1,0,1,0,0,0,0,1,1,1,0,1,0,0,1,1,1,0,1,0,0,1,0,1,0,1,0,0,0,1,0,-0.006200641,-0.005606556,-0.008419377,-0.009794104,-0.011962984,-0.012412437,-0.014326118,-0.016571573,-0.018804194,-0.019197993,-0.023172602,-0.025963175,-0.028401555,-0.031838877,-0.033317491,-0.037171287,-0.042675274,-0.05054028,-0.061932859,-0.078346265,-0.103203153,-0.132519996,-0.17961384,-0.188246082,-0.243976152,-0.307859255,-0.447946401,-0.812662715,-1.452386384,-0.499852953,-0.93615236,-1.274459069,-1.518896748,-1.449147311,-1.293694731,-1.075856992,-0.824912498,-0.684731046,-0.603667491,-0.541608136,-0.514715551,-0.475339283,-0.471982571,-0.579210642,-0.439459031,-0.511664914,-0.448902388,-0.457949118,-0.485178262,-0.4825224,-0.518843119,-0.540522385,-0.564604724,-0.563905844,-0.626453653,-0.719672639,-0.741665544,-0.861482609,-1.076234055,-1.355776704,-1.991624018
0,0,0,1,0,0,0,0,1,0,1,1,0,1,0,0,1,1,0,1,1,1,1,1,1,1,1,1,0,1,1,0,1,0,1,0,1,1,1,0,1,0,0,0,1,0,0,1,0,1,0,0,1,0,1,0,1,1,0,0,0,1,1,0,1,1,0,1,0,1,1,1,0,1,0,1,1,1,0,1,0,1,1,0,0,1,1,1,0,0,0,0,1,1,0,1,0,0,0,1,-0.002953264,-0.003523753,-0.00426327,-0.005233927,-0.006499222,-0.008148448,-0.017774012,-0.012220345,-0.01526341,-0.019417915,-0.020310935,-0.023473796,-0.02655648,-0.028655083,-0.03250696,-0.036929214,-0.042114334,-0.048066205,-0.054160706,-0.060220498,-0.06712081,-0.073662111,-0.077446884,-0.088088727,-0.094725461,-0.121905851,-0.082317257,-0.105823403,-0.117153297,-0.127449389,-0.13381863,-0.142713342,-0.144567589,-0.15740446,-0.153166338,-0.155087646,-0.157457131,-0.150973482,-0.144082759,-0.131042279,-0.130314416,-0.138160652,-0.13317458,-0.131392909,-0.133563284,-0.138759776,-0.141310658,-0.143307929,-0.140388721,-0.158619426,-0.178846905,-0.194388539,-0.226032329,-0.250249498,-0.264436771,-0.217297089,-0.217821975,-0.24975247,-0.293214601,-0.327377802,-0.374428774
0,1,0,1,1,0,0,0,0,1,0,0,1,0,0,0,0,1,0,0,0,1,1,1,0,1,0,1,1,0,0,0,0,1,0,0,1,0,1,1,0,0,1,1,0,1,0,1,1,1,0,0,1,1,1,1,1,0,0,1,1,1,1,1,1,0,1,0,0,1,1,1,0,1,0,0,0,1,0,0,1,0,0,1,0,1,0,1,0,0,0,1,0,0,1,1,0,0,0,0,-0.005910409,-0.006890684,-0.008035585,-0.009388523,-0.010863617,-0.0126235,-0.014681178,-0.017227195,-0.018167997,-0.021284654,-0.024934875,-0.027873968,-0.03007104,-0.030653909,-0.030878652,-0.031227959,-0.030933445,-0.031101003,-0.031515463,-0.031804002,-0.033956263,-0.040234301,-0.034310675,-0.035804483,-0.0371725,-0.040388013,-0.042893769,-0.048262874,-0.054573654,-0.05524783,-0.070594912,-0.082372843,-0.093238424,-0.109220113,-0.128348183,-0.13066896,-0.168095075,-0.186402713,-0.205760493,-0.227162216,-0.250188938,-0.271962854,-0.285964373,-0.325469868,-0.34940163,-0.363549016,-0.370766643,-0.392549168,-0.409578717,-0.428616385,-0.443076468,-0.443988912,-0.462869558,-0.585504736,-0.571327508,-0.499937704,-0.534644436,-0.56510403,-0.673117815,-0.758695012,-0.838012656
1,1,0,0,1,0,0,1,0,0,1,1,0,1,1,1,1,1,0,0,1,0,1,1,1,0,0,1,0,0,1,0,0,1,1,1,0,0,1,1,1,1,1,0,0,0,1,1,0,0,0,1,1,1,0,0,1,0,1,1,1,1,0,0,0,1,0,1,1,1,1,1,1,1,0,0,0,1,1,1,1,0,0,0,1,0,1,1,0,0,0,1,0,1,0,0,0,1,1,1,-0.002932075,-0.00356838,-0.004313134,-0.005583789,-0.006562835,-0.008250694,-0.010169354,-0.012774587,-0.01448295,-0.024004592,-0.022176896,-0.020263664,-0.025954008,-0.028914768,-0.032633601,-0.036932029,-0.042601646,-0.048479483,-0.054711983,-0.060442678,-0.066711606,-0.071667709,-0.077309121,-0.085223424,-0.092178721,-0.096259132,-0.110153777,-0.120635477,-0.113551458,-0.138118601,-0.13889623,-0.14740858,-0.149183784,-0.154697161,-0.159420484,-0.145790357,-0.156978693,-0.148700803,-0.147712438,-0.147341576,-0.11890231,-0.131416337,-0.135603049,-0.154635903,-0.121935683,-0.125841586,-0.138279255,-0.157709916,-0.143746853,-0.160374896,-0.169086629,-0.191148901,-0.217505121,-0.274440561,-0.132006686,-0.19483407,-0.227328308,-0.258671173,-0.2915342,-0.317524514,-0.37519452
0,0,0,0,0,1,1,0,1,1,0,1,0,0,0,1,0,0,1,1,1,0,1,0,0,0,0,0,1,1,1,1,0,0,0,0,1,0,0,0,0,1,1,1,1,1,0,1,0,1,0,1,1,1,1,1,1,0,1,0,1,1,0,1,0,1,0,1,0,0,1,0,0,0,0,0,0,0,0,0,0,0,0,1,0,0,1,0,0,0,0,1,1,1,1,1,0,1,1,1,-0.034419848,-0.077784922,-0.041001898,-0.026539146,-0.058627471,-0.159657501,-0.384083404,-0.700064122,-0.352161814,-0.158422689,-0.10859228,-0.060717641,-0.071778763,-0.065830044,-0.063357433,-0.070617741,-0.574561073,-0.074813732,-0.24862958,-0.146668316,-0.297176601,-0.154975925,-0.217376374,-0.303035212,-0.395800786,-0.922570085,-0.595727973,-0.648379016,-0.593737793,-0.594071059,-0.488507089,-0.614094124,-0.685640333,-0.987769043,-2.073169149,-2.496286272,-2.706256026,-2.000673896,-1.359162713,-0.985505642,-0.754482669,-0.67402962,-0.618285657,-0.682074567,-0.548360284,-0.565685632,-0.651146109,-0.951546338,-0.832746694,-1.536841868,-2.546432741,-20.0178296,-2.510333904,-3.102793775,-7.95048567,-2.467629869,-3.629542686,-5.669690901,-1.54340016,-1.226851786,-2.578275413
0,1,1,1,1,0,1,0,1,0,0,0,0,1,0,1,1,1,1,1,0,1,1,1,1,0,1,0,0,0,1,1,1,1,0,0,0,1,0,1,0,0,1,1,0,1,0,1,1,1,1,0,1,1,1,1,1,0,1,1,0,1,1,0,1,0,1,0,1,0,0,0,1,1,0,0,0,0,1,0,1,0,0,0,1,0,1,1,1,0,1,0,0,1,1,0,0,0,1,1,-0.072482551,-0.138252834,-0.095922042,-0.064451861,-0.026135224,-0.033090152,-1.040202055,-0.046670244,-0.046614271,-0.303095841,-2.223596472,-0.128921293,-0.056457974,-0.051438833,-0.280467026,-0.279788284,-0.065918442,-0.066749795,-0.08266682,-0.074639249,-0.095055876,-0.13157372,-0.622813347,-0.433213738,-0.58615787,-1.696387544,-3.84433455,-8.33912145,-3.074332464,-4.912451811,-2.956233865,-0.902048994,-0.436228407,-1.870627231,-1.316248115,-0.33881124,-0.244890142,-0.266326104,-0.417033358,-2.80799644,-1.926236316,-0.663284335,-24.36091866,-3.899748265,-1.012827116,-0.411983413,-2.309002828,-0.285203315,-0.305188523,-0.430234039,-1.092919516,-1.697687675,-1.150147603,-1.262065577,-7.414406321,-1.235402121,-0.4433995,-0.404799616,-0.450771501,-0.417044551,-0.826989758
1,0,1,0,1,0,1,0,1,1,1,0,1,1,1,1,1,0,0,0,1,0,1,1,1,1,0,0,1,1,0,1,1,0,0,0,1,1,1,0,1,1,0,0,1,1,0,1,1,1,0,1,1,0,0,1,1,1,0,1,0,0,0,0,1,0,1,0,0,0,0,1,0,1,1,0,0,1,1,0,0,1,0,0,1,0,1,0,0,1,0,1,0,1,0,1,0,1,1,0,-0.003259032,-0.003130523,-0.00412242,-0.005098109,-0.006493053,-0.00794456,-0.010338603,-0.011862319,-0.014649307,-0.017790207,-0.020922528,-0.02415197,-0.0275166,-0.03276957,-0.022279653,-0.034055402,-0.040636984,-0.048148931,-0.093025212,-0.057158189,-0.061059255,-0.06808659,-0.072253507,-0.078702255,-0.084277628,-0.093181884,-0.10021677,-0.093127886,-0.126964034,-0.13181517,-0.138579526,-0.144831255,-0.149176888,-0.150676699,-0.152539069,-0.154397809,-0.154432028,-0.151114915,-0.147670138,-0.142351626,-0.138710477,-0.134303274,-0.130342271,-0.131782851,-0.134964195,-0.136024456,-0.139818218,-0.150854798,-0.137966058,-0.150908878,-0.160497608,-0.174088373,-0.177728852,-0.186194429,-0.206910841,-0.223147984,-0.253799502,-0.269246975,-0.306183161,-0.331248765,-0.365843665
1,1,0,0,1,0,0,1,1,0,1,0,1,1,0,0,0,0,0,1,1,0,1,0,1,0,0,1,0,1,1,1,0,0,1,0,1,0,0,1,1,1,0,0,0,1,0,0,0,1,1,0,1,0,0,0,0,1,0,0,1,1,1,1,0,1,0,0,0,0,0,0,0,1,0,0,0,0,1,0,0,1,0,1,1,0,1,1,1,0,1,1,1,0,0,0,0,0,0,0,-0.019345897,-0.058777666,-0.101504893,-0.066731766,-0.121605475,-0.485375099,-0.078272634,-0.19288193,-0.518402773,-0.376772443,-1.099170439,-0.274911741,-0.177909941,-0.133906937,-0.103832889,-0.144840604,-0.110815117,-0.498504269,-0.083821449,-0.12977606,-0.303807126,-0.199328234,-0.242899391,-0.624534181,-1.975105346,-0.409437872,-0.339879409,-0.849845934,-1.799545492,-1.280560269,-0.85053301,-1.437284801,-0.462390568,-0.374817337,-0.420553188,-2.339216577,-0.623145398,-0.520909633,-1.106149962,-1.788019893,-13.36830553,-2.967463284,-2.306790719,-3.973436026,-2.376963487,-3.056400898,-4.805101501,-3.990630347,-4.981864308,-12.38625415,-4.950473387,-4.287303906,-2.326747453,-0.850094449,-0.646130358,-0.627625567,-0.950279165,-1.594635112,-2.513960999,-3.154686564,-7.841001
0,0,0,0,0,0,1,0,1,1,1,1,1,0,1,0,0,0,1,1,1,0,1,0,1,0,0,1,0,1,0,1,0,0,0,0,0,0,1,1,0,0,0,0,1,1,0,0,1,0,1,1,0,0,0,1,1,0,1,1,0,0,0,0,0,1,0,1,0,0,0,0,1,1,0,1,1,0,1,0,1,1,1,1,0,1,0,1,1,0,0,1,1,1,0,1,1,0,0,0,-0.002946132,-0.003629069,-0.0042892,-0.005244036,-0.006580495,-0.007859948,-0.010012246,-0.013139983,-0.014623627,-0.017806689,-0.01968013,-0.023544227,-0.025800121,-0.028166335,-0.032958988,-0.03761618,-0.041774114,-0.048878718,-0.054551599,-0.058833335,-0.065837543,-0.071547039,-0.076692157,-0.085856472,-0.090083608,-0.091708917,-0.104082318,-0.114763625,-0.123574682,-0.132649163,-0.138444475,-0.145058662,-0.150429304,-0.150452302,-0.156292067,-0.156582574,-0.156301398,-0.153561106,-0.150718387,-0.149104054,-0.146001518,-0.141774556,-0.147757405,-0.150681337,-0.172233924,-0.194138625,-0.096987088,-0.105612958,-0.124545813,-0.138700162,-0.152683131,-0.168068924,-0.130749163,-0.148433861,-0.174547128,-0.209671874,-0.265132615,-0.277495497,-0.227782821,-0.307489767,-0.350667453
0,0,0,0,1,1,0,1,0,1,0,1,0,0,0,1,1,1,0,0,1,0,1,1,0,0,1,0,1,1,0,1,0,0,0,1,1,0,1,0,0,0,0,1,0,0,0,0,1,0,0,0,1,1,1,0,0,1,0,1,1,1,0,1,0,0,0,0,1,0,1,1,1,0,0,1,1,0,1,1,0,0,0,0,1,0,0,1,0,0,1,0,1,0,0,0,0,0,1,0,-0.025662228,-0.097295167,-0.253150117,-0.492613676,-0.232467014,-0.105610742,-0.171247757,-0.385785756,-0.324030899,-0.165179072,-0.10744016,-0.089306884,-1.915074687,-0.077544386,-0.045427658,-0.470627869,-0.074831745,-0.070473744,-0.169759955,-0.11951891,-0.277045483,-1.192722823,-1.411022221,-0.492697415,-0.616692442,-0.404390449,-0.364842598,-0.291522608,-0.354828057,-0.648501879,-2.397279294,-1.333196562,-0.530123906,-0.495539874,-0.852467473,-2.207755393,-5.460869688,-1.357237954,-4.574029501,-2.714236697,-1.390567426,-1.230238556,-1.14528465,-1.220697408,-2.191111025,-2.921182368,-2.176708889,-2.44714831,-3.317578133,-4.50736239,-4.636409192,-3.869026271,-3.839305118,-4.412641383,-6.50846465,-4.824921462,-5.005121479,-2.319463453,-1.907975863,-1.552241125,-1.71289524
1,1,1,1,1,1,0,1,1,1,1,1,0,1,1,1,0,0,1,0,1,1,1,0,0,0,0,1,0,0,0,1,0,1,0,0,1,1,0,1,1,1,0,0,0,0,1,0,0,1,0,0,1,0,0,1,0,1,0,0,0,1,1,1,0,0,0,1,0,1,0,1,0,1,0,0,1,1,1,0,0,0,0,1,0,0,1,0,1,0,0,0,0,1,0,1,0,1,0,1,-0.122261399,-0.032024298,-0.017981747,-0.016342348,-0.015684153,-0.020932904,-0.034026396,-5.073604111,-0.024395926,-0.04233636,-0.117212657,-0.034460618,-0.24325383,-0.13269106,-0.766080033,-0.323240753,-28.80581049,-0.565941626,-0.215237428,-0.188546312,-0.793016014,-0.890723409,-1.998419047,-0.286119887,-0.144420144,-0.330933069,-0.234729726,-1.088470447,-1.187291103,-1.173840804,-2.246243987,-1.263172405,-0.350924056,-1.090298964,-1.631074422,-0.690692599,-1.678891207,-0.560356547,-2.311490324,-2.894046694,-5.09644677,-4.818321812,-2.198226571,-7.559546466,-3.113329223,-3.585692906,-1.16154803,-0.983698315,-1.621619658,-3.120987871,-2.161826455,-0.830983128,-0.997327074,-3.449876685,-2.506780518,-0.672490969,-0.718291654,-1.445703759,-1.2539643,-1.292485598,-15.82565298
0,0,0,1,1,0,0,1,1,1,1,0,0,0,0,0,0,0,1,0,1,1,0,0,1,1,0,0,0,1,1,0,0,1,0,0,0,0,1,0,1,0,0,0,1,0,1,1,1,1,0,0,0,1,1,0,0,0,0,0,0,1,0,0,0,1,0,1,0,1,0,0,0,1,1,0,1,0,1,1,0,1,0,1,1,1,1,1,1,1,1,0,0,1,1,1,1,1,0,0,-0.00869442,-0.469904096,-0.019247485,-0.0233213,-0.013489266,-0.014055765,-0.00968395,-0.012265792,-0.018222934,-0.073416588,-0.661631945,-0.958147922,-1.008253822,-0.575323176,-2.247220279,-0.114736991,-0.081806657,-0.191030402,-0.061622744,-0.124752038,-6.354053765,-1.200216276,-10.23178608,-0.366664347,-0.093026267,-3.472247273,-0.286284746,-0.181930672,-0.187778769,-0.273863209,-0.287881502,-0.594130383,-0.872189979,-4.078606811,-0.518065381,-0.534897688,-0.578140477,-0.592783885,-0.64177895,-1.264923251,-0.805714161,-4.177159726,-2.130986123,-2.247288565,-1.718742521,-1.017458908,-1.130788203,-1.313487184,-1.324284133,-2.205733225,-9.205293422,-1.287691712,-0.851443837,-0.699359699,-1.051149946,-4.752350954,-2.817609125,-2.187657211,-1.200549178,-2.122711548,-2.224320477
0,0,0,1,0,0,0,0,1,1,0,1,0,1,1,0,1,1,0,0,0,1,0,0,0,1,0,1,0,1,1,0,0,1,0,1,0,0,1,0,1,0,1,1,0,0,0,1,1,0,1,1,1,0,1,0,0,0,1,1,0,0,1,0,0,0,0,1,1,1,1,0,0,0,1,0,0,1,0,1,0,1,0,0,0,0,0,1,0,0,1,1,0,1,0,1,1,0,1,1,-0.003091094,-0.003307351,-0.004155428,-0.005140765,-0.006382552,-0.007917737,-0.009962887,-0.012727009,-0.014993822,-0.018098194,-0.021750686,-0.023927054,-0.027004191,-0.030513571,-0.039177103,-0.035378538,-0.043547296,-0.063855015,-0.056364703,-0.060701075,-0.074801193,-0.052140252,-0.069125666,-0.075053844,-0.085356416,-0.093816837,-0.100522009,-0.109873119,-0.11998915,-0.124257166,-0.136130306,-0.142735836,-0.14699035,-0.150064625,-0.152929892,-0.15470328,-0.154936161,-0.15637644,-0.149891322,-0.139708809,-0.138730196,-0.136309613,-0.131859263,-0.13556188,-0.137543688,-0.141983968,-0.151593965,-0.166666464,-0.186308861,-0.217109424,-0.219963818,-0.132863826,-0.138988866,-0.182289079,-0.237370632,-0.188372096,-0.208014625,-0.211389661,-0.280735545,-0.288051263,-0.310877873
1,1,1,1,0,0,0,0,1,0,1,0,1,0,0,0,1,1,1,0,1,1,1,1,1,0,0,1,1,0,1,1,0,0,1,1,1,0,1,0,0,0,0,1,1,1,1,1,0,1,0,0,0,0,0,0,0,0,0,0,1,0,1,1,1,1,1,0,0,0,0,1,1,1,1,1,0,1,0,1,0,1,1,1,1,0,0,0,0,1,0,0,1,0,1,0,1,1,0,1,-0.005024093,-0.005989524,-0.006869111,-0.008018246,-0.009221489,-0.010382395,-0.012548289,-0.013527328,-0.016041868,-0.018958603,-0.019982746,-0.023554283,-0.025245742,-0.025949897,-0.025997282,-0.025709223,-0.025651474,-0.025544266,-0.025888138,-0.02626015,-0.026346045,-0.027174253,-0.027501801,-0.028525047,-0.029127297,-0.037895016,-0.039734565,-0.031194241,-0.036645134,-0.041911834,-0.04983211,-0.049332508,-0.066334661,-0.080259805,-0.099487399,-0.149584714,-0.102641372,-0.128383085,-0.148682801,-0.176853164,-0.211284381,-0.24133205,-0.310909586,-0.302353431,-0.323781194,-0.382422156,-0.429796335,-0.476200932,-0.516487263,-0.600012804,-0.678426507,-0.715602004,-0.82742403,-0.969008875,-1.077715791,-1.163018109,-1.341940865,-1.355314543,-1.639063448,-1.95492417,-2.462387541
1,1,0,0,1,0,1,0,0,0,1,1,0,0,1,0,1,1,1,0,0,1,1,1,0,1,0,0,0,1,1,0,0,1,1,1,1,1,1,0,0,0,1,1,0,1,1,0,1,1,0,0,0,0,1,0,0,0,1,0,1,0,1,0,0,0,1,1,1,1,0,0,1,1,1,0,1,1,1,0,0,0,1,0,1,0,0,1,1,1,1,1,0,1,0,1,0,1,0,0,-0.040677582,-0.634361467,-0.850977204,-0.098203368,-0.051507105,-0.063744471,-0.086522014,-0.138496155,-0.259154771,-0.786126879,-1.787875047,-2.023606476,-0.540632803,-0.170025822,-0.511901027,-0.539598409,-0.270988823,-0.274460466,-0.317081604,-0.420665604,-8.876132661,-1.430344445,-1.849096647,-1.149254091,-0.586655927,-0.333766145,-0.189804575,-0.130241112,-0.10435389,-0.24919487,-0.291280245,-0.375670451,-0.268018305,-0.398169064,-0.747771148,-1.686840047,-2.182830132,-1.833087444,-1.961869527,-6.651727105,-1.429564801,-0.825566968,-0.736411905,-1.216731022,-1.061903116,-0.498032337,-0.617008934,-1.419284334,-15.31062613,-1.234240901,-0.561064832,-0.416575927,-0.557750371,-1.037967184,-7.509943485,-2.418056446,-4.810200893,-2.993756999,-1.344310682,-1.016549215,-0.640325716
1,1,1,1,1,1,0,1,1,1,1,0,1,1,0,0,1,0,1,1,1,1,0,1,1,0,1,1,0,1,1,1,1,1,0,1,0,0,1,0,0,0,0,0,1,0,0,0,1,0,1,1,0,0,1,0,0,0,0,0,1,0,1,0,0,1,1,0,1,0,0,1,0,1,1,0,1,1,1,1,1,0,1,0,0,0,0,0,0,1,0,0,0,1,0,1,0,0,1,0,-0.002952889,-0.003642297,-0.004105103,-0.005146078,-0.006340454,-0.00796111,-0.009835454,-0.012228965,-0.014901317,-0.017326664,-0.020663942,-0.023600669,-0.027030458,-0.030062233,-0.031327155,-0.037191753,-0.038611471,-0.04946685,-0.054370805,-0.052154611,-0.063231487,-0.068172114,-0.080865347,-0.08399767,-0.090704793,-0.119494445,-0.09842121,-0.120226333,-0.124400503,-0.131780703,-0.141614215,-0.143437186,-0.151671839,-0.158323264,-0.141823216,-0.136593649,-0.15218384,-0.143530747,-0.141078383,-0.131327928,-0.129419786,-0.129912018,-0.130805606,-0.135493952,-0.141169314,-0.143386467,-0.165598769,-0.113771736,-0.135268791,-0.148506761,-0.160927723,-0.182548405,-0.11395778,-0.153085643,-0.179159256,-0.207764738,-0.225253985,-0.253258586,-0.262393377,-0.293021516,-0.320160221
0,0,0,0,1,0,1,0,0,0,0,0,1,1,1,0,0,1,1,0,1,0,1,0,1,1,1,0,0,1,1,0,1,1,0,1,1,0,1,0,0,0,1,1,0,1,1,1,1,1,1,1,0,0,0,0,0,0,1,0,1,0,0,1,1,1,0,0,1,0,0,1,1,1,0,1,1,1,1,1,0,0,0,0,0,1,1,1,0,0,0,0,1,0,1,0,0,1,0,0,-0.028633628,-0.040335631,-0.026303971,-0.056794711,-0.052478628,-0.281508107,-0.24404884,-0.142755299,-0.232686473,-0.107296908,-0.088159114,-0.069260837,-0.153143361,-0.074894225,-0.081863249,-0.093202859,-0.174028186,-0.093325619,-0.057482792,-0.052076587,-0.05133841,-0.080632791,-0.201166379,-0.088583266,-0.101005572,-0.166752423,-0.619016202,-10.07595522,-3.154784521,-5.300821103,-3.208412971,-11.42380509,-0.826347036,-0.318990354,-0.347605238,-0.379706486,-3.102733915,-0.252121157,-0.198149107,-0.332602085,-0.204737523,-0.23077894,-0.293426414,-0.271013851,-0.251624763,-0.272549729,-0.316411521,-0.392582366,-0.508009703,-1.080020923,-2.657242391,-9.692847203,-3.040138678,-0.816143337,-0.856787306,-3.650108602,-0.889134128,-1.208677246,-1.58995135,-0.626174502,-0.335271342
1,0,0,1,1,1,0,0,1,0,0,0,0,0,0,1,1,1,0,1,1,0,1,0,0,1,0,1,0,1,0,0,0,0,0,0,1,1,1,0,1,0,0,0,0,1,1,1,1,0,1,1,1,0,1,1,1,1,1,0,0,1,1,1,1,0,0,1,0,0,0,0,1,1,1,0,0,0,1,0,0,1,1,0,0,1,1,0,0,1,0,1,0,0,0,1,0,1,0,1,-0.034815021,-0.035370292,-0.161582837,-0.285074303,-6.278834494,-0.631757958,-0.120578739,-0.094491133,-0.121924465,-0.208279846,-0.551780246,-3.055648323,-0.833961723,-0.537009139,-0.467260877,-0.105144797,-1.503955999,-0.553472815,-0.198627518,-4.160317871,-1.76658285,-2.297724652,-4.076133043,-0.726153048,-0.948956384,-13.29409533,-9.424450672,-0.603176291,-0.497362513,-0.227043828,-0.270378272,-0.923785677,-1.748435046,-0.968422664,-6.13618515,-5.73897147,-1.314149279,-7.777870818,-0.561015213,-0.306222509,-0.382559171,-4.897071326,-0.374744458,-0.424258426,-0.343993481,-0.857862376,-1.086308438,-11.21098493,-4.582048267,-5.344247066,-9.270817907,-4.715306798,-4.739111289,-5.535147745,-1.430462782,-1.752004553,-5.615620228,-7.478575372,-3.212066653,-6.239902917,-8.409985092
1,1,1,1,1,1,0,1,0,1,1,1,1,0,1,0,1,1,1,0,0,1,1,0,0,1,1,1,0,0,0,0,0,1,0,1,1,0,1,0,0,1,0,1,0,0,1,1,1,0,0,1,1,1,0,0,1,1,0,0,0,0,0,1,0,0,1,1,1,1,0,1,0,0,1,0,1,0,1,1,0,0,1,1,0,1,0,1,0,1,1,0,0,0,0,0,0,1,1,1,-0.006117658,-0.007042956,-0.00828034,-0.009559275,-0.010901987,-0.012248195,-0.014065323,-0.015953391,-0.018419946,-0.020956719,-0.023658035,-0.026427747,-0.02923336,-0.027827203,-0.031213691,-0.036278608,-0.042063918,-0.048063592,-0.058365455,-0.070334439,-0.091351275,-0.115033016,-0.149017069,-0.183961486,-0.230475657,-0.293123521,-0.375643211,-0.507314391,-0.708663191,-0.971077363,-1.253985819,-1.530352576,-1.743217743,-1.98838027,-1.378856199,-1.111076238,-0.901468081,-0.730393439,-0.622966162,-0.561174477,-0.518735145,-0.478379211,-0.476792208,-0.44382555,-0.453497303,-0.434121766,-0.435843979,-0.421339708,-0.458117194,-0.44271485,-0.428310367,-0.503968197,-0.534392534,-0.55335526,-0.635812501,-0.666561893,-0.735970125,-0.844356432,-0.926606489,-1.16769105,-1.52718691
1,0,1,1,0,0,0,0,0,0,1,0,1,0,0,0,0,0,0,0,1,1,0,1,1,1,1,1,1,1,1,1,1,0,0,0,0,1,1,0,1,1,1,0,0,1,0,1,0,1,0,0,0,1,0,0,1,1,1,0,1,1,0,1,0,1,0,0,0,0,0,1,0,0,1,1,0,1,1,1,0,0,1,1,0,0,1,0,0,0,1,1,0,1,0,0,1,0,0,1,-0.006760532,-0.006483356,-0.011322174,-0.015165948,-0.050447231,-0.035657262,-0.153450491,-0.146088102,-0.760576786,-0.172179121,-0.134711233,-0.798512813,-0.287220315,-0.169097508,-0.868272498,-0.785179653,-0.29290035,-0.527393108,-1.168023867,-1.191450068,-1.930569838,-0.422371517,-0.420461029,-0.175157613,-0.434502138,-1.981891723,-5.406867614,-0.845363162,-1.307036179,-1.560062338,-1.590273979,-4.174711426,-7.622605873,-0.714352439,-2.059762445,-7.238731531,-0.808560713,-0.447126593,-0.459840125,-0.574314775,-0.659434557,-0.932691635,-1.542114615,-2.674757413,-5.392838675,-6.271180866,-2.626175698,-1.467343358,-2.255617831,-13.25273243,-4.566668913,-4.899534306,-3.125941192,-3.294041049,-3.555579651,-2.352544309,-1.495011788,-1.220643022,-1.253609411,-1.57348072,-1.945390665
0,1,0,0,1,1,0,0,0,1,0,0,1,1,1,0,0,0,0,1,1,1,1,1,1,1,0,1,0,0,1,0,0,0,1,0,0,0,0,0,1,0,1,0,1,0,0,0,0,1,1,0,1,0,0,0,1,1,0,0,0,0,1,1,0,0,0,0,0,1,0,1,1,0,0,0,1,0,1,1,0,0,0,1,1,0,0,1,0,1,0,1,0,1,0,0,0,0,0,0,-0.06486666,-0.042741159,-0.102943894,-0.072851086,-0.444792396,-0.01867974,-0.020898331,-0.022305637,-0.930848831,-0.616845091,-0.072312148,-0.103339303,-0.18738267,-0.471808975,-0.470961138,-0.182212156,-0.808818078,-0.706525907,-0.658547736,-0.757130554,-1.473066631,-5.878970733,-1.166257433,-0.397322827,-0.673490771,-0.295902411,-3.214145048,-2.889937375,-10.83842297,-0.603894081,-0.344519777,-0.986277093,-0.315406426,-0.569552744,-3.210587174,-3.405219379,-4.675052729,-9.495793362,-2.38349282,-1.594579733,-1.322382509,-5.808387201,-1.092215389,-1.046884309,-1.948722451,-0.917482014,-0.586519289,-0.780396625,-1.324165676,-3.805931456,-2.129045922,-4.266003902,-2.671604182,-3.823052288,-0.789172753,-0.584286377,-0.465989779,-1.089357768,-1.292471846,-3.607941948,-1.012227813
0,0,0,1,0,0,1,1,0,0,0,1,0,0,1,1,0,0,1,1,0,1,1,0,1,1,0,0,0,1,0,1,0,1,0,0,1,1,0,1,1,1,0,0,1,1,0,0,0,0,0,0,0,1,0,1,0,1,0,0,1,0,0,1,0,0,0,1,0,0,0,0,0,1,0,0,0,1,1,1,0,0,0,1,0,1,1,1,1,1,1,1,1,0,1,1,1,0,0,0,-0.031468417,-0.032244775,-0.040375829,-0.142744103,-0.02918333,-0.032652798,-0.036312657,-0.046844705,-0.067195123,-0.159413494,-0.083128985,-0.109590041,-0.329326017,-2.169495567,-1.249699129,-0.426161478,-1.15268733,-0.767128943,-4.310661464,-0.91813589,-0.298163949,-0.233623719,-0.794407644,-0.406503439,-0.276113146,-0.439098814,-5.254832383,-0.550919261,-0.45506228,-1.091523799,-2.662106073,-1.019732664,-1.336008018,-7.552100087,-3.9751441,-4.315821508,-5.321519193,-2.227277083,-4.468428544,-3.016476835,-0.919976326,-0.39592519,-0.379996759,-0.426108573,-0.533062543,-0.725575376,-1.104850779,-2.220635515,-3.729251494,-10.51374783,-5.003019233,-4.68127512,-8.858006377,-4.814104031,-2.940069367,-2.163152265,-7.090722441,-8.943638172,-4.703044035,-2.543290577,-2.306247576
1,1,1,0,0,1,0,0,1,0,0,1,1,1,0,0,0,1,1,1,0,1,1,1,1,1,0,1,0,0,0,0,0,1,1,0,0,1,1,0,1,1,0,0,0,1,0,1,1,0,0,0,1,0,1,1,1,1,0,0,1,1,1,0,0,0,1,0,0,0,0,0,0,0,0,0,1,0,1,1,1,0,0,1,1,1,0,1,1,1,0,0,0,1,1,0,0,1,0,0,-0.023445057,-0.296356833,-0.058182833,-0.125919386,-0.172085327,-0.0227563,-0.07921759,-0.054787875,-0.732943214,-0.188693401,-0.296632971,-1.686837799,-0.646679821,-0.165069152,-0.069569974,-0.126904554,-0.087789622,-0.056437884,-0.063656362,-0.067508676,-0.130304533,-0.127698661,-0.168995923,-0.241801848,-0.360303138,-0.746085888,-0.696377118,-2.15550657,-0.811093023,-0.692853855,-8.943807063,-0.588741791,-0.369774967,-0.845222813,-7.602538802,-1.325371745,-5.869931088,-0.918566957,-1.043542933,-0.911342381,-1.934560616,-2.078648766,-4.287024727,-1.79637604,-3.228962794,-3.804664846,-11.29387662,-0.876598025,-0.772458521,-1.104650461,-2.210723468,-7.395148786,-6.021004483,-2.030418555,-1.222392224,-0.883039294,-1.124214031,-1.372332131,-0.978631078,-0.97266619,-1.088134578
1,0,0,1,1,1,0,1,1,0,1,1,1,0,1,1,0,0,0,1,1,0,0,0,1,0,0,0,1,1,1,1,0,0,1,1,1,0,0,1,0,0,0,0,1,1,0,0,1,0,1,1,1,0,1,1,1,0,1,0,0,0,0,1,1,1,1,1,0,1,0,1,0,1,0,0,1,1,1,0,0,1,0,1,0,0,0,0,1,1,0,0,1,0,1,0,0,1,1,1,-0.010539271,-0.011365951,-0.022350165,-0.057218363,-0.894780179,-0.460835038,-0.227002413,-0.163596803,-0.021084338,-0.026892556,-0.031413645,-0.065749441,-0.060563457,-0.06438528,-0.079997925,-0.779554939,-0.698206112,-1.194392142,-2.689159092,-0.860467705,-8.706597912,-0.639989763,-0.267881564,-0.145262449,-0.110721194,-0.11761539,-0.286878932,-0.704336483,-10.82253494,-1.544213665,-1.364048641,-3.685447912,-3.000350284,-1.041799664,-0.691651891,-0.717899675,-0.874178151,-3.481310449,-1.858912209,-0.768290863,-1.8081483,-2.568916346,-1.445349872,-14.01244961,-9.604881958,-4.061346627,-2.81494714,-1.72421394,-1.048690454,-2.811602668,-0.519030012,-0.523591227,-0.808756477,-1.875848011,-18.74278012,-3.80939371,-1.832389966,-1.42355309,-2.353978948,-1.52529757,-0.933505857
0,0,1,0,0,0,1,0,1,0,0,0,0,1,1,1,1,0,0,1,0,0,0,1,0,1,0,1,1,1,0,1,0,0,1,1,0,0,1,1,0,0,0,1,1,1,1,0,1,1,0,0,0,1,0,1,0,0,0,1,0,1,0,1,0,1,0,0,1,0,1,1,0,1,1,1,1,0,1,0,1,0,1,1,0,0,0,0,0,0,1,0,1,0,0,0,0,1,1,1,-0.098924871,-0.02033265,-0.009104796,-0.093269127,-0.037196537,-0.076377223,-0.096961847,-0.064483441,-0.04235335,-0.091321908,-0.406411645,-0.690823039,-0.365496174,-0.233048505,-0.205847008,-0.191501227,-0.245369339,-0.250302372,-3.168233991,-0.522149549,-0.139711675,-0.215521996,-3.447595214,-0.439844319,-0.478114769,-0.402137209,-0.281080649,-0.124534179,-0.124850686,-0.365088036,-11.10776832,-0.830763148,-0.496601174,-0.727175211,-2.143287636,-0.455826904,-0.393072646,-0.399355147,-0.423893127,-0.546781979,-1.35141684,-8.611279751,-0.966786169,-0.588124949,-0.619098371,-1.234512843,-10.19100637,-4.180223929,-2.58857305,-1.271459915,-1.343569821,-1.544530122,-4.917627048,-3.907779579,-3.124606862,-3.631274117,-9.590651582,-3.257630553,-3.168926322,-4.135883638,-4.962726696
1,0,0,1,1,0,0,1,0,1,1,1,0,0,1,0,1,0,1,0,1,0,0,0,0,0,1,0,0,1,1,1,0,0,1,0,1,0,1,0,1,1,1,0,1,1,0,0,0,0,0,0,0,1,0,0,1,0,1,1,0,1,0,0,0,0,0,1,0,1,1,1,0,0,0,1,0,1,1,0,1,1,0,0,0,0,0,0,1,1,0,0,1,0,1,1,0,1,1,0,-0.050174366,-0.015284643,-0.083685447,-0.069725439,-0.290785177,-0.0574853,-0.37407989,-0.208588315,-0.739333978,-0.993570404,-0.154611601,-0.075788401,-1.129432923,-0.153674111,-0.123337911,-0.230610907,-0.058941675,-0.063134273,-0.05885931,-0.530108061,-0.219846954,-0.20951816,-0.223417643,-0.328659206,-0.405136678,-0.758696707,-6.791472145,-3.448638032,-4.733972767,-3.796901127,-2.067523988,-1.134434761,-1.005072584,-0.764381127,-0.692872403,-0.667919504,-0.742579487,-2.338029357,-9.816902568,-2.562483371,-1.85275624,-1.789207266,-17.09753047,-3.826817786,-7.590150783,-2.610214282,-2.926657132,-5.019234615,-5.633103947,-7.891734729,-3.194971305,-2.3262971,-2.067313302,-2.610436157,-1.571109271,-1.474931942,-1.504754001,-1.939303062,-2.972251594,-3.960835942,-13.41395931
0,1,0,0,0,1,0,0,1,0,0,0,0,1,1,0,0,1,0,0,1,1,1,1,1,1,0,1,0,0,0,0,0,0,1,1,0,1,0,0,0,0,1,0,1,1,1,1,1,0,0,0,1,0,0,1,1,0,0,0,0,0,1,1,0,1,1,0,1,1,0,0,1,1,0,1,1,0,1,1,1,0,0,0,0,0,0,0,1,1,1,1,0,1,0,1,1,0,1,1,-0.002895779,-0.003491146,-0.004243848,-0.005253351,-0.006832087,-0.007574901,-0.009706807,-0.01202114,-0.016595477,-0.018433901,-0.023011078,-0.021751653,-0.025662132,-0.02883791,-0.032632184,-0.033679117,-0.041332499,-0.046693982,-0.052884276,-0.057943038,-0.06572404,-0.063525343,-0.072863972,-0.08155476,-0.08741891,-0.09383161,-0.104174142,-0.112089231,-0.126240931,-0.131035622,-0.141001336,-0.147429369,-0.153627743,-0.167860246,-0.148701501,-0.154528731,-0.160236962,-0.14548368,-0.134483446,-0.128155694,-0.138900673,-0.126448305,-0.11980315,-0.123957409,-0.122466855,-0.129680757,-0.142157611,-0.114620191,-0.138066364,-0.13742662,-0.149119022,-0.165042022,-0.190305851,-0.215400568,-0.228513785,-0.239093368,-0.251668755,-0.28732594,-0.320521191,-0.350446395,-0.380702035
0,1,1,0,1,1,0,0,0,0,0,0,1,1,0,0,0,1,1,0,1,0,0,0,1,0,1,0,1,0,0,1,0,1,1,0,0,1,1,0,0,0,0,1,0,0,0,0,0,1,0,1,0,0,0,1,1,1,0,0,0,1,0,0,0,0,1,0,1,0,1,1,1,0,0,1,0,0,0,0,0,1,0,0,0,0,0,0,0,0,0,0,0,0,1,0,1,0,1,1,-0.024290856,-0.047246689,-0.091171599,-0.084476099,-0.114414073,-0.149030414,-0.167610396,-0.161491194,-0.159176456,-0.290413628,-0.125078624,-0.101326881,-0.100800431,-0.102690739,-1.088894198,-0.145777385,-0.201205366,-0.237347466,-0.928250912,-0.207185663,-0.225294295,-0.399796186,-1.881594679,-2.47020181,-1.331117325,-0.86739327,-0.949712829,-21.95695726,-1.425913693,-2.132256574,-0.820743768,-0.456195596,-0.544504766,-0.772310648,-1.160303589,-1.723222535,-2.101391379,-1.7882704,-1.537614125,-0.926636588,-0.790651766,-0.658572208,-0.558302022,-0.546395816,-0.498124067,-0.603457003,-2.600133546,-0.76608315,-0.487469736,-0.545730028,-0.371336187,-0.410084627,-1.424457435,-0.606789225,-0.664355558,-1.068933663,-5.407406927,-2.948731399,-6.323529488,-0.66956036,-0.377682305
0,0,0,1,0,0,1,1,0,1,0,0,1,0,0,1,0,1,1,1,1,0,1,1,1,0,0,1,1,1,1,0,1,1,1,1,1,0,0,1,0,0,1,1,0,1,0,1,1,1,1,0,1,1,1,1,1,1,1,0,0,0,0,0,1,0,1,0,1,1,0,1,1,0,0,0,0,0,1,1,0,1,1,0,0,0,0,1,1,1,1,1,1,1,0,0,0,1,0,1,-0.026312969,-0.062380997,-0.08621483,-0.091239269,-0.065121094,-0.03235898,-0.024264609,-0.023122803,-0.023723043,-0.025241321,-0.027807469,-0.669184339,-0.080001482,-0.06058543,-0.096544045,-1.109416131,-0.18360531,-14.33788847,-5.328669135,-0.165164523,-0.061650679,-0.100062047,-0.183222494,-0.339885883,-0.519965298,-0.497298321,-0.582847666,-1.484653932,-0.784540208,-8.259807669,-1.670529113,-0.80227663,-1.093625992,-4.075957085,-2.756798599,-4.030194082,-3.268129166,-0.864163613,-0.642557898,-0.833989366,-0.608784242,-0.443343605,-0.427664067,-0.753444837,-2.689823325,-1.235093023,-0.618737746,-0.640449311,-0.708464096,-0.866164541,-1.956384362,-11.73888189,-2.966279776,-3.500750235,-2.850116922,-2.633205109,-2.452935251,-2.292114415,-1.92173803,-1.822864538,-1.920468095
1,1,1,1,0,0,0,1,1,1,0,0,0,0,1,1,0,0,1,1,1,1,0,0,0,1,1,0,0,1,0,0,0,1,0,1,0,0,1,1,1,0,0,0,1,0,0,1,0,1,1,1,0,0,1,0,0,1,1,0,1,0,0,1,1,1,1,1,0,0,0,0,1,1,0,0,0,0,0,0,1,0,1,1,1,1,0,1,1,0,1,0,1,0,1,0,0,0,0,1,-0.143367037,-0.04501692,-0.415919153,-0.409942683,-0.68032227,-0.120068427,-0.040998229,-0.096748118,-0.174304391,-0.093481654,-0.053731555,-9.587602519,-1.142216729,-0.025597112,-0.016639427,-0.071447269,-0.035610001,-0.741623713,-3.292683725,-0.184490845,-1.511572811,-2.438626928,-0.122071766,-0.075280789,-0.25037291,-8.867004651,-1.113220675,-1.00643494,-1.407182826,-2.883691518,-2.827948354,-11.81770222,-1.519870626,-1.118337649,-1.837591454,-2.3893387,-0.475045143,-14.66973734,-0.364335088,-0.273349244,-0.432906935,-4.15538741,-3.941733882,-3.679413997,-0.480308206,-0.553745586,-24.02460239,-2.138190947,-1.067452951,-1.085814381,-1.60798414,-0.797030108,-1.030493245,-1.322727785,-1.329384368,-1.677761614,-2.264866313,-4.195157673,-6.807465925,-3.904089483,-2.53712979
1,0,0,0,0,1,0,1,0,1,0,0,1,0,0,1,0,0,1,0,0,1,0,1,1,0,1,0,0,0,1,0,1,0,0,0,0,0,1,0,0,0,1,1,0,0,0,1,1,0,0,0,0,1,0,0,1,1,0,1,0,1,0,1,1,1,1,0,1,0,0,1,0,0,1,0,0,1,1,0,0,1,1,1,0,1,0,1,1,0,1,0,1,0,1,1,0,0,1,0,-0.002974591,-0.003557961,-0.004200214,-0.005212442,-0.006474104,-0.005524251,-0.010230961,-0.012933471,-0.014203105,-0.018537779,-0.025561712,-0.021917429,-0.025668458,-0.029454647,-0.033692697,-0.038300394,-0.033064342,-0.047639484,-0.050538179,-0.064940959,-0.07735511,-0.069282796,-0.07501429,-0.08197592,-0.088919892,-0.095101263,-0.104620082,-0.115203243,-0.127963177,-0.121001546,-0.118695043,-0.140263841,-0.144988542,-0.148290481,-0.151789912,-0.153328652,-0.152433672,-0.145596638,-0.146270836,-0.140196577,-0.129447404,-0.132501281,-0.129376796,-0.117800619,-0.130789592,-0.109611954,-0.118150229,-0.132520852,-0.149885875,-0.159648589,-0.139235102,-0.152415765,-0.188736163,-0.189524664,-0.198518565,-0.204360078,-0.237046847,-0.259146024,-0.266753264,-0.279258608,-0.322729681
0,1,0,0,0,0,0,0,0,1,1,1,1,0,1,0,1,0,1,1,0,0,0,0,1,0,1,1,0,1,0,0,1,0,0,0,0,0,1,1,1,0,1,1,1,1,0,0,1,0,1,1,1,1,0,1,1,0,1,0,0,1,0,1,0,1,0,0,1,1,1,1,1,1,1,1,1,0,1,0,1,1,1,0,1,0,1,0,0,1,1,0,0,1,0,0,0,0,0,1,-0.007780017,-0.004253674,-0.005962439,-0.008333105,-0.020742781,-2.381728103,-0.038300846,-1.27694002,-0.263182154,-0.135796015,-0.117092825,-0.436687386,-0.564763073,-0.390971764,-1.936299079,-0.439460343,-0.077087392,-0.086420526,-0.733264074,-1.434063088,-1.864999081,-4.520703166,-0.411818564,-0.406391196,-2.356534633,-2.194371226,-0.751691092,-20.31565788,-1.08079718,-4.665843826,-2.416459694,-2.066923872,-0.603986441,-3.373789749,-1.936451484,-2.947328036,-6.987236989,-1.558781623,-2.331736058,-3.649295391,-4.869198636,-2.602618703,-1.744624303,-1.773160218,-2.078757613,-17.21341179,-1.969236983,-2.144727848,-1.763127878,-4.730166587,-2.226160998,-2.069872996,-4.213896209,-9.235799075,-2.009957126,-3.281411881,-8.290010356,-2.495642387,-6.079634479,-3.062816081,-2.687950686
0,0,0,0,1,0,1,0,1,1,0,1,1,0,0,1,1,1,1,1,0,1,0,0,0,0,1,1,0,1,1,1,1,0,1,1,1,0,0,0,1,1,0,1,1,1,0,0,0,0,0,1,1,1,0,0,0,0,0,0,0,0,1,0,0,1,1,0,0,1,0,1,1,1,1,0,1,1,1,0,0,1,0,0,0,1,0,1,1,0,1,1,1,1,1,0,1,1,0,1,-0.011824811,-0.017980266,-0.02746698,-0.087596672,-0.860619379,-0.220412561,-0.193907857,-0.14923909,-0.678877656,-0.235368888,-0.514215818,-0.12887976,-0.103336227,-0.10321751,-0.113764909,-0.146663035,-0.132477287,-0.12578293,-0.17862894,-0.438335736,-0.430760731,-5.178314566,-0.673064163,-1.503056507,-5.471663221,-1.458153364,-1.866766191,-0.515116958,-0.555018169,-0.669804297,-0.748648282,-0.503933752,-0.357310896,-0.302445299,-0.593493993,-1.827599906,-1.099233242,-1.079230996,-9.267904738,-2.492960991,-1.482980389,-0.958097768,-1.386448189,-10.93622849,-1.216811764,-1.404724656,-4.127673361,-5.60419702,-6.270494228,-1.947777239,-1.302870876,-1.133826275,-1.225827214,-1.631392546,-1.457603164,-1.687864792,-2.654397609,-3.785812589,-9.419653704,-6.491288974,-2.265453359
1,0,0,1,0,1,0,1,0,0,0,1,0,0,1,0,1,0,1,0,0,1,0,1,0,0,1,0,0,1,1,0,1,0,1,1,0,1,0,1,0,1,0,1,1,0,0,0,1,1,0,0,0,1,0,0,1,0,1,0,0,1,0,0,1,0,0,1,1,1,0,1,0,0,0,1,0,1,0,1,1,1,1,0,1,0,0,0,1,0,1,0,0,0,0,0,1,0,0,0,-0.006171002,-0.007966202,-0.009081944,-0.0110033,-0.011930804,-0.013795974,-0.015721289,-0.017861208,-0.020689068,-0.023417093,-0.027157437,-0.026331475,-0.029472628,-0.031629908,-0.03429659,-0.036517307,-0.044047456,-0.053576111,-0.051911682,-0.065841728,-0.089973377,-0.110537596,-0.152949732,-0.197861219,-0.255189489,-0.336204984,-0.454378296,-0.619916005,-0.861920624,-1.156712792,-1.805118889,-1.540210008,-1.409079824,-1.394677323,-1.463312477,-0.860166814,-0.789492354,-0.607331012,-0.53693193,-0.48891876,-0.502466175,-0.459483831,-0.457906411,-0.43778385,-0.406411308,-0.39939165,-0.368175098,-0.410877448,-0.403995675,-0.450577049,-0.440518045,-0.517670023,-0.568256958,-0.619128587,-0.693260123,-0.843745625,-1.03724017,-1.367700708,-1.964235194,-2.490230724,-3.995498552
0,0,0,1,0,1,1,0,0,0,0,1,1,0,0,0,1,1,1,0,1,0,0,0,1,0,1,1,1,1,1,1,1,0,0,1,0,0,1,1,0,0,0,0,0,0,0,1,1,0,0,1,0,1,0,1,1,0,0,0,0,1,0,1,0,1,1,0,1,1,1,0,1,1,0,0,1,0,0,0,0,1,1,0,1,1,0,1,1,0,1,1,1,1,1,0,0,0,0,0,-0.003118332,-0.003354579,-0.004202571,-0.005089126,-0.006355835,-0.007955408,-0.00998917,-0.014288468,-0.014573147,-0.017779113,-0.020606247,-0.023907263,-0.026586635,-0.029555862,-0.033235278,-0.039489375,-0.042247338,-0.048262755,-0.054561794,-0.059308199,-0.066254567,-0.071883519,-0.073964234,-0.082466849,-0.088727005,-0.095622446,-0.105112964,-0.115405445,-0.121877485,-0.130098494,-0.139359693,-0.147331771,-0.14555128,-0.150294639,-0.15127776,-0.153904997,-0.163340421,-0.145897201,-0.135837379,-0.126921988,-0.137007156,-0.140244955,-0.130391096,-0.123955625,-0.130571863,-0.135192598,-0.141431258,-0.142239349,-0.144742349,-0.156163107,-0.163207467,-0.198121513,-0.202346217,-0.201210839,-0.165753654,-0.192368113,-0.218728944,-0.259673413,-0.284080397,-0.321214617,-0.340926023
1,0,1,1,1,1,0,0,0,0,1,0,1,0,0,1,1,0,1,1,0,1,1,1,1,0,0,0,0,0,0,1,1,0,1,1,0,0,0,1,0,1,1,0,0,1,1,0,0,1,1,0,1,0,1,1,0,0,0,0,0,1,1,0,0,1,0,0,0,1,0,1,1,1,1,0,0,0,0,1,0,1,1,1,0,1,0,0,0,0,1,0,1,1,1,1,1,1,0,0,-0.037276408,-0.113445995,-0.282089871,-0.06806148,-0.014495768,-0.014765359,-0.031456636,-0.148721203,-0.233853934,-1.699934251,-0.241470085,-0.204188554,-0.667433513,-8.854360438,-0.165285229,-0.242540648,-0.649984475,-0.929607417,-0.385774702,-0.576950844,-1.885435994,-0.252578172,-0.080344015,-0.066840344,-0.096648986,-0.535148934,-1.776840185,-0.140805344,-0.104077886,-0.123360156,-0.188342964,-0.420024674,-0.451174948,-0.139965511,-0.234560323,-0.210521356,-0.74448833,-0.819109046,-0.523019611,-4.288551813,-2.481756905,-0.765735457,-0.55293246,-0.482194584,-0.534618133,-0.877546399,-1.306639477,-18.53931986,-7.838524562,-2.358013695,-6.125526326,-2.790020371,-0.792564119,-0.657241528,-1.681633534,-2.071621686,-5.193099487,-7.43212612,-3.203188209,-5.693114247,-13.75025441
0,1,1,0,0,1,0,1,0,1,1,1,0,1,1,1,0,1,0,1,0,1,1,1,1,1,1,1,0,0,0,0,1,1,0,1,1,1,0,0,1,1,0,1,0,0,1,1,1,1,1,0,0,1,1,1,1,1,0,0,0,0,0,0,1,1,0,0,0,1,1,0,0,0,0,1,1,1,1,1,1,0,1,0,1,1,0,0,0,1,0,0,0,1,1,0,1,0,1,0,-0.034595862,-0.079396409,-0.116993939,-0.092630601,-0.061710313,-0.048941285,-0.044914355,-0.047691478,-0.041738484,-0.062711538,-0.073679396,-0.091278909,-0.122076102,-0.197581031,-0.294350654,-0.224693484,-0.115995397,-0.078896303,-0.175894234,-0.064082677,-0.064491336,-0.071524044,-0.0892934,-0.117363843,-0.142425423,-0.223367209,-0.224950963,-0.306375064,-0.436476718,-0.470481405,-0.479983467,-0.456767116,-0.371904746,-0.415153418,-0.511953288,-1.05302717,-3.434408704,-5.823833803,-3.041902632,-1.962119677,-1.429963098,-1.180332718,-1.019304615,-0.905460136,-0.877406933,-0.811570517,-0.786943293,-0.773081636,-0.800634358,-0.833989931,-0.895684956,-1.005709675,-1.256668134,-2.962798134,-3.050262239,-1.20706756,-1.129849225,-1.310036398,-1.513464731,-1.547496524,-1.95191587
1,0,1,1,1,0,1,0,1,0,0,1,1,0,1,0,1,1,1,0,1,1,0,0,0,1,0,0,1,0,0,1,1,1,0,0,1,1,0,1,0,1,0,1,0,0,0,0,1,1,1,0,1,0,0,0,0,0,0,1,1,0,0,1,1,0,0,1,1,0,0,1,1,1,0,0,0,0,1,0,0,1,0,0,0,0,0,1,1,0,0,1,1,0,1,1,0,1,1,0,-0.506745333,-0.176997642,-0.134744635,-0.033122125,-0.054989931,-0.020382552,-0.028002892,-0.02443802,-0.061621216,-1.029487939,-0.110720406,-0.152914766,-0.953157685,-0.312117679,-0.054400344,-0.608953451,-0.055857538,-0.105967489,-0.423217645,-3.853573022,-14.28563474,-0.688676983,-0.280652491,-0.265555653,-1.592237233,-3.516215533,-0.382616796,-0.176779199,-4.136006556,-0.397875253,-1.001146582,-0.349972386,-0.49637238,-1.962427229,-3.279951047,-2.521005803,-2.788243429,-2.531163988,-4.576631432,-3.896142399,-2.152026353,-2.320750745,-2.996195969,-3.01203123,-3.520899272,-6.287646181,-7.531756663,-2.074664635,-6.87836922,-2.783565588,-1.275214551,-1.536801045,-0.473260066,-0.4239988,-0.524320644,-0.561529833,-1.485925984,-12.91393664,-3.497157871,-9.902783792,-7.773802663
1,0,1,0,0,1,1,0,1,1,0,0,0,1,1,0,1,0,0,1,0,1,0,1,0,1,1,0,1,1,1,0,0,0,0,0,0,1,1,0,0,0,0,0,0,1,1,0,0,1,0,1,1,0,0,1,0,0,0,0,0,1,0,0,0,1,0,1,1,0,0,1,1,1,1,0,1,1,0,1,1,1,1,1,0,0,1,0,0,0,0,1,1,1,1,0,0,0,0,0,-0.00298058,-0.003528667,-0.004250472,-0.005305957,-0.006485138,-0.008048664,-0.009982042,-0.012298563,-0.015028464,-0.01800285,-0.039126832,-0.021218957,-0.025773684,-0.028447862,-0.033263228,-0.035287732,-0.041876887,-0.047627204,-0.053548575,-0.059372907,-0.063840065,-0.070466434,-0.076831981,-0.084561185,-0.08443733,-0.092149487,-0.09717425,-0.106784871,-0.125165105,-0.129695924,-0.13468792,-0.138286248,-0.14170307,-0.145253672,-0.156533081,-0.158794639,-0.160110416,-0.175636816,-0.141163104,-0.147649207,-0.139378569,-0.132915788,-0.13036832,-0.125139651,-0.131237288,-0.132908823,-0.131009972,-0.134882613,-0.149050809,-0.16135254,-0.169180733,-0.176996028,-0.188868977,-0.182590276,-0.199956619,-0.220998881,-0.234836278,-0.280490679,-0.33556358,-0.359576692,-0.401541573
0,0,0,1,0,1,1,1,0,1,0,1,1,1,0,1,1,0,0,0,0,1,1,0,1,1,1,1,0,1,0,0,0,0,0,1,1,1,0,0,0,1,0,0,1,1,1,1,0,0,0,0,1,1,0,0,1,0,1,1,0,0,0,0,1,1,1,1,1,0,1,0,0,1,0,1,1,0,1,0,1,1,1,1,0,1,0,0,0,1,1,0,1,1,0,0,1,0,1,0,-0.043077021,-0.083044842,-0.032549308,-0.025654809,-0.031436882,-0.023426946,-0.023946074,-0.036288167,-0.224228905,-0.02264927,-0.025592087,-0.04397797,-0.089436168,-1.933190742,-0.031362244,-0.018311018,-0.070958434,-1.096881167,-4.185841603,-2.924446153,-0.730325667,-1.293354196,-0.18421881,-1.795720938,-0.284019101,-0.158967415,-0.194753269,-0.256736791,-0.39654625,-0.569283817,-0.866875493,-1.496697244,-1.775755044,-2.112780387,-2.659705345,-2.377392545,-1.331474938,-1.755671826,-13.97128498,-6.320838499,-7.069133919,-2.022341903,-0.779274825,-0.537784467,-0.477083541,-0.508663661,-0.705903146,-0.531402074,-0.51171861,-0.527813096,-0.545812701,-0.664606971,-0.588505952,-0.610085179,-0.675844704,-0.791663139,-1.017821724,-1.112082607,-1.308873762,-1.619459819,-2.084917002
1,0,0,1,1,0,1,1,0,0,0,0,0,0,0,0,1,0,1,1,0,1,0,1,1,0,1,1,0,1,1,1,0,1,1,1,1,1,1,1,1,1,1,0,1,0,1,1,1,1,0,0,1,1,1,1,0,1,0,0,0,0,0,0,1,1,0,0,0,0,0,1,0,0,1,1,0,0,0,1,0,1,1,1,0,0,1,1,1,0,1,1,0,0,0,1,0,1,0,0,-0.009065901,-0.018538545,-0.022992041,-0.058736735,-0.112862693,-0.083017486,-7.499187462,-0.560796251,-3.306340517,-0.347072393,-0.369926439,-0.121233988,-0.098456692,-0.238218905,-0.045632179,-0.698900713,-0.071963409,-0.1048837,-0.495918889,-0.102007847,-0.315450622,-5.471375603,-0.336903087,-1.693104549,-0.462294172,-0.367823127,-0.148082811,-0.409328404,-0.584223821,-0.165784833,-1.07565855,-1.796201695,-0.643364125,-0.172487741,-0.629803126,-0.274233505,-0.259535486,-0.240583077,-0.398553744,-0.376497455,-0.443356438,-0.705705559,-0.404830494,-0.626614218,-0.446001977,-0.412291392,-0.393049584,-0.448340226,-0.473349158,-0.504189171,-0.605130066,-0.576735771,-0.586975731,-0.612920246,-0.665180522,-0.711587835,-0.740407594,-0.760078485,-0.813545467,-0.900222208,-0.968334233
1,0,1,1,0,0,1,1,0,1,1,0,0,1,1,0,1,0,0,0,1,0,1,1,1,0,1,0,0,0,1,0,1,1,0,1,1,1,0,1,0,0,1,1,0,0,1,1,1,1,0,0,0,1,0,1,1,1,0,1,0,1,0,1,0,0,0,0,0,1,1,1,1,1,1,1,1,1,1,1,1,1,1,0,1,0,1,1,0,1,1,1,0,1,1,1,0,0,1,0,-0.002959602,-0.003591345,-0.004203803,-0.005317381,-0.006356269,-0.00783909,-0.009925284,-0.01251324,-0.015155256,-0.016725241,-0.020749117,-0.0237809,-0.026736513,-0.029176263,-0.032539798,-0.037147368,-0.04057802,-0.048640702,-0.054913672,-0.061297288,-0.071262547,-0.074115458,-0.078981789,-0.086077884,-0.098860597,-0.078399245,-0.095622991,-0.106539582,-0.119450211,-0.136877592,-0.142121458,-0.14603551,-0.173287912,-0.150938977,-0.151805764,-0.1345505,-0.148413855,-0.146583254,-0.142115113,-0.137731909,-0.136834375,-0.129023834,-0.129517331,-0.120871629,-0.129826865,-0.13336162,-0.131524456,-0.138946875,-0.144982692,-0.15150159,-0.161460567,-0.167829766,-0.17302038,-0.182148201,-0.202550668,-0.205091617,-0.245026249,-0.295108199,-0.349080932,-0.374637191,-0.400141269
0,0,0,0,1,0,0,1,1,0,0,0,0,1,0,0,1,0,0,1,1,0,1,1,0,1,0,0,1,1,1,0,1,0,1,0,1,1,0,0,0,1,1,0,0,1,0,0,1,1,1,1,0,1,1,0,0,1,0,1,1,1,1,0,1,0,1,0,0,0,0,0,1,0,0,1,0,1,1,1,1,1,0,0,0,0,0,0,1,1,0,0,1,0,0,1,1,0,0,1,-0.00609633,-0.007137425,-0.008334849,-0.00966871,-0.011013816,-0.012177023,-0.013930244,-0.01583445,-0.017903458,-0.02046228,-0.023025856,-0.02535767,-0.028617827,-0.032120914,-0.031578788,-0.03473725,-0.040984414,-0.047598082,-0.059118064,-0.071237711,-0.088284145,-0.113855312,-0.148394478,-0.178859684,-0.226065773,-0.28006168,-0.353945756,-0.500770075,-0.686970952,-1.160689565,-1.266673792,-1.552914385,-1.775573532,-1.804563632,-1.30238411,-1.069020574,-0.866914964,-0.693798785,-0.597139788,-0.529340552,-0.486712644,-0.45306629,-0.45554244,-0.449750621,-0.437347244,-0.434038844,-0.443792875,-0.451909528,-0.465966004,-0.458537455,-0.437575468,-0.523049983,-0.532348312,-0.575057158,-0.58491138,-0.623846776,-0.761542057,-0.917477855,-1.027152557,-1.242793082,-1.699533663
0,1,1,1,0,0,1,0,1,1,1,0,1,1,1,0,1,1,0,0,0,1,0,1,1,1,1,0,1,0,1,1,0,0,0,1,0,1,1,0,1,0,1,1,0,0,1,0,1,1,1,1,0,0,0,1,1,1,0,1,0,1,1,1,0,0,1,0,1,1,0,0,1,1,1,0,0,0,1,1,1,0,1,1,1,0,1,1,0,0,1,0,1,1,1,0,0,0,1,1,-0.108607802,-0.217168224,-0.180995424,-0.100077117,-0.289640963,-0.058397656,-0.027936719,-0.025924728,-0.245304625,-0.053609671,-0.062492182,-0.11198325,-0.454926982,-0.283956965,-0.903961831,-0.246743862,-1.233432859,-0.111024257,-0.149241,-5.978435706,-1.196056528,-0.288165079,-2.32177758,-0.079506728,-0.057221716,-0.05250514,-0.053596974,-0.054529542,-0.070663041,-0.111775038,-0.12185508,-0.058337479,-0.065542044,-0.077440437,-0.096013059,-0.119769132,-0.1180816,-0.147140308,-0.175732677,-0.24501795,-0.583832933,-0.408705115,-0.511358603,-1.17594434,-2.081552145,-2.588106989,-5.38264759,-7.574518386,-1.919380148,-1.466339044,-1.021980561,-0.995977017,-1.113719948,-1.3159067,-1.856526645,-4.580221586,-4.767576286,-1.51881618,-1.385574537,-1.578003037,-1.946099423
0,0,1,0,1,1,1,0,0,0,0,1,0,0,1,0,0,0,0,0,1,0,0,0,0,0,1,1,1,0,1,0,1,1,1,1,0,1,0,0,0,1,1,1,1,0,0,0,1,1,1,1,1,1,1,0,1,1,0,0,0,0,1,0,1,1,1,0,0,1,1,1,0,1,1,1,1,1,0,0,1,0,1,1,0,0,1,0,1,0,0,0,0,1,1,0,1,1,0,1,-0.014643488,-0.015224415,-0.728624851,-0.070895394,-0.093916998,-0.166046288,-0.269267113,-1.135286387,-0.473131387,-0.419069716,-0.167006221,-0.116315941,-5.207898184,-0.079082667,-0.074737712,-0.082050489,-0.627489461,-0.156431004,-0.608295412,-7.161653275,-0.744638109,-0.643033744,-3.427669169,-0.182646836,-0.171651745,-0.218468696,-0.292409278,-0.739298377,-2.28571532,-7.4188578,-0.555937859,-0.383586864,-7.150470196,-0.884338742,-1.532709998,-1.472514381,-2.041734028,-2.591139665,-3.822751809,-1.164902819,-1.121160705,-5.732409415,-2.085260217,-2.227687784,-1.382110991,-3.521316176,-3.820210544,-1.514891166,-1.411537264,-0.993024052,-1.008229912,-2.319493736,-10.6356161,-2.118970502,-1.213640299,-1.065084036,-1.099245925,-2.10591918,-2.398704118,-3.428979858,-5.920253721
1,0,1,1,1,0,0,1,0,0,1,1,1,1,0,1,1,0,0,1,0,0,0,1,1,0,1,1,0,1,1,0,1,0,0,1,1,0,1,0,1,1,1,1,1,0,0,1,0,0,1,0,0,1,0,1,0,0,1,0,1,0,0,1,0,0,0,0,0,1,1,1,1,0,1,1,0,0,0,1,1,0,1,0,1,1,0,0,0,0,1,0,0,1,1,0,1,1,1,1,-0.065012482,-0.078363307,-0.200926941,-0.015686893,-0.008713132,-0.010080342,-0.014409399,-0.023018415,-0.033742811,-0.058260866,-0.098197343,-0.145288682,-0.157208133,-0.17097824,-0.18906612,-0.344216465,-0.106886986,-0.099724039,-0.116263663,-0.15989634,-0.210682023,-0.420579797,-0.77047849,-1.012809018,-0.526386614,-0.209531874,-0.097663102,-0.054779136,-0.051970288,-0.037814895,-0.053182331,-0.091698015,-0.197825224,-0.221042688,-0.373539598,-0.744264491,-1.345285002,-2.207026987,-3.424519315,-10.36173422,-3.295867683,-1.229534502,-0.861325401,-0.77596796,-0.959794578,-0.62306097,-0.490887556,-0.540242203,-0.592042517,-0.643983598,-0.790870528,-1.52288379,-0.772043687,-0.694804042,-0.85433743,-1.338799903,-4.185808127,-4.564109898,-1.373968301,-0.94121638,-0.898772213
0,0,1,0,0,1,1,0,0,1,0,1,0,1,0,1,0,0,0,1,1,0,1,1,0,1,1,1,0,1,1,0,1,1,0,0,0,0,1,1,0,0,1,0,1,0,1,1,0,0,0,1,0,1,1,1,0,0,0,0,1,0,1,1,0,0,1,1,1,1,0,0,1,0,0,0,1,1,0,1,1,1,0,0,1,1,0,0,1,0,0,0,1,1,0,1,0,1,0,0,-0.063162522,-0.11500549,-0.037646468,-0.465206808,-0.069383939,-0.270413257,-0.045278196,-0.060632865,-1.350529562,-0.25286512,-0.278766024,-0.344325805,-0.561574732,-0.701361493,-0.298372591,-0.211805077,-6.346556546,-0.401367706,-0.26218202,-0.340829536,-0.07284012,-0.723028997,-0.193523019,-0.221038688,-0.366469242,-0.752046746,-2.480562525,-1.097835752,-6.891494035,-3.9822511,-1.527428847,-2.423233002,-6.71617885,-1.923095462,-1.370036373,-1.72072035,-11.25579045,-1.760837637,-1.970524752,-1.843110815,-5.296870573,-0.708432941,-0.56222692,-0.584434799,-0.739914483,-1.869938052,-5.53313834,-1.1267615,-0.782874214,-0.59536401,-0.610179836,-0.642749534,-0.694322775,-0.755012816,-0.602032363,-0.622313148,-0.775486758,-0.6152799,-0.72800127,-0.633130216,-0.735994645
0,1,0,0,0,1,1,1,0,0,0,1,0,1,1,1,0,0,0,0,1,0,1,0,0,0,1,0,1,1,1,1,1,1,0,1,1,0,0,0,0,0,1,0,1,0,1,1,0,0,0,0,0,0,0,0,1,0,1,1,0,1,1,0,1,1,1,0,1,1,1,1,0,0,0,0,0,1,0,1,0,1,1,0,0,0,0,1,0,1,1,1,1,1,1,1,1,1,0,1,-0.002898505,-0.00405146,-0.010327083,-0.013682277,-0.09095497,-0.164261884,-0.03296409,-0.033783266,-0.340844331,-0.071554268,-0.030070965,-0.028806643,-0.02965643,-0.042077791,-0.117066285,-0.855418937,-0.390323448,-0.202742687,-0.190748364,-0.313372456,-0.957436969,-0.988694174,-0.369688826,-0.224841487,-0.160319505,-0.138784748,-0.145673022,-0.267992345,-0.185720365,-0.196445162,-0.241865612,-0.314395506,-0.430719088,-0.638534866,-1.015826351,-2.348464973,-7.577079151,-8.328480843,-5.426588245,-2.838799925,-1.199652313,-0.694623938,-0.473870678,-0.361398446,-0.305367871,-0.273528594,-0.256439635,-0.253835519,-0.24578651,-0.262045736,-0.257291597,-0.287664086,-0.30479142,-0.311485965,-0.304639009,-0.299386004,-0.319579635,-0.366966208,-0.418465501,-0.569629291,-0.804789615
1,1,0,0,1,0,0,0,0,1,0,0,1,1,1,0,0,0,0,0,1,1,0,1,0,0,0,1,1,0,1,1,0,1,1,1,1,1,0,1,0,1,0,1,1,0,0,1,1,1,1,1,0,0,1,0,0,0,0,1,0,1,0,0,1,0,1,1,0,1,1,0,0,0,0,1,1,0,1,0,0,1,1,1,1,1,0,1,0,1,0,1,0,1,1,0,0,1,0,0,-0.003216171,-0.00354833,-0.004231177,-0.005203319,-0.00645476,-0.008038522,-0.009845061,-0.012225035,-0.01495145,-0.017987511,-0.018552023,-0.023384718,-0.026685823,-0.029080838,-0.033596792,-0.037793944,-0.043247306,-0.049157379,-0.055017234,-0.061932058,-0.067233597,-0.074614279,-0.08043133,-0.085531829,-0.09228377,-0.099754397,-0.110750286,-0.12367799,-0.130302496,-0.124096059,-0.160992137,-0.137555859,-0.147481671,-0.151767077,-0.156132435,-0.160089456,-0.170068615,-0.153626514,-0.146826276,-0.1457708,-0.137765903,-0.143594261,-0.126454272,-0.139547985,-0.128699314,-0.113489146,-0.134892868,-0.139688023,-0.148738916,-0.164040404,-0.184442799,-0.185190702,-0.185142757,-0.230184812,-0.197422739,-0.176238956,-0.199210758,-0.247004426,-0.290987699,-0.310558788,-0.377113084
0,0,0,0,0,0,0,0,1,1,0,1,0,0,0,0,0,0,1,0,1,0,0,1,0,0,0,1,0,0,0,1,1,1,1,1,1,0,0,1,1,1,1,0,1,1,0,0,0,0,0,1,1,0,1,1,0,1,0,1,0,0,0,1,1,0,1,0,0,0,0,0,1,1,1,1,1,0,0,0,0,1,0,1,0,0,0,1,0,1,0,0,0,1,0,0,0,0,1,0,-0.008951767,-0.005114089,-0.160280886,-0.032320196,-0.118276433,-0.139944166,-0.229597687,-0.076551833,-0.075484148,-1.12941661,-0.258150303,-0.275416296,-1.566013214,-2.544634693,-0.346588842,-0.214068659,-0.085696784,-0.122338889,-0.159174068,-0.408316806,-4.168919414,-4.357525919,-0.294257683,-0.061467034,-0.105420128,-0.678840184,-2.253544641,-0.828444496,-0.498684913,-0.283430546,-0.559199326,-10.44397962,-1.953932676,-3.28776627,-1.593297201,-2.474596738,-1.990253876,-0.895250162,-2.047590122,-7.234622314,-7.061048265,-4.126388521,-1.375726107,-1.411613759,-1.104162717,-1.795549538,-1.294414811,-1.424950992,-0.620649767,-1.969517783,-1.629287897,-0.741228453,-1.165365607,-0.408313582,-0.352342323,-0.365847327,-0.615122001,-0.656148845,-3.832981632,-2.485605508,-2.986111677
1,1,0,0,1,1,0,1,1,0,0,1,0,1,0,1,1,0,1,0,1,0,1,0,0,0,0,0,1,0,1,1,0,0,0,1,0,0,0,0,1,1,0,1,0,0,1,0,1,0,0,1,0,0,1,1,0,0,0,0,0,1,0,1,0,1,1,1,1,0,0,0,1,1,0,0,1,1,1,0,0,1,1,1,0,0,1,1,1,1,0,1,0,1,0,1,1,0,0,0,-0.002961526,-0.003552301,-0.004712489,-0.005252218,-0.006053234,-0.008107104,-0.010319951,-0.016270968,-0.01392447,-0.017357317,-0.020606919,-0.023636509,-0.027088017,-0.028963837,-0.032512676,-0.036929517,-0.042354167,-0.048506309,-0.056395472,-0.053791218,-0.065818468,-0.071928834,-0.078840983,-0.082447222,-0.087890191,-0.099672069,-0.108820608,-0.08934449,-0.114967855,-0.126691512,-0.136223911,-0.144815804,-0.145628162,-0.150235046,-0.159233274,-0.153051096,-0.153826044,-0.151647238,-0.14164899,-0.137506139,-0.13257762,-0.120711941,-0.126302156,-0.125247892,-0.123690312,-0.126210569,-0.127581735,-0.12697577,-0.141014262,-0.153654815,-0.155723338,-0.161479973,-0.170683192,-0.191301836,-0.19890894,-0.249260557,-0.265710927,-0.330547414,-0.274192918,-0.300113441,-0.322672118
0,1,1,0,1,0,0,0,0,0,0,0,1,1,0,0,1,1,0,0,1,0,1,0,0,0,0,1,0,1,0,1,0,1,0,1,1,1,0,1,1,0,0,1,0,1,0,1,0,1,1,0,0,0,0,0,0,0,0,1,1,0,1,0,0,1,0,0,1,1,0,0,0,1,1,0,1,0,1,0,1,0,0,0,1,1,0,0,0,1,1,0,1,1,1,0,1,1,1,1,-0.002854549,-0.003538408,-0.00423841,-0.005888674,-0.006470968,-0.008040376,-0.009984503,-0.012358145,-0.015006637,-0.018140609,-0.021354521,-0.024480199,-0.028044091,-0.031783338,-0.041451777,-0.033542855,-0.041753391,-0.046966655,-0.048204364,-0.060724232,-0.069878629,-0.065158205,-0.076234129,-0.081007994,-0.088553864,-0.096268495,-0.104507686,-0.114384815,-0.12146145,-0.12311908,-0.141803961,-0.144888254,-0.150372149,-0.153350002,-0.156388356,-0.160803385,-0.161102367,-0.161503153,-0.165980128,-0.119368319,-0.134719813,-0.145646375,-0.183771083,-0.105398069,-0.111471392,-0.120545864,-0.13117389,-0.157765941,-0.143208435,-0.13952513,-0.145893329,-0.157988846,-0.166550399,-0.213006566,-0.245453442,-0.283367862,-0.183426893,-0.212054151,-0.251714775,-0.282572028,-0.320417764
0,1,0,1,0,0,0,0,0,1,0,1,1,1,1,1,1,0,1,1,0,1,0,1,1,1,0,1,0,0,0,1,1,0,0,1,1,0,0,1,0,1,0,1,1,1,1,0,1,1,0,0,0,0,1,1,1,0,1,1,1,1,0,1,0,1,1,0,0,1,1,1,1,1,1,1,1,1,1,1,0,1,1,1,0,0,0,1,0,1,1,0,1,1,1,1,1,0,0,0,-0.006836858,-0.007788288,-0.009540527,-0.036084888,-0.127141769,-0.012001166,-0.009711222,-0.012149738,-0.025246826,-0.187450339,-0.910455672,-0.115926038,-0.061969665,-0.047102198,-0.362793944,-0.405285035,-0.071626652,-2.999143003,-0.268400666,-0.89526695,-0.137866162,-0.188976198,-0.285137501,-0.274509562,-0.349500911,-0.495338982,-0.773381712,-0.999959124,-1.552624863,-2.302213968,-2.48842994,-2.100344059,-1.514040024,-1.07898592,-0.819669014,-0.608852346,-0.539233374,-4.883167984,-3.01334387,-0.616696007,-0.436093618,-0.684324424,-2.109176418,-0.695454471,-0.661172605,-0.538453517,-0.806711411,-1.763907461,-7.656699288,-3.643464508,-2.274302612,-0.976430158,-0.892142234,-0.53631289,-0.495223439,-0.482123057,-0.562977061,-0.803195304,-1.264601345,-3.397648813,-8.874759607
0,0,0,1,1,0,1,0,0,0,1,0,1,1,1,1,1,1,0,0,0,1,0,0,0,0,1,0,0,0,0,0,1,0,1,0,0,0,0,1,1,1,0,1,1,0,1,0,1,0,1,1,1,1,1,0,0,0,0,1,1,1,1,0,0,1,0,1,0,0,1,0,0,1,0,0,1,1,1,1,0,0,0,1,1,1,0,1,0,1,1,1,1,1,0,0,1,1,1,1,-0.050726026,-0.110609815,-0.026220186,-0.019731732,-0.174063204,-0.043477977,-0.031849457,-0.050055828,-0.092235908,-0.051323311,-0.060261773,-0.071764286,-0.085873761,-0.108591436,-0.148526205,-0.231673705,-0.466317962,-0.789738497,-1.44337407,-1.168234866,-1.183748974,-0.562696327,-0.36384372,-0.271572482,-0.304134636,-0.268047146,-0.292786639,-0.378561078,-0.769627407,-0.541995729,-0.736614242,-1.962181552,-0.760514041,-1.188562463,-1.803482296,-7.271228059,-7.005133018,-8.198818447,-1.144762857,-1.264720954,-1.393741955,-2.169628394,-3.267430463,-14.42900611,-3.172573613,-2.76446898,-6.068244239,-1.876860706,-1.412800151,-1.31460484,-1.302032711,-1.3520478,-1.513975447,-1.951717961,-2.382293503,-2.2892591,-1.433328922,-1.070409302,-1.808971038,-4.83633428,-2.319798005
1,1,0,1,1,1,1,0,1,1,1,0,0,0,0,0,0,1,0,0,1,1,1,1,0,1,1,0,0,1,1,0,1,1,1,1,0,1,1,1,0,1,1,1,0,0,1,1,0,1,0,1,0,1,0,0,1,1,1,0,1,1,1,0,0,1,1,1,1,0,1,1,1,0,1,1,0,0,0,0,1,0,1,1,1,1,1,0,0,0,0,0,0,1,1,0,1,0,0,0,-0.008716166,-0.243398652,-0.06053055,-0.104012605,-0.014433238,-0.026867368,-0.353482722,-0.03367274,-2.123587648,-0.104016685,-1.019433303,-0.339865242,-0.386237568,-0.569529978,-0.256378663,-0.139703165,-1.021112172,-0.474171369,-0.203887516,-0.523406834,-2.087755657,-1.140485638,-0.302582301,-0.122039411,-0.115357071,-0.378793586,-0.249936703,-0.174400388,-0.256493718,-0.414311959,-1.430684206,-13.04026715,-1.166562777,-0.496322598,-0.537077634,-1.046797983,-2.905430845,-6.876597203,-11.96892875,-1.897425487,-5.53836872,-0.49497011,-0.375025622,-0.33573538,-0.292333095,-0.293301882,-0.663894724,-2.372214015,-0.714059138,-0.774699754,-0.887452245,-18.0278409,-0.981377086,-0.340073976,-0.283247681,-0.273024994,-0.489385947,-2.359821916,-0.493398384,-0.375416269,-0.417452259
0,0,1,1,0,1,1,0,1,0,0,1,0,1,0,1,1,0,1,0,0,1,1,0,1,1,1,1,1,1,1,1,1,1,1,0,1,0,0,1,1,1,0,1,0,1,1,0,1,1,0,0,1,0,0,0,0,1,0,0,0,0,0,0,1,1,0,0,1,0,1,1,1,1,0,0,1,1,1,0,0,0,1,1,1,1,0,1,0,0,1,0,1,0,0,1,0,1,1,0,-0.486524542,-0.019401106,-0.024520267,-0.054055725,-0.055438076,-0.16017808,-5.902062612,-0.14616958,-0.549189796,-0.270170061,-0.152070773,-0.138983872,-0.309334723,-0.088969537,-0.296579118,-5.753683422,-0.394081098,-0.269013651,-0.765796282,-1.251536251,-2.256226534,-2.361380712,-1.186301034,-1.11365585,-1.721235241,-0.40720359,-0.872783075,-0.888051075,-3.788345456,-3.99905568,-6.103559477,-2.57867422,-3.014903568,-3.329905482,-2.700068946,-1.366432638,-1.517787151,-1.537725841,-1.14820146,-1.599271265,-4.960339471,-2.406207735,-1.899701166,-9.973760287,-1.156035448,-0.918702373,-1.915924627,-5.890262228,-1.237764715,-0.728126488,-0.667272831,-0.960245887,-3.648061069,-1.356936707,-0.90835882,-0.846064794,-1.498060526,-4.455812604,-3.813603115,-7.387413443,-5.652382465
1,1,1,1,0,0,1,0,0,1,0,0,0,1,0,0,0,1,1,0,1,1,1,0,0,1,1,0,1,1,0,1,1,0,0,0,1,1,0,1,0,1,0,1,0,0,1,1,0,1,0,1,0,1,1,0,1,1,1,1,0,1,0,0,1,1,0,1,0,1,0,1,1,1,1,0,0,1,0,1,0,1,0,0,0,0,1,0,0,1,0,1,0,1,1,0,1,0,0,0,-0.002905093,-0.00350516,-0.00421228,-0.005310769,-0.006744078,-0.007032518,-0.007009911,-0.011719807,-0.014968226,-0.018572071,-0.01663472,-0.023286995,-0.025669582,-0.029253063,-0.032968993,-0.034998927,-0.042632149,-0.050783213,-0.051234989,-0.055780365,-0.063827115,-0.070498251,-0.078088811,-0.082904524,-0.084935447,-0.09374204,-0.102711107,-0.121386426,-0.125296163,-0.135386829,-0.143130532,-0.134981428,-0.153111914,-0.172279278,-0.13259533,-0.142425366,-0.147070174,-0.146039696,-0.145893154,-0.136221671,-0.132330176,-0.121834292,-0.118536857,-0.118547083,-0.119753694,-0.118621822,-0.119268275,-0.120718454,-0.17400971,-0.162748741,-0.164410086,-0.167421951,-0.178677627,-0.184569839,-0.200267402,-0.211904387,-0.236837677,-0.271553221,-0.306312383,-0.332299599,-0.367000208
0,0,1,0,1,0,0,0,0,0,0,0,0,1,0,1,0,1,0,0,0,1,1,1,1,1,1,0,0,0,1,1,0,0,0,0,0,1,0,0,1,1,0,1,1,1,0,1,1,0,1,0,1,1,1,1,1,0,1,0,0,1,1,0,1,0,0,1,1,1,0,0,0,0,0,0,0,1,0,0,0,1,1,1,1,0,1,0,0,0,1,0,0,0,1,0,1,1,0,0,-0.674044958,-0.017014273,-0.051953596,-0.117072298,-0.071818045,-0.559207867,-0.445637369,-0.017935011,-0.020518597,-0.062920344,-0.923898785,-0.523226021,-0.048423031,-0.026951246,-0.019441819,-0.0395799,-2.039589259,-0.588735205,-2.659664748,-1.395732395,-6.968642362,-0.139313791,-0.056160486,-0.066522138,-0.365790617,-1.90940426,-0.318922903,-0.153006902,-0.117627884,-0.15129141,-0.289720887,-8.714779159,-0.693313695,-2.321766067,-4.529468579,-2.869209493,-2.685510258,-0.751868473,-2.073980452,-0.615019647,-8.756212217,-2.150090013,-3.173775343,-4.611052653,-3.192206304,-1.582446627,-0.44363923,-1.046255055,-1.146219918,-5.927082506,-2.267932444,-0.928957506,-1.096174617,-1.101129975,-2.646200275,-2.618078787,-6.297227462,-4.02907703,-2.986975153,-7.235785119,-8.706311141
1,1,1,1,1,1,0,1,0,1,0,1,1,1,1,0,1,0,0,1,1,1,0,1,1,1,0,0,0,0,1,0,0,0,0,0,1,1,0,1,0,1,0,0,1,1,0,0,1,1,1,1,0,1,0,1,0,0,1,0,1,0,1,0,1,0,1,0,0,1,1,1,1,0,1,1,0,1,0,1,1,0,0,0,1,1,0,1,1,1,0,1,1,1,1,0,1,0,1,1,-0.006267503,-0.008641314,-0.008210281,-0.009529788,-0.010978992,-0.014658349,-0.014034923,-0.015962814,-0.018202916,-0.020753524,-0.02336222,-0.025934639,-0.028294978,-0.030551022,-0.033184205,-0.036885193,-0.042204212,-0.046787166,-0.059438601,-0.074673791,-0.095123386,-0.106917262,-0.151955257,-0.199765198,-0.223734333,-0.293293653,-0.387291995,-0.478823673,-0.694735998,-0.903419378,-1.274060803,-1.562258913,-1.767137121,-1.600462983,-1.387750115,-1.136622763,-0.965465479,-0.637475396,-0.56555516,-0.518551357,-0.483525398,-0.459411087,-0.445660462,-0.433847961,-0.407787576,-0.468555047,-0.468116313,-0.487297149,-0.519640876,-0.518466924,-0.526034938,-0.549874292,-0.541351172,-0.590705664,-0.583954793,-0.650276344,-0.751367972,-0.863438827,-0.993549163,-1.283749753,-1.774670738
1,1,0,0,1,0,0,1,1,1,0,0,1,1,1,0,0,0,0,1,0,0,1,0,0,1,1,0,1,0,0,1,0,0,0,1,1,0,0,1,0,0,0,1,1,1,0,1,0,1,1,1,0,1,1,1,0,0,0,1,0,0,1,0,1,0,0,0,0,0,0,0,0,0,0,1,0,0,1,1,0,1,1,1,0,1,1,0,0,0,1,1,1,0,0,0,1,1,0,1,-0.032467194,-0.030300494,-0.330296898,-0.070224283,-0.058357823,-0.186180819,-0.023534869,-0.021662049,-0.040549054,-0.23961525,-0.02760893,-0.389771553,-0.128357465,-0.05498346,-0.482453146,-0.367197418,-0.298674202,-0.071741565,-0.104389076,-0.019930335,-0.081578085,-0.069317781,-0.018371387,-0.016824556,-0.017893715,-0.06276359,-0.323285012,-0.085845573,-0.061508351,-0.116570547,-0.275519819,-0.878511486,-3.95481858,-1.09332113,-0.6928279,-1.01876658,-2.164732781,-2.647607474,-1.373534392,-1.143426784,-4.648299787,-3.851844828,-10.2311535,-7.369799496,-4.267911225,-3.074510765,-0.975950871,-0.80848615,-1.342420955,-19.99195726,-4.690617711,-1.516409968,-1.832893406,-4.267286406,-7.097208201,-6.308067526,-2.191341982,-3.329922132,-8.724643818,-17.49358911,-9.344653406
0,0,1,1,1,1,0,0,1,1,0,1,0,0,0,0,0,0,1,0,1,1,0,1,1,0,0,1,1,0,1,0,1,0,0,1,1,1,1,1,0,1,0,0,0,1,1,1,1,0,0,1,1,0,1,0,0,1,0,0,0,0,1,0,1,0,1,0,1,1,1,0,0,1,1,0,0,1,1,1,0,0,1,1,0,0,0,1,1,1,0,1,1,1,0,1,1,0,0,1,-0.029606984,-0.038880319,-0.181261438,-0.107503401,-0.186905072,-0.418256644,-0.38017412,-0.159469821,-0.166337847,-5.544130875,-0.178710451,-0.08650322,-0.064300099,-0.054479509,-0.05833108,-0.060013519,-0.104188032,-0.139126595,-0.726540578,-0.442814274,-0.688208993,-0.714381702,-0.716741615,-1.039608938,-0.346755028,-0.270646229,-0.446111171,-6.623851354,-17.79986397,-1.116115275,-1.004483076,-2.29138842,-2.488395096,-2.308328267,-13.22870664,-10.31144939,-1.272421734,-3.933642309,-5.293271094,-3.879343022,-1.348516474,-0.683300918,-0.681994686,-1.597404331,-1.790388829,-7.152989017,-2.237193804,-1.369483992,-1.994004307,-11.0882049,-4.750803178,-2.793594463,-1.742920412,-1.22419478,-0.861436117,-0.641617882,-0.690899693,-1.313278583,-1.688855946,-6.111960281,-4.467372737
1,0,1,1,1,0,1,0,1,0,0,1,0,0,0,0,1,1,1,1,1,1,0,0,0,0,0,1,1,1,1,1,0,1,0,1,1,0,1,0,1,0,0,1,1,0,1,1,0,0,0,1,1,0,0,1,1,1,1,0,1,1,1,1,1,1,1,1,0,1,1,1,0,0,1,1,1,1,1,0,0,1,1,0,1,0,0,1,0,1,1,0,1,1,0,1,0,1,1,0,-0.002969684,-0.003519336,-0.004252542,-0.005117387,-0.006420817,-0.00799009,-0.009913808,-0.012192706,-0.015070478,-0.017938743,-0.020107484,-0.023836381,-0.02660413,-0.029371771,-0.032737006,-0.038029064,-0.042586584,-0.048296516,-0.053604127,-0.060470278,-0.065902308,-0.071000393,-0.075990566,-0.081496101,-0.086255488,-0.099644705,-0.110386869,-0.113759502,-0.108362411,-0.135567695,-0.144261289,-0.141839495,-0.15504388,-0.149962304,-0.157849742,-0.155008277,-0.15005884,-0.154607651,-0.149695027,-0.142368267,-0.136721482,-0.129294185,-0.120504918,-0.127543238,-0.130962546,-0.132261253,-0.139299363,-0.140638226,-0.151280816,-0.154680032,-0.17056134,-0.186698073,-0.202372416,-0.222952451,-0.206173274,-0.201370783,-0.241326586,-0.286367312,-0.306158756,-0.323352113,-0.34039331
0,1,0,1,1,0,1,0,0,0,1,0,1,0,1,0,0,1,1,0,0,0,1,0,1,0,0,0,1,1,0,1,1,1,0,1,0,1,1,1,1,0,1,0,0,0,0,1,0,1,1,0,0,1,1,0,0,1,0,0,1,0,0,0,1,0,1,1,1,0,0,1,1,1,1,0,0,0,0,1,1,0,0,1,0,1,0,1,1,0,0,0,1,0,0,0,1,1,1,1,-0.06810873,-0.010514801,-0.028286773,-0.005334192,-0.006570169,-0.01297584,-0.041127349,-0.090622549,-0.036645309,-0.94768944,-0.03460346,-0.028488755,-0.040481936,-0.084942407,-0.581486439,-0.854071651,-0.636355472,-0.168019215,-0.236113375,-0.628922987,-1.756259463,-4.30424326,-1.445894032,-0.701731173,-0.743507326,-0.747558912,-1.060598371,-0.763792661,-1.220694678,-6.224997911,-2.679694424,-2.707156133,-5.091680199,-6.641418303,-3.683728681,-6.668899861,-4.015608272,-2.914509435,-1.426924557,-1.786750171,-2.377981597,-4.263706472,-2.533122661,-2.745206037,-6.865749812,-8.411209163,-5.128607593,-2.693397465,-3.159418734,-2.974020936,-4.057517732,-3.343654524,-9.727182338,-4.543524108,-8.034116733,-4.930162274,-11.95282421,-8.571310432,-2.199158601,-1.252340776,-1.69199331
0,0,0,1,0,1,1,0,0,0,1,1,0,1,0,0,1,0,0,0,0,1,1,0,0,0,0,1,1,1,0,1,1,1,0,0,0,0,0,1,0,0,1,0,1,0,1,0,1,1,0,0,0,0,0,0,1,0,0,0,0,0,0,1,1,1,1,0,0,1,1,0,0,1,0,0,1,1,1,0,1,1,1,0,0,0,0,0,1,1,1,0,0,0,0,1,1,0,1,1,-0.002990131,-0.003426589,-0.004202039,-0.005198001,-0.004661813,-0.007938311,-0.009815987,-0.012247095,-0.015552511,-0.017393095,-0.020620598,-0.025996114,-0.026975454,-0.036987273,-0.032569247,-0.041102696,-0.042315767,-0.047408258,-0.054634817,-0.060675366,-0.066169715,-0.07188816,-0.077070958,-0.082973299,-0.088995592,-0.099810925,-0.106422173,-0.125560164,-0.109658816,-0.125304728,-0.136471173,-0.141164103,-0.143430225,-0.155879415,-0.151021994,-0.144511229,-0.149598068,-0.146886904,-0.141110607,-0.134657544,-0.131749932,-0.129423984,-0.119107263,-0.126340094,-0.123203346,-0.126413612,-0.130943622,-0.136134787,-0.159306402,-0.156694583,-0.153879638,-0.16441782,-0.17233823,-0.178345768,-0.20836454,-0.263076997,-0.272536827,-0.298749429,-0.322098217,-0.356358143,-0.406626001
1,1,1,0,1,0,1,1,0,0,0,0,0,0,1,1,0,1,1,0,0,1,0,1,1,0,1,1,0,1,1,1,0,0,0,0,1,0,1,0,0,1,0,0,0,1,0,1,1,0,1,1,0,0,1,0,0,0,1,1,1,1,0,1,1,1,1,1,1,0,0,1,0,0,0,1,0,0,0,1,0,1,0,0,0,0,1,1,1,1,1,1,0,0,1,1,1,0,1,0,-0.025344253,-0.011719634,-0.012345444,-0.012582609,-0.014969541,-0.097925923,-0.012419887,-0.014222262,-0.022536272,-0.025524821,-0.023257512,-0.073024045,-0.141412804,-0.043483361,-0.033039497,-0.029528351,-0.036050216,-0.174581596,-0.46114453,-0.11625815,-0.092162264,-0.099423337,-0.123710041,-1.091822933,-0.157107516,-0.209858122,-0.189799059,-0.396086191,-2.737754554,-1.026255437,-1.112249958,-1.259543756,-1.451163226,-1.385189725,-1.355442441,-1.454488115,-1.199131695,-0.77372622,-0.687987817,-0.88170014,-2.181987564,-0.730876104,-1.411374954,-0.925264706,-0.705169883,-0.723167357,-0.790544203,-2.098175296,-1.25244643,-1.039113151,-1.620090467,-1.443882112,-1.532029677,-1.853087241,-2.70946749,-3.787148842,-3.94239557,-3.758478982,-3.975852111,-3.401525142,-2.762276417
0,1,0,1,0,1,0,0,0,0,0,1,1,0,1,1,1,0,1,1,1,0,0,0,1,1,1,1,1,0,0,1,1,0,1,0,1,1,1,0,0,1,0,1,0,1,0,1,0,1,0,0,0,0,0,1,1,1,1,1,1,1,0,1,0,1,1,0,0,1,1,1,1,1,0,0,1,1,1,1,0,1,1,1,1,1,0,1,0,0,1,1,1,0,0,1,0,1,0,0,-0.224669315,-0.10453161,-0.168613308,-0.403899319,-0.278026963,-0.454102996,-0.695339348,-0.662009707,-0.863074641,-0.136810568,-0.081163693,-0.090849392,-0.228708405,-0.403130583,-0.120367821,-0.176295157,-0.329097012,-0.247055887,-0.942245804,-0.112608169,-0.111472256,-0.155271552,-0.250095547,-0.516791899,-1.629299719,-4.903859615,-0.686780621,-0.420407204,-0.427567201,-0.56863267,-1.018672778,-0.926396132,-4.238611982,-3.785714793,-6.904168848,-2.073748486,-2.315895982,-11.48136628,-5.14634767,-1.756141965,-1.373771525,-2.190425787,-3.476587139,-0.661723252,-0.526434956,-0.57814878,-0.425242294,-0.32947865,-0.346355788,-0.374014813,-0.695650019,-0.782405707,-0.807972318,-3.343500257,-1.944463482,-1.011426777,-3.624070638,-0.91319583,-0.357122571,-0.612139383,-0.360193696
0,1,1,1,1,0,1,0,1,0,0,1,1,1,1,0,1,0,0,0,0,1,0,1,1,1,0,1,1,1,1,1,0,0,0,1,1,0,0,1,1,0,1,0,0,0,1,0,0,0,0,1,1,1,0,1,0,0,0,1,0,1,0,1,0,0,0,0,1,0,0,1,1,0,0,0,1,1,1,0,0,0,0,1,0,1,1,1,0,1,0,0,0,0,0,1,0,1,0,1,-0.020596624,-0.017813063,-0.022323578,-0.044118709,-0.01737137,-0.019983937,-0.022693627,-0.02692076,-0.040379096,-0.042669976,-0.164537321,-0.192521794,-0.176688597,-0.154099366,-0.171586246,-0.208800265,-0.284984875,-0.342183167,-0.433630743,-0.458464631,-0.483232478,-0.472427681,-0.507454163,-0.41295196,-0.361908842,-0.336140153,-0.332802304,-0.337927378,-0.370791202,-0.428716205,-0.633839732,-1.39195795,-6.944306931,-0.639275354,-0.255468068,-0.229411313,-0.264557539,-0.356867426,-0.444691167,-0.740829063,-1.348181569,-2.216083477,-3.044036124,-2.270151624,-1.529826787,-1.168080625,-1.01273782,-0.96951816,-0.946673648,-1.024920099,-1.141058839,-1.317315461,-1.681088114,-2.129285757,-3.324543028,-2.632626813,-1.923403869,-1.701031595,-0.746762643,-0.865280273,-0.944949427
0,0,1,1,0,1,0,1,1,1,0,1,1,1,1,0,0,0,1,1,0,0,0,1,1,0,1,0,0,1,1,0,0,1,1,0,1,1,0,0,1,0,1,1,0,0,0,1,0,0,0,1,1,0,1,0,0,1,1,0,0,0,0,1,0,0,0,1,0,1,0,1,1,1,0,0,0,1,0,1,0,1,1,0,0,1,1,0,0,1,1,0,0,0,1,1,0,0,1,0,-0.068884295,-0.020798887,-0.030924324,-0.436937796,-0.151429629,-0.028825632,-0.087783462,-0.29595937,-0.652645765,-0.192437064,-2.348033191,-1.089340117,-0.174769883,-0.262601092,-0.588764584,-0.312812778,-0.113646881,-0.130051407,-1.835957707,-0.252453757,-0.255925274,-0.141128608,-0.313472969,-0.437972615,-0.173411975,-0.776064868,-0.505501535,-1.365161792,-0.127940053,-0.071550576,-0.133492196,-0.222472066,-3.002927811,-1.385356289,-1.06759313,-0.384098603,-0.403453716,-4.67102664,-15.6769871,-2.64883916,-8.97952613,-4.398054613,-0.916461519,-0.345886305,-0.27378042,-0.803048993,-0.408471859,-0.430141026,-0.493097968,-0.563627352,-0.619643469,-1.108226405,-6.387667811,-3.184339681,-1.953785708,-8.149022088,-13.35064354,-2.283954643,-0.750901586,-0.98902784,-1.762703926
0,1,0,1,1,0,0,1,1,1,1,0,1,1,1,1,0,1,0,0,1,1,0,1,0,1,1,1,0,0,0,0,0,1,0,1,0,0,1,0,0,0,0,0,1,0,0,1,0,0,0,1,0,1,1,1,1,1,1,1,1,1,1,1,0,1,1,1,0,1,1,1,1,1,1,0,0,0,1,0,1,1,0,0,0,0,0,0,0,0,0,0,1,1,0,0,0,1,0,0,-0.009356421,-0.022711279,-0.249257328,-0.10374526,-0.040208022,-0.025174893,-0.023520667,-0.77868361,-0.489873664,-0.172081876,-0.109026195,-0.137885412,-0.190955536,-0.272012302,-0.320414172,-0.321702944,-0.314620407,-0.315888373,-0.16252879,-0.182980273,-0.518033982,-4.155079328,-0.752878514,-0.777242513,-1.080361359,-3.966288162,-0.57070036,-1.312912533,-5.811182893,-1.660813618,-4.82707412,-1.67345524,-9.277690897,-3.524674592,-5.696553526,-2.583259674,-1.759593433,-2.031381129,-5.01665366,-8.040627459,-2.28505926,-2.463371784,-0.840647748,-0.713825507,-0.733660522,-0.864602925,-1.436789161,-3.108539257,-5.518832903,-9.453470773,-4.876295414,-2.801757977,-9.90426825,-2.500740605,-1.209543306,-0.836333301,-0.691199091,-0.630575412,-0.768874231,-1.225250848,-1.422845957
0,1,0,0,0,0,0,1,0,1,0,1,0,1,0,1,0,1,1,0,1,1,0,0,1,1,1,1,0,0,1,1,1,0,1,1,1,1,1,0,1,1,1,0,1,0,0,0,1,1,0,1,1,0,1,1,0,1,1,1,1,0,1,0,0,0,0,1,0,0,1,1,1,1,0,0,0,0,1,1,1,1,1,1,1,0,0,0,1,0,0,1,1,0,1,1,1,1,1,1,-0.002978017,-0.003535263,-0.004270546,-0.005290905,-0.005931225,-0.007965709,-0.009964538,-0.012380452,-0.014412634,-0.017807592,-0.020893533,-0.0238504,-0.025985392,-0.030242234,-0.03354801,-0.037955221,-0.043334793,-0.049446932,-0.058928399,-0.056290968,-0.064671564,-0.070439789,-0.07459535,-0.082359576,-0.088534098,-0.096346659,-0.107166158,-0.114791941,-0.123957504,-0.132864447,-0.141520155,-0.144080922,-0.14742541,-0.153043304,-0.1571044,-0.159797383,-0.16364057,-0.152920541,-0.149639938,-0.148801347,-0.146328994,-0.141612132,-0.138617056,-0.127551571,-0.136753509,-0.143148571,-0.144864063,-0.160215725,-0.177417113,-0.206330529,-0.222374032,-0.134407647,-0.13490064,-0.145374491,-0.14616613,-0.186120778,-0.213979264,-0.252742885,-0.284527759,-0.310518348,-0.336320126
1,1,1,0,1,1,0,1,1,1,1,1,1,0,1,0,0,0,0,1,0,1,1,0,0,1,0,1,1,1,0,0,1,0,1,0,1,0,0,0,1,0,0,0,0,0,1,1,1,1,1,1,0,1,0,0,0,1,0,0,1,1,1,1,0,1,1,1,1,1,1,1,0,0,0,0,1,0,1,1,0,0,1,0,0,1,0,1,1,1,1,0,0,0,0,0,1,1,1,1,-0.04994393,-0.038212076,-0.18047562,-0.149840931,-0.101167126,-0.331120315,-0.064148479,-0.106999749,-0.058200135,-0.060061796,-0.225113667,-0.156557709,-0.043128216,-0.044559001,-0.079291356,-0.124476403,-0.107819341,-0.22235109,-0.14510113,-0.330857518,-0.693178792,-0.671575373,-0.635714778,-0.565940924,-2.704124988,-0.867678165,-0.327250704,-2.287266093,-0.364282248,-0.644951256,-0.563177974,-0.182527821,-0.397987014,-3.824944518,-1.584241671,-1.539479821,-1.210029379,-9.599088795,-1.504923477,-1.067894536,-1.727307966,-1.646933796,-5.315602354,-2.458392568,-3.431078263,-2.25267351,-1.297526782,-5.035587688,-1.486857692,-0.784389044,-0.846639338,-2.586211233,-2.274671429,-1.740314755,-3.508905093,-3.050275634,-1.128896892,-1.249149069,-3.220537709,-0.630933748,-0.883011315
0,1,0,0,1,0,0,1,1,0,1,0,1,0,0,1,1,1,0,1,1,1,1,1,1,0,1,1,1,0,0,1,1,0,0,0,0,1,1,0,0,1,0,1,0,0,0,1,0,0,1,0,1,0,0,0,0,1,0,1,0,1,1,1,0,0,0,0,0,1,0,0,0,1,0,0,1,1,1,0,1,0,0,0,1,0,1,1,0,0,1,1,0,1,0,0,1,0,1,1,-0.047970563,-0.086919004,-0.133568065,-0.06970557,-0.108830162,-0.042179885,-0.104327485,-0.225579897,-0.413719916,-0.206979486,-0.090389365,-0.180682305,-0.131989463,-0.444795209,-0.059419183,-0.068707047,-0.100919218,-0.903850094,-0.590381689,-1.028697801,-1.806805877,-1.239678531,-2.22923805,-0.161065139,-0.076137995,-0.055360186,-0.054655673,-0.444990382,-0.102890328,-0.120106938,-0.137560756,-0.23681913,-1.406788672,-0.299954655,-4.820062198,-0.536186725,-0.274115711,-2.100639755,-3.194628765,-1.583653503,-1.269287593,-10.23121888,-1.54494394,-0.49188965,-0.295067935,-0.242088985,-0.250516183,-0.495530189,-0.595500257,-0.706437846,-1.248205808,-4.70568246,-3.734108572,-1.596527937,-1.846635006,-6.778237034,-4.969980714,-1.380734805,-1.001756772,-0.70445019,-0.560140518
0,0,1,0,0,1,1,0,0,1,0,0,0,0,1,1,0,0,0,0,0,1,1,1,0,0,0,1,0,1,0,1,0,1,1,1,0,1,0,0,1,1,0,0,0,1,0,1,0,1,1,1,1,0,1,1,1,1,1,1,1,1,0,1,1,1,0,1,1,1,1,1,0,0,0,0,0,0,1,0,1,0,0,1,0,1,0,0,1,0,1,0,1,1,1,1,1,1,0,0,-5.579011521,-0.02950323,-0.092899393,-0.239044496,-0.049972735,-0.050167849,-0.128260793,-0.207202971,-0.16276498,-0.1204911,-0.054056533,-0.656320369,-0.083507385,-0.04584617,-0.048267899,-1.703406538,-0.102650048,-0.154798375,-0.359174536,-1.421072061,-0.832731957,-0.405574989,-0.953723187,-0.185374461,-0.215892613,-1.046036012,-0.364022456,-3.344760286,-1.524358395,-3.278350736,-6.384095979,-0.430925599,-0.254779672,-0.848454512,-1.148518958,-0.506552165,-1.256812764,-8.10168724,-2.382919602,-1.17742052,-0.526300926,-2.553076933,-1.660030081,-0.771361547,-0.896430115,-9.144481665,-1.104503572,-1.767428149,-1.206957858,-2.3647654,-2.650338023,-1.774716814,-1.156022091,-2.614916486,-2.062256241,-3.27593858,-2.192303107,-2.588469776,-1.428978466,-1.624594619,-3.771292877
1,0,0,1,0,1,1,0,1,1,1,0,1,1,0,0,1,0,1,1,1,1,1,1,1,0,0,0,0,1,1,0,0,0,1,1,0,1,0,1,0,0,1,0,1,0,1,0,0,1,1,1,1,1,1,1,0,1,0,1,1,0,0,0,0,0,1,1,0,1,0,0,0,1,0,1,0,0,0,0,0,1,0,1,1,1,1,1,1,0,0,1,0,1,1,0,1,0,1,1,-0.006069775,-0.007120975,-0.009142233,-0.009448129,-0.010852053,-0.01246308,-0.014440291,-0.016224887,-0.023512143,-0.01848826,-0.021765714,-0.024721695,-0.027315733,-0.03015983,-0.033442565,-0.034769564,-0.040748843,-0.048730619,-0.06375428,-0.060817771,-0.085724682,-0.110828073,-0.142039461,-0.179545505,-0.227653884,-0.286959789,-0.372547235,-0.489459614,-0.64296358,-1.009974395,-1.274619847,-1.541857745,-1.869144321,-1.657399649,-1.420823014,-1.090796722,-0.888076549,-0.862180186,-0.59539984,-0.520484147,-0.525804016,-0.46656187,-0.467611717,-0.487460894,-0.459599964,-0.445369193,-0.421273957,-0.405137576,-0.422963112,-0.445296514,-0.432089306,-0.470043772,-0.520176886,-0.560859371,-0.62268146,-0.640959585,-0.706623482,-0.81782506,-0.930843602,-1.20499379,-1.585685519
1,1,1,1,1,0,1,0,1,0,1,1,0,0,0,1,0,1,0,0,1,1,0,0,0,1,1,0,1,1,0,1,1,0,1,0,1,0,1,0,0,0,1,0,1,0,1,0,0,1,0,1,0,1,1,0,0,1,1,1,0,1,0,0,1,1,0,0,1,0,0,1,0,1,1,0,1,0,1,1,0,1,0,1,1,1,0,0,0,0,1,1,0,0,1,1,0,0,1,1,-0.002992103,-0.003543975,-0.004316627,-0.005387243,-0.00655499,-0.007975607,-0.009996793,-0.012446342,-0.015299655,-0.018565006,-0.021872063,-0.025415219,-0.029804665,-0.022530768,-0.028956722,-0.037147982,-0.027327915,-0.045381258,-0.051716589,-0.058557887,-0.06495535,-0.071190216,-0.073322567,-0.080659918,-0.086598546,-0.09367576,-0.105555937,-0.116797073,-0.126148393,-0.16157289,-0.131786448,-0.142684252,-0.157593616,-0.145802722,-0.153123529,-0.157642547,-0.16065255,-0.164496994,-0.185631164,-0.138388743,-0.146281132,-0.163298676,-0.106946866,-0.102744203,-0.097639662,-0.114435134,-0.11269127,-0.120928318,-0.135163511,-0.149489559,-0.151115412,-0.161332988,-0.173113007,-0.185171354,-0.197103985,-0.199308523,-0.227652022,-0.24721373,-0.285942087,-0.312552782,-0.353294923
0,0,1,0,1,1,1,0,1,0,1,0,1,0,1,1,1,1,0,0,1,0,0,0,1,1,1,0,1,1,1,1,1,1,0,1,0,0,1,1,0,0,0,0,0,0,0,1,0,1,1,0,0,0,1,0,0,1,1,1,1,1,0,1,0,1,1,1,1,1,1,0,1,0,1,1,0,0,1,0,1,1,1,1,1,1,0,0,1,1,1,0,1,0,1,0,0,0,0,1,-0.181724462,-0.030055794,-0.024137777,-0.063254837,-0.269199708,-0.031878289,-0.160093036,-0.016220995,-0.015299004,-0.023858002,-0.101638945,-0.383258335,-0.080958233,-0.076761905,-0.109498999,-0.24057863,-0.92982599,-1.183927459,-0.9346027,-4.154447824,-0.523656193,-0.258831427,-0.210232385,-0.232614099,-0.360803537,-0.509905782,-0.321171734,-0.41049719,-0.559164581,-0.784570595,-1.10649823,-1.536647938,-2.933118302,-1.589109805,-2.161274472,-1.336813638,-3.444449569,-0.834343127,-0.616353968,-0.52066548,-0.893573406,-0.559775739,-0.503060702,-0.623667303,-1.082690505,-0.574079548,-0.79970007,-1.841679483,-6.15527639,-4.101434249,-1.359069093,-0.791375082,-0.667614105,-0.746787663,-1.226027799,-4.758746335,-3.253308912,-1.157611842,-1.223908458,-2.04590168,-2.234581709
1,0,0,0,1,0,0,0,0,1,1,1,0,1,1,0,1,0,1,0,0,0,0,1,1,1,1,1,1,1,0,0,0,1,0,1,1,0,1,1,1,0,1,0,1,1,0,0,0,1,1,1,1,1,0,1,0,1,0,0,0,0,0,0,1,1,1,0,1,0,1,1,1,0,0,1,0,1,1,1,0,1,1,0,1,1,1,0,0,1,0,1,1,0,0,0,1,0,0,1,-0.002967697,-0.003531637,-0.004268597,-0.0053399,-0.006639539,-0.007166359,-0.009685413,-0.012113155,-0.015012474,-0.017600489,-0.020708486,-0.023635269,-0.037346872,-0.028263079,-0.03297014,-0.037051738,-0.044397963,-0.04801636,-0.054688918,-0.061955054,-0.067822622,-0.073637832,-0.079842394,-0.093614194,-0.090897668,-0.070215084,-0.097085464,-0.109319145,-0.121368345,-0.129611859,-0.139846289,-0.140072428,-0.147904566,-0.15688637,-0.158567906,-0.147454315,-0.171697866,-0.13762376,-0.144296619,-0.140388919,-0.129299979,-0.126869643,-0.123843448,-0.124932937,-0.124365049,-0.125632553,-0.131922224,-0.134206226,-0.137366723,-0.133825486,-0.12514679,-0.152592855,-0.165513117,-0.164951768,-0.189011489,-0.23421041,-0.276659783,-0.285335691,-0.28104475,-0.32476328,-0.352471758
1,0,0,0,0,0,1,0,1,0,0,1,1,1,0,0,0,0,1,1,0,1,1,0,1,0,1,1,1,1,1,0,1,0,0,1,0,1,1,1,0,1,0,1,0,0,0,0,0,1,0,0,0,1,0,1,1,0,0,0,0,1,0,0,1,1,0,1,1,1,0,1,0,0,0,1,0,1,1,0,0,0,1,0,0,0,0,0,1,1,1,1,0,1,0,1,1,0,0,1,-0.544039264,-0.017197134,-0.015107407,-0.017318882,-0.021464634,-0.027607985,-0.057624063,-0.302153886,-0.790558763,-2.303706184,-0.400626939,-0.542620179,-0.651326867,-0.496161252,-0.444737328,-0.698940961,-1.480312655,-0.797138324,-0.537702041,-0.623126014,-0.304603551,-2.646902573,-0.649601408,-2.296672937,-1.28935131,-0.498952239,-0.350492204,-0.419626462,-1.944127771,-3.301777269,-0.536575208,-1.191468523,-2.684270616,-4.563348102,-17.19837927,-2.2899961,-1.292999722,-2.972504044,-1.208212622,-3.573119552,-7.113167823,-1.739290742,-0.65893258,-0.66120089,-1.828180004,-3.303026703,-6.222799534,-2.34608087,-1.625985479,-1.722369916,-4.928462359,-4.392310994,-1.257006222,-1.57669882,-3.37444779,-6.451725468,-3.687475324,-1.218054775,-1.221402653,-2.185646566,-1.943078442
0,0,1,0,0,0,1,0,0,1,0,1,1,1,0,1,0,1,0,1,1,0,0,0,0,0,1,0,0,0,0,1,1,0,1,0,1,0,1,1,1,0,1,1,0,1,0,0,1,0,0,1,0,1,0,1,1,1,1,0,1,0,0,1,1,0,1,0,0,0,0,0,0,0,1,1,0,1,0,0,0,0,0,0,1,0,0,1,1,0,0,0,0,1,1,1,1,0,0,1,-0.002952432,-0.003555183,-0.004325065,-0.004312501,-0.006313125,-0.007929633,-0.009887108,-0.01228146,-0.016019938,-0.017426085,-0.020683541,-0.023630718,-0.026355067,-0.029479289,-0.034171765,-0.035748782,-0.041949968,-0.048351512,-0.056077171,-0.062384431,-0.0635098,-0.069983422,-0.07781387,-0.100130543,-0.086321712,-0.091454895,-0.114643071,-0.1082695,-0.118774894,-0.127732375,-0.135526892,-0.146318428,-0.162156124,-0.158482744,-0.15601677,-0.157046233,-0.155261992,-0.153975349,-0.150545756,-0.151790654,-0.125942825,-0.130573397,-0.140087151,-0.126059912,-0.123564701,-0.130884181,-0.13512599,-0.13925868,-0.14534641,-0.158425947,-0.169021294,-0.173304002,-0.194493768,-0.20835885,-0.196107181,-0.191509746,-0.232546774,-0.267695116,-0.296570876,-0.333228223,-0.366876812
0,1,1,1,1,1,0,1,1,0,0,1,0,1,0,0,1,1,1,1,0,0,0,1,1,0,0,0,1,0,1,1,1,0,1,0,0,1,0,1,0,0,1,1,1,1,0,0,0,1,0,0,0,0,0,1,1,1,0,1,0,1,1,1,1,0,0,1,0,1,0,1,0,1,0,1,0,1,1,0,0,0,1,1,1,0,0,0,0,1,1,0,1,1,1,0,1,1,1,0,-0.110984321,-0.019134939,-0.032564567,-0.02451391,-0.153083101,-0.165430384,-0.173557662,-0.063994543,-0.057434742,-0.314257125,-0.066069053,-0.10154059,-1.180312513,-0.381251122,-0.378912424,-0.298254774,-0.307132352,-1.274921265,-8.33899371,-0.448033236,-2.136378672,-2.606188218,-0.945767622,-0.428494531,-0.344802884,-0.422793028,-1.789129414,-4.376834253,-0.317877987,-0.888379275,-1.258656953,-1.008205992,-0.692638457,-0.585329465,-0.352095911,-0.654596385,-1.046515188,-8.216017107,-0.8574746,-0.716155536,-1.437705754,-1.956153108,-5.026586568,-1.504414132,-1.437590298,-2.021247896,-5.733215218,-18.33552216,-7.044504586,-6.600007446,-2.629213359,-0.928173876,-0.527122114,-0.335795028,-0.281633623,-0.243790494,-0.175560784,-0.197926907,-0.27787743,-0.229960077,-0.233593139
0,0,1,0,1,0,1,1,1,1,0,0,0,0,0,1,0,1,1,0,0,1,0,1,0,0,0,0,1,1,0,1,1,1,0,1,0,1,0,1,0,0,0,1,1,0,0,0,0,1,0,0,0,1,1,1,1,1,1,1,1,1,0,0,0,0,1,1,1,0,0,0,0,0,1,1,0,0,0,1,1,1,1,1,1,0,0,0,1,0,1,0,0,0,0,0,0,1,1,1,-0.009703936,-0.011094178,-0.700612541,-0.157524204,-0.328742815,-0.031146238,-0.023487384,-0.284765214,-0.169337277,-0.461003452,-0.34528341,-0.116447142,-0.124442963,-1.330982789,-0.279540897,-0.51655638,-0.170189594,-0.51562178,-0.278729714,-3.599430839,-0.449730617,-0.826024561,-0.44968173,-0.784968728,-0.882233061,-1.264332101,-0.361442508,-0.605154401,-0.840796601,-0.612387271,-0.897778479,-0.762205395,-13.48096701,-4.005108152,-4.882112084,-2.331940048,-0.805699468,-0.966145032,-1.131710978,-1.968131704,-1.701302561,-13.79536039,-0.66031932,-7.322370176,-1.121373107,-7.963086366,-1.290885614,-0.461350615,-0.589482771,-0.682148178,-0.866447667,-0.720079135,-4.039486591,-3.43822696,-7.156626591,-8.984052298,-5.122866935,-2.782251198,-7.434274644,-1.98111765,-0.985276683
0,1,0,0,1,0,0,1,1,1,0,0,0,0,1,0,1,1,0,1,1,1,0,1,0,0,0,1,0,0,0,1,0,0,1,0,0,0,1,0,0,1,0,1,0,1,1,1,1,0,1,1,1,1,0,0,1,1,0,1,1,0,0,1,1,0,0,1,0,0,1,1,1,0,0,0,0,1,1,1,1,1,0,1,1,1,1,1,0,1,1,1,0,1,0,1,1,1,0,1,-0.00296344,-0.003552914,-0.004298761,-0.005336821,-0.006295575,-0.007985371,-0.010087315,-0.012530264,-0.013788727,-0.017673122,-0.016463968,-0.024566219,-0.024299741,-0.028671235,-0.032370173,-0.04210898,-0.042835549,-0.05222889,-0.056609528,-0.067509222,-0.058061129,-0.068089698,-0.074010223,-0.079552539,-0.083884521,-0.097372214,-0.094198223,-0.11715173,-0.127049088,-0.134428344,-0.141670897,-0.147539108,-0.151459126,-0.154510313,-0.158094142,-0.150973656,-0.148880217,-0.152584528,-0.143057869,-0.13992539,-0.136963055,-0.135219034,-0.131817832,-0.131444231,-0.129738552,-0.121630972,-0.134155266,-0.145518817,-0.140134627,-0.130216004,-0.151865981,-0.167505604,-0.169716102,-0.17837405,-0.206100036,-0.218038812,-0.243410633,-0.27225769,-0.287165071,-0.314061161,-0.348805594
0,0,1,0,1,0,1,1,0,0,1,1,1,1,0,1,1,1,1,0,0,0,0,1,1,0,0,0,1,0,1,1,1,0,0,1,1,1,1,0,1,0,0,0,1,1,0,1,0,0,0,0,1,1,1,0,1,1,0,0,1,1,0,1,0,1,0,1,0,0,1,1,0,1,1,0,0,0,1,1,0,0,1,0,0,1,0,1,1,1,0,1,0,0,0,0,1,1,1,0,-0.011004203,-0.010345591,-0.056251524,-0.016438183,-0.016237128,-0.017563004,-0.066390235,-0.028612977,-0.060588964,-0.383043376,-0.745850647,-0.25400737,-0.076229728,-6.981972407,-3.326707426,-6.50614275,-0.658206594,-0.758314319,-0.687158928,-0.084948677,-0.196869941,-0.234830999,-0.108143904,-0.111578123,-0.13386532,-0.190221786,-0.282365174,-0.44278169,-0.869171023,-2.958963127,-1.290385402,-17.93388944,-0.943304927,-0.93975864,-1.511111479,-2.497108974,-2.731230215,-4.885423659,-4.745245795,-7.380952543,-3.258015995,-1.735824257,-1.140927175,-0.882750325,-0.758442172,-0.635052097,-0.577879914,-0.546573957,-0.55335877,-0.532281553,-0.547075226,-0.568018394,-0.57093763,-0.59341628,-0.623807175,-0.641317137,-0.726110067,-0.7542216,-0.808563552,-0.911944569,-1.095536704
1,0,0,1,1,1,0,0,0,1,0,1,1,1,1,1,0,1,0,1,1,0,0,1,1,1,1,0,0,1,1,1,0,1,0,1,1,0,1,1,0,1,0,1,0,0,1,0,1,1,1,1,0,1,1,0,0,1,0,0,1,0,1,1,0,1,0,1,1,1,0,1,0,0,0,0,0,0,1,0,0,1,1,0,1,1,1,0,1,0,0,0,1,0,0,1,1,1,0,0,-0.024108548,-2.028029458,-0.08657014,-1.073719492,-0.131069993,-0.281962738,-0.3381317,-0.055364668,-0.042873838,-0.082223806,-0.154226397,-0.051505561,-0.062021912,-0.51844758,-0.107444267,-0.392878487,-0.526500304,-0.423620523,-0.389703342,-0.474481736,-0.693578417,-2.511532414,-3.53650592,-5.544932903,-1.102982291,-1.600445214,-0.84291794,-6.938661138,-0.517325848,-0.163861862,-0.238596209,-0.496043944,-3.506312377,-4.49753773,-1.083608299,-2.536694474,-1.212758268,-0.640951483,-0.297967291,-0.267684817,-0.329721499,-7.755422444,-0.591985744,-0.505613974,-0.562290984,-0.497725412,-0.693395323,-0.894943906,-6.246290095,-2.950297977,-4.332354514,-2.943593557,-3.006992471,-0.862612959,-0.675756857,-0.613962685,-0.603863822,-0.601316308,-0.663549682,-0.769084211,-1.115898432
0,0,1,0,1,1,1,1,1,0,0,0,0,0,0,1,1,0,0,0,1,0,1,1,1,0,1,1,0,0,1,1,0,0,1,0,1,0,1,0,1,1,1,1,0,0,0,0,0,0,1,1,0,1,0,0,0,1,0,0,1,1,0,1,0,1,0,1,0,0,1,1,1,1,0,1,1,0,1,0,1,1,1,1,0,0,1,1,1,0,1,0,0,1,1,0,0,1,1,1,-0.016316827,-0.014457233,-0.013117297,-0.582822355,-0.042304121,-0.038039356,-0.070363449,-3.836930449,-0.198603652,-0.176336523,-0.171854348,-0.175329333,-0.348642182,-0.24562237,-0.556329562,-0.270793782,-0.224183481,-0.256903165,-0.289231437,-0.346518634,-0.825282902,-1.142533647,-0.449774321,-0.293782914,-0.185884525,-0.163435947,-0.207256959,-0.518321333,-1.003214768,-0.156315601,-0.201601146,-1.660841836,-0.345672748,-0.474475508,-1.345795074,-4.153231091,-6.283474368,-0.934899083,-0.608347193,-1.327205592,-5.21198014,-1.630060631,-22.30531209,-1.195412603,-3.074286478,-2.245743723,-0.757447761,-0.416613053,-0.331469927,-0.370442169,-0.339195847,-0.342941152,-0.335926985,-0.383694091,-0.395730263,-0.517988379,-0.616183002,-0.723074479,-0.498540396,-0.968388331,-1.073708968
1,1,1,0,1,0,0,1,1,1,1,1,0,0,1,0,1,0,1,0,1,1,0,1,1,0,1,1,1,1,1,0,1,1,1,0,1,1,0,1,1,0,1,0,1,1,0,0,1,0,1,0,1,0,0,0,1,1,0,0,1,0,1,0,0,0,0,0,1,0,1,0,0,0,1,1,0,0,1,1,0,1,0,0,1,1,0,1,1,0,1,1,1,0,1,0,1,0,1,1,-0.018334095,-0.012596972,-0.0150249,-0.017349495,-0.026680157,-0.040840814,-0.070295801,-0.14172854,-0.290708427,-0.348869444,-0.242071954,-0.163843075,-0.131224033,-0.123807514,-0.13171017,-0.247339659,-0.781783384,-3.0688768,-0.714318271,-0.286276404,-0.180627888,-0.156956441,-0.179196578,-0.313548823,-2.176621505,-0.844530311,-0.129418901,-0.075916429,-0.079677061,-0.112684702,-0.163401551,-0.355066361,-2.594213764,-0.702373821,-0.349141627,-0.371655651,-0.498322334,-0.635867141,-1.052805051,-1.549703384,-1.632118476,-1.403701732,-1.35147336,-1.391450825,-1.483318573,-1.58860764,-1.60440283,-1.644346776,-1.77433966,-2.192918603,-3.636718091,-8.915690232,-8.799229126,-3.389176901,-2.117669848,-1.585740631,-1.397520782,-1.477226253,-2.110345292,-3.84902243,-6.117856555
0,0,0,0,1,1,0,0,1,1,0,0,1,1,0,0,1,0,1,0,0,0,1,0,0,1,1,1,0,1,0,1,1,1,1,1,0,1,1,0,0,1,0,0,1,0,0,1,0,0,0,0,1,1,0,1,1,1,1,1,1,1,1,1,1,1,0,0,1,0,1,0,1,1,1,0,1,1,0,1,1,0,1,1,1,0,1,1,0,0,1,0,0,0,1,1,0,0,1,1,-0.043936621,-0.24375884,-0.308126754,-0.500287995,-0.199416283,-0.053208958,-0.034099185,-0.148317062,-0.118453655,-0.091890394,-0.45097469,-0.947403562,-0.340265041,-1.005552438,-0.613356643,-0.287995298,-0.800901903,-0.090685033,-0.167374939,-2.765429556,-0.138408685,-0.912752835,-0.2035606,-0.098727269,-0.141172618,-0.477243982,-4.521042522,-1.493751326,-3.215912438,-2.329136054,-6.12977124,-0.718689513,-14.67712859,-2.977515915,-0.621368758,-1.348982497,-5.652725358,-2.029383773,-1.067549875,-1.193534229,-7.527891532,-0.561540421,-0.557639146,-0.550005929,-20.64744618,-0.30397882,-2.944438605,-1.513431891,-1.038762049,-1.070167025,-6.181821234,-5.599130552,-1.704925526,-3.370367967,-2.471409757,-3.320526425,-2.776542359,-2.503473567,-8.99833197,-14.1017655,-5.082146981
1,1,0,1,0,1,0,0,1,1,1,1,0,0,0,0,0,0,1,0,0,1,1,0,1,0,0,1,1,0,1,1,1,1,0,1,1,0,0,0,0,1,1,0,0,1,1,0,0,0,1,0,1,1,0,1,0,1,1,1,1,1,0,0,1,1,0,1,1,0,0,1,1,0,0,0,1,1,1,0,1,0,1,0,0,0,0,0,0,1,1,1,1,0,0,0,1,0,0,0,-0.010495141,-0.014103906,-0.019630138,-0.041364538,-0.030922598,-0.041447729,-0.056801508,-0.081178018,-0.120839774,-0.168802114,-0.238839652,-0.313069318,-0.286343909,-0.255367535,-0.206885428,-0.174337646,-0.144000164,-0.120846033,-0.104871717,-0.090755359,-0.079896653,-0.087640686,-0.071800405,-0.078375198,-0.071467187,-0.086427599,-0.104267804,-0.135374985,-0.186403253,-0.28671117,-0.472429599,-0.785682358,-1.175997912,-1.224131088,-0.89971641,-1.428652662,-0.372898116,-0.313343765,-0.309511263,-0.296150471,-0.286057388,-0.281166231,-0.2857876,-0.290061937,-0.290990288,-0.301945769,-0.294465517,-0.287031955,-0.284016071,-0.290962984,-0.31825441,-0.420050264,-0.903357372,-3.930791041,-6.790987397,-3.358508151,-2.54544389,-2.544047014,-2.902967526,-3.149417653,-3.312188947
0,0,1,0,1,1,0,0,1,0,0,1,0,0,1,1,0,0,0,0,0,1,1,1,0,0,1,1,1,1,0,0,0,1,0,1,0,1,1,1,0,1,0,0,1,0,0,0,0,0,0,0,0,1,1,1,1,1,0,0,0,1,0,1,0,0,1,1,0,0,1,0,0,1,0,1,0,1,0,0,1,1,0,1,1,1,0,1,1,1,1,0,1,0,1,1,0,1,1,1,-0.00301132,-0.003546864,-0.004298043,-0.005265973,-0.006515713,-0.008096838,-0.009997432,-0.012428175,-0.014758695,-0.018121203,-0.021207738,-0.024071879,-0.026733364,-0.029382494,-0.033593308,-0.03652297,-0.043774863,-0.049394562,-0.055446776,-0.059861553,-0.068166686,-0.062904164,-0.074154156,-0.081605551,-0.089811094,-0.098496003,-0.110137986,-0.104771049,-0.119256934,-0.132632223,-0.146075158,-0.152940808,-0.116369394,-0.142285225,-0.151819329,-0.148560523,-0.151476017,-0.15017558,-0.14587605,-0.137847565,-0.13510524,-0.133922419,-0.134273712,-0.131787733,-0.130050409,-0.130774794,-0.138740437,-0.152668246,-0.147494051,-0.157975843,-0.159169232,-0.161280543,-0.165475709,-0.19092955,-0.208960207,-0.222589353,-0.244298372,-0.236803841,-0.270808597,-0.302329794,-0.342244692
0,0,0,1,1,1,0,0,0,0,1,0,0,1,0,1,1,1,0,1,1,0,1,0,1,0,1,1,1,0,1,1,1,0,0,1,1,0,1,0,0,1,0,0,0,1,0,1,0,0,0,0,1,0,1,0,1,0,1,0,0,0,1,1,0,1,1,0,0,0,0,1,1,0,1,0,0,0,1,1,0,1,1,1,1,0,0,0,0,1,1,0,1,0,1,1,0,0,0,1,-0.214344422,-0.13405204,-0.041537569,-0.16315562,-0.04477982,-1.411578908,-0.017183184,-0.042795702,-2.93603776,-0.138969314,-0.240282293,-0.465321542,-0.364633892,-0.181545127,-0.969082251,-0.621158314,-0.431888394,-0.10447084,-0.070253721,-0.076890409,-0.118540981,-0.540356538,-0.378886111,-0.166802192,-0.23049789,-0.633657461,-0.906586977,-1.100683471,-0.835715511,-0.645768928,-0.638163171,-0.981629371,-7.77740291,-1.944656078,-0.984426357,-0.907072507,-0.689665125,-2.291339967,-1.235110058,-0.504935212,-0.383183397,-0.306084484,-0.277800141,-0.256963345,-0.249505581,-0.285276296,-0.427694158,-1.087131828,-5.284694665,-10.54341898,-6.032951068,-3.651509609,-2.826101883,-3.037592626,-8.073379643,-4.473245551,-2.309849338,-2.017547121,-1.541392791,-1.612252272,-3.783999823
1,0,0,1,0,1,1,1,0,1,0,0,1,0,1,1,1,1,1,1,0,0,0,1,1,1,1,0,1,0,0,0,1,0,1,0,1,1,1,0,0,1,0,1,1,0,0,0,1,0,1,1,1,1,0,0,0,1,1,0,1,0,1,1,0,1,1,0,1,0,1,0,0,1,1,1,0,0,0,0,1,1,1,1,1,0,0,1,1,1,1,0,0,0,1,1,1,0,0,0,-0.003030413,-0.003362534,-0.004303104,-0.005707156,-0.006535278,-0.007742939,-0.009744894,-0.012194481,-0.015408222,-0.017640202,-0.020772356,-0.023676865,-0.026427544,-0.029236459,-0.03418989,-0.041358871,-0.042397778,-0.049196697,-0.059992815,-0.061562168,-0.069399475,-0.077987895,-0.067559019,-0.074881672,-0.085184095,-0.093037418,-0.109977624,-0.119980635,-0.133671096,-0.12730794,-0.133913979,-0.124876283,-0.137614603,-0.145139669,-0.159019086,-0.149585116,-0.151520088,-0.14833418,-0.143003562,-0.141912419,-0.133497425,-0.130131954,-0.134260009,-0.124422083,-0.127502223,-0.13028515,-0.134541767,-0.143173822,-0.153128135,-0.150778294,-0.162904401,-0.160825053,-0.179604372,-0.192066245,-0.198336479,-0.205343634,-0.23896829,-0.282955798,-0.340567654,-0.414007567,-0.378481146
0,0,0,1,1,1,0,0,0,1,0,1,1,1,0,0,0,0,1,1,1,1,0,1,1,0,0,0,1,1,0,1,1,1,1,1,0,1,0,1,0,0,1,0,1,1,0,1,0,0,1,1,0,1,0,0,0,0,0,1,0,0,1,0,1,0,1,1,1,1,1,0,1,0,1,0,0,1,1,0,1,1,1,1,0,0,0,0,0,1,1,0,1,1,0,1,1,0,1,1,-0.018521961,-0.015190357,-0.02492998,-0.47869078,-0.167542646,-0.180908728,-0.031427678,-0.017694258,-0.084105404,-0.018112657,-0.725388599,-2.305104953,-0.133470646,-0.107279885,-1.595228173,-0.115756826,-0.075979842,-0.068016138,-0.081764021,-0.083270174,-0.598375928,-0.164390778,-0.159202014,-0.208126014,-0.52471954,-2.387146552,-1.555057927,-1.509910464,-2.276403398,-4.432018296,-4.146405127,-1.825475142,-4.477333824,-4.810078231,-4.177329555,-2.601937234,-1.751479612,-2.17018554,-1.356017273,-4.083207363,-0.81797599,-0.828758484,-0.962951319,-1.164364888,-1.454016777,-1.890188845,-2.077565762,-3.353715388,-5.004357058,-4.007477237,-9.760114567,-7.149267474,-1.925614623,-1.146005849,-0.949764399,-0.905107507,-0.942221048,-1.037381674,-1.279567607,-1.991289832,-7.641557513
0,1,1,1,0,0,0,1,0,0,0,1,0,0,0,1,0,0,1,0,0,1,1,1,1,1,0,0,0,1,1,1,1,1,0,0,0,1,0,0,1,1,0,0,1,0,0,1,0,1,1,0,1,1,0,0,0,0,0,1,1,0,0,0,0,0,0,0,0,1,0,1,0,1,0,0,1,0,1,1,1,1,0,1,0,0,1,0,0,0,0,0,1,1,0,0,1,1,1,1,-0.00595507,-0.007462301,-0.009120445,-0.006654044,-0.013046335,-0.016124129,-0.020164194,-0.022473865,-0.028153493,-0.031761774,-0.036613523,-0.041253823,-0.047338945,-0.030301929,-0.03479644,-0.03782648,-0.03206734,-0.031334021,-0.031440918,-0.029182441,-0.031130755,-0.033351033,-0.032379371,-0.045869126,-0.041919666,-0.044801613,-0.051642882,-0.068951036,-0.068781058,-0.070152901,-0.106579913,-0.135172929,-0.172081367,-0.220755188,-0.235805788,-0.246701677,-0.30650664,-0.334096754,-0.356379232,-0.381794313,-0.413188529,-0.437350209,-0.475037843,-0.453337783,-0.46776854,-0.488785463,-0.520864254,-0.557022615,-0.715333554,-1.015437036,-1.47994894,-0.948158184,-0.829054512,-0.965843039,-1.132110161,-1.325680549,-1.510910337,-1.816002931,-1.949830809,-2.34426008,-2.771327047
0,0,0,0,1,0,1,0,1,1,1,1,1,1,0,0,1,0,1,0,0,1,0,0,1,0,0,0,1,1,0,0,0,0,0,0,0,1,0,1,1,0,1,0,1,0,0,1,1,1,1,0,0,1,0,1,1,0,0,0,0,1,0,1,1,0,0,0,1,0,1,1,0,0,1,1,0,0,0,1,0,1,0,1,1,0,0,0,0,0,0,1,1,1,1,0,0,1,0,1,-0.01032701,-0.016340646,-0.025913439,-0.03729731,-0.049580819,-0.077552198,-0.658461442,-0.056283376,-2.187736107,-0.047302857,-0.054012239,-0.15775855,-0.373931047,-0.421893845,-0.489053253,-0.111555307,-0.0980637,-0.247852883,-0.471590432,-0.637199743,-1.89487779,-0.340569103,-0.187943586,-0.215359435,-0.156798821,-0.18079483,-0.283276301,-0.29852035,-5.280178456,-0.428820981,-0.151075576,-0.174633521,-0.269656354,-0.941654037,-2.801697318,-0.27683463,-0.228306972,-0.198987588,-0.206802916,-0.259118165,-0.512888611,-0.287648844,-0.351973111,-0.535848737,-0.386165288,-0.388770479,-0.418490592,-0.454483049,-0.495828303,-0.550703668,-0.616167703,-0.56027616,-0.582910572,-0.584844931,-0.641709228,-0.693888338,-0.722911581,-0.80843247,-0.87946218,-0.925104679,-1.03356732
0,1,1,1,1,1,1,1,1,1,0,1,1,0,0,0,1,0,1,0,1,1,1,1,1,0,0,1,1,0,0,0,1,0,0,0,0,1,1,0,1,1,0,0,1,1,0,0,0,0,0,1,1,1,1,0,0,0,0,0,0,0,1,1,0,0,0,0,1,1,0,0,1,0,0,0,0,1,0,1,0,1,1,1,0,1,0,0,1,1,0,1,1,1,0,0,0,1,0,1,-0.003150998,-0.003700521,-0.004067374,-0.005130629,-0.006503584,-0.008018215,-0.009873539,-0.012284022,-0.015014351,-0.018032695,-0.021117945,-0.024312105,-0.026698823,-0.029710321,-0.033418798,-0.041731604,-0.041021206,-0.049345442,-0.04016724,-0.054536724,-0.063962032,-0.070160981,-0.075234381,-0.082934494,-0.088725902,-0.097781876,-0.103115736,-0.115255691,-0.120448884,-0.131415309,-0.142885498,-0.148096269,-0.151391303,-0.157065634,-0.149676276,-0.165090348,-0.160551758,-0.158259117,-0.151971278,-0.146313117,-0.144469583,-0.13958602,-0.140908041,-0.138379381,-0.148238884,-0.139427328,-0.146420879,-0.155976599,-0.176827711,-0.205627775,-0.236608682,-0.154120344,-0.180644947,-0.175221022,-0.196241025,-0.217556154,-0.234919459,-0.223584464,-0.256350082,-0.263750641,-0.30108106
1,0,0,0,1,0,1,1,1,1,0,0,0,0,1,1,0,1,1,1,0,0,0,0,1,0,0,0,0,1,1,0,1,0,0,0,1,0,1,1,1,0,0,0,1,1,1,1,1,0,1,1,1,1,1,0,0,0,0,0,0,0,1,1,0,1,1,1,1,1,1,0,0,1,1,1,1,0,1,1,1,0,0,1,1,1,0,1,1,1,1,0,1,1,0,1,0,1,0,1,-0.04520547,-0.441867655,-0.127742711,-0.195227476,-1.304427035,-0.139573253,-0.046871785,-0.059208744,-0.24642198,-0.162003978,-0.086701198,-0.082190556,-0.119269371,-0.500835032,-0.349522536,-0.301462985,-0.034137727,-0.02017503,-0.015276308,-0.011921665,-0.010379448,-0.010459414,-0.021430938,-0.081724115,-1.097507724,-0.619460095,-0.591096252,-5.322485502,-0.22565303,-0.125150476,-0.370158416,-1.156789623,-0.380481609,-0.910964436,-5.118864241,-10.12953069,-2.552081871,-1.2599744,-0.740615978,-0.700391823,-1.000955407,-8.042598162,-5.949120851,-4.650634568,-7.144393754,-1.271466876,-1.82197123,-2.07905788,-0.70967422,-0.713110094,-2.329144733,-4.861674842,-1.8472098,-1.301410524,-1.658841335,-3.36673138,-10.8424103,-5.230644408,-4.34729827,-5.800520185,-7.540118368
1,0,0,1,1,1,0,0,1,1,0,1,0,0,0,0,0,1,0,1,1,1,1,0,1,0,0,1,1,1,0,1,0,1,0,1,1,0,0,1,0,0,0,0,0,1,0,0,1,1,1,0,1,0,0,0,1,1,0,1,0,0,0,0,0,0,1,1,1,1,0,1,0,0,1,0,1,0,1,0,1,0,0,1,1,0,1,0,0,1,1,0,0,0,0,0,1,0,0,1,-0.01653035,-0.097932785,-1.696751235,-0.09273273,-0.162185408,-0.657044313,-0.810817775,-0.605536275,-0.214126274,-0.933429101,-0.255361807,-0.168295994,-0.51548554,-0.249172151,-0.937013345,-0.832397099,-6.390682154,-0.484401626,-2.886453041,-0.285523873,-0.215284148,-0.274850944,-1.286307042,-0.575080353,-0.501845046,-1.26396169,-3.202961063,-5.430773418,-7.188663892,-3.654640235,-1.133261057,-1.951005685,-1.028455994,-0.677316826,-0.635494022,-3.491337619,-2.351768351,-0.822081611,-1.187867577,-1.060215654,-3.528028218,-2.791918748,-0.751730663,-0.759339763,-1.034177093,-2.077462939,-8.529340141,-6.751258465,-1.883173331,-1.027240987,-1.99373452,-13.08248877,-4.192087039,-2.521232958,-4.315949191,-5.918217053,-2.152072724,-2.215556061,-2.027985977,-1.50281461,-1.551159729
0,0,0,1,0,1,0,0,0,1,1,1,0,0,1,1,0,0,0,1,1,0,0,0,1,0,1,0,0,1,1,1,0,1,1,1,1,1,1,1,1,1,1,0,1,1,1,0,1,0,1,1,1,0,0,0,0,1,0,0,1,1,1,1,1,1,1,0,0,0,0,1,0,0,0,1,1,0,1,0,1,1,1,1,0,1,1,1,1,1,0,0,1,1,1,1,1,1,1,1,-0.045466738,-0.044352994,-0.036997191,-0.065017522,-0.121169254,-0.43025616,-1.565757959,-5.230066634,-0.114821783,-0.183876855,-0.036643964,-0.049026036,-0.064768225,-0.54911687,-0.559492153,-0.20188766,-0.301457026,-0.491843762,-0.154599007,-0.690851555,-0.262008878,-0.724386373,-0.3000651,-1.067010369,-0.709718561,-0.216917697,-0.328071985,-0.348661054,-0.222830132,-0.273485544,-0.446814167,-1.214099751,-2.511953754,-0.805457378,-3.754168681,-5.732677953,-1.450109669,-5.875657201,-1.210235124,-5.841474248,-12.90321154,-2.940877574,-2.479236939,-6.751911667,-5.146770066,-5.718469806,-6.541954292,-4.828368726,-3.543267155,-23.45597816,-4.813103721,-18.0312669,-2.669463325,-2.274320972,-10.78395029,-5.377435621,-5.427873449,-3.595397075,-12.48686821,-9.226120418,-3.385020385
1,1,0,0,1,0,0,0,0,0,1,1,1,0,1,0,1,0,1,1,1,1,0,1,0,0,0,0,0,0,0,1,0,1,0,0,1,1,0,0,0,1,0,0,0,0,0,1,1,0,0,1,0,1,0,0,0,1,1,0,0,0,1,0,1,1,1,0,0,0,0,0,1,0,1,1,1,0,1,0,1,1,1,0,1,0,0,0,0,1,0,1,1,1,0,0,0,1,0,1,-0.01636507,-0.016149192,-0.019749179,-4.654266185,-0.054680394,-0.009515043,-0.013106662,-0.77932729,-0.042280765,-0.100909063,-0.764810684,-0.328588863,-1.508084906,-1.261055812,-0.168835025,-0.78647843,-0.115840795,-2.937935397,-0.048866486,-0.045300184,-0.232308322,-0.130026484,-0.196020807,-3.218065134,-0.439117827,-0.873577884,-0.132004829,-0.165156334,-0.081216834,-0.197548652,-0.341943319,-5.918721634,-14.79007707,-11.83861346,-1.902515139,-1.415427742,-2.806802013,-5.482742134,-3.439649942,-1.519057495,-2.285523403,-6.563446537,-4.297122819,-2.934234914,-3.807240163,-0.975937219,-0.865224908,-0.938375466,-1.769246764,-3.013452579,-2.110746085,-2.082503376,-2.507230889,-5.166110725,-2.327494675,-2.21188276,-2.600298932,-2.956232371,-3.609860605,-4.69425841,-6.627683289
0,1,1,1,1,1,1,1,0,1,1,0,0,0,1,1,1,0,0,0,0,0,1,0,1,0,1,1,1,0,1,1,1,1,1,1,0,0,1,1,0,0,1,0,1,1,0,1,1,0,1,1,1,1,0,1,0,1,1,1,0,0,1,0,0,1,1,1,1,1,0,1,0,1,0,0,0,0,1,1,1,1,0,0,1,1,0,1,0,0,1,1,1,0,0,1,0,1,0,0,-0.084649536,-0.027737434,-0.019318717,-0.017455356,-0.020802443,-0.269327852,-0.046033375,-0.041200089,-0.049053891,-0.294868439,-0.918585024,-0.47387398,-0.073452549,-0.333509702,-0.193115857,-0.069095982,-0.137619457,-0.364463333,-1.580511415,-0.529015442,-0.239911252,-0.492141544,-0.543844339,-1.799070627,-6.244402727,-1.063274382,-0.364451414,-0.225928077,-0.167018486,-0.231708727,-0.549584365,-0.117837384,-0.142611628,-1.046010567,-3.432905191,-0.675860423,-1.406265803,-0.210169934,-0.15497801,-0.162897785,-0.285625961,-0.584406419,-6.280157687,-2.121271817,-1.525857085,-5.358298277,-4.74256919,-4.108051714,-9.950734614,-5.827644988,-12.9854081,-2.112737798,-0.979094189,-0.803228405,-0.82108936,-0.419518649,-0.390306349,-0.427924432,-1.22722067,-1.645745233,-6.882222427
0,0,0,1,1,0,1,0,0,0,1,0,1,1,0,1,0,0,1,1,0,0,1,1,0,0,0,0,1,1,0,1,1,1,1,1,0,1,1,0,0,1,0,0,1,0,1,0,0,1,1,1,0,0,0,1,1,1,0,1,0,0,0,0,1,0,1,1,0,0,1,1,1,1,1,1,0,1,1,1,0,0,1,1,0,1,0,1,0,0,1,0,0,0,1,0,0,1,1,0,-0.002491243,-0.003473482,-0.004256424,-0.005177837,-0.006825236,-0.00683724,-0.009541066,-0.011935619,-0.014671104,-0.0177471,-0.02523526,-0.023533425,-0.026580111,-0.02370209,-0.031027282,-0.035558543,-0.04064346,-0.046493485,-0.048560195,-0.055879771,-0.064626218,-0.071876051,-0.075376935,-0.080157297,-0.084284232,-0.10423728,-0.105226293,-0.115869194,-0.121408221,-0.130394824,-0.136562197,-0.144207546,-0.145020225,-0.149371454,-0.155497372,-0.164896092,-0.151767912,-0.145009128,-0.142918394,-0.13803287,-0.133396661,-0.129149346,-0.127984882,-0.128438658,-0.125621949,-0.136006047,-0.146569908,-0.121299005,-0.137605651,-0.141499144,-0.152895284,-0.166544009,-0.179921463,-0.153185351,-0.183414891,-0.232537116,-0.229209593,-0.227822361,-0.278975335,-0.333380787,-0.368459816
0,0,0,0,0,1,1,1,0,1,1,0,1,1,1,1,0,1,0,0,1,1,1,1,0,0,0,0,0,1,1,0,1,0,1,1,1,1,1,0,1,0,0,0,1,0,1,1,0,0,1,0,0,0,0,1,0,0,1,1,0,0,0,0,0,0,0,1,1,0,0,0,1,1,1,0,1,1,0,0,1,1,0,1,1,0,1,0,1,0,1,0,0,1,0,1,0,0,0,0,-0.15901965,-0.090876583,-0.186961109,-0.203826043,-0.080728966,-0.225586894,-0.361638166,-0.099747157,-0.028542759,-0.022089897,-0.162065675,-0.040527015,-0.034910356,-0.034631862,-0.078403161,-0.166654552,-0.059542203,-0.09629251,-0.050226425,-0.094405926,-0.501249497,-7.280448753,-0.75676489,-6.196779073,-0.581881091,-0.979761846,-0.311717873,-0.334798236,-0.417138618,-0.90776911,-0.785830781,-1.163050745,-4.925309901,-3.656480589,-1.850985817,-4.656805101,-1.702865081,-2.618049482,-3.668838969,-6.906622431,-3.528954598,-28.64012754,-4.899006799,-6.630633007,-3.667244817,-1.708313471,-0.715286472,-0.726863447,-0.88976283,-6.111382226,-3.458593438,-3.169443784,-28.40116805,-4.444726614,-1.732446085,-1.019782022,-0.812456886,-1.746588444,-0.833642162,-4.015264085,-0.819682784
1,0,0,0,1,1,0,0,1,1,1,0,0,1,1,1,1,0,0,1,0,0,0,0,0,0,0,1,0,1,0,0,1,0,1,1,0,0,0,0,1,0,1,0,0,0,1,1,1,1,0,1,1,1,1,0,0,1,0,1,1,1,1,0,1,0,0,0,0,0,0,0,1,1,0,0,1,0,0,1,1,1,1,0,0,1,0,0,1,1,0,1,0,0,0,1,1,1,1,1,-0.005925203,-0.011456415,-0.015012717,-0.018850751,-0.022807176,-0.026984516,-0.031186495,-0.035358119,-0.03981073,-0.045339906,-0.058898057,-0.053852487,-0.059963148,-0.072710931,-0.065702138,-0.067498316,-0.070813799,-0.07531596,-0.080828562,-0.090432379,-0.107639767,-0.122506782,-0.178522003,-0.293260489,-0.646559366,-2.442790795,-4.51082562,-1.001563875,-0.419045668,-0.207500678,-0.155312683,-0.13304596,-0.114078548,-0.120718364,-0.139330098,-0.179563829,-0.26563404,-0.478407985,-1.307008258,-10.64588458,-2.946562205,-0.853569662,-0.530297886,-0.363600252,-0.3207522,-0.295718248,-0.272164984,-0.267950949,-0.255061319,-0.292066194,-0.290187031,-0.288548048,-0.279213077,-0.284277827,-0.283310802,-0.281199253,-0.283319404,-0.293351393,-0.311979692,-0.341144678,-0.384681014
0,1,1,1,0,0,0,0,1,1,0,0,1,0,0,1,0,1,0,0,0,1,1,1,1,0,1,0,1,1,0,1,1,0,1,1,1,1,1,1,0,0,1,1,0,1,0,0,0,0,0,0,1,0,1,0,0,1,1,1,1,0,1,1,1,0,1,1,1,1,1,1,1,1,0,1,0,1,1,0,0,0,1,1,0,1,1,0,1,0,1,1,1,1,1,1,1,1,1,0,-0.016151544,-0.029205516,-0.066251725,-0.121814809,-0.089611176,-0.089066783,-0.043074821,-0.050498333,-0.054271356,-0.179350696,-0.048339918,-0.106337705,-0.485130062,-3.863184095,-0.333750742,-0.506132621,-0.797993397,-0.383992155,-0.705041786,-0.216219501,-0.095693438,-0.131978131,-5.513506395,-0.636353218,-0.362128019,-0.113936562,-2.019317018,-1.0937631,-2.543260521,-0.83555229,-3.492799965,-3.890049626,-1.196223853,-1.916036361,-1.192699303,-2.94953796,-5.667320424,-2.853984425,-7.441974377,-4.362144542,-3.561462475,-5.211539237,-3.317407827,-2.937457686,-5.048956968,-1.221579583,-2.174716834,-1.124363143,-1.95536023,-2.725404655,-5.231248724,-12.04718176,-0.87917123,-0.430298887,-0.508754093,-0.782810231,-0.931910172,-0.477406304,-0.500409406,-0.583606338,-0.885993822
0,1,0,0,1,0,1,0,1,1,0,0,0,0,1,1,1,0,0,1,1,1,0,0,0,1,1,1,1,0,0,1,1,1,0,0,0,1,1,1,1,1,1,1,1,0,1,0,0,0,1,1,0,1,0,1,1,1,1,0,1,0,1,0,1,0,1,1,0,1,1,0,1,0,0,1,0,0,1,1,1,1,0,0,0,0,0,0,0,0,1,1,1,0,0,1,1,1,1,0,-0.038376891,-0.011417076,-0.283399551,-0.533715208,-0.016911811,-0.341927114,-0.022895201,-0.069416207,-1.452188693,-0.2558664,-0.245399116,-0.23762796,-0.591098693,-0.230448754,-0.484294024,-0.152363512,-0.130000829,-0.096313771,-0.288611239,-0.097609314,-0.23315224,-1.501507175,-0.116485075,-0.097316192,-0.230315408,-2.798959331,-1.406690574,-1.716570487,-4.183395704,-0.668071862,-0.265930443,-0.241163545,-0.340039405,-0.388248427,-10.38051654,-0.222567933,-0.100285942,-0.113785521,-0.133974202,-0.151523087,-0.16661888,-0.236003125,-0.788895666,-0.384249369,-0.474692957,-0.766155558,-0.345602197,-0.354537808,-0.408184584,-0.435272545,-0.483862237,-0.560865913,-0.640318579,-0.728878797,-0.970411928,-1.589247612,-1.737417751,-2.764136089,-5.639652222,-8.573823458,-12.64035809
1,0,0,0,1,0,1,1,0,0,1,0,0,1,0,1,1,0,0,0,0,0,0,1,0,1,0,0,0,1,1,0,1,0,1,1,1,0,1,0,1,1,1,0,1,0,1,1,1,1,0,0,1,0,0,0,1,1,1,0,1,0,1,1,1,0,1,0,0,0,0,0,0,0,0,0,0,0,0,0,1,0,1,0,0,0,0,1,1,0,0,0,1,0,0,0,0,1,0,1,-0.002983822,-0.003550501,-0.00428772,-0.005252688,-0.00654319,-0.008387414,-0.00992129,-0.012366203,-0.015092885,-0.018207054,-0.02103684,-0.020576603,-0.019561664,-0.028724566,-0.032967425,-0.036891086,-0.042153031,-0.046637437,-0.05322629,-0.060364089,-0.065333643,-0.07027238,-0.07211752,-0.081448193,-0.087636534,-0.095156031,-0.111107558,-0.1138851,-0.12396374,-0.132587272,-0.136393186,-0.142422281,-0.158688288,-0.148299436,-0.152201524,-0.156671148,-0.156927537,-0.15113904,-0.145657641,-0.144810492,-0.142116704,-0.13716156,-0.13270487,-0.134259798,-0.136258186,-0.142686479,-0.149869836,-0.158697224,-0.172858928,-0.1879477,-0.232360188,-0.153093521,-0.146732362,-0.156892632,-0.208572993,-0.214686772,-0.226149704,-0.24856979,-0.259665092,-0.280246885,-0.31295784
0,0,0,1,0,1,1,1,1,1,0,0,1,0,1,0,1,1,1,1,0,1,0,1,1,0,1,0,0,1,1,1,0,1,0,1,0,0,1,0,1,1,0,1,0,1,1,0,1,0,0,0,0,0,0,0,1,0,1,0,0,0,1,0,1,0,0,0,1,0,0,0,0,1,0,0,1,1,0,0,0,0,0,1,0,1,0,0,0,0,0,1,1,1,1,0,0,1,1,1,-0.015967413,-0.013722215,-0.080908691,-0.019020037,-0.019317013,-0.016681921,-0.018907048,-0.022671547,-0.028003073,-0.042676568,-0.048932602,-0.077623155,-0.454485837,-0.465715369,-0.040483796,-0.035080564,-0.038601212,-0.043298362,-0.046124509,-0.171593064,-0.142301275,-0.103168167,-0.127897498,-0.164727785,-0.28116055,-0.525027562,-9.752980381,-0.510468939,-0.120665131,-0.168706908,-0.275431609,-0.376874786,-0.421662621,-0.525359097,-0.663785768,-0.912245295,-1.511654759,-33.41679238,-1.9561482,-1.456800086,-1.443226809,-1.496661277,-1.488346782,-1.442499299,-1.478242028,-1.360392259,-1.213847797,-1.107620955,-1.134363682,-1.450732062,-12.65373615,-2.202647216,-1.34114288,-1.01144569,-0.9330685,-0.82531232,-0.778413188,-0.716868453,-0.666767278,-0.588292655,-0.611811668
1,1,0,0,0,1,0,1,0,0,0,1,1,0,1,0,1,1,0,0,0,1,0,1,1,0,0,1,1,1,1,1,1,1,0,0,1,1,0,0,1,1,0,1,0,1,0,0,1,0,0,0,0,1,1,0,1,1,0,1,1,1,0,1,0,0,0,1,1,0,1,1,0,0,0,0,0,1,0,1,0,0,1,1,1,1,1,0,0,1,1,1,1,1,1,0,0,0,1,0,-0.027417328,-0.045104238,-0.652523367,-0.014752302,-0.023796505,-0.010003644,-0.012948746,-0.030009033,-0.017500626,-0.016214759,-0.698390009,-0.175936992,-0.081353254,-0.267937193,-0.427868193,-0.150796308,-0.143923621,-0.129734636,-0.150461051,-0.184442106,-0.231625741,-0.298405693,-0.412617533,-0.742996595,-0.383366348,-0.404206521,-0.38544452,-0.343965116,-0.2592711,-0.209392267,-0.222822493,-0.174537668,-0.152862718,-0.164997439,-0.134777888,-0.127448466,-0.140920706,-0.171034912,-0.236599938,-0.352877396,-0.598968889,-1.025831662,-2.175530689,-4.71596064,-5.269567458,-3.251143192,-2.267824941,-1.66981116,-1.363956078,-1.179958581,-1.081764312,-1.01690191,-0.960660299,-0.922544333,-0.915065988,-0.867070019,-0.865351187,-0.924230145,-0.990970305,-1.025998247,-1.121712489
1,0,0,0,0,1,1,0,0,1,1,0,1,0,0,0,0,0,0,0,0,1,1,1,0,0,0,1,1,1,1,0,1,0,0,0,0,0,0,1,1,0,0,0,1,0,0,0,0,0,1,1,1,0,0,0,0,1,0,1,0,1,1,0,1,0,1,0,0,0,1,1,1,0,1,1,1,0,1,1,0,0,1,1,0,0,0,1,1,1,1,1,0,1,0,1,0,0,1,0,-0.016934641,-0.016102548,-0.012512145,-0.009512438,-1.890012236,-0.078681782,-0.154474726,-1.001242611,-9.635010925,-0.053178819,-0.06595404,-0.102264168,-13.34088723,-0.347187256,-0.4626281,-0.56210047,-0.275370783,-0.133520997,-0.090177218,-0.080213257,-0.084882429,-0.12834411,-0.832540626,-0.691936246,-2.959022743,-1.606187449,-0.378687764,-0.184168929,-0.116367213,-0.093357328,-0.087104854,-0.147242036,-0.142405693,-0.096379288,-0.115510774,-0.355488066,-0.242604897,-0.145190741,-0.157219539,-0.204959032,-0.403775107,-4.379104961,-1.565562616,-2.488824993,-0.419867588,-0.322442476,-0.302646075,-0.31287253,-0.479133047,-0.581581797,-0.35584217,-0.321111526,-0.29848672,-0.276984298,-0.275432289,-0.298023255,-0.418706903,-0.688098335,-0.531614782,-0.438440546,-0.443850937
0,1,0,0,1,0,1,1,1,1,0,0,0,1,0,1,1,0,1,0,0,0,0,1,1,1,1,0,1,0,1,0,1,0,0,1,0,0,1,1,1,1,1,0,0,0,0,0,0,1,0,0,0,1,0,0,1,0,0,1,0,1,1,1,1,1,1,0,0,0,1,1,0,1,0,0,1,1,1,1,1,0,0,0,1,0,0,0,1,1,1,0,1,1,0,1,0,1,1,1,-0.002891808,-0.003528994,-0.003953293,-0.005065341,-0.006521913,-0.008195876,-0.009634732,-0.012120654,-0.014693103,-0.017699759,-0.020747327,-0.023450059,-0.027381375,-0.031220275,-0.022541956,-0.038285102,-0.046010962,-0.028402764,-0.049713963,-0.055512851,-0.077077809,-0.066220754,-0.074298295,-0.07930672,-0.086443189,-0.098366751,-0.104248786,-0.111303726,-0.11974512,-0.136800907,-0.133168987,-0.161697266,-0.148456286,-0.162605328,-0.153683443,-0.160777538,-0.143932293,-0.147929956,-0.145729679,-0.139636798,-0.131853536,-0.133066889,-0.110205965,-0.103218682,-0.121435239,-0.128200889,-0.1372833,-0.13456466,-0.146880191,-0.151064272,-0.16018392,-0.172936366,-0.181646016,-0.199291938,-0.175339052,-0.215876022,-0.213680783,-0.261040108,-0.300665944,-0.347289249,-0.395344159
0,1,1,0,1,1,0,1,0,1,1,0,1,0,0,0,0,0,0,0,1,0,0,1,0,0,1,1,0,0,0,0,0,0,1,1,0,1,1,0,1,1,1,0,1,0,1,1,1,0,1,1,1,0,1,0,0,1,1,1,1,1,1,0,0,0,0,1,1,1,1,0,1,1,1,0,0,0,0,1,1,1,0,0,1,0,0,1,0,0,1,1,0,0,0,0,1,0,1,0,-0.150879826,-0.045435205,-0.783230301,-0.72169623,-0.022430282,-0.01745407,-0.108397281,-0.102404729,-0.022583653,-0.021602809,-0.024776207,-0.035671205,-0.059894712,-0.405663811,-0.642652797,-0.319132544,-0.095141203,-0.036020527,-0.04431186,-0.202586928,-0.053948514,-0.058486098,-0.071539063,-0.094680099,-0.198594866,-0.523466278,-0.829858455,-6.969525748,-2.515507959,-2.142050055,-1.871136393,-1.689128317,-0.657334691,-0.686040589,-1.058917189,-2.652759272,-2.247754958,-1.08504972,-1.154962673,-0.538026747,-0.574776078,-0.754747176,-1.278026423,-1.674160666,-2.254360893,-7.208969405,-4.050215396,-1.071585553,-0.904572175,-0.55540232,-1.526374639,-2.072273175,-0.914650805,-0.648752504,-0.567576272,-0.75567261,-0.971968789,-0.625670206,-0.651344282,-0.634035323,-0.801451888
0,1,0,0,0,0,0,0,1,1,1,1,0,0,1,0,1,1,1,1,1,1,0,0,1,1,0,0,1,1,1,0,1,1,1,1,0,1,1,0,0,0,0,0,1,1,0,1,1,1,1,1,0,0,0,0,0,0,0,0,0,1,0,0,1,1,1,1,0,0,0,1,1,0,1,1,1,0,1,1,0,0,1,0,1,0,0,1,1,0,0,0,1,1,1,1,1,0,1,0,-0.003020864,-0.003325684,-0.004271881,-0.005184855,-0.006083335,-0.007861768,-0.012153317,-0.012198969,-0.01493243,-0.01804328,-0.019805766,-0.024011747,-0.025823769,-0.029832348,-0.036014967,-0.036011659,-0.043878632,-0.047456519,-0.053960021,-0.060496982,-0.065914347,-0.071978472,-0.078205723,-0.079973458,-0.089382482,-0.097894639,-0.109258065,-0.119432541,-0.132056344,-0.145367153,-0.154425918,-0.12539856,-0.143297341,-0.124125736,-0.147898685,-0.15729318,-0.14466843,-0.146096581,-0.142962169,-0.136790118,-0.132099654,-0.132530833,-0.124462136,-0.124048199,-0.126146967,-0.126401034,-0.133008489,-0.14061996,-0.150508003,-0.173137886,-0.149476718,-0.144259067,-0.164569411,-0.193857747,-0.215006797,-0.220252405,-0.238169975,-0.250439902,-0.296350005,-0.340790921,-0.383803169
1,0,1,0,0,1,0,1,1,1,0,0,0,1,0,1,1,1,1,0,1,1,0,0,0,0,1,1,1,0,0,0,1,1,0,1,0,1,1,1,1,1,0,0,0,1,0,1,0,1,1,0,0,0,0,1,0,0,0,1,1,0,1,0,0,1,1,1,1,0,1,1,1,0,0,1,1,0,0,0,0,1,1,0,1,1,0,1,1,1,1,1,1,1,0,1,0,1,0,1,-0.077654705,-0.199201333,-0.024329067,-0.023199359,-0.022407489,-0.022859409,-0.025194578,-0.032233771,-0.088150073,-0.040966325,-0.020440988,-0.024103699,-0.027166531,-0.031144072,-0.095102699,-0.061973453,-0.037106772,-0.039285348,-0.118399284,-0.070977161,-0.072355955,-0.083886606,-0.101777462,-0.157153145,-5.879663865,-0.211483547,-0.431061365,-0.162710185,-0.197501075,-0.267427714,-0.383964396,-0.381529,-0.476313477,-0.602370259,-0.888105202,-1.27912746,-1.841681754,-1.498856225,-2.587663486,-3.797249199,-2.533101381,-5.715460158,-1.93125392,-30.78206997,-2.917154469,-4.215351815,-1.209035082,-0.843521271,-0.571068718,-0.489621007,-1.027773919,-0.754667258,-0.727490598,-0.74994388,-1.299256444,-11.66329517,-0.88101946,-1.77111913,-0.754560888,-0.755763057,-1.017668639
0,0,1,1,1,0,1,0,0,0,0,0,1,0,0,1,0,0,1,0,1,1,0,1,1,1,0,1,1,0,1,1,0,1,1,0,0,0,1,0,0,1,1,0,0,0,1,0,1,1,1,0,0,0,1,1,1,1,1,1,1,1,1,1,0,1,0,0,1,0,0,1,1,1,1,1,1,1,0,0,1,1,1,1,1,1,0,1,0,1,1,1,0,1,0,1,1,0,1,0,-0.003016286,-0.003374844,-0.004450055,-0.00512432,-0.006333976,-0.00799905,-0.009954529,-0.012538747,-0.012834786,-0.017827813,-0.0207562,-0.023844858,-0.026525227,-0.029586465,-0.032997529,-0.039613466,-0.043162435,-0.049652396,-0.057111109,-0.066665094,-0.061255728,-0.069157863,-0.07665787,-0.082315252,-0.090714311,-0.094577047,-0.106370293,-0.115649636,-0.124811904,-0.133213115,-0.143947654,-0.158497819,-0.147999775,-0.157226893,-0.143598593,-0.141962218,-0.146261055,-0.138969268,-0.140387685,-0.135301106,-0.13197611,-0.130287926,-0.129527573,-0.131397034,-0.127407648,-0.133893103,-0.135887487,-0.145511209,-0.144209581,-0.152035759,-0.161059183,-0.158730806,-0.168492329,-0.194812178,-0.246074462,-0.276031468,-0.297603308,-0.30635738,-0.302410412,-0.334022367,-0.349938977
0,1,1,1,1,0,0,0,0,0,0,0,1,0,1,1,0,0,0,1,0,1,0,1,1,0,0,1,1,1,0,1,0,0,1,0,1,0,1,1,1,1,1,1,1,1,0,0,1,1,1,0,0,0,0,0,1,1,1,0,0,0,0,0,1,1,0,1,1,0,1,0,1,1,1,0,1,1,1,1,1,0,0,0,0,1,0,1,0,0,1,1,1,0,0,1,0,1,1,1,-0.020386774,-0.075670125,-1.159810873,-0.026234726,-0.036463933,-0.032453463,-0.024201753,-0.025134938,-0.033747919,-0.113142957,-0.133038765,-0.188988523,-4.697728881,-0.494873788,-0.174663576,-0.363842275,-0.926576231,-0.214341227,-0.077424042,-0.432422554,-0.071638615,-0.139724003,-0.628952563,-2.036982178,-0.378615334,-0.188895456,-0.202769309,-0.870762969,-0.076598464,-0.095514273,-0.086229835,-0.126352134,-0.122170088,-0.386934621,-0.541380692,-0.526166744,-1.35782704,-1.911051872,-3.504236528,-2.098816509,-0.726123196,-1.180031533,-0.403326781,-0.273363988,-0.341258305,-0.543029823,-0.356350719,-0.424232392,-0.519197241,-0.812938986,-6.354169183,-1.086078252,-0.398273714,-0.3556859,-0.722217175,-5.809941475,-1.506735879,-0.807030369,-0.442181538,-0.522727978,-0.545532991
0,0,1,1,1,0,1,0,0,0,1,1,1,1,1,0,0,0,1,1,0,0,0,0,0,0,0,0,1,0,1,0,1,0,1,1,1,1,0,0,0,1,1,0,0,1,1,0,1,1,0,1,1,1,1,0,0,0,0,1,0,1,1,0,0,1,0,1,1,1,0,1,0,1,1,1,0,0,1,0,0,0,1,1,1,0,1,0,0,0,1,1,0,0,1,1,1,0,1,1,-0.034360689,-0.04292887,-0.044796104,-0.117116452,-0.031536288,-0.071569573,-0.14900468,-0.06353509,-0.164942528,-0.112865495,-0.355888702,-0.918934888,-0.697922971,-0.700941886,-0.177652962,-0.149000932,-0.196341279,-0.196875594,-0.440178096,-0.772085988,-7.52787862,-1.568150309,-0.691059195,-0.552699715,-0.297084448,-1.204131685,-1.162744643,-1.137929758,-1.197200652,-0.662621084,-6.994058309,-1.404353788,-3.606427167,-1.348676862,-2.426874377,-1.012408186,-0.62430497,-0.474580094,-0.840827186,-0.766109787,-3.040022481,-0.964966868,-1.811971771,-4.988335636,-2.950354251,-2.920653373,-9.974608565,-12.65627795,-2.33261742,-1.199169288,-1.305702182,-0.843408499,-0.927908212,-1.879770219,-2.300799982,-3.627617679,-9.761221523,-7.972531316,-4.51239746,-4.081856503,-3.545524729
1,1,0,1,1,1,1,0,1,0,0,1,0,0,1,0,1,0,1,0,1,0,0,0,0,1,0,0,0,0,1,1,0,1,0,1,1,0,1,1,1,0,0,0,1,0,0,0,0,1,0,1,1,0,1,1,1,1,0,0,1,1,0,0,1,0,0,1,1,0,0,1,0,1,1,0,1,1,1,1,0,0,0,1,1,1,0,0,1,1,0,0,1,1,0,0,1,1,0,1,-0.003003988,-0.003448985,-0.004174263,-0.005260919,-0.00652112,-0.008378121,-0.007971524,-0.011878875,-0.014472433,-0.017532349,-0.02053707,-0.022834102,-0.026766502,-0.029801043,-0.033366744,-0.040092127,-0.041829845,-0.047445892,-0.053642338,-0.05968392,-0.065365514,-0.070439636,-0.078783451,-0.080578148,-0.089076147,-0.098584276,-0.109002952,-0.114956514,-0.130100135,-0.12828309,-0.139209552,-0.144150843,-0.150295976,-0.139826348,-0.1609318,-0.165291268,-0.140985997,-0.147388686,-0.149615742,-0.138259066,-0.141620139,-0.140101299,-0.140833538,-0.144822428,-0.133540992,-0.14330392,-0.151687343,-0.159847139,-0.188323008,-0.194413104,-0.227472243,-0.248219602,-0.157894566,-0.149229596,-0.17620071,-0.198677952,-0.218823395,-0.24960586,-0.278600729,-0.334537708,-0.459644506
1,0,0,1,1,1,0,1,0,0,0,0,1,0,0,0,0,0,1,0,0,1,0,1,0,1,0,0,0,0,0,1,0,1,0,1,1,0,1,0,0,1,0,1,0,0,0,0,0,0,1,0,0,1,1,0,1,0,1,1,0,1,1,0,0,0,1,0,0,0,0,0,0,0,0,1,1,1,0,1,0,0,1,1,0,0,0,1,1,1,0,0,1,0,1,0,0,0,1,0,-0.005869423,-0.006880814,-0.00804617,-0.009649033,-0.010980009,-0.012806434,-0.015120374,-0.017239991,-0.020224464,-0.024057337,-0.025389004,-0.0288821,-0.030553877,-0.031792845,-0.032894204,-0.035754699,-0.030160836,-0.028167107,-0.029951641,-0.031838828,-0.033561222,-0.036908868,-0.03495864,-0.04144638,-0.029201022,-0.031527741,-0.042304075,-0.046248152,-0.048027085,-0.06111711,-0.072113585,-0.091076861,-0.070025661,-0.105710969,-0.129932878,-0.150814453,-0.169338801,-0.17663859,-0.207390135,-0.233558675,-0.240929788,-0.32816878,-0.317817939,-0.323773873,-0.335070187,-0.357042915,-0.382543582,-0.398906765,-0.423103173,-0.481965319,-0.38094425,-0.416508899,-0.476093241,-0.518974717,-0.549279261,-0.570677146,-0.607922871,-0.654040166,-0.727807448,-0.816865114,-0.998997014
0,0,0,0,1,0,1,0,0,0,1,1,1,1,1,0,1,1,0,1,0,0,1,1,1,1,1,0,0,1,0,1,0,0,1,1,1,0,0,1,0,1,1,1,1,0,1,1,1,1,1,1,1,0,0,1,0,0,0,0,1,1,1,1,1,0,1,1,0,0,0,1,1,0,1,0,0,1,1,1,0,1,1,1,0,1,0,1,1,0,1,0,0,1,1,0,1,1,1,1,-0.075381084,-0.108036436,-0.025946256,-0.058229286,-0.070852443,-0.079198812,-0.048100182,-0.076416001,-0.894469602,-0.14076998,-0.102164664,-0.14040742,-0.775865704,-2.046593979,-0.313725279,-0.157281416,-0.095725437,-0.084577352,-0.068078389,-1.526727336,-0.060260626,-0.043638941,-0.03670462,-0.067361988,-2.07381238,-3.164596127,-0.127587931,-0.100351243,-0.085685801,-0.081110775,-0.090355195,-0.060411798,-0.083335712,-0.078136625,-0.090182099,-0.105706344,-0.148089569,-0.744764207,-0.370286637,-0.330520875,-0.906326216,-0.536779786,-0.650604216,-0.874409032,-2.044106889,-0.578700999,-0.933415058,-2.977988499,-8.538263814,-2.963375416,-1.802500413,-1.461698627,-6.183649708,-1.494596881,-1.037517832,-0.895384112,-0.802045015,-1.092203091,-1.685824266,-1.64637927,-1.642145556
0,1,1,0,0,0,0,0,0,1,0,1,0,0,1,1,1,1,0,1,0,0,1,0,1,0,1,1,1,1,1,1,1,1,1,0,0,1,1,1,0,0,1,0,0,1,0,0,1,1,0,1,0,0,0,0,0,0,0,1,0,0,1,1,1,0,0,1,0,1,0,0,1,1,0,1,0,0,1,0,0,1,0,0,0,0,1,0,1,0,0,1,1,1,1,1,0,1,0,0,-0.020601243,-0.032747835,-0.053847278,-0.0393345,-0.020743292,-0.177086256,-0.069955954,-0.051041907,-0.096719471,-3.166970283,-0.049994108,-0.025197985,-0.026411898,-0.029917135,-0.098773808,-0.046390093,-0.062914168,-0.098579953,-0.19947353,-0.93877165,-1.475343196,-1.222671028,-3.82018559,-1.454130135,-1.644547996,-6.948262213,-5.404164591,-1.00541671,-0.266728067,-0.301944404,-0.272109179,-0.545143817,-1.709737046,-0.98499967,-1.175710939,-1.36187826,-1.531429175,-2.886077913,-2.242508445,-1.588937941,-1.192447382,-0.988873952,-1.180235318,-1.091535083,-0.709469426,-1.180664065,-4.61203945,-0.568823622,-0.408054889,-0.379278812,-0.380409284,-0.483217422,-1.341141486,-1.359798891,-1.334383948,-7.81667428,-7.049768688,-3.818357414,-3.436958882,-4.141237431,-4.328987364
0,1,1,1,1,0,0,0,1,1,1,1,1,1,0,0,0,0,1,1,1,1,1,0,1,1,1,0,0,0,0,0,1,0,0,1,1,1,1,0,0,1,0,1,1,0,0,1,0,0,1,0,0,0,1,0,1,0,1,0,0,0,0,1,0,0,0,0,0,1,1,0,1,1,1,1,1,0,1,0,1,1,0,0,0,0,0,1,0,1,0,1,0,1,0,0,0,0,1,1,-0.003667835,-0.003508369,-0.004359703,-0.012586806,-0.006204919,-0.00788975,-0.009883638,-0.01210743,-0.014981494,-0.017948312,-0.020909311,-0.02396208,-0.026905796,-0.030160333,-0.034097566,-0.039861968,-0.052053217,-0.03804555,-0.051642698,-0.059763276,-0.067268216,-0.076195971,-0.095008195,-0.069594324,-0.083386449,-0.092742884,-0.102180928,-0.114159888,-0.119097682,-0.133478632,-0.13296176,-0.139392038,-0.164576012,-0.150203782,-0.152232881,-0.159242522,-0.125032395,-0.145516096,-0.143165274,-0.14015992,-0.138044649,-0.172985861,-0.106072996,-0.114837222,-0.093179046,-0.115674382,-0.12159305,-0.13365185,-0.148286778,-0.151868158,-0.164686027,-0.176018586,-0.196932248,-0.211105989,-0.208131615,-0.225568524,-0.242458628,-0.265662404,-0.291715847,-0.327103416,-0.378753543
0,1,1,1,0,1,0,1,0,0,0,1,0,1,0,1,1,1,1,0,1,0,0,1,0,0,0,1,1,0,0,0,1,0,0,0,0,0,0,0,1,0,1,0,1,1,0,0,0,0,0,0,1,1,0,1,0,1,1,1,1,0,0,0,1,0,1,0,0,1,0,0,1,0,1,0,0,0,0,0,0,1,1,1,0,1,0,0,1,0,0,0,0,0,0,1,1,0,0,0,-0.00745739,-0.01950114,-0.122518009,-0.076228348,-0.049333739,-0.085369835,-0.063176021,-0.038786534,-0.040085874,-0.474271884,-6.340046278,-0.124931088,-0.100544592,-2.563836409,-0.070372646,-0.398997528,-0.25324057,-0.095137959,-0.961755029,-0.146897436,-0.150496482,-6.331639376,-0.197960701,-0.453905024,-1.44070405,-2.027987676,-0.29299572,-3.02855519,-0.421671003,-1.046199066,-3.473891954,-0.808587388,-0.294668003,-0.149484925,-0.436138572,-1.435140526,-0.77350255,-1.554553398,-0.696824862,-0.470365113,-1.72846927,-2.32383933,-1.918721196,-18.48290913,-8.258800453,-2.261431917,-1.925516059,-7.606211967,-3.239638582,-1.379914831,-1.138947907,-1.920269231,-1.160940189,-1.033305059,-1.018242957,-0.973635096,-1.148767245,-1.477472784,-1.789891999,-2.97383251,-2.702761351
0,1,1,1,0,1,0,0,1,0,0,1,0,1,1,1,0,0,1,1,0,1,0,1,0,1,1,0,0,0,1,0,0,0,0,1,0,0,1,0,0,1,1,0,1,1,0,0,1,0,1,0,1,0,1,1,0,1,0,1,0,0,1,0,1,0,0,0,1,0,0,0,0,0,0,1,0,1,1,0,0,0,0,1,1,0,0,1,1,1,0,0,0,0,1,0,1,0,1,0,-0.202572371,-0.103003155,-0.037568723,-0.022650696,-0.017340769,-0.01669778,-0.017306342,-0.019444476,-0.037223755,-0.281428596,-0.056066679,-0.038393274,-0.035142171,-0.030420962,-0.028963757,-0.030674882,-0.038517867,-0.056905026,-0.089224382,-0.141600781,-0.224490614,-0.251306046,-0.232659867,-0.210626173,-0.205468802,-0.263350607,-0.701054799,-0.20555497,-0.108029289,-0.125469212,-0.166901472,-0.238346246,-0.386800955,-0.709526878,-1.942461095,-3.980950811,-1.589121176,-0.769411964,-0.546922349,-0.495530304,-0.508287184,-0.633585847,-0.808308831,-1.092631907,-1.451635806,-1.270158679,-1.130665978,-1.023490442,-0.848119018,-0.842107447,-0.828334757,-0.896759413,-1.009893037,-1.189337749,-1.504741866,-1.999089005,-3.028044017,-5.8033752,-14.10742375,-5.409657246,-2.716195198
0,0,0,1,1,0,1,1,1,1,0,1,0,1,1,0,1,1,1,1,1,0,0,0,0,1,0,0,0,0,1,0,0,1,0,0,1,1,1,1,0,0,0,0,0,0,0,0,0,0,0,0,0,0,0,0,0,1,1,0,1,1,1,0,1,1,1,0,0,0,0,1,1,1,0,0,1,0,1,0,0,1,0,1,0,0,1,1,1,0,0,1,0,0,1,0,1,1,0,1,-0.002989401,-0.003560149,-0.00432542,-0.005345255,-0.006464672,-0.008121259,-0.01017681,-0.012947441,-0.015046842,-0.018418447,-0.021632039,-0.024956214,-0.029512609,-0.038157649,-0.022079396,-0.036855037,-0.039825586,-0.046908377,-0.037295377,-0.058895148,-0.065140814,-0.070467943,-0.076261754,-0.083171034,-0.089109516,-0.096896507,-0.104857581,-0.11138724,-0.125779496,-0.133729023,-0.140998233,-0.145299374,-0.168133779,-0.165822215,-0.174451627,-0.194817044,-0.115409492,-0.135093263,-0.142894572,-0.135150368,-0.132698884,-0.130777825,-0.131193486,-0.129877761,-0.12718369,-0.134432165,-0.152344845,-0.137480534,-0.14901109,-0.138304712,-0.157523286,-0.167520671,-0.17977503,-0.192627444,-0.210709529,-0.205831111,-0.220454907,-0.236971624,-0.23037831,-0.266181689,-0.367242784
1,1,1,1,1,1,0,0,1,1,0,0,1,1,1,1,1,1,0,1,1,0,1,0,0,0,0,1,0,1,1,1,0,0,1,0,1,1,0,1,0,0,1,0,0,1,1,1,0,1,1,0,0,1,1,1,1,1,1,1,1,0,0,0,1,0,1,1,1,1,1,1,1,1,0,1,0,0,1,0,1,1,0,1,1,1,0,0,0,1,0,1,0,1,0,0,1,1,1,0,-0.003023582,-0.003780373,-0.004214811,-0.005245392,-0.006680372,-0.006168141,-0.009781489,-0.012188617,-0.014951981,-0.018136902,-0.02126295,-0.024728294,-0.029425594,-0.024567544,-0.031386707,-0.036547695,-0.04331449,-0.045547884,-0.052918463,-0.059127442,-0.066658876,-0.111407891,-0.074995617,-0.083121654,-0.087868949,-0.096290115,-0.106549233,-0.119431196,-0.11523581,-0.127740677,-0.129866657,-0.139108589,-0.140006036,-0.148714573,-0.18980454,-0.154383243,-0.156549941,-0.152699413,-0.143196472,-0.139188268,-0.132524529,-0.127804228,-0.130346756,-0.123926408,-0.119837671,-0.12761984,-0.132275384,-0.136488464,-0.141758872,-0.15668408,-0.178242617,-0.17099637,-0.179777091,-0.186887235,-0.201262585,-0.219135842,-0.226069318,-0.252355742,-0.288557455,-0.304584147,-0.32648911
1,1,0,0,1,0,1,0,0,0,1,0,0,1,0,1,0,0,0,0,0,0,1,1,0,1,1,0,1,1,1,0,0,0,1,1,0,1,1,1,1,1,0,1,1,1,0,0,0,0,0,0,0,0,0,1,0,1,0,1,1,0,1,1,1,0,0,1,0,1,1,1,0,1,0,0,0,1,1,0,1,1,1,0,1,1,1,1,1,0,0,1,0,1,1,1,1,0,0,1,-0.012716051,-0.013814794,-0.108100642,-0.109472408,-1.375763183,-0.04165092,-0.103831915,-0.18371472,-0.093416462,-0.054681485,-0.035661785,-0.296259339,-0.036383628,-0.045554848,-0.060159421,-0.098539415,-0.233157313,-0.840548591,-1.621866825,-0.194537053,-0.166997963,-0.687341941,-0.52322339,-9.319281788,-0.457984925,-2.412420039,-0.809648546,-6.747023037,-1.240372791,-2.105104675,-0.357276255,-0.283555536,-0.39792704,-0.437531623,-1.074025958,-27.88096585,-1.723887934,-0.924310374,-0.818029103,-0.89324214,-0.882926826,-0.813475765,-0.744773038,-0.694677405,-0.727195188,-0.838497856,-1.211940419,-2.363904011,-8.018435407,-3.694023338,-4.081952508,-3.380393494,-3.111817442,-4.389263615,-2.080736984,-2.257626743,-0.960958251,-0.85126134,-0.858366636,-0.900003728,-0.885915444
0,1,0,0,0,0,1,1,1,0,0,0,1,1,0,0,1,0,0,0,1,0,1,1,0,0,1,1,0,0,0,1,1,0,0,0,1,0,0,0,0,0,1,1,0,1,1,1,0,1,1,1,0,0,1,1,1,1,1,0,0,0,1,1,1,1,0,0,1,0,1,1,1,0,1,1,0,0,1,0,1,0,0,1,0,1,0,0,0,1,0,0,0,1,0,0,0,1,1,0,-0.002985238,-0.003552231,-0.004287131,-0.005251494,-0.006523955,-0.008126476,-0.010062707,-0.012540357,-0.014811722,-0.01796919,-0.020850178,-0.024087366,-0.026966262,-0.029790791,-0.034120166,-0.034009635,-0.040489206,-0.04767799,-0.053863995,-0.060019192,-0.065661247,-0.07236218,-0.078009772,-0.082364622,-0.089111386,-0.099028121,-0.106196373,-0.113784777,-0.12194101,-0.130506558,-0.139582606,-0.140548776,-0.146212035,-0.148619987,-0.150541135,-0.149242353,-0.164147819,-0.154446681,-0.147831294,-0.13860578,-0.125521954,-0.135926562,-0.128887404,-0.143345451,-0.13423549,-0.131977463,-0.145290495,-0.156444001,-0.177528036,-0.213606567,-0.216447916,-0.189761227,-0.18689341,-0.144451398,-0.167366245,-0.163905834,-0.193019112,-0.245596592,-0.281003209,-0.311529272,-0.335554779
1,1,0,1,1,0,1,0,0,1,1,1,1,1,0,1,0,1,1,1,1,0,1,0,0,0,1,1,1,1,0,0,0,0,0,0,1,1,0,1,0,1,1,1,0,1,1,0,0,0,1,0,0,0,1,1,1,0,1,0,1,1,0,1,0,0,1,1,1,0,1,1,1,0,0,1,0,0,1,1,0,1,0,0,1,0,1,0,0,0,0,1,0,0,0,0,1,0,1,1,-0.008081081,-0.014129597,-0.162408597,-0.013183898,-0.014861697,-0.024788334,-0.114281626,-0.242721584,-0.048055572,-0.042425245,-0.089647772,-0.331266883,-0.095919681,-0.228636847,-5.270414912,-0.126469614,-0.29078338,-0.339258605,-10.42025841,-1.285196656,-3.783401984,-1.531505578,-1.251095992,-0.908939984,-0.591740271,-0.295425771,-0.575485172,-2.523714808,-0.483685956,-0.317556398,-0.259958572,-1.153765906,-0.853895199,-14.47614304,-1.281747779,-1.762310095,-0.726782693,-2.43583744,-1.400306763,-0.675004987,-0.722772995,-0.91468289,-1.129183634,-2.553563251,-2.318598125,-6.139724622,-4.681510406,-2.628545728,-1.76435127,-1.357239752,-1.224984894,-1.07454161,-1.20027597,-1.896954272,-13.22909038,-3.026498981,-1.939267735,-1.124687148,-1.453300726,-2.638201188,-3.513337045
0,0,1,1,0,1,0,1,0,1,0,1,1,0,0,0,0,1,0,0,1,1,0,1,1,1,1,0,0,1,1,0,0,1,0,1,0,0,1,1,0,1,1,1,0,1,1,0,0,0,1,0,1,1,0,0,1,0,0,0,1,0,0,0,0,1,0,1,1,0,0,0,1,1,1,1,0,1,1,1,1,1,0,1,0,0,1,1,0,1,0,1,0,0,0,1,0,0,1,0,-0.024014647,-0.016122299,-5.806677258,-0.019641564,-0.019878132,-0.044594697,-0.661534678,-0.070052562,-3.50169766,-1.598636364,-0.285942352,-0.312509034,-0.283686256,-0.406917189,-0.195637416,-0.200793325,-0.605115077,-0.625146332,-3.707397403,-6.696221674,-0.655957035,-0.477573164,-3.344410135,-1.598534235,-0.290425102,-0.464846276,-0.109704026,-0.063004302,-0.094331595,-0.5952916,-0.385447666,-0.28326045,-0.568648535,-0.37400593,-0.287506096,-0.542894835,-1.105991163,-4.51891805,-1.047304804,-3.331233314,-2.248275073,-0.541391739,-0.524467949,-0.802136261,-1.270422151,-10.21797236,-0.635360177,-0.404998119,-0.442176161,-0.41926414,-0.559720028,-0.410218907,-0.459772111,-0.618005039,-1.126090611,-0.750742204,-2.112306363,-5.064847965,-2.435524912,-2.113992689,-2.216137604
1,0,1,1,1,0,1,1,1,0,1,0,1,0,0,1,0,0,0,1,1,0,1,0,1,1,1,1,1,0,0,1,0,0,1,1,1,0,0,1,0,0,1,0,0,1,0,0,1,0,0,1,1,1,1,1,1,1,0,1,0,1,0,1,1,0,1,1,1,0,0,1,0,0,0,1,0,1,0,1,0,0,1,1,1,0,0,1,1,1,1,1,0,0,0,1,1,1,1,1,-0.017312609,-0.062232392,-0.294591482,-0.055826407,-1.536013078,-0.099516045,-0.113399793,-0.602577867,-0.305142509,-0.024772233,-0.031252003,-0.060908458,-0.041849321,-0.049942429,-0.049447743,-0.183792462,-0.458183056,-0.290675852,-1.69825223,-1.455972797,-0.124820054,-0.494444349,-1.069113484,-3.095490274,-0.216654455,-0.275105394,-1.533990557,-1.579247589,-2.65821608,-9.579802533,-2.30346058,-7.99911595,-1.139425848,-8.615688608,-1.318839077,-9.049312234,-2.760741786,-4.295048977,-0.960864844,-1.386850258,-9.093812365,-1.680785894,-0.673193147,-0.719487539,-2.203028613,-1.533858789,-0.419182037,-0.916613564,-1.605907343,-0.734681134,-3.70226159,-5.0973217,-2.691510067,-4.5243304,-13.57083963,-5.578468543,-4.940588474,-3.483175163,-3.017659818,-3.073678684,-1.435910275
1,1,1,1,0,0,1,0,1,1,0,0,1,1,1,0,1,0,0,0,1,0,1,0,1,1,1,1,1,0,1,1,1,1,1,0,0,0,0,0,0,1,1,1,1,1,0,0,1,0,1,1,0,0,1,1,0,1,0,0,1,1,1,0,1,0,0,0,0,0,0,1,0,1,0,1,1,1,1,0,1,0,1,0,0,0,0,1,0,0,1,0,1,1,0,0,1,0,0,0,-0.117674389,-0.035731516,-0.107678233,-0.045160582,-0.034677753,-0.114884803,-0.225178538,-0.565927545,-0.095666462,-0.324196585,-0.080011514,-0.098833088,-0.056676028,-0.056259926,-0.074381135,-0.194227894,-0.046403739,-0.067701206,-0.185391423,-1.273064156,-0.26589263,-1.932276042,-5.165046657,-3.139577845,-0.950935422,-0.910175947,-4.103548003,-2.722617318,-0.741501887,-0.361502766,-0.46009092,-0.811096904,-8.510699693,-2.388787573,-2.894428998,-7.040092062,-2.388395473,-8.113722642,-1.351221705,-1.626872601,-2.284122873,-4.367937669,-4.67025343,-11.24787479,-4.647655246,-3.812376592,-4.852091891,-19.23706526,-11.09992065,-2.745445295,-1.299818268,-2.5175495,-1.73220336,-5.570264267,-6.826517108,-8.043959426,-3.65166356,-9.470843659,-9.61803416,-9.620545621,-3.171388227
1,1,1,1,1,1,0,1,1,1,1,1,0,1,1,0,0,0,1,1,1,1,1,1,1,0,1,1,1,1,0,0,1,1,0,0,1,1,1,1,0,0,1,0,0,1,0,0,0,1,1,0,0,1,1,0,0,0,1,0,1,0,1,1,0,0,1,1,0,0,0,0,1,1,1,0,0,1,0,0,1,0,0,0,0,0,0,1,1,0,1,0,0,0,0,1,0,1,0,1,-0.06348457,-0.094379635,-0.038109107,-0.063376804,-0.30246758,-0.148013829,-0.046828806,-0.091565737,-0.452200301,-0.073587574,-0.113214237,-0.631617359,-0.183878585,-1.665380279,-0.375462569,-0.427964027,-0.252315831,-0.464799687,-3.811269098,-1.676720503,-0.340566529,-0.206798217,-0.651489831,-1.420413669,-0.330105197,-1.319990295,-1.034034773,-0.264815912,-8.150387531,-0.265856343,-1.490318373,-0.168530444,-4.758846371,-1.704744745,-0.453937125,-1.968308618,-1.007270154,-1.114350373,-2.725701505,-3.525180034,-1.03003053,-0.75185095,-5.275436259,-0.756387603,-1.692058079,-24.60297203,-1.828840904,-0.709760293,-0.700994959,-1.719146285,-14.00913356,-5.267056581,-2.396267232,-2.980051295,-3.064077729,-0.819660009,-0.455103331,-0.505962451,-0.580945487,-0.451701689,-0.332085303
1,0,1,1,0,0,0,1,1,0,0,1,0,1,1,0,1,1,0,1,1,0,0,1,0,1,1,1,0,0,0,0,1,0,0,1,0,1,0,1,0,0,0,1,1,0,0,1,0,1,0,0,1,1,1,1,1,1,0,0,1,1,0,1,1,0,0,0,1,0,0,0,1,1,1,1,0,0,1,1,0,0,1,1,0,0,0,1,1,0,0,0,0,1,1,1,0,1,1,1,-0.032703424,-0.518398446,-0.052006282,-6.79482403,-0.10695916,-0.068143704,-0.127112495,-0.672379206,-0.171393878,-0.316349177,-0.27738012,-0.288971794,-0.16276197,-0.286915655,-2.407556996,-1.737800113,-0.572843269,-0.212124281,-0.640105208,-2.14651779,-1.440260183,-0.493626619,-0.831926675,-0.336071848,-0.212291257,-0.739779444,-0.848918165,-0.756148817,-1.65665132,-1.801892209,-0.653979624,-0.866308117,-1.787601072,-7.98818992,-7.981963313,-1.315923892,-3.559788884,-3.968589679,-1.51241355,-5.94037203,-7.071259212,-1.187034625,-2.172636723,-2.353878984,-1.259200805,-0.873368426,-1.434158023,-7.748296212,-2.672123969,-1.699245848,-6.08559796,-1.958120448,-2.051763039,-3.905481894,-3.42548351,-2.241864222,-2.743154411,-3.971064379,-1.789578993,-0.92364885,-0.714268386
0,0,0,0,1,0,0,0,1,1,0,0,1,0,0,1,0,1,1,1,1,0,1,1,1,1,0,0,1,1,1,1,1,1,0,1,0,0,0,1,0,0,0,1,0,0,0,1,0,0,0,1,1,0,0,0,1,0,0,0,1,1,1,1,0,0,0,0,1,0,0,0,1,1,1,0,0,1,1,1,0,0,0,0,0,1,1,0,1,0,0,1,1,0,0,1,1,1,0,1,-0.285361877,-0.054768426,-0.481286217,-0.029686681,-0.013261607,-0.013883278,-0.028238101,-0.193643816,-0.124953507,-0.303897914,-0.095419744,-0.156105878,-0.175999008,-1.21316336,-1.295557724,-0.273753495,-0.231579107,-0.198430898,-0.179337894,-0.163027054,-0.160842347,-0.163852539,-0.201900686,-0.157362919,-0.404059231,-0.985390508,-0.741159103,-0.954786408,-6.202427165,-0.799046354,-0.632178051,-1.685863221,-2.109851342,-0.49839438,-0.455955731,-3.525635079,-1.582213041,-0.338307589,-0.254947852,-0.312524466,-0.573247085,-1.831957234,-10.50907063,-2.948840359,-1.199322793,-0.811371054,-0.506862088,-0.449454619,-0.422360198,-0.49989691,-0.503833369,-0.488827767,-0.513866111,-0.692692597,-1.256665379,-3.741683151,-11.91090928,-7.637011633,-3.42674626,-2.333477626,-1.845956247
0,1,0,1,0,0,1,0,1,1,0,0,1,1,0,1,0,0,1,0,1,0,0,1,1,1,1,0,1,1,0,1,1,1,0,0,0,0,1,1,1,0,0,0,1,1,1,0,1,1,0,0,1,1,1,1,0,0,0,1,1,0,0,1,0,1,1,0,0,1,0,1,1,1,0,1,0,0,0,1,1,0,1,1,0,1,1,1,0,0,0,1,1,1,0,0,1,0,0,1,-0.322580417,-0.028705924,-0.01830239,-0.027970827,-0.051959137,-0.104453586,-0.426027402,-0.429329219,-1.192729683,-0.825896507,-0.632424845,-0.423975978,-0.352568999,-7.812670552,-0.754379032,-0.455176004,-0.493559951,-2.504628514,-0.556708881,-3.780350839,-0.957095863,-0.306198103,-0.467307973,-0.115579642,-0.096721186,-0.134853226,-0.129440772,-0.210493962,-2.112401951,-0.402593128,-0.360685522,-0.407491769,-1.01820544,-0.832661053,-1.482575058,-1.352324018,-8.009252312,-0.933711041,-0.626764258,-0.520675511,-0.577599852,-1.539180349,-2.660338763,-2.412003857,-1.240294801,-4.038606078,-3.398193621,-7.119786172,-1.299104239,-3.570958958,-1.298584702,-0.863279842,-2.627942615,-3.36303563,-1.046177551,-0.660863167,-0.597657418,-0.923822837,-3.772807465,-1.463953768,-0.834503525
1,1,1,1,1,0,0,1,0,1,1,1,1,1,1,0,1,0,1,1,1,0,1,1,0,1,1,0,1,0,0,1,0,1,1,1,1,1,1,1,1,1,0,0,0,1,0,1,0,1,0,1,0,1,1,0,1,0,0,0,0,0,1,1,0,0,1,1,1,0,1,0,1,0,1,1,1,1,1,0,0,0,1,1,0,0,0,1,1,1,0,1,0,1,1,1,1,1,0,0,-0.006306598,-0.008241247,-0.010801676,-0.012662067,-0.018534059,-0.026041205,-0.034610268,-0.045657531,-0.048700547,-0.061426385,-0.068857429,-0.074778585,-0.080725244,-0.085467339,-0.091361113,-0.094716727,-0.097815368,-0.106282451,-0.119940281,-0.134266689,-0.155072224,-0.18767423,-0.219572385,-0.323931021,-0.609254889,-2.30652357,-4.124788945,-0.61391448,-0.243221995,-0.161222949,-0.140662954,-0.140735567,-0.154725321,-0.166863453,-0.192983037,-0.212418425,-0.249312354,-0.394918994,-0.758337935,-3.818911922,-0.642904812,-0.350065521,-0.314796295,-0.331984625,-0.328948554,-0.352490757,-0.371027526,-0.392641924,-0.446190634,-0.494252734,-0.519777558,-0.540665861,-0.585940086,-0.617951789,-0.626334879,-0.664682284,-0.721950883,-0.641693115,-0.767809529,-0.857221615,-0.947572668
0,1,1,0,1,1,1,1,1,1,0,1,0,0,0,0,0,1,0,0,0,1,1,0,1,1,0,0,0,1,0,0,0,1,1,1,0,0,1,1,0,0,0,1,0,1,0,0,0,1,1,0,1,1,1,0,0,0,0,1,1,1,1,0,0,1,0,1,1,0,0,0,0,0,0,0,0,0,1,1,1,0,1,0,0,1,0,0,0,1,1,1,1,1,1,0,0,0,0,0,-0.010086277,-0.014661398,-0.028390855,-0.069223274,-2.202543168,-0.111594583,-0.056425459,-0.052363927,-0.048282542,-0.055704153,-0.093755366,-0.632903926,-0.908728984,-1.549284753,-0.754805632,-0.620957028,-0.267267645,-0.246532937,-1.803542225,-0.111397951,-0.108942549,-0.120621572,-0.269518574,-3.415072315,-1.93653675,-0.711590987,-1.505809799,-2.372509924,-0.462009026,-0.184678113,-0.154892494,-0.145839765,-0.182487453,-0.332248782,-0.719701791,-1.370435053,-15.80644962,-3.525519096,-2.386985864,-2.60630018,-4.586794081,-1.592960609,-0.686298646,-0.481266098,-0.397958057,-0.390340536,-0.494891212,-1.214559413,-3.149493445,-0.457751461,-0.320981387,-0.397721754,-0.557645175,-0.416914955,-0.562495,-0.817942422,-1.44187339,-2.929807533,-3.339692369,-3.744995365,-4.12746731
0,1,1,0,1,0,0,1,0,0,1,1,0,0,0,1,0,0,1,1,0,0,0,1,0,1,0,1,0,1,1,1,1,1,1,1,1,0,1,1,0,0,1,1,0,0,0,1,0,0,0,0,1,1,1,0,1,0,1,1,1,0,1,1,0,0,0,0,1,0,1,0,1,1,0,1,1,1,1,0,0,1,0,1,1,0,0,1,1,1,1,1,1,1,0,0,0,1,0,1,-0.011435493,-0.024733913,-0.041885542,-0.054493416,-0.080949377,-0.11872171,-0.187327361,-0.530278986,-1.367586737,-0.226455336,-0.063431394,-0.043972741,-0.176108938,-1.210041862,-0.065117957,-0.054950895,-0.114573842,-0.107005216,-1.392074042,-0.157686146,-0.081387157,-0.214759596,-0.431831116,-0.132909984,-5.139271452,-0.209587525,-0.206739787,-0.338781514,-0.786918113,-2.449322982,-3.269843229,-1.202012429,-11.03011788,-2.251458428,-1.599883706,-1.316494152,-1.457129362,-2.075506991,-4.185774408,-2.322415467,-1.381860986,-1.336049084,-1.712405214,-2.480899766,-3.339465,-2.150856966,-1.791797162,-10.7095668,-2.574035256,-1.427398255,-1.2186024,-1.156343687,-1.17016627,-1.242343712,-2.021123883,-1.153240493,-1.287030988,-1.485880042,-1.694872887,-2.372846459,-2.873500292
1,1,0,1,1,1,1,0,1,1,0,1,1,0,1,1,1,1,1,0,1,1,1,0,0,0,1,1,1,0,0,1,1,1,0,1,0,1,0,0,0,0,1,1,1,0,0,0,1,0,1,0,1,0,0,0,1,0,1,1,0,1,0,1,1,0,1,1,0,0,1,0,1,1,0,0,1,1,1,1,1,0,0,1,1,0,1,1,1,0,0,0,0,1,1,0,0,1,0,1,-0.078068568,-0.111401715,-0.071298491,-0.065927001,-0.101279776,-0.453199689,-0.119674391,-1.929266738,-0.221342744,-0.682147407,-0.089836018,-0.093464104,-0.645728464,-0.759170026,-0.195276484,-0.187519745,-0.395085367,-3.076532987,-3.237412935,-1.599998323,-0.469820306,-4.132884655,-0.530235278,-0.241164092,-0.294354215,-1.368901353,-13.25130872,-1.377316307,-4.174954297,-1.122371648,-9.991890722,-3.058720235,-1.038834195,-0.866663884,-1.879845516,-0.929709458,-1.88614643,-7.485713719,-3.772399783,-10.24313932,-1.678131309,-0.603543811,-0.561683352,-2.727814905,-4.064736585,-5.796105663,-13.55183983,-3.283572888,-11.4677144,-4.218477505,-1.968367358,-2.242059904,-1.132231411,-1.761839083,-3.943010499,-1.628243649,-2.435892785,-9.57691758,-1.722439395,-2.675654304,-4.357870464
0,0,0,1,1,0,1,1,1,1,0,1,0,0,1,1,1,0,1,1,1,0,0,1,1,0,1,1,0,0,0,1,0,1,1,0,1,1,1,1,0,0,1,1,0,0,1,1,1,1,0,0,1,1,1,1,0,0,1,1,0,1,1,1,0,1,1,0,0,0,1,0,0,1,0,1,1,1,1,0,0,0,0,0,0,0,1,1,0,1,1,1,0,1,0,0,0,1,1,1,-0.147818761,-0.076910235,-0.100710131,-0.107191715,-0.119712006,-0.156297826,-0.273260525,-0.185251788,-0.325422942,-0.710524477,-0.463549258,-0.200372995,-0.27376717,-0.09471508,-0.09833259,-6.391908041,-0.232886279,-1.467229815,-0.233431287,-0.336064745,-0.388805415,-3.120808518,-9.411055231,-0.393177125,-0.381642756,-3.664696131,-0.363161622,-0.567838041,-3.707818166,-0.294738314,-0.239390824,-1.094210105,-0.159750996,-0.173854102,-0.345853617,-0.81800579,-0.242656763,-0.200519932,-0.203160453,-0.305811813,-0.774851244,-0.434205413,-0.404985556,-0.406752893,-0.415950708,-0.42678526,-0.43646769,-0.442567393,-0.480758393,-0.595259355,-0.603858485,-0.654071968,-0.749160639,-0.690946247,-0.768901508,-0.790380745,-0.83584648,-0.895311075,-0.982632455,-1.118419885,-1.2935525
0,1,1,0,0,1,0,0,0,1,1,0,0,0,1,0,1,1,1,1,1,1,0,0,1,1,0,0,1,0,1,1,1,1,0,0,1,0,0,0,0,1,0,0,1,1,1,0,0,0,1,0,0,1,1,1,0,0,0,0,0,1,1,0,1,0,0,0,0,1,1,1,0,0,0,1,1,0,1,0,1,0,0,0,0,1,1,0,0,1,0,1,0,0,0,1,1,1,1,0,-0.175449707,-0.140650903,-0.086738002,-0.10695324,-0.055028929,-0.038567894,-0.035710246,-0.096021116,-1.213266226,-1.02079209,-0.445991277,-0.226774007,-0.475479422,-0.406004308,-0.122903855,-0.106873475,-0.098305821,-0.110650016,-0.103705643,-0.108218012,-0.122047522,-0.141963631,-3.19385162,-0.395483473,-0.364361424,-7.689819953,-0.854474738,-1.753099577,-6.774439414,-1.324145021,-1.631632328,-2.871168796,-3.978218289,-12.9008098,-2.07216085,-1.631611265,-1.024019708,-0.756665237,-0.666794325,-0.717226675,-0.563783868,-0.58856076,-0.781542502,-1.28640552,-3.901343303,-5.715914716,-1.256355957,-0.662514011,-0.683928294,-3.12984608,-0.7336406,-0.508680364,-0.569571357,-0.621258241,-0.662333498,-0.757583617,-1.075496338,-1.075774045,-0.989976212,-1.143216767,-1.502175794
0,1,1,1,1,1,0,0,0,1,0,1,0,1,0,1,0,0,1,1,1,1,0,1,0,0,0,1,1,0,1,1,1,1,1,1,0,1,1,0,0,1,1,0,1,1,1,1,0,0,0,0,0,1,1,1,0,1,1,1,0,1,0,1,0,0,0,0,1,1,1,0,1,1,0,0,1,0,1,0,0,1,1,1,0,0,1,0,1,1,1,1,0,0,1,1,1,1,0,1,-0.006159429,-0.007247539,-0.009386001,-0.009472086,-0.010875501,-0.012466447,-0.014368545,-0.014666777,-0.018062771,-0.02064453,-0.023358915,-0.025985561,-0.028333347,-0.030489585,-0.030972724,-0.03589599,-0.042071677,-0.049310382,-0.059606358,-0.073982023,-0.100568114,-0.123744307,-0.146889971,-0.187628182,-0.233993872,-0.290183648,-0.379178906,-0.518264727,-0.714126498,-0.973197482,-1.202319042,-1.540725741,-1.74478426,-1.668149654,-1.382213988,-1.08631532,-0.877367432,-0.720709766,-0.61814904,-0.566835035,-0.45246509,-0.437833661,-0.428341152,-0.415150859,-0.424701706,-0.441562068,-0.434613422,-0.425575943,-0.421281392,-0.416455423,-0.411548278,-0.463666667,-0.496605318,-0.553513329,-0.579796736,-0.614994549,-0.613004312,-0.864476854,-1.116476687,-1.448355641,-1.667551557
1,0,1,1,0,1,0,1,1,0,0,0,1,0,0,0,0,1,0,1,0,0,0,1,1,0,1,1,0,1,0,0,1,1,1,1,0,1,1,1,0,1,1,0,0,0,1,1,1,1,1,0,0,1,0,1,1,0,1,1,1,1,0,0,1,1,1,0,1,0,1,0,1,1,0,1,1,1,1,0,1,0,0,1,1,1,0,0,1,1,0,1,1,0,1,1,1,1,0,1,-0.009335724,-0.134500998,-0.027901905,-0.031634898,-0.027891282,-0.027599738,-0.605938628,-0.059163965,-0.091654363,-0.185418223,-0.50720186,-0.385923129,-0.351866963,-0.69384942,-0.78291475,-0.641705931,-0.587577334,-0.553541188,-1.007759346,-0.128644084,-0.290762326,-2.2417765,-0.582336585,-1.237762408,-1.804000522,-0.44762637,-0.516763068,-1.053786924,-0.255158314,-0.609805086,-0.19222495,-0.286124015,-0.260080095,-0.337447678,-1.37992156,-0.90887554,-1.076257338,-0.799241082,-0.508675313,-0.643993784,-1.258727637,-4.812461407,-4.287737844,-1.578957262,-1.222513638,-1.87964608,-5.074169135,-6.596381764,-5.461269693,-10.79966026,-5.394558812,-2.967337345,-10.48346749,-5.845310852,-2.554042731,-2.021861985,-3.312326508,-2.189614255,-1.955304168,-1.892812486,-2.144127803
1,0,1,1,1,0,1,0,1,0,1,0,1,1,0,1,0,1,1,1,1,0,0,0,1,0,0,1,1,1,0,1,0,0,1,1,1,0,0,1,1,0,0,1,1,1,0,1,0,1,0,1,1,1,0,0,0,0,1,0,1,1,1,0,0,1,1,0,1,1,0,1,1,0,1,0,1,0,1,1,1,1,1,1,1,1,0,1,1,0,1,0,0,1,1,0,0,0,1,0,-0.018874453,-0.065048958,-0.030107033,-0.016767342,-0.02310776,-0.118403148,-0.302320336,-0.871104434,-0.20102978,-0.712095054,-0.32651461,-0.30413902,-0.333664244,-0.357301439,-0.481625534,-0.628382672,-0.44731803,-0.587042779,-0.799914262,-0.34771643,-0.579148492,-0.297649691,-8.258554064,-0.348450634,-0.522169792,-3.520126025,-1.169239784,-7.510221485,-1.943131359,-2.669856778,-2.204523922,-7.675352379,-18.19272498,-1.413973617,-4.452478044,-0.481086913,-0.416639869,-0.415514044,-0.396621579,-1.227041576,-0.456160955,-1.216993001,-0.456374187,-0.572065128,-0.670907828,-0.39463316,-0.382480579,-0.514154458,-1.621541712,-0.641904463,-0.76388188,-1.78932158,-0.773383743,-0.930618089,-0.746635955,-0.684696174,-0.811299548,-2.703447026,-12.03811426,-3.961512704,-2.010686911
0,0,1,1,1,1,0,0,1,0,0,0,1,0,1,1,0,1,1,1,1,0,0,1,1,0,1,0,1,0,0,0,0,1,0,0,1,0,0,1,1,1,1,0,0,1,0,0,0,1,1,1,1,1,1,0,0,1,0,1,1,1,1,0,0,1,1,1,0,1,0,0,1,1,1,0,0,1,1,1,0,1,1,1,1,0,1,1,0,0,1,0,0,0,1,1,0,0,0,1,-0.093528732,-0.152149731,-0.08254188,-0.046603647,-0.038033965,-0.05933982,-0.092093198,-0.032834872,-0.031993934,-0.081137763,-0.054060068,-0.075629948,-0.171344485,-0.188270166,-0.259104238,-0.063779243,-0.062439655,-0.097560803,-0.085648113,-0.080917171,-0.14524233,-0.27725241,-1.40073645,-0.616992135,-1.747803147,-0.807809665,-0.416964835,-0.432548223,-0.328057932,-0.343728671,-0.340432968,-0.334793833,-0.33954681,-0.346666104,-0.416232944,-1.494803393,-1.164287269,-1.865569124,-4.049243706,-3.287836835,-1.609688146,-0.980376688,-0.7164265,-0.605810781,-0.55099325,-0.5276908,-0.52732254,-0.581279121,-0.766172215,-2.132024048,-6.609677349,-1.67952988,-1.031165681,-0.843325357,-0.780392234,-0.744088241,-0.716328636,-0.713091547,-0.727068919,-0.78670885,-0.879500167
0,1,1,0,0,0,0,1,0,1,0,1,1,1,0,1,0,1,1,1,1,0,1,0,0,0,0,0,1,1,1,1,0,0,1,0,0,1,1,1,1,0,0,0,1,1,0,1,0,1,1,1,0,1,0,0,1,1,0,0,0,0,1,0,0,0,1,1,0,0,1,1,1,0,1,1,1,0,1,0,0,0,1,0,1,1,0,1,0,1,1,1,0,1,1,0,1,0,1,1,-0.007124904,-0.00843344,-0.009996255,-0.011564786,-0.013508561,-0.010460504,-0.017744847,-0.020652507,-0.02392578,-0.029077335,-0.031603438,-0.036632885,-0.042841244,-0.046833638,-0.053915578,-0.05590194,-0.081948501,-0.103513241,-0.1329817,-0.173388721,-0.233465024,-0.304902676,-0.392059912,-0.445380909,-0.506021527,-0.507696027,-0.469692965,-0.40648847,-0.375232684,-0.321092779,-0.206232537,-0.345957596,-0.437246172,-0.646101857,-1.017923178,-1.889164573,-4.197750613,-9.463463099,-6.966529046,-3.204104029,-1.676338638,-1.254349402,-0.945463114,-0.735175762,-0.61305996,-0.546395472,-0.49883189,-0.448764249,-0.411175191,-0.385814144,-0.382155947,-0.382971491,-0.370797933,-0.380934969,-0.364658596,-0.362942798,-0.375520197,-0.382954367,-0.407383241,-0.459279268,-0.527800158
0,0,0,1,0,1,0,0,1,1,0,0,1,1,1,1,1,1,1,1,0,0,1,0,1,0,0,1,1,0,1,0,0,0,1,1,0,0,1,1,0,0,1,1,1,1,1,1,1,1,1,0,0,1,0,0,0,1,0,1,0,0,1,0,1,0,0,1,0,1,1,0,1,0,1,1,0,0,1,0,0,1,0,1,1,0,0,1,0,0,0,1,0,0,1,0,0,0,1,1,-0.002168439,-0.003333527,-0.019214371,-0.082067528,-0.101869357,-0.19442896,-0.028044163,-0.018010601,-0.016295658,-0.016640984,-0.017883735,-0.023751532,-0.108386053,-0.212794033,-0.04694546,-0.040705641,-0.040899235,-0.049087787,-0.058302868,-0.159150318,-0.077162653,-0.094563556,-0.192312391,-0.095382855,-0.108800022,-0.137104103,-0.286659809,-0.241243257,-0.241017501,-0.541110452,-0.424633562,-0.531856166,-0.709937668,-1.046694117,-1.3237379,-2.061269578,-7.943172699,-5.769590666,-1.636937124,-0.913344914,-1.461550321,-0.785231095,-0.569383456,-0.508201907,-0.521212756,-0.642497502,-5.3413081,-6.586008722,-1.527718892,-1.203509859,-4.166291179,-3.064602364,-1.301746539,-1.064550133,-1.033309035,-1.023033671,-1.125612553,-1.260207844,-1.516937781,-1.94406407,-2.852262236
0,1,1,1,0,0,0,0,1,0,0,1,1,0,0,0,0,0,1,1,1,0,0,1,0,1,0,1,0,0,0,1,0,1,1,0,0,0,1,0,0,1,1,0,1,0,1,1,0,1,1,0,0,1,1,1,0,0,0,0,0,1,0,0,0,0,0,1,0,1,0,1,0,0,0,0,0,1,0,0,1,0,0,1,1,0,0,0,1,1,0,1,0,1,0,1,0,1,0,0,-0.006562296,-0.007764863,-0.009019655,-0.010155093,-0.011519746,-0.011954198,-0.012677911,-0.012895392,-0.012652685,-0.01362469,-0.006662604,-0.01362385,-0.050536658,-0.381619244,-2.525766276,-0.574151138,-0.324305408,-0.257500353,-0.228610917,-0.223853509,-0.183477014,-0.184813161,-0.189582082,-0.203792344,-0.242932907,-0.366009756,-0.956927815,-1.828282966,-0.696035963,-0.271098531,-0.177591104,-0.369355256,-0.215002645,-0.22444434,-0.28278003,-0.376628845,-0.616290968,-1.618839681,-3.332187547,-1.35662735,-1.651224288,-4.027646716,-8.972164873,-4.243784606,-2.141223037,-1.458719794,-1.046648723,-0.828135138,-0.71783741,-0.656747385,-0.626834667,-0.625240818,-0.633132553,-0.634353638,-0.69053186,-0.983088823,-0.951392441,-0.527135383,-0.506776435,-0.548325179,-0.631772479
1,0,1,1,1,1,1,0,0,1,1,1,0,0,0,0,0,1,0,0,0,1,1,1,1,0,0,1,0,0,0,1,0,1,1,1,0,1,1,1,1,1,1,0,1,0,0,1,0,1,0,0,1,0,1,0,1,0,0,0,1,0,0,0,1,0,1,1,0,0,1,0,0,1,0,0,1,1,0,1,1,1,0,0,0,1,1,1,0,0,0,1,1,1,1,0,1,1,1,1,-0.009198993,-0.011915932,-0.014847896,-0.019268166,-0.025346636,-0.036140686,-0.046509726,-0.073645,-0.123531203,-0.132964665,-0.191098652,-0.195198381,-0.174452373,-0.15343862,-0.139620054,-0.125721471,-0.120500059,-0.121170163,-0.129428887,-0.142802295,-0.164882491,-0.185313831,-0.238124652,-0.280054638,-0.387596085,-0.567620521,-0.871687004,-1.448260789,-2.378780714,-2.83410781,-2.909908498,-2.094718339,-1.800871732,-1.491186112,-1.582306731,-1.685961204,-1.535685678,-1.209202385,-0.950663689,-0.784958165,-0.678007193,-0.682929098,-0.640232189,-0.582465854,-0.573499344,-0.587919883,-0.640349508,-0.703834895,-0.439558324,-0.479183204,-0.513534043,-0.533997409,-0.537998611,-0.531517038,-0.543695737,-0.568337137,-0.562933364,-0.593459747,-0.638596853,-0.713907793,-0.807909127
1,0,1,1,0,1,0,0,1,0,1,0,0,0,0,1,0,0,0,1,1,1,0,0,0,0,1,0,1,1,0,1,0,1,1,0,0,1,1,1,1,1,0,0,1,1,0,0,0,1,1,0,0,0,0,1,0,0,0,1,0,0,1,1,1,1,1,0,1,0,1,1,1,1,0,1,0,1,0,0,1,0,0,0,1,0,0,0,1,0,1,1,1,0,1,0,0,0,0,0,-0.00293831,-0.00351486,-0.004276879,-0.00537827,-0.006169975,-0.008201014,-0.01083455,-0.011570646,-0.014509349,-0.018395228,-0.020679216,-0.024648255,-0.026515387,-0.029830544,-0.032593984,-0.037486666,-0.041926399,-0.050459984,-0.059620747,-0.059203041,-0.053333338,-0.073290068,-0.081635839,-0.085636541,-0.096724916,-0.127454739,-0.095959326,-0.098164014,-0.117451161,-0.12841812,-0.135138777,-0.141852573,-0.146992375,-0.150512437,-0.153116969,-0.17506158,-0.155733068,-0.151593904,-0.141890832,-0.138218904,-0.137812859,-0.132423068,-0.128150631,-0.149237768,-0.127702374,-0.132893733,-0.141926403,-0.133147968,-0.143839881,-0.146906002,-0.158955619,-0.17869095,-0.177444651,-0.180115361,-0.185323629,-0.210264091,-0.250903141,-0.291130456,-0.334529709,-0.300987526,-0.364402232
0,0,1,1,1,0,0,1,0,1,0,1,0,0,1,1,1,1,1,1,1,0,1,1,0,0,1,1,0,0,1,1,1,0,1,1,0,0,0,1,1,1,1,1,1,1,1,0,0,0,1,1,1,0,1,0,1,1,1,0,1,0,1,1,1,1,1,1,1,1,0,0,0,0,1,1,0,0,0,0,0,1,0,1,1,1,0,0,1,1,1,1,1,0,0,1,0,1,1,1,-0.002965631,-0.003489286,-0.004529141,-0.005098171,-0.006800027,-0.007538653,-0.009632077,-0.011985998,-0.014830692,-0.017563885,-0.021534839,-0.024323328,-0.02714109,-0.030281375,-0.034377852,-0.040340496,-0.060683984,-0.034734138,-0.056393095,-0.056149229,-0.064883111,-0.068218368,-0.072342219,-0.080755035,-0.086782435,-0.098696447,-0.098956075,-0.109450494,-0.126746523,-0.137298863,-0.13960408,-0.145943332,-0.117239563,-0.142280859,-0.151323794,-0.151907067,-0.148902197,-0.149312277,-0.140671206,-0.148500885,-0.129735992,-0.119684009,-0.122323476,-0.124383368,-0.122808268,-0.126742795,-0.144155757,-0.140167589,-0.156003447,-0.139694991,-0.15190305,-0.156746085,-0.184245773,-0.169965688,-0.176685087,-0.223975438,-0.257832744,-0.298290565,-0.31932742,-0.348534958,-0.422412962
1,1,0,0,0,0,1,0,1,0,1,0,1,0,0,0,1,1,0,0,1,0,0,1,1,0,0,1,1,1,0,0,1,0,1,1,1,1,1,1,0,0,0,1,0,1,0,1,0,1,1,0,1,0,0,0,1,1,0,1,0,1,1,0,0,0,0,0,0,0,0,0,1,1,0,0,1,0,0,0,1,0,0,0,1,0,0,1,0,0,1,1,1,1,0,1,0,0,1,1,-0.002999141,-0.003549369,-0.004289187,-0.005697942,-0.006466658,-0.00816141,-0.010582664,-0.011843422,-0.014538523,-0.017825101,-0.020867282,-0.023618495,-0.023751,-0.029853594,-0.032006567,-0.037236407,-0.042432172,-0.049736392,-0.05439759,-0.060479509,-0.067103213,-0.070176717,-0.07663741,-0.082989709,-0.090556616,-0.093300361,-0.108549324,-0.109050576,-0.118728625,-0.128210055,-0.134911641,-0.140351107,-0.148796037,-0.150971878,-0.153461615,-0.155292611,-0.153487443,-0.150389164,-0.145458068,-0.141157808,-0.136754249,-0.13456959,-0.133756937,-0.126180481,-0.127541796,-0.127095695,-0.136771685,-0.13987426,-0.143196941,-0.147927168,-0.171033841,-0.163154091,-0.160188527,-0.18421147,-0.192455867,-0.17484123,-0.233911198,-0.293631172,-0.317043536,-0.328026355,-0.358869375
1,1,0,0,0,1,0,0,0,0,1,1,1,1,0,1,0,0,0,0,1,1,1,1,0,1,0,0,1,0,1,0,1,0,1,0,0,1,0,0,0,1,1,0,0,1,1,1,0,1,1,1,0,0,0,0,1,0,0,0,0,0,0,1,0,1,0,1,0,1,0,0,0,0,0,0,1,0,0,0,1,1,0,0,1,1,1,1,1,1,0,0,0,0,1,0,1,0,0,1,-0.022926506,-0.265295021,-0.032086048,-0.021345659,-0.020569779,-0.023160422,-0.027709332,-0.04497384,-0.089047678,-0.59059676,-0.130484403,-1.12938357,-0.129373278,-0.045052184,-0.048308316,-0.060954997,-0.11855113,-0.275442599,-1.506159248,-5.832847683,-1.917317609,-1.315361341,-0.743805933,-0.431202631,-0.28194907,-0.189640226,-0.15717444,-0.204686133,-1.822995786,-0.157090822,-0.088644546,-0.089416474,-0.098138232,-0.094375406,-0.131972702,-0.241087767,-1.053386639,-4.696796708,-0.720247549,-0.653280184,-7.054536373,-0.636776783,-0.242317082,-0.32721884,-1.056055953,-8.882938266,-8.346447381,-5.330582584,-4.167228349,-2.920366362,-1.646068263,-1.246170668,-1.171461942,-1.311363409,-1.969762934,-6.133790432,-8.083118723,-1.990312877,-1.081228936,-0.653440122,-0.529768225
1,1,0,1,1,0,0,0,0,1,0,0,1,0,1,0,0,1,0,0,0,1,0,0,1,0,0,0,0,1,1,0,0,0,1,0,0,0,1,0,0,1,0,0,0,0,1,1,0,1,1,1,1,0,1,1,0,0,0,0,0,0,0,0,1,0,1,1,1,0,0,0,0,0,0,1,0,0,0,0,1,1,1,1,0,0,0,0,0,0,1,0,0,1,0,1,1,0,1,1,-0.135846373,-0.167381229,-0.150595731,-0.00538247,-0.002958933,-0.010891697,-0.007823634,-0.02945171,-0.04712061,-0.185004266,-1.739143297,-0.55071572,-0.34249187,-2.02451366,-0.296725693,-0.491171183,-1.965102184,-1.454989169,-0.560772633,-0.874240736,-0.533667487,-0.397787629,-0.756360895,-4.104901736,-1.611813695,-0.978458454,-0.741010822,-2.346555638,-2.43454307,-0.24023915,-0.178569068,-0.230115688,-0.589322074,-4.861358848,-0.888098714,-0.936739154,-1.589981568,-1.518412845,-2.027478263,-1.679209274,-0.982956453,-1.320142926,-0.277176099,-0.325074459,-0.380505929,-0.263384086,-0.272290593,-0.283709086,-0.311024044,-0.477439391,-6.647691566,-1.098732407,-2.919429159,-1.473106356,-0.839739227,-0.740162657,-0.722615307,-0.84141147,-1.075315795,-1.033079078,-0.791064263
1,0,0,1,1,0,0,1,0,1,1,0,0,0,0,0,1,0,0,1,0,1,1,1,0,0,0,0,0,0,1,0,1,0,0,0,1,0,0,0,1,1,0,0,1,1,1,0,1,1,1,0,0,0,1,0,1,0,0,1,0,1,0,1,0,0,1,1,1,1,1,1,1,0,1,1,1,0,0,0,1,0,0,0,0,1,0,1,0,0,0,0,1,0,0,1,0,1,0,1,-0.008018198,-0.012880908,-0.025915918,-0.166320127,-0.070789472,-0.462138199,-1.076473772,-0.086911014,-1.321967888,-0.281150467,-0.212958056,-0.480207105,-0.062854723,-0.159815657,-0.158994532,-0.060301135,-0.049410211,-0.107264399,-0.989280304,-8.602339755,-1.282423997,-0.323238044,-0.155231647,-0.104154364,-0.086990395,-2.690072522,-4.271075566,-0.44503145,-8.780135074,-4.751401239,-0.350073266,-0.272712195,-0.734535096,-7.332836817,-2.06783639,-2.514678244,-1.771196292,-0.323089774,-0.349640479,-0.857641908,-4.409489055,-1.303400901,-2.635915406,-2.092199408,-2.466426293,-12.27458204,-2.05833068,-2.407328593,-2.614212764,-2.549898958,-4.608765635,-12.31369137,-6.668942825,-14.71175438,-6.935379755,-4.371057205,-1.128916286,-0.785092557,-1.202981807,-1.624987386,-2.089299538
1,1,1,1,1,0,0,1,0,1,0,0,0,1,0,1,1,0,0,0,0,0,0,0,1,0,1,0,1,1,0,1,0,1,0,1,0,1,0,1,1,0,0,1,1,0,0,1,1,1,0,1,0,0,0,1,1,1,1,0,0,0,1,1,1,1,0,0,0,1,1,0,0,0,1,1,1,0,0,0,1,1,0,1,1,1,0,0,1,0,0,1,1,0,1,0,0,0,0,1,-0.033055319,-0.314026455,-0.011571904,-0.009607003,-0.09785477,-0.215167101,-0.079250187,-0.06994175,-0.081953325,-0.118745833,-0.166672667,-0.288431986,-0.613058322,-1.517783375,-1.618610362,-0.755952243,-0.601780551,-0.807325364,-0.214244479,-0.193327079,-4.447760623,-0.652576811,-0.481512791,-1.003910617,-3.976808572,-7.401742141,-0.976577887,-0.326861441,-0.256377986,-0.072359585,-0.072839706,-0.075520731,-0.088066337,-0.168616162,-0.717244083,-0.411273531,-11.62667469,-1.128445232,-0.728016042,-1.046008287,-3.137651354,-9.951519779,-2.325777822,-0.638137465,-0.690854506,-2.059447252,-0.698949406,-0.512575191,-0.493883535,-0.61505884,-1.296037818,-4.176531227,-1.437422873,-2.521607332,-1.337756581,-1.60814973,-3.011335766,-3.961233897,-1.735403175,-0.953774518,-0.67186073
0,1,1,0,1,0,1,0,0,0,1,0,0,1,1,1,1,1,0,0,1,1,1,1,0,0,0,0,1,1,1,0,1,0,1,0,1,0,1,1,0,0,1,1,1,0,1,0,1,0,0,1,0,0,1,0,1,1,1,1,0,0,1,0,0,1,0,0,0,1,1,0,1,0,0,0,0,0,1,0,1,1,1,1,1,1,0,1,1,1,0,1,0,0,1,0,0,1,0,0,-0.016192815,-0.007694497,-0.008743604,-0.010277491,-0.047946554,-0.011974521,-0.015874819,-0.19170408,-0.029291258,-0.016676555,-0.021277725,-0.045940829,-0.121912928,-0.050538859,-0.09046875,-0.159599436,-0.238178502,-1.505445393,-0.335788659,-12.25582193,-0.120164774,-0.081342075,-0.281222128,-0.270455389,-0.373023289,-0.49192357,-0.568343316,-0.735174801,-0.040756462,-0.073060927,-0.075175279,-0.380059659,-0.755140883,-0.824718144,-0.177308831,-0.150506067,-0.236781988,-1.337521317,-5.721613541,-0.51472534,-0.979759751,-0.452391459,-0.334171651,-1.551240104,-1.624079166,-0.501847775,-0.374078845,-0.591951758,-0.4626907,-0.496194866,-0.586249181,-0.399748954,-0.418885119,-0.825159408,-0.557783295,-0.542603672,-0.547702824,-0.640719344,-0.843592759,-1.025981014,-1.313841789
0,1,1,1,1,0,1,1,1,0,0,0,1,0,1,0,0,1,1,0,0,0,1,1,0,1,0,1,0,1,1,1,0,0,1,1,1,1,1,1,0,0,1,1,1,1,0,1,1,0,0,0,0,1,1,0,1,1,0,1,0,1,0,0,0,0,0,0,0,1,0,0,0,1,0,0,1,0,1,1,0,0,1,1,0,1,1,0,1,1,1,0,1,0,1,0,0,0,1,0,-0.00301917,-0.003607597,-0.005327139,-0.005493412,-0.006296897,-0.007907153,-0.009948779,-0.012196167,-0.014671252,-0.017940884,-0.020750872,-0.023652058,-0.02657723,-0.029565052,-0.033870934,-0.037668181,-0.042945783,-0.049617049,-0.051261387,-0.058685934,-0.067619026,-0.072452115,-0.0669074,-0.083743665,-0.089865985,-0.100163407,-0.100618866,-0.112546235,-0.121713565,-0.129864077,-0.1393818,-0.145018329,-0.145438407,-0.151167018,-0.154378596,-0.160136092,-0.154389348,-0.151941834,-0.14630959,-0.142799492,-0.139817094,-0.131734561,-0.126936825,-0.127747679,-0.128489789,-0.126584552,-0.1349796,-0.13993877,-0.14660317,-0.153920528,-0.160755217,-0.176586769,-0.183262196,-0.192021765,-0.197636282,-0.214651883,-0.235462669,-0.257302315,-0.291250471,-0.308129086,-0.326978824
0,1,1,0,0,1,0,1,1,0,1,0,0,1,0,0,0,1,1,1,1,1,0,1,0,1,1,0,1,0,0,0,1,1,0,0,0,0,0,0,1,1,1,0,0,0,0,0,0,1,1,0,0,1,0,1,0,0,1,1,1,1,1,0,0,0,0,0,1,0,1,0,0,0,0,0,1,1,0,0,1,0,1,1,1,0,0,0,1,0,1,0,1,0,1,0,0,1,1,0,-0.1402422,-0.214488413,-0.127251944,-0.045789561,-0.071144475,-0.29060203,-0.300799526,-0.240322836,-0.102839083,-0.04231297,-0.249738327,-2.36778954,-0.36310245,-1.198272325,-0.399544434,-0.165320574,-0.123589858,-1.097620098,-0.525141179,-0.525925665,-0.288430729,-0.221765727,-0.120059093,-0.115634984,-0.126547809,-0.400448743,-0.294171362,-0.244582175,-0.265360827,-1.028973839,-0.410200383,-1.38781051,-0.285610392,-0.176543024,-0.177088431,-0.214032119,-0.80167945,-0.957328682,-0.518512441,-0.384225893,-0.405743815,-0.586616331,-0.641079676,-0.458571494,-0.493198898,-0.479244825,-0.486569519,-0.501504324,-0.523394253,-0.549783671,-0.600759718,-0.616149484,-0.633364673,-0.652273837,-0.704234931,-0.805816554,-0.697986451,-0.769432129,-0.768579821,-0.804140227,-0.872065152
0,0,1,0,1,0,1,0,1,0,0,0,1,1,1,1,0,0,0,0,1,1,1,0,0,1,0,0,1,0,0,1,1,0,1,0,0,1,1,1,1,1,0,0,1,1,1,0,0,1,0,0,1,1,1,0,1,1,1,1,1,1,1,1,1,0,1,0,1,1,1,0,1,1,0,0,1,1,1,1,0,1,1,1,0,1,0,1,0,0,0,1,1,1,0,0,0,0,1,1,-0.033082367,-0.067655551,-0.040694007,-0.039791002,-0.335614215,-0.057612103,-0.035317159,-0.045116261,-0.058869516,-0.075206189,-0.062380368,-0.075092451,-0.242620797,-0.440488718,-0.537316745,-1.999747595,-0.575181755,-2.299069806,-18.564217,-0.407327758,-0.053879228,-0.033306524,-0.032110001,-0.070733197,-0.034965934,-0.18755667,-6.583300251,-0.763636795,-5.524277957,-0.252037932,-0.151324713,-0.10686738,-0.098950031,-0.112995104,-0.133549146,-0.234860177,-7.147539493,-0.167203816,-0.130323378,-0.205100734,-0.111880325,-0.127417837,-0.118049914,-0.140171817,-0.278957863,-2.076272222,-1.467418174,-0.93043193,-4.704019224,-2.049902562,-4.26161241,-2.528361465,-0.559380196,-0.379659829,-0.326682291,-0.311754099,-0.341676246,-0.474853459,-0.554367825,-1.252023913,-2.4382299
0,0,0,0,1,0,0,1,1,0,0,0,1,0,0,1,1,1,1,0,0,1,0,1,1,1,0,0,1,1,1,1,1,0,0,1,1,0,0,0,0,0,0,1,0,1,1,0,0,1,1,1,1,1,1,1,1,1,0,1,0,1,1,0,0,1,1,0,0,0,0,1,1,0,0,0,1,0,0,1,1,0,1,1,1,0,1,1,1,0,0,1,1,1,0,0,1,1,1,1,-0.002964648,-0.008376477,-0.004257766,-0.005205542,-0.006472544,-0.008038885,-0.010095891,-0.011903912,-0.014960476,-0.021272589,-0.020486224,-0.023679758,-0.026255908,-0.028871719,-0.030310729,-0.038308377,-0.042972509,-0.048652405,-0.054855782,-0.060554435,-0.073588048,-0.071267446,-0.076798381,-0.081147224,-0.08833085,-0.095386607,-0.111341748,-0.109489713,-0.126944951,-0.134928756,-0.140486643,-0.151545733,-0.155077767,-0.156164318,-0.156823255,-0.151357174,-0.156586432,-0.154996392,-0.149013958,-0.147023618,-0.138774499,-0.138240489,-0.135918472,-0.136750484,-0.127532601,-0.139206126,-0.131483448,-0.142755113,-0.154787412,-0.167310164,-0.176698699,-0.189125608,-0.182714155,-0.169398938,-0.183658157,-0.229260454,-0.242256358,-0.227398254,-0.292056105,-0.295052199,-0.33092741
1,1,1,0,0,0,1,0,0,0,1,1,0,0,0,0,1,1,0,0,1,0,1,0,0,1,1,1,0,1,1,0,1,1,1,1,1,1,1,1,0,0,1,0,0,0,1,0,0,0,0,0,1,0,1,0,0,0,1,1,1,0,1,1,1,0,1,1,1,0,1,0,0,1,1,0,0,0,0,0,0,0,0,1,0,1,0,1,1,0,1,1,1,0,0,0,0,0,0,0,-0.002884248,-0.003489164,-0.004251819,-0.005159685,-0.006800118,-0.005305753,-0.009679778,-0.012328354,-0.015027071,-0.01690498,-0.022152813,-0.025201884,-0.03385882,-0.023281931,-0.030049854,-0.035201705,-0.041585109,-0.044276267,-0.053117943,-0.06021618,-0.067967521,-0.065012451,-0.076780088,-0.082195669,-0.089326952,-0.098848092,-0.105384629,-0.117013117,-0.125538741,-0.135982711,-0.142091397,-0.146367613,-0.129262465,-0.135026193,-0.152866593,-0.15025776,-0.154115741,-0.144795395,-0.142692043,-0.139069161,-0.136304582,-0.132613441,-0.2025512,-0.135875835,-0.130819,-0.122818814,-0.124839697,-0.186778018,-0.127624165,-0.155004325,-0.173120897,-0.162199283,-0.168869614,-0.182187237,-0.212409862,-0.219441337,-0.248433033,-0.260670904,-0.284157936,-0.318566594,-0.343949436
1,0,0,0,1,0,1,1,1,1,0,1,1,0,0,0,1,1,0,0,0,0,1,1,1,1,0,1,0,1,0,0,1,1,0,1,0,0,0,1,1,1,1,0,0,1,1,1,1,1,1,1,1,1,0,0,0,0,1,1,1,1,0,0,0,0,0,1,0,0,1,1,0,0,1,0,0,1,1,0,1,0,0,0,1,0,1,0,1,0,0,1,1,0,1,1,1,1,0,0,-0.046780225,-0.193757527,-0.325061061,-0.021536911,-0.014910466,-0.054170517,-0.144113707,-0.080916365,-0.117254331,-0.231306899,-6.454002546,-0.184414213,-0.11367385,-0.243543986,-0.630169661,-0.774572788,-0.488032727,-1.518486336,-0.718666269,-0.326142758,-0.178809603,-0.118416719,-0.124233054,-0.055057955,-0.191562711,-0.453068966,-0.072183309,-0.070169274,-0.11559881,-2.796785699,-0.055484901,-0.040796468,-0.048353927,-0.168405997,-0.051232703,-0.074732486,-0.364477827,-0.078147199,-0.095570405,-0.109478478,-0.120395254,-0.152725058,-0.161020891,-0.175736571,-0.201079891,-0.198157823,-0.210812131,-0.211458441,-0.194808878,-0.232186219,-0.239181737,-0.220231671,-0.226970068,-0.246109607,-0.271257036,-0.258960471,-0.289247729,-0.32164135,-0.36336528,-0.443144491,-0.562312816
0,1,1,1,0,0,1,0,1,0,0,0,1,0,1,0,0,0,1,1,0,0,1,0,1,0,0,1,0,1,0,0,1,1,0,0,0,0,1,0,1,1,1,0,0,1,0,0,0,0,1,0,1,1,0,0,1,0,1,0,0,0,1,0,0,1,1,1,1,1,1,1,1,0,0,1,1,1,1,1,1,1,1,1,0,1,0,0,0,1,0,1,0,0,1,0,1,0,0,1,-0.003036105,-0.003579151,-0.004059262,-0.00515227,-0.006439234,-0.008002386,-0.00994524,-0.012392532,-0.014882763,-0.017035089,-0.021542826,-0.024107834,-0.026417923,-0.029603862,-0.033322188,-0.035078062,-0.04248943,-0.04813279,-0.051481861,-0.060869519,-0.066142714,-0.073524156,-0.073099985,-0.084242628,-0.091069061,-0.09942697,-0.108972094,-0.119614968,-0.132425288,-0.153373276,-0.176809598,-0.110495846,-0.134627571,-0.143309397,-0.148377405,-0.152763212,-0.159104816,-0.149646728,-0.148271433,-0.143474356,-0.144715839,-0.137694086,-0.142297604,-0.136563869,-0.138195272,-0.144464563,-0.155858941,-0.183047801,-0.223930857,-0.1232842,-0.128627726,-0.140139702,-0.154768829,-0.161914546,-0.183627828,-0.209086141,-0.224811645,-0.250272946,-0.279919256,-0.311313707,-0.337645193
0,0,0,1,1,1,0,0,1,1,0,0,0,1,1,1,0,0,0,1,1,0,0,1,0,1,0,1,1,0,0,1,1,0,0,0,0,0,1,0,0,1,1,1,0,0,1,0,0,1,0,0,0,0,1,0,1,0,1,0,0,0,0,1,1,0,0,1,1,0,0,1,0,1,0,1,1,1,0,0,0,0,1,0,1,1,0,1,0,1,1,0,1,1,1,1,1,1,1,1,-0.015073819,-0.011260677,-0.028121307,-2.154236835,-0.07055579,-0.010784502,-0.025065185,-0.013252873,-0.013894081,-0.036824062,-0.014026519,-0.01635245,-0.017642347,-0.019612756,-0.022512,-0.02735391,-0.035910914,-0.048100872,-0.069961516,-0.125964873,-0.175039319,-0.313003455,-0.743482211,-4.509735544,-0.568909748,-0.340979658,-0.692942133,-0.91092455,-1.32001561,-8.622184206,-1.898200552,-1.64761876,-6.078152506,-2.270919564,-1.813702631,-3.407875734,-0.8674255,-0.681134291,-0.916549707,-3.444443385,-2.271666382,-0.997627763,-0.780530463,-0.705057349,-0.725814531,-0.798567015,-0.947596935,-1.186783075,-1.57745431,-2.297807199,-4.63167931,-4.6374976,-3.341256276,-2.075239455,-1.322393762,-0.966284335,-0.667516708,-0.53426426,-0.479113416,-0.474133367,-0.503086448
0,0,0,1,0,0,0,1,0,1,0,0,0,1,0,0,0,0,1,1,1,1,1,1,1,1,0,1,1,0,0,0,1,0,1,0,0,0,0,0,0,1,1,1,1,1,0,0,0,0,1,1,0,0,1,0,0,1,1,0,0,0,0,0,0,0,0,0,1,0,0,1,1,1,1,0,1,1,0,0,1,0,1,1,1,0,1,1,0,1,0,1,0,1,1,1,0,0,0,0,-0.111528269,-0.037705503,-0.756221665,-0.029208056,-0.011360804,-0.014545663,-0.017445541,-0.023683,-0.022822952,-0.022226961,-0.026772944,-0.029523399,-0.030545205,-0.039452267,-0.414106719,-0.528627142,-0.050981491,-1.166312317,-0.176145253,-0.774283975,-0.413559791,-0.333454092,-0.857383045,-2.11548178,-1.588436942,-3.076206432,-3.393603371,-1.027389634,-0.950722839,-0.884789697,-1.019502095,-1.567878425,-1.107868302,-0.76196952,-1.30612309,-5.705393211,-2.971765521,-1.465447118,-6.421201273,-3.683629758,-0.755713053,-0.462405859,-1.06887661,-5.18302345,-0.594670255,-0.43308256,-0.496620271,-0.574500874,-0.714905014,-0.962097138,-1.693365915,-5.225723711,-6.251763095,-3.984522305,-2.825741106,-6.831187898,-7.649686197,-3.878055224,-4.543318753,-2.797151351,-1.917659414
1,1,0,1,0,1,1,0,0,0,0,1,0,1,1,1,1,0,1,1,0,1,0,0,1,0,1,1,1,0,0,1,0,0,1,1,0,0,0,1,0,1,1,0,1,0,0,1,1,0,0,0,0,1,0,0,1,1,1,0,1,0,1,0,1,0,1,1,1,1,1,0,0,0,0,1,0,1,0,0,0,0,0,1,0,0,1,1,0,1,0,1,0,1,1,1,0,1,0,1,-0.002887839,-0.003521165,-0.004253271,-0.005223051,-0.006498323,-0.007841908,-0.009979266,-0.01243044,-0.015117683,-0.018374761,-0.021940035,-0.023271128,-0.029566875,-0.025009532,-0.034618181,-0.073273836,-0.040269394,-0.038334021,-0.049607027,-0.056986697,-0.063916216,-0.071112453,-0.067281376,-0.076910717,-0.085292791,-0.093404198,-0.103361581,-0.107448299,-0.116037398,-0.128008105,-0.135476641,-0.132115825,-0.146542862,-0.160398431,-0.192826475,-0.145794767,-0.140137751,-0.137820133,-0.13875481,-0.137511921,-0.135438087,-0.123821504,-0.126143247,-0.12265227,-0.123164609,-0.128544448,-0.133775928,-0.133230418,-0.145136221,-0.1505699,-0.156690504,-0.164319983,-0.184298932,-0.187931885,-0.184315859,-0.204224905,-0.235771827,-0.241439047,-0.267478968,-0.293629289,-0.32144676
0,1,0,1,0,1,0,1,1,1,1,0,0,1,0,1,0,1,1,1,1,0,0,0,0,0,1,0,0,1,1,1,0,1,1,1,0,0,0,0,1,1,1,0,1,1,0,1,0,1,0,1,0,1,0,1,1,0,1,1,0,1,0,0,0,1,1,1,0,1,0,0,1,0,1,1,1,1,1,1,0,0,0,0,1,0,0,0,1,0,0,1,1,0,0,1,0,0,1,1,-0.013890797,-0.020499417,-0.037025276,-0.074020768,-0.076187177,-0.273409567,-0.158737258,-0.021384771,-0.016911447,-0.055530474,-2.252156681,-0.106359648,-0.067251755,-0.081954889,-0.037082756,-0.026222456,-0.021286002,-0.017011224,-0.016344228,-0.02216227,-0.05401784,-0.609019853,-0.41980525,-0.144900022,-0.190238395,-0.398755421,-1.746067946,-2.71846208,-3.192389884,-0.975553475,-0.403785308,-0.462777374,-3.741360386,-0.389412092,-0.201189425,-0.217258732,-0.279868447,-0.407846202,-0.842688643,-7.629775656,-1.112365292,-0.673236329,-0.798726174,-1.338938831,-1.236005896,-1.501502887,-2.125476385,-2.673301888,-2.774523291,-3.030330812,-3.493582106,-1.692050967,-2.705250442,-2.054119607,-1.074806725,-0.873004749,-0.841943458,-0.917555428,-1.50658925,-1.998333896,-3.09206884
1,0,0,0,0,0,0,0,0,0,0,1,1,1,0,1,0,1,1,0,0,1,0,1,1,1,1,1,1,0,1,1,0,0,1,1,1,0,1,1,0,0,0,0,0,0,1,0,1,1,0,0,0,1,1,0,0,1,0,0,1,0,1,0,1,1,0,0,1,0,0,1,1,1,1,0,1,1,0,0,1,0,1,1,0,0,0,0,1,0,0,1,0,0,1,0,0,1,1,1,-0.002954038,-0.003131959,-0.004143003,-0.0050948,-0.006490216,-0.007963841,-0.009942545,-0.012821011,-0.015695964,-0.016655572,-0.020446588,-0.023493341,-0.026197239,-0.029139139,-0.032364301,-0.037210369,-0.042306857,-0.045960733,-0.054752211,-0.061012463,-0.067288104,-0.077851416,-0.075424901,-0.082191624,-0.088928591,-0.088478402,-0.106967458,-0.11506333,-0.124212126,-0.134061734,-0.140674436,-0.145922354,-0.153242744,-0.152369937,-0.150947566,-0.150354636,-0.155733305,-0.148228338,-0.143016402,-0.137514631,-0.134140718,-0.12993843,-0.128110131,-0.122646857,-0.128696398,-0.130707433,-0.131843605,-0.142056121,-0.150936797,-0.16486925,-0.170822746,-0.174231162,-0.192670088,-0.197275352,-0.211074671,-0.213557327,-0.230118599,-0.277656765,-0.307790133,-0.385392871,-0.38393287
0,0,1,1,1,0,1,1,0,0,1,1,1,0,0,0,1,0,0,1,1,0,1,0,1,1,0,1,0,0,1,0,1,0,0,1,0,1,1,1,1,0,0,1,1,1,1,0,1,0,1,1,1,1,1,1,0,1,1,0,0,1,1,0,0,0,0,1,1,1,0,0,0,0,1,1,0,1,0,1,1,1,0,0,1,1,0,0,1,1,0,0,1,0,0,0,0,1,1,1,-0.958547662,-0.04038385,-0.020317282,-0.057714378,-0.234461073,-0.296038758,-0.109734412,-0.061236016,-0.105053552,-1.71126694,-0.407041703,-0.248645278,-2.80055775,-0.120322782,-1.694879791,-0.078599729,-0.079605363,-0.074205293,-0.097094035,-0.080984206,-0.087102251,-0.093522488,-0.18244187,-1.032707805,-0.175989804,-1.226568982,-0.159814355,-0.169370064,-0.298115066,-10.39758176,-1.311525424,-0.589511074,-0.208536007,-0.20964907,-0.238749527,-0.272598447,-0.523400979,-0.352719292,-0.599988375,-0.76164037,-0.405851493,-0.426678054,-0.551291774,-0.487586389,-0.656536478,-0.42509557,-0.419057929,-0.454924351,-0.437730385,-0.410447323,-0.602909346,-0.715302048,-0.697014829,-0.786586818,-0.906513844,-1.201742656,-1.132032351,-1.725960372,-1.341215261,-1.869212569,-2.642795278
0,1,0,0,0,0,1,1,0,0,1,0,1,0,1,0,1,1,0,1,1,0,1,0,1,0,1,0,0,1,1,1,1,1,1,0,0,0,1,1,1,1,1,1,1,1,1,0,1,1,1,1,0,0,1,0,1,0,0,1,0,0,1,0,1,0,0,1,1,1,1,0,1,0,1,1,1,0,1,1,1,1,1,0,1,0,1,1,1,1,0,0,1,1,0,0,1,0,0,1,-0.005864051,-0.006590978,-0.008098864,-0.009425087,-0.01072865,-0.012578891,-0.014757064,-0.016317264,-0.019813876,-0.023517743,-0.030171371,-0.025357739,-0.035947018,-0.020346214,-0.026676789,-0.028103892,-0.028959822,-0.031177727,-0.028668229,-0.033288589,-0.032685621,-0.027052886,-0.029901454,-0.031085943,-0.032748143,-0.035046989,-0.038521639,-0.043352174,-0.048633818,-0.058758304,-0.070303181,-0.076202152,-0.091238476,-0.11338348,-0.101919224,-0.157461071,-0.128669508,-0.166483066,-0.18725844,-0.208859908,-0.236866548,-0.259032737,-0.305935561,-0.314464555,-0.333410852,-0.362432291,-0.382755965,-0.398462699,-0.408367086,-0.434090299,-0.489182184,-0.506207283,-0.553109458,-0.545072417,-0.500785757,-0.541938551,-0.497785595,-0.575021619,-0.63187903,-0.654130372,-0.597356374
1,1,0,0,0,1,1,1,1,0,0,0,1,1,0,0,0,1,1,1,0,1,1,0,1,0,0,0,0,0,1,0,1,0,0,0,0,1,1,1,0,1,0,1,1,0,0,1,0,1,0,0,1,1,0,1,1,1,0,1,0,0,0,0,1,1,1,1,0,0,0,1,1,1,1,1,0,0,0,0,0,1,0,0,0,0,1,0,1,1,1,0,1,0,0,1,0,0,1,0,-0.014564647,-0.054272524,-0.685146258,-0.037152012,-0.022492406,-0.041113816,-0.049794938,-0.045033118,-0.088224773,-0.397551679,-0.078738437,-0.297289736,-0.500530347,-0.125624085,-0.352017949,-1.022139994,-3.024007871,-4.452487035,-0.270793746,-3.183037594,-0.691451988,-0.809849049,-1.197400174,-0.182537545,-0.421786344,-4.296002683,-10.67803773,-1.006879467,-17.79059018,-0.659614909,-9.112641289,-0.729685327,-0.851545193,-1.891560772,-2.176482668,-1.001645358,-0.711774989,-4.058417826,-0.490401909,-1.008675957,-0.386380063,-0.284135918,-7.303773972,-0.888359866,-0.848016296,-2.380876543,-13.37410371,-2.39904842,-1.308620873,-17.75036462,-5.783275764,-1.623820034,-8.141896412,-1.46318066,-1.313191453,-4.00938186,-10.24415476,-5.82672585,-6.228390265,-5.05612044,-3.207870138
1,0,0,0,0,0,1,1,1,0,0,1,1,0,1,0,0,0,0,0,1,1,1,0,1,0,1,0,0,0,0,1,0,0,1,1,0,1,1,1,0,1,1,1,0,1,0,1,1,0,0,0,0,1,1,1,0,1,0,1,0,0,1,0,1,0,0,1,0,1,1,1,1,0,0,1,0,0,1,1,0,1,0,1,0,0,0,0,0,0,0,0,0,1,0,0,1,0,0,0,-0.012937884,-0.03210225,-0.065636985,-0.713282528,-0.149650966,-0.05239499,-0.051905844,-0.06971614,-0.131289239,-0.542994945,-1.652232562,-0.689760571,-2.244675007,-0.38650349,-0.459509508,-1.078477789,-0.499369423,-0.48900483,-1.202895089,-0.961286922,-0.254257606,-0.14912037,-0.11260575,-0.102170423,-0.107437237,-0.216831002,-0.269563495,-2.642852105,-0.55577028,-2.732828555,-1.620029541,-1.04676019,-2.892474722,-3.942554807,-9.13494957,-1.824750623,-2.862465002,-3.340242001,-1.287366295,-1.116045362,-1.321670947,-2.436077364,-0.942866331,-0.776861346,-4.461798393,-0.553373039,-2.122222608,-1.265204922,-0.752744904,-0.834159823,-1.317710513,-3.531047894,-5.400384502,-5.465201461,-6.480259877,-3.095783342,-3.78474335,-5.926450199,-2.442762679,-2.491221981,-1.31848837
0,0,1,1,1,1,1,0,0,1,1,1,1,1,0,1,1,0,0,1,0,0,0,1,1,1,1,1,1,1,0,0,1,0,1,0,1,0,0,1,1,1,0,1,0,0,0,1,0,0,0,1,0,0,1,0,0,0,0,0,0,0,0,1,1,1,1,1,1,0,1,1,0,0,0,0,0,1,0,0,0,1,0,0,1,0,1,0,0,1,1,0,0,0,0,1,1,1,0,1,-0.051292584,-0.034857751,-0.266498636,-0.059139636,-0.032756418,-0.022078231,-0.020745141,-0.021336349,-0.023785581,-0.031858237,-0.036993175,-0.037712959,-0.111494761,-0.102724245,-0.038287886,-0.463184418,-0.197577403,-0.132459558,-1.411936255,-0.636771895,-2.476484853,-0.185085344,-0.213013126,-0.413204895,-0.085890795,-0.117268565,-0.104906497,-0.072895539,-0.071166701,-0.075948607,-0.08776048,-0.075147116,-0.107974939,-0.125952115,-0.165942247,-0.165829936,-0.20701793,-0.466048841,-1.067207321,-0.484402607,-0.402743794,-0.446713554,-0.679805508,-2.002570807,-13.02265621,-2.769011973,-1.602160806,-1.125355506,-0.998485942,-0.84338923,-1.012721912,-1.480922302,-1.059477098,-1.2152171,-1.64578099,-1.973991586,-2.21445216,-3.075359099,-5.530710022,-11.32045066,-4.723447671
1,1,0,1,1,0,1,1,1,1,1,1,1,1,1,0,1,0,0,1,1,0,1,0,0,1,0,0,1,1,0,0,0,0,1,0,1,0,0,1,0,0,0,1,0,0,0,0,1,1,1,0,0,1,0,0,1,1,0,1,1,0,1,0,0,1,1,1,0,0,0,0,1,1,1,0,0,0,1,1,1,1,1,1,1,0,1,0,1,1,1,1,1,0,0,1,1,1,0,1,-0.002882575,-0.00351612,-0.010709995,-0.005074269,-0.00635921,-0.006161065,-0.009927877,-0.016601735,-0.015532807,-0.019773684,-0.019704075,-0.029700895,-0.025624457,-0.028933052,-0.0350457,-0.035760643,-0.041368801,-0.047275853,-0.054624279,-0.062575007,-0.062664167,-0.069668448,-0.075384855,-0.081590493,-0.0890719,-0.093383555,-0.107388942,-0.118848587,-0.128422822,-0.133268006,-0.140503183,-0.138064208,-0.145603893,-0.148468362,-0.153644811,-0.154617483,-0.147574365,-0.14524145,-0.145808893,-0.165085403,-0.099307481,-0.116432181,-0.117182064,-0.11754567,-0.119026682,-0.119155888,-0.125724031,-0.134333939,-0.143583656,-0.153256675,-0.168102352,-0.164205868,-0.178135153,-0.187057856,-0.209460808,-0.23561656,-0.279688944,-0.294071622,-0.300988607,-0.339482676,-0.392820093
0,1,1,0,1,1,1,0,0,0,1,1,0,0,0,1,1,1,1,1,1,1,1,1,1,1,0,0,0,1,1,0,1,0,0,0,0,1,1,0,1,0,1,1,1,1,1,0,0,0,0,1,1,1,0,1,0,1,1,1,0,1,0,0,1,0,0,1,0,1,0,1,1,0,0,0,1,1,0,0,0,1,1,1,0,1,1,1,0,1,0,1,1,1,0,0,1,1,0,0,-0.008774243,-0.032850659,-0.497741106,-0.034576116,-0.064106541,-0.127459338,-0.030221562,-0.03706752,-0.438056357,-0.084502855,-0.066681548,-0.06517949,-0.072101814,-0.289214387,-0.56131328,-0.665722878,-0.195086462,-0.301898705,-0.609633899,-6.674879984,-2.319999237,-0.230356756,-0.229223946,-0.586283974,-0.291190892,-0.219791665,-0.502699985,-1.746796096,-0.537806942,-3.296008205,-1.383181929,-0.253931112,-0.307776621,-0.218056942,-0.266291289,-0.337892884,-0.520331578,-1.42765465,-2.056247517,-0.333969136,-0.274471542,-0.294014522,-0.346028791,-0.444976598,-0.421585549,-0.42091327,-0.44232278,-0.529156189,-0.643962365,-0.901941068,-0.468362053,-0.507934713,-0.40395487,-0.422977628,-0.579907622,-0.679077977,-0.795250759,-0.899378769,-1.067647667,-1.282801653,-1.469627215
1,1,1,1,0,1,1,1,0,0,1,1,0,1,1,0,1,1,0,0,1,1,0,0,1,1,1,1,0,1,0,1,1,0,1,0,0,1,0,0,0,1,1,1,0,1,0,1,1,0,0,0,0,0,0,1,0,1,0,1,1,1,1,0,0,0,0,0,0,0,0,1,0,0,1,1,1,1,0,0,0,1,0,0,0,1,0,0,1,0,1,0,1,1,1,1,1,0,1,1,-0.002884719,-0.003505496,-0.004608386,-0.006686646,-0.006291651,-0.007938603,-0.00988377,-0.012109492,-0.014907806,-0.018192667,-0.021008139,-0.028187979,-0.025329694,-0.029700307,-0.032785266,-0.037098133,-0.042105885,-0.048796206,-0.054453867,-0.060558467,-0.066990264,-0.070345097,-0.077814923,-0.083985322,-0.073813731,-0.096981496,-0.103441836,-0.115914834,-0.122781748,-0.135299662,-0.14134693,-0.150649037,-0.157919493,-0.162843953,-0.140490182,-0.151915961,-0.136930777,-0.142713888,-0.144074682,-0.141348889,-0.136471293,-0.130675762,-0.131854411,-0.132556246,-0.136385342,-0.141834728,-0.153355031,-0.111272382,-0.134469756,-0.160974913,-0.172575395,-0.183237476,-0.198290528,-0.18182404,-0.177365532,-0.211223945,-0.247595214,-0.275925324,-0.291803818,-0.326350978,-0.351764778
1,1,1,0,1,1,1,1,0,0,0,1,0,0,0,0,1,1,0,1,0,0,0,0,0,0,1,1,1,0,1,0,1,1,1,1,0,1,1,0,0,0,0,1,1,0,1,0,1,1,0,1,0,0,0,1,1,1,1,0,0,1,1,0,1,1,1,1,1,0,1,1,1,0,0,1,1,1,1,1,0,0,0,0,0,1,1,0,0,1,1,0,1,0,1,0,1,0,1,1,-0.008655842,-0.0107823,-0.01290428,-0.015425494,-0.018992267,-0.020428501,-0.024911103,-0.0305481,-0.036590493,-0.044516748,-0.053538424,-0.063854173,-0.075335561,-0.090352056,-0.104546106,-0.140242457,-0.188398416,-0.255556913,-0.312030179,-0.343476623,-0.338004595,-0.310168035,-0.264262023,-0.228743291,-0.191734004,-0.162653399,-0.130687466,-0.110474023,-0.105964216,-0.103926906,-0.100151031,-0.101924557,-0.123512664,-0.117518534,-0.144817303,-0.142438132,-0.155132489,-0.170697079,-0.190074234,-0.226355954,-0.254695818,-0.359220956,-0.321909735,-0.397888568,-0.506864575,-0.748526667,-1.102207705,-1.700928175,-2.155373055,-2.251192983,-2.312921742,-2.216534002,-2.146746913,-2.040771773,-2.127333808,-2.131876127,-2.319040237,-2.627276226,-3.189754429,-3.997286312,-4.625947182
0,0,1,0,0,0,1,0,0,1,1,0,1,0,0,1,0,0,1,0,0,1,1,0,0,0,1,1,0,0,1,1,0,0,1,0,1,1,1,0,1,1,1,1,0,0,0,0,1,1,1,1,0,1,1,0,0,0,1,0,1,1,0,1,0,0,0,1,0,1,0,0,1,0,1,0,1,0,1,0,1,1,1,0,0,0,1,1,0,1,0,1,1,0,1,0,0,1,0,0,-0.176495467,-0.149211118,-0.04454973,-0.22151237,-0.214678629,-0.036117228,-0.022397595,-0.02028928,-0.02260789,-0.052580233,-0.03450281,-0.109712085,-0.225898707,-0.052335886,-0.331981273,-0.042278282,-0.046083145,-0.039370843,-1.728320857,-0.067545964,-0.068919897,-2.055540572,-0.907786175,-1.786629171,-0.363470108,-0.228596256,-0.221136481,-0.470441553,-1.352686132,-0.170878177,-0.260951578,-0.664972076,-4.975914077,-1.815961901,-3.411209166,-1.794241575,-2.229080367,-10.88881008,-0.8586997,-0.727675155,-1.808576209,-3.152018577,-0.659438053,-0.591631139,-0.629985997,-1.430169577,-0.668798408,-0.664272971,-1.335378199,-0.855249566,-0.738471018,-1.4371486,-1.445463765,-3.50108543,-6.256136379,-4.920688616,-8.076626513,-17.44272495,-12.69051311,-11.96075326,-13.76060361
1,0,1,0,1,1,0,0,0,1,1,0,1,0,1,1,0,1,0,0,0,1,1,0,0,1,0,1,1,1,1,1,1,1,1,0,0,1,0,1,0,0,1,0,1,0,1,1,0,1,1,1,1,1,0,0,1,1,0,1,1,1,0,0,1,0,0,1,0,0,1,1,1,1,1,1,0,1,0,1,0,0,0,1,1,1,1,1,1,1,0,0,0,0,1,1,1,0,1,1,-0.163645132,-0.072393958,-0.077259041,-0.223376837,-1.215349082,-0.101357953,-0.352145147,-0.068422829,-0.045158725,-0.055220071,-0.205859365,-0.883402714,-0.13068943,-0.183016146,-11.13328132,-0.182363602,-0.079232967,-0.153030494,-0.961092694,-0.130496118,-0.054843566,-0.069131069,-1.09652011,-0.08259419,-0.063713786,-0.067703267,-0.096561272,-0.216785162,-5.909370221,-0.440571497,-1.421168,-4.894348833,-6.35001202,-3.465901483,-1.01034534,-0.717316383,-1.23453252,-6.824192042,-2.411973032,-0.842514697,-0.937605197,-2.546665464,-6.747534796,-2.903888695,-6.193799016,-3.406385556,-1.024338529,-1.574783394,-0.996239798,-0.926343724,-1.591041907,-4.390017951,-14.54103132,-2.099184618,-1.612117665,-1.48659816,-1.6323039,-2.026118415,-6.321077385,-2.975281246,-2.779371999
1,0,0,1,1,0,1,1,1,0,1,0,1,0,1,0,1,1,1,1,1,0,1,1,0,1,0,0,1,0,1,1,0,0,0,0,1,1,1,1,1,0,1,0,0,1,0,1,1,1,0,1,0,1,0,0,0,1,1,1,0,0,1,1,0,1,0,1,1,0,1,1,1,1,0,1,1,1,0,0,1,1,1,0,1,1,0,1,1,0,0,0,1,1,0,1,1,1,0,1,-0.14583829,-0.06665482,-0.053586987,-0.151293436,-0.025252018,-0.029039691,-4.801222081,-0.015811003,-0.018886236,-0.058443833,-0.033430972,-0.057956983,-0.054546417,-0.097390583,-2.395605882,-0.199886696,-0.947751158,-2.811741512,-13.48302387,-0.128003292,-0.680859768,-0.20896363,-0.093166864,-0.078791503,-0.088548641,-0.608464255,-0.171856951,-0.327895842,-0.237737164,-0.333499458,-0.550522677,-0.892561623,-1.571021864,-0.601750365,-1.048649037,-7.345827715,-1.886416369,-0.812383262,-0.4947189,-2.155680555,-0.45886344,-3.122059153,-5.89368926,-1.176456138,-0.856191154,-1.281883415,-9.28937805,-3.692902823,-0.78741207,-0.469000684,-1.129213049,-0.603893822,-0.613441364,-1.058985239,-1.084473963,-1.92732221,-4.546480992,-5.884834203,-2.912356062,-1.826884141,-3.382883011
1,0,1,0,1,1,1,0,1,0,0,1,1,1,0,1,1,1,0,0,1,0,0,1,1,1,1,1,1,1,0,1,0,1,0,0,1,1,0,1,1,1,1,0,1,1,0,1,1,0,0,1,1,1,1,0,1,0,1,1,0,1,1,1,0,0,1,0,1,1,0,1,1,0,1,0,0,1,0,1,0,1,1,0,0,0,0,1,0,1,1,1,0,1,1,1,0,1,0,0,-0.075993031,-0.179497392,-0.816553306,-0.643987597,-0.293364073,-0.205333125,-0.430021196,-0.546286633,-0.231300622,-0.155834603,-0.057732604,-0.066575609,-0.247596631,-0.132707492,-0.132538176,-1.032532396,-2.739127379,-0.094695875,-0.250705219,-0.576330499,-0.072128097,-0.046203926,-0.064527442,-0.121606637,-0.173116431,-1.116365372,-1.173884625,-0.201028618,-0.195037655,-0.096970033,-0.106169624,-0.136791995,-0.233238596,-0.252476418,-0.677685764,-1.211577476,-1.714731627,-0.864776243,-0.692831629,-0.561925255,-1.356365502,-24.0777569,-5.690000673,-2.133718485,-1.202495947,-3.535776191,-4.83835459,-1.049167444,-1.452487823,-9.797426924,-3.521593424,-1.30230092,-0.956660513,-0.718270339,-0.611282293,-0.588310371,-0.812276104,-0.743274763,-0.566590291,-0.407098891,-0.440758153
1,1,1,1,0,1,0,0,0,1,1,1,1,1,0,0,1,0,0,0,0,0,1,0,0,0,0,1,0,1,1,0,0,1,1,0,1,0,0,1,0,1,1,0,0,1,1,1,0,0,1,1,1,0,0,0,1,0,1,1,1,0,1,1,0,1,0,1,1,0,0,0,1,0,1,0,1,1,1,1,0,0,0,1,0,0,1,1,0,0,1,0,0,1,0,0,0,1,0,1,-0.00309072,-0.003570833,-0.004346458,-0.005298368,-0.006353698,-0.008025138,-0.009949637,-0.012483271,-0.015339547,-0.018934407,-0.020360979,-0.023817419,-0.026681921,-0.030411367,-0.035349905,-0.038116332,-0.041769112,-0.046745753,-0.055267678,-0.060720375,-0.066681564,-0.076017014,-0.084459991,-0.064665085,-0.083888701,-0.093451025,-0.114313845,-0.111669907,-0.120411191,-0.129455846,-0.13801222,-0.144728949,-0.144702168,-0.141037337,-0.151769017,-0.153260918,-0.157488486,-0.147082039,-0.149789059,-0.137206916,-0.139383346,-0.133788049,-0.138649326,-0.135174327,-0.13968237,-0.141183533,-0.151221847,-0.165583119,-0.185510242,-0.204348521,-0.19116259,-0.099355555,-0.131555559,-0.153776338,-0.166286955,-0.211477212,-0.276890266,-0.342083273,-0.363842935,-0.339195503,-0.394136969
0,1,0,0,1,0,1,1,0,0,0,1,0,0,0,1,0,0,0,1,0,0,1,1,1,0,1,0,1,0,0,0,1,1,1,0,0,0,1,0,0,1,0,0,1,0,1,1,0,0,1,0,1,0,0,1,0,0,1,1,1,1,0,1,0,1,1,0,1,1,0,0,0,1,0,0,1,0,1,0,0,1,0,0,0,1,1,0,0,0,0,0,1,0,1,0,0,1,0,0,-0.025744795,-0.068473981,-0.296283775,-0.05986904,-0.0283387,-0.097860616,-0.045462061,-0.296266886,-0.098826935,-0.026739849,-0.019528333,-0.020969415,-0.021749762,-0.029582173,-1.75652536,-0.06000302,-0.537397621,-0.329613681,-0.110579451,-0.057713016,-0.158156637,-0.072113862,-1.630965412,-0.121128691,-0.253575257,-2.675989048,-4.407668368,-3.730591139,-0.942438172,-0.360855829,-0.952419085,-1.500284779,-1.920150336,-0.866943257,-0.556732148,-0.232165658,-0.392949545,-0.48856428,-0.312144395,-0.921027291,-0.456708638,-0.527393468,-0.66540885,-1.36922497,-8.287310423,-9.693033378,-1.776786058,-1.181026704,-4.929709012,-0.825306855,-0.537707601,-0.673465824,-0.771609021,-1.548548224,-11.58467309,-3.674223652,-11.24035335,-2.331576653,-1.127699427,-1.014066319,-1.751186911
1,0,1,1,1,0,1,1,0,1,1,1,0,1,0,0,1,1,1,0,1,1,1,0,1,1,0,1,1,0,1,0,1,1,1,0,1,0,1,1,0,1,1,1,0,1,0,1,0,1,0,0,0,0,1,1,0,0,1,0,1,0,1,0,1,0,0,0,0,1,0,1,1,1,1,0,0,0,1,1,0,1,1,0,0,1,1,1,0,1,1,1,1,1,0,0,0,1,0,1,-0.012669267,-0.022020431,-0.023757186,-0.036916612,-0.058775995,-2.132269885,-0.108078914,-0.059751734,-0.060579051,-0.149596527,-0.098169621,-0.138473293,-0.320452091,-0.966504111,-0.491141803,-0.13497854,-0.191471345,-2.091351428,-0.148036108,-0.083438061,-0.302209343,-0.158568099,-0.055554031,-0.054091742,-0.077146488,-0.694691745,-0.865375463,-2.053150455,-0.520495367,-1.473389359,-2.107731293,-0.957395924,-0.217413011,-0.128977062,-0.448668934,-0.185350182,-0.279981635,-0.935955892,-0.933917862,-1.37324762,-2.927162397,-0.552807215,-0.376010929,-0.402200234,-1.812616937,-1.329263192,-0.403996241,-0.332098292,-2.703462063,-0.538398163,-0.398437218,-0.353278116,-0.3979817,-0.487388326,-1.018345755,-1.368293993,-1.416461896,-0.462639786,-0.38320163,-0.485776407,-0.798779417
1,0,0,1,0,0,0,1,0,1,0,1,0,0,0,0,0,1,1,1,1,1,0,1,0,1,0,0,1,0,1,0,1,1,1,1,1,1,0,0,1,1,0,0,0,0,0,0,1,1,0,1,0,0,0,1,0,1,0,1,0,0,1,0,0,0,0,1,0,1,1,0,0,0,1,0,0,0,0,0,0,1,0,0,1,0,1,1,1,1,0,1,1,0,1,0,1,0,1,1,-0.003010903,-0.003552647,-0.004201896,-0.005166408,-0.006467269,-0.008065455,-0.009977289,-0.012338772,-0.014969742,-0.018028482,-0.021419144,-0.022884315,-0.027104542,-0.030588756,-0.03540155,-0.044489371,-0.027699628,-0.043964716,-0.051682644,-0.058912908,-0.066607263,-0.069191471,-0.077297505,-0.081649449,-0.087451005,-0.100925759,-0.10125921,-0.112487308,-0.121418131,-0.129554367,-0.137465393,-0.143316787,-0.15170196,-0.148379537,-0.159082883,-0.174495281,-0.162421492,-0.156605079,-0.156208695,-0.163225916,-0.223211845,-0.108398845,-0.124844864,-0.130597043,-0.152918344,-0.115251462,-0.121886455,-0.124644846,-0.133326641,-0.140078088,-0.145687974,-0.194443318,-0.179278899,-0.177638916,-0.193847933,-0.20801118,-0.221822187,-0.235171374,-0.284636595,-0.311724056,-0.348151657
0,1,0,0,1,0,0,0,1,0,1,1,0,1,0,0,1,1,0,0,0,1,1,0,0,0,0,1,0,1,0,1,1,0,1,1,1,1,0,0,1,1,0,0,0,1,0,1,0,1,0,1,0,1,0,0,1,0,1,0,1,1,0,1,1,1,1,1,0,1,0,1,1,0,1,1,1,1,1,1,1,0,1,1,1,0,0,0,0,1,0,1,0,1,1,1,1,0,0,0,-0.026529447,-0.11007706,-0.167604088,-0.080681291,-0.036968598,-0.03079348,-0.023818879,-0.024084449,-0.029470551,-0.061810324,-0.05820062,-0.023055107,-0.046602117,-1.421247715,-0.06888909,-0.054628778,-1.021079637,-0.12385455,-0.062807549,-0.066248766,-0.066938003,-0.073936235,-0.218985134,-0.150482582,-0.388808892,-1.357833403,-0.81801321,-0.224409471,-0.313634483,-2.503803577,-0.465913746,-0.663187182,-2.090475842,-1.389898603,-6.318909848,-2.119646619,-1.426559231,-1.081913401,-0.866137967,-0.753191511,-0.860691703,-0.991081633,-2.540632677,-9.180940026,-7.463458541,-6.604860755,-5.28177974,-3.186562417,-2.941925317,-3.287078348,-4.263137566,-4.499355591,-5.544071146,-11.87680886,-10.74776204,-4.485339393,-2.682224416,-1.899080598,-1.376630733,-1.078012554,-0.830458044
0,1,0,0,1,0,0,1,0,0,1,1,1,0,0,1,1,1,0,1,1,0,0,0,0,0,1,1,1,1,0,0,1,0,0,1,0,0,0,1,1,1,0,1,0,0,0,0,1,1,1,1,1,1,0,1,0,0,0,0,1,0,0,1,1,0,1,1,1,1,0,0,1,1,0,0,0,1,0,1,1,1,0,1,1,0,0,0,1,1,0,1,1,0,1,1,1,0,1,1,-0.029287589,-0.118992429,-0.033036488,-0.323530291,-0.460978436,-0.033598917,-0.097234014,-0.551743501,-0.131957866,-0.13527219,-1.300539624,-0.242577748,-0.130100045,-1.365078568,-0.213686911,-0.114937918,-0.134783238,-0.274768055,-1.525797561,-3.178973383,-5.193433753,-1.715412077,-0.427435852,-0.447579578,-5.085255531,-0.58385437,-1.253470889,-1.042466482,-3.22419994,-0.435061653,-0.995168064,-0.332078503,-0.509188756,-1.050023037,-4.232961682,-1.493751315,-4.852300162,-4.487816187,-4.463562448,-4.239543816,-2.087414659,-4.152131563,-2.425345179,-2.128396266,-2.445939789,-3.782448936,-6.209935073,-6.224988188,-3.122357175,-6.072642933,-3.242705681,-1.083340296,-0.989564638,-1.269938031,-2.035393883,-2.812443032,-10.48994454,-5.698087955,-18.7468574,-6.02101194,-4.434335339
0,0,1,1,1,1,1,1,0,0,0,0,1,0,1,0,0,0,1,0,1,1,1,0,0,0,0,1,0,0,0,1,0,1,0,1,1,0,1,0,0,1,0,1,0,1,0,0,1,1,1,0,0,0,0,1,1,1,1,0,1,0,1,1,0,0,0,0,0,1,1,1,0,1,0,1,1,0,1,1,1,0,1,1,1,0,0,1,1,1,1,1,1,0,1,1,0,1,1,0,-1.2981427,-0.035813326,-0.103929145,-0.123943082,-0.028834047,-0.028917728,-0.047349902,-0.099360818,-0.553157176,-0.623532011,-0.235405327,-0.108663362,-0.084325149,-0.084250702,-0.156835985,-0.090784657,-0.21491488,-5.056161034,-1.434951638,-1.902828453,-0.069552974,-0.067195442,-0.103864781,-0.089282206,-0.094803961,-7.582303004,-0.67137137,-0.158989555,-0.120542299,-0.297855676,-2.654890962,-0.594605129,-0.39087942,-0.245581228,-0.541408279,-0.274495057,-0.219602924,-0.421014591,-0.421874624,-0.368045826,-0.369655527,-0.433091742,-0.484904641,-0.346164236,-0.37862396,-0.499267374,-0.55917664,-0.614763447,-0.500742644,-0.569001262,-0.568105765,-0.603102587,-0.634131201,-0.60484863,-0.68001115,-0.753866093,-0.832707968,-0.930440184,-1.029201646,-1.095315804,-1.249724003
1,0,0,0,1,1,1,0,0,1,1,1,0,1,1,0,0,0,0,1,1,0,0,1,1,1,0,0,0,1,1,0,0,1,0,1,1,1,0,1,0,1,1,1,0,1,1,1,1,0,0,0,1,1,1,1,1,0,1,0,0,0,1,1,1,0,1,0,0,0,1,1,0,0,0,0,1,0,1,1,0,1,1,0,1,0,0,0,0,1,1,1,0,1,0,0,1,0,0,1,-0.00534028,-0.006150136,-0.007252499,-0.007449065,-0.009519166,-0.010386932,-0.012114503,-0.014137472,-0.016489786,-0.017206983,-0.023464552,-0.022688692,-0.025015972,-0.026946285,-0.026111162,-0.02709763,-0.024809199,-0.025206863,-0.025333813,-0.025527421,-0.026128598,-0.025717131,-0.025944294,-0.026113458,-0.026819364,-0.028703315,-0.027946729,-0.045877954,-0.03866182,-0.043849712,-0.045008462,-0.056276384,-0.064951467,-0.078138486,-0.089352959,-0.087580096,-0.119685163,-0.136991334,-0.159207483,-0.184469217,-0.212763581,-0.231231458,-0.272724097,-0.305395035,-0.331622163,-0.383857909,-0.41759723,-0.455149787,-0.559842063,-0.576401405,-0.617349807,-0.732824746,-0.784484637,-0.875557513,-0.929040004,-1.005647223,-1.262980668,-1.313076151,-1.569435075,-2.069024399,-2.399643695
0,1,1,1,1,0,0,1,0,0,0,0,0,0,0,0,1,1,0,1,0,0,1,1,1,0,0,1,1,0,0,0,1,1,0,1,0,1,0,0,1,0,0,0,0,0,1,0,1,0,1,0,0,0,1,1,0,0,1,0,1,0,1,1,1,0,0,1,0,1,1,0,1,1,1,0,1,1,1,1,1,0,0,0,1,0,1,1,0,1,0,1,0,1,1,1,1,1,0,0,-0.002938794,-0.003425222,-0.00417687,-0.005117491,-0.00659977,-0.008038183,-0.010064076,-0.011496967,-0.014838836,-0.01809128,-0.019211193,-0.023292787,-0.026840642,-0.02986876,-0.032977493,-0.037898309,-0.041961297,-0.048182249,-0.051818354,-0.062668113,-0.067189522,-0.072780516,-0.078259226,-0.084605589,-0.093573726,-0.08834106,-0.108157662,-0.110575535,-0.117873178,-0.135667387,-0.14221604,-0.147868517,-0.149989289,-0.148582273,-0.15360277,-0.156872971,-0.166290593,-0.144982151,-0.142754126,-0.133095001,-0.130399064,-0.131746025,-0.115401995,-0.134372047,-0.132029741,-0.131162997,-0.134638891,-0.142557589,-0.130509835,-0.143852308,-0.157128795,-0.169138261,-0.178674025,-0.185529227,-0.226857886,-0.223880225,-0.23576219,-0.264141507,-0.308432512,-0.320823595,-0.352595904
0,0,1,0,0,0,1,1,0,0,1,1,1,0,1,0,0,1,1,0,1,0,1,0,0,0,0,0,1,1,1,1,0,1,0,0,0,0,0,1,1,1,1,1,1,0,1,0,1,0,0,1,1,0,0,1,1,1,1,0,0,1,0,0,0,0,1,0,1,1,0,1,1,1,1,0,1,1,1,0,0,0,1,0,0,0,1,0,0,0,1,1,1,0,0,1,0,1,1,0,-0.00586963,-0.006895807,-0.008083444,-0.009470384,-0.011015564,-0.012843663,-0.014990097,-0.017499407,-0.01627025,-0.021511388,-0.025418112,-0.028359093,-0.03024809,-0.030656979,-0.031258621,-0.031265401,-0.031360948,-0.031816691,-0.031592241,-0.033830533,-0.032135727,-0.037056134,-0.041180859,-0.029097051,-0.040959681,-0.055407909,-0.039259533,-0.047874011,-0.060558512,-0.099088933,-0.064666499,-0.081087763,-0.07982074,-0.113643288,-0.118112593,-0.137340852,-0.147128806,-0.17677761,-0.196943769,-0.229443602,-0.233252533,-0.243627667,-0.273006276,-0.288567573,-0.248551336,-0.335542127,-0.359302169,-0.376870269,-0.398863306,-0.423958131,-0.45535054,-0.492077422,-0.530480832,-0.551685706,-0.562116028,-0.606335956,-0.615745097,-0.69224855,-0.782494441,-0.857639344,-0.98030275
0,1,0,0,0,0,0,1,1,1,0,1,0,1,0,0,1,1,1,0,1,0,0,1,0,1,1,1,1,0,1,0,0,0,0,0,1,1,0,1,0,1,1,0,1,1,1,0,0,0,0,0,0,0,1,0,1,1,1,0,0,1,0,0,1,0,0,0,0,1,1,0,0,1,1,0,1,0,1,1,0,1,0,0,0,0,1,1,1,0,1,1,0,0,0,0,1,0,0,1,-0.016667574,-0.073830879,-0.027851218,-0.00962776,-0.007432285,-0.008228286,-0.008226193,-0.010575581,-0.380960871,-0.663873557,-0.592385032,-0.084462831,-0.037967503,-0.032357684,-0.040456079,-0.103009364,-1.397515675,-1.03232077,-0.235464984,-0.163956136,-0.170839961,-0.332356259,-3.660391458,-0.434105265,-1.588393519,-1.542485076,-3.127426693,-1.811056615,-2.693942177,-0.303898127,-0.460952234,-1.635189062,-5.782527553,-0.941613758,-0.493872544,-2.63522587,-1.699155993,-0.852961048,-3.394157009,-4.96853269,-3.610285745,-3.374285061,-2.31822808,-1.32227778,-0.959633354,-0.887791138,-1.426646192,-0.577163391,-0.52097683,-0.518217748,-0.544358743,-0.680839448,-1.555626207,-1.281539959,-0.433800393,-0.379877948,-0.466533734,-0.554954074,-0.676067607,-0.896244537,-1.3876524
0,1,0,0,1,0,0,0,0,1,0,0,0,0,1,0,0,0,1,1,0,1,0,0,0,0,1,1,0,0,1,1,1,1,1,0,0,0,1,0,1,0,0,0,1,0,0,1,1,1,1,1,0,1,1,1,1,0,1,0,0,0,1,0,1,0,1,0,1,0,1,0,0,1,0,0,0,1,0,0,0,1,1,0,0,1,0,1,1,1,0,0,0,1,0,1,1,1,0,1,-0.016133411,-0.00687499,-0.01921228,-0.013011217,-0.01178322,-0.014302525,-0.015984199,-0.016443963,-0.048255073,-0.118729747,-0.766118833,-0.349469365,-0.435818863,-0.135023664,-0.598607165,-0.098602291,-0.06926466,-1.061648387,-0.091286126,-0.305083015,-0.190151729,-2.182628805,-0.833730437,-0.623032922,-0.345283898,-0.23297066,-0.183463112,-0.17038859,-0.224165183,-0.136738728,-0.148478594,-0.202870466,-0.211737869,-0.178782485,-0.157169911,-0.185477954,-0.188123254,-0.246183732,-0.501652276,-5.210338707,-0.581517015,-0.715957984,-2.13414156,-5.489528278,-3.363825977,-1.1023117,-0.935745521,-1.586444072,-3.017357607,-1.393792123,-2.705460762,-8.649395652,-3.742805947,-4.025658707,-2.823613707,-2.178632798,-3.801053405,-3.797970301,-4.050304521,-4.780091661,-6.361970015
1,1,0,0,1,1,0,0,1,0,0,1,1,1,1,1,1,1,1,0,0,0,0,1,1,1,0,0,1,1,0,0,1,1,0,1,0,1,1,0,1,1,1,0,0,1,1,1,1,1,1,0,0,0,0,1,0,1,1,1,0,0,0,1,1,0,0,1,1,0,1,1,0,0,1,1,1,1,1,1,0,1,1,1,1,1,1,0,1,0,0,1,0,1,0,1,1,0,1,0,-0.019595418,-0.045102742,-0.08027246,-0.142192455,-0.087349734,-0.081168935,-0.610227265,-0.32220839,-0.40171699,-0.312400243,-0.10314158,-1.768983614,-0.241971717,-0.097448942,-0.062710903,-0.491106366,-0.558679499,-0.2572187,-0.226121878,-0.369846054,-0.91078946,-0.829177571,-1.730163871,-3.116976708,-0.557618031,-0.386977527,-0.374455229,-0.489383369,-0.846062937,-2.430554485,-1.485527921,-1.888089457,-0.643188541,-0.730773941,-1.490002832,-6.485771887,-6.028922142,-1.792355931,-1.430821807,-5.706790344,-2.268352973,-1.095150887,-0.996944655,-1.063762292,-1.324996212,-2.020261983,-3.990737206,-3.948218234,-1.944693356,-1.165912791,-1.346135344,-0.970197625,-0.924079503,-1.341138939,-2.696015305,-16.03959951,-3.649665106,-2.583007063,-2.613169268,-3.148944889,-4.21093797
0,1,1,1,0,0,0,1,1,1,1,0,0,1,0,1,0,1,1,0,0,0,0,1,1,1,0,1,0,1,0,0,1,0,0,0,1,0,0,1,0,1,1,1,0,0,1,1,1,1,0,1,0,1,0,0,0,1,1,1,1,0,1,0,1,1,1,0,0,1,0,1,1,0,1,1,0,1,0,0,1,1,1,0,0,1,1,0,1,1,0,0,1,0,1,0,1,0,0,0,-0.002964696,-0.003496192,-0.004311426,-0.005237844,-0.006474617,-0.008053522,-0.009997781,-0.012338146,-0.01506174,-0.018080481,-0.021094714,-0.023607231,-0.026821895,-0.028685195,-0.032745341,-0.036964709,-0.042346191,-0.048337688,-0.055701207,-0.060649281,-0.066194035,-0.07136429,-0.076130719,-0.086848307,-0.08892149,-0.095773045,-0.108864431,-0.113482618,-0.121812582,-0.130713536,-0.138789755,-0.1455995,-0.133122252,-0.156182019,-0.151837649,-0.151093031,-0.151903523,-0.15052063,-0.146601785,-0.134150539,-0.13676603,-0.132076704,-0.129874979,-0.128050957,-0.131153502,-0.130111827,-0.135668345,-0.137515954,-0.148416212,-0.156917644,-0.162676008,-0.179842756,-0.183411215,-0.201840296,-0.218127705,-0.205788253,-0.2384923,-0.252592914,-0.233495449,-0.317866927,-0.339986269
1,1,0,0,0,0,0,1,1,1,0,1,1,0,1,1,0,1,1,1,1,1,0,0,1,0,0,1,0,0,0,1,1,1,0,0,0,1,0,1,0,1,1,0,1,0,0,1,1,1,0,0,1,1,0,0,1,0,1,0,0,1,1,1,1,0,0,0,0,0,1,1,1,1,1,1,1,1,1,1,1,1,1,0,0,0,0,0,1,0,0,0,1,0,1,1,0,1,1,1,-0.0029933,-0.00355552,-0.004617135,-0.005234479,-0.006497772,-0.008324059,-0.010014005,-0.012006128,-0.0150967,-0.019679083,-0.020675395,-0.024889822,-0.026862317,-0.029825011,-0.033195171,-0.037771437,-0.043287754,-0.051491104,-0.055280908,-0.05312617,-0.068804103,-0.072687803,-0.074565559,-0.083472121,-0.089954083,-0.09615375,-0.087600222,-0.113059469,-0.125303098,-0.133683086,-0.141833211,-0.147798153,-0.151519136,-0.153949674,-0.155645696,-0.158682778,-0.164269383,-0.155731717,-0.146442257,-0.126637049,-0.122984867,-0.133218736,-0.131514213,-0.131766227,-0.135786115,-0.141324724,-0.133818837,-0.142203511,-0.136202869,-0.153371611,-0.166088727,-0.177311946,-0.188159014,-0.191509377,-0.217491673,-0.230077222,-0.222210147,-0.239703301,-0.298102804,-0.302111245,-0.352073876
0,0,0,1,1,0,1,0,1,0,1,1,0,0,0,0,1,1,1,0,0,0,0,0,0,1,0,1,1,0,1,1,0,0,1,1,0,0,1,0,1,0,1,1,1,1,1,1,0,0,1,0,0,0,0,0,1,1,1,0,0,1,1,0,0,1,1,0,0,0,0,1,0,1,0,0,0,0,0,0,1,0,0,1,0,0,0,1,0,1,1,0,0,0,0,1,0,1,1,1,-0.026688938,-0.074391974,-0.082370352,-0.071551657,-0.067863729,-0.058939889,-0.280750095,-0.159799916,-0.068194338,-0.066999145,-8.650167208,-0.055235318,-0.053765931,-0.398881268,-0.486226187,-0.124691496,-0.097203165,-0.104195715,-0.153163312,-1.12228988,-0.344814676,-7.844688235,-7.335905623,-10.74555301,-0.221745796,-0.108809932,-0.105333973,-0.050521168,-0.062600558,-0.641309129,-0.847590498,-0.536910003,-0.629656187,-7.205753418,-5.851181229,-1.0708499,-0.767224203,-0.98982833,-1.869740718,-3.492797737,-15.94829298,-3.398820956,-2.505529251,-12.61365227,-2.566900504,-1.715429057,-1.824846759,-5.791234359,-6.306275218,-2.059804318,-1.391066185,-1.389035849,-4.869655745,-2.406078291,-1.209067751,-1.286579393,-1.755339188,-3.576105778,-6.936878795,-4.952637547,-5.233871367
0,1,0,1,0,0,1,0,1,0,0,1,0,1,1,0,0,1,0,1,1,0,1,1,1,1,0,1,1,0,1,1,0,1,0,1,0,1,1,0,0,0,0,1,0,0,0,0,1,0,1,0,1,1,1,0,0,0,1,1,1,0,0,1,0,1,0,0,0,0,0,0,0,0,1,0,0,1,0,1,0,0,0,1,0,1,0,0,0,1,1,0,0,1,1,1,1,1,1,1,-0.018996333,-0.005509869,-0.015290806,-0.013261661,-0.010137454,-0.01180015,-0.014848201,-0.039308082,-0.259067067,-0.044261203,-0.033604947,-0.047418898,-0.141255136,-0.598966262,-1.136233939,-0.162542656,-0.065978376,-0.623717069,-0.046685557,-0.062022966,-0.044777308,-0.0656596,-0.109340594,-0.235323002,-1.320115522,-4.474515366,-6.39189428,-1.097251344,-2.413554022,-0.665626648,-0.716905173,-1.081136161,-2.086320934,-5.988208516,-6.020831088,-5.157500499,-5.856138727,-1.721169033,-0.998155443,-0.704881039,-0.46497187,-0.416712522,-0.401788951,-0.44889089,-0.451760084,-0.530543759,-0.455569787,-0.579097263,-0.82836415,-1.362872949,-2.738262046,-5.287973645,-5.033995086,-2.529623087,-2.909777762,-9.394238733,-6.108015399,-6.996378457,-8.685158183,-7.143735334,-5.101204872
0,0,1,1,1,1,1,0,1,1,0,1,0,0,0,1,0,1,0,1,1,1,1,0,1,1,0,0,0,1,0,0,0,0,1,0,1,0,1,0,0,1,0,1,1,1,0,1,0,1,0,0,0,0,1,0,0,0,1,0,0,0,1,0,1,1,1,0,1,0,0,0,1,1,1,0,1,1,1,0,0,0,0,0,0,0,0,0,1,1,1,0,1,1,1,1,1,1,1,1,-0.006594462,-0.026115602,-0.18376735,-0.032994803,-0.015522702,-0.016795597,-0.034136687,-0.086671214,-0.070941603,-0.224774995,-0.11612606,-0.224523682,-0.362383713,-2.846666804,-3.323772943,-0.174868164,-0.270897624,-0.164424146,-0.290408608,-0.362683792,-0.644939843,-7.56157765,-0.983640489,-0.606970625,-2.53674066,-4.824957382,-1.814050797,-1.34507903,-1.787961107,-4.303735234,-2.875031511,-3.905776437,-1.02472208,-0.533376272,-0.722740998,-0.710569228,-5.646408061,-1.674197915,-3.491947783,-4.755709758,-1.195807594,-0.928547727,-1.223434916,-3.159376903,-4.278864365,-2.421614676,-2.091089439,-3.628249734,-1.553230065,-0.844464468,-0.872757408,-4.87753388,-1.030229771,-1.53115131,-1.411603442,-3.306656919,-1.262856239,-1.612215733,-2.454011691,-2.173591409,-3.579635726
0,0,1,1,0,1,0,0,1,1,0,0,1,1,1,0,0,1,0,1,1,0,0,1,0,0,1,0,0,1,0,1,0,0,1,1,1,1,1,1,1,1,1,1,1,1,1,1,0,1,0,0,0,1,0,0,1,1,0,0,1,1,0,0,1,1,1,0,1,1,0,1,0,0,0,0,1,1,1,0,0,1,1,0,0,1,0,1,1,1,1,1,1,1,1,0,0,1,0,0,-0.043016701,-0.084582694,-0.186099145,-0.375022605,-1.560894005,-0.098248568,-0.062769921,-0.692234367,-0.093646699,-0.629983466,-0.081692959,-0.185958757,-1.106859701,-0.406930351,-2.762408364,-1.623018158,-0.428073876,-1.113751144,-0.105781562,-0.166440396,-2.20613673,-0.463868772,-0.176413178,-0.047921773,-0.03513017,-0.078632147,-0.223749555,-0.070191439,-0.463367942,-0.179235312,-0.525344145,-0.270849927,-0.502807236,-1.016606604,-0.866800023,-1.224425004,-1.473079892,-1.223735795,-1.022555102,-1.082910342,-1.684672327,-6.676164255,-4.235447743,-1.707839099,-1.046854161,-3.652960557,-1.244453979,-1.100615181,-1.236477766,-1.409281916,-1.696478423,-2.218709148,-2.4861713,-2.770888414,-5.298059695,-9.924891996,-2.026291735,-1.021374836,-0.664856356,-0.550447542,-0.543758951
0,1,1,0,0,1,0,0,1,0,0,0,0,1,1,1,0,0,0,0,1,1,1,0,1,1,0,1,0,0,1,1,0,0,1,0,1,1,1,0,0,1,1,1,0,0,1,0,0,0,1,0,1,0,1,1,0,1,0,1,0,1,1,1,1,0,1,0,0,0,0,0,1,0,0,1,0,1,0,1,1,1,0,0,0,0,0,1,0,0,0,1,1,0,0,0,0,0,1,1,-0.01581117,-0.022292638,-0.032306264,-0.043493241,-0.060794094,-0.092929191,-0.149673524,-0.247559986,-0.385936203,-0.43145513,-0.373080091,-0.290281996,-0.230732387,-0.185637409,-0.151722576,-0.125518399,-0.116580466,-0.121928755,-0.143998784,-0.213121725,-0.317714442,-0.458263126,-0.561644369,-0.696043087,-0.933917976,-2.326478994,-9.888403436,-4.274729289,-1.490718299,-0.87619872,-0.587685737,-0.497039832,-0.493634755,-0.569174478,-0.654934918,-0.948534028,-1.653016555,-3.417478594,-4.11911618,-2.144565708,-1.070937086,-0.597813613,-0.418605451,-0.363165101,-0.287101163,-0.26236512,-0.229074538,-0.200622946,-0.198695715,-0.171167196,-0.165509711,-0.173594167,-0.223823479,-0.463180619,-2.045759925,-5.620100929,-1.683072536,-0.858931067,-0.59771764,-0.535984637,-0.561902295
1,1,0,0,1,0,0,0,0,0,0,1,1,0,1,1,1,1,0,0,1,1,1,0,1,1,1,1,0,1,1,0,1,1,0,0,0,0,0,1,1,0,0,0,1,0,0,1,1,0,1,1,0,0,0,1,1,1,0,1,1,1,0,0,1,1,1,0,1,1,0,1,0,1,1,1,1,0,0,0,1,0,1,0,1,1,0,0,1,1,1,1,0,0,0,0,0,1,1,1,-0.005772044,-0.007091265,-0.00668077,-0.008819901,-0.010433299,-0.012016889,-0.014727563,-0.016059318,-0.018971515,-0.022375234,-0.021664183,-0.026984724,-0.029083041,-0.029761785,-0.029301696,-0.029563799,-0.028676762,-0.030333254,-0.029898042,-0.031098724,-0.030512723,-0.034115852,-0.033996887,-0.034782081,-0.0359014,-0.038099365,-0.041776732,-0.046734948,-0.06173964,-0.135465101,-0.116738842,-0.078376759,-0.092755648,-0.103259004,-0.123570181,-0.119065911,-0.18045178,-0.178216952,-0.192968777,-0.219860584,-0.226446207,-0.254301102,-0.263471514,-0.293516694,-0.318746228,-0.315994199,-0.345512404,-0.361829844,-0.407968103,-0.434146566,-0.471578444,-0.511193143,-0.553892571,-0.572786622,-0.54332552,-0.59570997,-0.620838395,-0.659125404,-0.70737327,-0.687121863,-0.906110425
0,0,0,0,0,0,1,0,1,1,1,0,1,1,0,0,1,0,0,0,0,0,0,0,0,0,1,1,1,1,0,1,1,0,1,1,0,1,0,1,0,0,0,1,0,0,0,1,0,1,1,1,0,1,1,1,0,0,1,0,0,0,0,0,1,1,1,0,1,0,0,1,1,1,1,0,1,1,0,1,0,1,1,0,0,1,0,0,1,1,1,0,1,1,0,1,0,1,0,0,-0.095985169,-0.069034278,-0.167181827,-0.046086172,-0.040667713,-0.446598423,-0.061166169,-0.103609026,-0.206778094,-0.479102716,-0.356630848,-0.156708791,-9.102191514,-0.753461848,-0.042264521,-0.10530107,-0.062868075,-0.106477913,-0.256720591,-0.509099634,-0.858920916,-2.538545263,-0.667686287,-11.34267699,-0.297574611,-0.220589477,-2.233960775,-0.100960935,-0.767381359,-0.22348905,-1.081413077,-1.590692814,-1.042009755,-0.458774037,-1.842698151,-5.763086514,-2.946374023,-1.014745988,-5.54205618,-0.716778413,-0.430225737,-0.363182397,-0.353020374,-0.633575534,-0.343994821,-1.481053877,-0.359602158,-1.668377874,-0.729606936,-0.432795007,-4.502382475,-4.266526141,-1.738238551,-3.8959498,-13.87928863,-5.243440011,-2.080133493,-0.962043728,-0.696400071,-0.661320017,-0.864149721
0,1,1,0,0,0,0,0,1,1,0,1,1,1,0,1,1,0,0,1,0,0,0,1,0,0,1,1,0,1,1,1,0,1,1,1,0,1,1,0,1,0,0,0,0,0,0,1,1,1,1,0,0,0,0,0,0,0,1,1,1,0,1,0,1,0,1,1,1,0,1,1,1,0,0,0,1,0,0,1,0,0,0,0,1,1,1,0,0,0,1,0,0,1,0,1,1,1,1,0,-0.002971194,-0.003628242,-0.004171615,-0.005954876,-0.006389781,-0.007886123,-0.009881234,-0.012425726,-0.015110796,-0.021002363,-0.020427809,-0.023566354,-0.02650785,-0.030199025,-0.029578907,-0.036032768,-0.041904289,-0.048032739,-0.054388023,-0.060576207,-0.06717076,-0.074057484,-0.06444019,-0.079723713,-0.088438493,-0.122611489,-0.103160423,-0.113171134,-0.122389039,-0.132283,-0.13997522,-0.151243926,-0.153861181,-0.161392967,-0.158525437,-0.163976875,-0.145094973,-0.229073991,-0.134339137,-0.13877252,-0.175642615,-0.128364708,-0.113538659,-0.120489556,-0.121373314,-0.128685313,-0.138174497,-0.167266424,-0.144837585,-0.159293529,-0.171663076,-0.187011115,-0.200228132,-0.212276454,-0.206993323,-0.199700762,-0.208918026,-0.244870046,-0.309407713,-0.351792575,-0.36949939
1,1,0,0,1,1,1,0,0,0,1,0,0,0,0,0,0,0,1,0,1,0,1,0,1,0,0,1,0,0,0,1,1,1,1,1,1,0,0,1,0,0,0,1,1,1,1,1,1,1,0,1,1,0,1,1,0,0,0,1,0,1,0,0,1,1,0,0,0,1,0,1,1,0,1,1,1,0,1,0,0,0,1,1,1,1,1,0,1,1,1,0,0,1,0,1,1,1,1,1,-0.278633092,-0.035804974,-0.045251382,-0.008197259,-0.191610943,-0.027614762,-0.02298521,-0.024892233,-0.027530943,-0.408499373,-0.143065187,-0.458594558,-0.83841621,-0.494790622,-0.626727443,-0.806670109,-0.362372861,-3.895279282,-2.174289781,-0.686406286,-0.265879114,-0.21886189,-0.629644585,-3.202038472,-0.290772209,-0.243700931,-1.127896635,-1.867262573,-3.676455689,-2.797394583,-1.076086245,-2.149438165,-4.794423143,-2.748393072,-1.322523075,-7.106500083,-1.790078976,-0.689962766,-0.56005927,-0.951237861,-2.551974153,-3.923445038,-0.495885054,-2.509629646,-4.699557605,-1.280670121,-1.966462041,-2.851643951,-1.022665606,-1.590479572,-3.56534412,-8.957388713,-12.9278522,-8.707334752,-2.546500223,-2.321082114,-9.655081271,-3.977006627,-3.028545546,-5.376082003,-1.452501701
1,0,0,1,0,1,0,0,1,1,0,1,1,1,1,1,1,1,1,0,1,1,0,1,1,0,1,1,0,0,1,1,0,1,1,1,1,0,0,0,0,0,1,1,1,1,0,1,0,1,0,0,1,0,0,1,1,1,0,1,1,0,0,1,0,1,1,1,0,0,1,1,1,1,0,0,0,0,0,1,1,1,1,0,1,0,0,0,1,1,0,0,1,1,1,0,1,0,0,0,-0.022604303,-0.041581749,-0.026419884,-0.015357636,-0.018336217,-0.14378941,-0.078803825,-0.23023866,-0.086421221,-0.034243083,-0.066612281,-2.664764342,-1.614109346,-0.243544279,-0.177576369,-0.331924534,-0.51598804,-1.840291175,-0.17627031,-0.163597776,-2.175753068,-2.160185418,-1.482391623,-1.388313616,-0.473501388,-0.29016962,-0.776881159,-0.262124745,-0.44977783,-1.686779158,-7.064218806,-1.082037686,-0.409045832,-0.273338459,-0.231123189,-0.126335301,-0.129551208,-0.15756383,-0.224093724,-1.690851304,-3.639711657,-0.258438317,-0.251311999,-1.520163852,-0.634907257,-0.484929899,-0.547739315,-4.297469347,-0.941701281,-2.602165608,-0.944033547,-1.117279147,-1.514947342,-1.023803747,-0.545035079,-0.532602695,-0.54827946,-0.560683328,-0.583612913,-0.604519471,-0.755228681
1,1,1,1,1,1,1,0,1,1,0,1,0,0,1,0,0,1,1,0,1,0,1,1,1,1,0,0,0,1,1,1,0,1,0,0,1,1,1,0,0,1,1,1,1,0,1,0,1,1,0,1,0,1,1,0,1,0,1,0,1,0,0,0,1,0,1,0,1,1,1,0,0,0,1,1,1,1,1,1,1,0,0,1,0,0,0,1,1,1,0,0,0,1,0,1,0,0,1,0,-0.003003919,-0.003741008,-0.004027469,-0.005123766,-0.006238324,-0.008010857,-0.009826384,-0.01233481,-0.014435807,-0.017781211,-0.021025293,-0.023712678,-0.026791401,-0.02912737,-0.033540046,-0.041888317,-0.030981136,-0.048178892,-0.056250802,-0.056049228,-0.067002504,-0.054865298,-0.073754263,-0.081120641,-0.091713705,-0.093249377,-0.106659591,-0.128425225,-0.117986846,-0.128147923,-0.137098428,-0.14959676,-0.141349527,-0.147816753,-0.152255717,-0.147307584,-0.153158538,-0.151420972,-0.144959179,-0.141672769,-0.139296114,-0.155957796,-0.1214191,-0.128724125,-0.128833254,-0.124181151,-0.13614538,-0.130664087,-0.143106802,-0.155802681,-0.170101374,-0.176917924,-0.189838241,-0.214773333,-0.211678427,-0.201117908,-0.238243541,-0.271785846,-0.301190038,-0.323701061,-0.353407753
1,0,0,0,1,0,1,1,1,1,1,0,0,0,0,1,0,0,0,0,1,1,0,1,0,0,1,0,1,0,0,0,1,0,1,0,1,0,1,0,0,0,0,0,0,1,0,1,0,0,1,1,1,1,1,0,1,1,0,1,0,0,1,0,1,1,0,1,1,0,1,1,1,1,0,0,1,0,1,0,0,1,1,1,0,0,1,0,1,0,0,0,1,1,0,1,1,1,1,0,-0.008721185,-0.013033555,-0.026759987,-0.111032462,-0.411927881,-0.087776495,-4.514095974,-0.060157866,-0.050861197,-0.050255329,-0.064901239,-0.060406902,-0.593609504,-0.142437389,-0.130153958,-0.145911153,-1.953916082,-0.821058634,-0.868630791,-1.074447402,-1.826565978,-2.038825447,-1.992682464,-1.936322762,-0.83298306,-0.914300009,-0.703049696,-0.779943091,-1.587254674,-3.650336912,-0.330552765,-0.788948774,-0.833186892,-2.060908314,-7.214000765,-1.596655479,-0.757421055,-0.549652808,-0.493328718,-2.153003097,-3.041241461,-5.343472263,-1.46353169,-1.796894824,-3.493557117,-7.140008263,-3.630205025,-2.174104852,-2.606180719,-6.340233282,-1.873691039,-0.954759684,-0.779583367,-0.683404717,-0.613651823,-0.53318924,-0.725338082,-0.808814763,-0.539934352,-0.587436985,-0.662062158
1,0,1,0,1,0,1,0,1,1,1,0,0,0,1,1,1,1,1,1,0,1,1,0,1,1,0,0,0,1,0,1,0,0,0,1,1,0,0,1,1,1,1,0,0,0,1,1,0,1,1,1,1,1,0,0,0,0,0,1,1,1,0,1,0,0,0,1,1,1,1,0,1,0,1,0,1,0,1,0,0,1,1,1,0,0,0,0,0,1,1,0,0,1,0,0,1,1,1,1,-0.002990692,-0.003573855,-0.004339662,-0.005549002,-0.006263577,-0.007949199,-0.009931032,-0.012336589,-0.015305843,-0.021658698,-0.019327319,-0.022803826,-0.02682887,-0.028955252,-0.032373032,-0.036693713,-0.041910135,-0.047816404,-0.059471063,-0.059477634,-0.065303854,-0.070670017,-0.075862728,-0.081541388,-0.08813638,-0.09558155,-0.11138323,-0.114599271,-0.122066958,-0.126817583,-0.13885746,-0.145025567,-0.148522339,-0.151350877,-0.155010971,-0.176180591,-0.147462157,-0.146679823,-0.145557253,-0.138270576,-0.132772919,-0.128642814,-0.123830076,-0.120666755,-0.124395341,-0.128097638,-0.134958114,-0.133961181,-0.14036389,-0.148676961,-0.148416692,-0.14635971,-0.171358328,-0.204010197,-0.273763216,-0.2384207,-0.248475983,-0.260184892,-0.273116082,-0.326738154,-0.379249975
0,0,0,0,0,1,0,0,0,0,0,0,0,0,1,0,0,1,1,1,1,1,0,0,0,0,0,0,1,0,0,1,0,0,0,1,1,1,1,0,0,1,0,1,0,1,0,1,0,1,0,1,1,1,0,0,1,1,0,1,1,0,0,0,1,0,0,1,0,1,0,1,1,1,1,1,1,1,1,0,0,1,0,0,1,1,0,1,1,0,1,0,0,1,0,1,1,1,0,0,-0.041576593,-0.093956156,-0.219986123,-0.142350598,-0.057531455,-0.026393847,-0.013146614,-0.006730473,-0.006097751,-0.086912358,-0.02889252,-0.035557664,-0.048155183,-0.063089554,-0.083707732,-0.120034706,-0.212382388,-0.613618554,-3.300536557,-0.589273223,-0.179891975,-0.091466123,-0.06118587,-0.049241182,-0.04691139,-0.049577797,-0.058214384,-0.08213439,-0.139533305,-0.723738501,-0.27090889,-0.417164505,-2.2173493,-1.609726829,-0.530295563,-0.252151027,-0.205336349,-0.183752027,-0.17840011,-0.187001241,-0.213806051,-0.305629641,-0.509557932,-0.245111132,-0.218721987,-0.225908796,-0.238210844,-0.280114411,-0.369127302,-1.039616283,-11.36911783,-1.198113929,-0.72903924,-0.729218572,-1.777228977,-1.197331308,-0.442860187,-0.424519185,-0.425268724,-0.493624752,-0.621269116
1,0,0,0,1,1,0,0,0,0,1,0,0,0,0,1,1,1,1,1,1,1,0,0,0,0,1,1,1,0,0,0,1,0,0,0,1,1,0,1,0,0,1,1,0,1,0,0,0,0,0,0,0,0,1,1,1,1,1,1,1,1,1,1,1,0,1,0,0,0,1,1,1,0,0,1,0,1,1,1,0,1,1,1,0,0,1,0,0,1,1,1,0,0,1,1,1,0,0,0,-0.04011126,-0.044490518,-0.363241274,-0.098812094,-0.781802181,-0.024131994,-0.031663877,-0.046761506,-0.075335241,-0.20454366,-0.31161272,-0.522442241,-0.362092863,-0.267149172,-0.235572168,-0.207276346,-0.122589132,-0.057975336,-0.114350986,-0.059885583,-0.045336615,-0.061489705,-0.263410028,-0.226646898,-0.103039178,-0.234556059,-0.252805705,-1.767205083,-0.720408592,-2.482920462,-0.920686889,-4.087975478,-2.088012736,-1.459821578,-0.681834957,-1.029060661,-13.32026174,-0.891778688,-0.651328397,-0.546099075,-0.561963931,-0.859397463,-3.611866032,-1.23974858,-0.58658581,-0.728947215,-1.941116465,-5.594408557,-1.255509347,-1.651509503,-1.259232617,-0.769587992,-0.871610229,-6.048444077,-2.196787473,-1.265248139,-1.814227764,-1.756213923,-1.334559428,-2.77613746,-1.166570477
0,0,1,0,0,0,0,0,1,1,1,1,0,0,1,1,1,1,0,0,1,0,0,0,0,1,1,0,1,1,0,0,0,1,1,0,0,0,1,0,1,0,1,0,0,0,1,1,1,1,1,1,0,1,1,1,1,0,1,1,1,1,1,1,0,0,1,1,1,0,1,1,0,1,0,0,0,0,0,0,0,1,0,1,0,0,1,1,0,1,1,0,0,1,0,0,0,0,1,0,-0.002972136,-0.003560543,-0.004474349,-0.005267845,-0.006626612,-0.008059016,-0.009748027,-0.012318558,-0.015059676,-0.018086407,-0.021193228,-0.024050749,-0.02801499,-0.028497577,-0.032750081,-0.037356343,-0.042821935,-0.049213013,-0.054760302,-0.05390441,-0.065149674,-0.070762131,-0.076457148,-0.08028628,-0.09139906,-0.095961335,-0.107206994,-0.115035182,-0.12789949,-0.133518957,-0.145942704,-0.145028264,-0.150673671,-0.153607313,-0.160935111,-0.160904038,-0.154005521,-0.158226818,-0.154400329,-0.149640854,-0.144556261,-0.143405695,-0.137718397,-0.134971171,-0.123128008,-0.142449607,-0.150679572,-0.166186115,-0.18133494,-0.203689661,-0.214603359,-0.138679698,-0.160458298,-0.161470748,-0.172422563,-0.18292873,-0.193274592,-0.211584004,-0.256407746,-0.3176935,-0.418381954
1,0,1,0,1,1,0,0,0,1,1,1,1,1,1,1,1,1,1,1,0,0,1,1,1,1,0,0,1,0,0,0,1,1,0,1,1,0,1,1,1,1,1,1,0,1,1,0,1,0,0,1,0,1,0,0,0,0,0,1,1,0,1,0,0,0,0,1,1,0,0,0,0,1,1,1,0,0,0,1,0,1,0,1,1,1,1,1,0,1,0,1,0,0,1,0,1,1,0,0,-0.034497734,-0.018798197,-0.016440521,-0.01925384,-0.021365515,-1.704442005,-0.017269716,-0.018585171,-0.062105659,-0.062443423,-0.043442034,-0.047754627,-0.053124064,-0.693083582,-0.062527421,-0.070943813,-0.160456358,-0.103025272,-3.806943468,-0.35071994,-0.501922592,-0.726780192,-0.56110347,-0.7270369,-3.134014151,-0.404862929,-0.483012854,-1.572200239,-1.954032618,-2.209997054,-1.594755907,-4.595340108,-1.705973924,-2.182755438,-1.156026956,-2.90234812,-1.782345435,-9.046314677,-1.030048331,-0.374653981,-0.853652744,-0.385776085,-0.299250236,-0.278762514,-0.298196079,-0.269993749,-0.276835266,-0.27864244,-0.290411229,-0.29477622,-0.303756944,-0.319708996,-0.388063236,-0.393354649,-0.420826539,-0.458197228,-1.099759644,-0.575135288,-0.603630908,-0.763280064,-0.756829567
1,0,1,0,1,1,0,1,0,0,0,1,0,0,0,0,0,0,1,0,0,1,0,0,0,0,0,0,0,0,0,1,1,1,1,0,0,1,1,1,0,0,0,0,1,1,1,0,1,1,0,0,0,0,0,1,0,1,0,1,0,1,0,0,0,0,1,1,0,0,0,0,1,1,1,0,0,0,1,1,0,0,1,1,0,1,0,0,0,0,0,1,1,0,0,0,1,0,0,0,-0.0030049,-0.003556157,-0.004358407,-0.005655118,-0.006401773,-0.008057157,-0.010049876,-0.01249371,-0.015251063,-0.018353551,-0.021657319,-0.024949348,-0.028481401,-0.033929174,-0.022475372,-0.032524841,-0.042305274,-0.062268623,-0.050555438,-0.059435021,-0.067624817,-0.079276839,-0.045111055,-0.071906109,-0.082571592,-0.091609575,-0.10029996,-0.11119563,-0.102079582,-0.1146926,-0.131518538,-0.142781661,-0.152060911,-0.144799299,-0.148114176,-0.150117901,-0.149669334,-0.122973442,-0.138984663,-0.13522948,-0.131690464,-0.138095234,-0.127385305,-0.125826411,-0.117791548,-0.13658462,-0.113775666,-0.127561359,-0.133486959,-0.145784412,-0.161147843,-0.174527455,-0.163403276,-0.189993665,-0.202767333,-0.222112641,-0.248765562,-0.285761897,-0.395056771,-0.419301343,-0.409081853
0,1,0,1,0,1,1,1,1,0,1,0,1,0,1,0,1,1,1,1,1,0,1,1,0,1,1,1,1,0,0,1,1,1,1,1,0,1,0,1,0,1,1,0,0,1,0,0,0,0,1,1,1,1,0,1,1,0,0,0,0,0,0,0,0,0,0,0,0,0,1,1,1,1,0,1,0,1,1,1,0,0,1,1,0,0,1,1,1,0,1,1,1,0,0,1,0,0,1,1,-0.002953491,-0.003531435,-0.00427061,-0.005312923,-0.006736183,-0.008110945,-0.010152357,-0.011630852,-0.014854174,-0.017886938,-0.020944727,-0.02481336,-0.026751262,-0.029756316,-0.031254942,-0.036826117,-0.042458017,-0.048025681,-0.054132575,-0.06025786,-0.065849597,-0.071284203,-0.076673386,-0.082849726,-0.088880255,-0.10053408,-0.10367939,-0.096880653,-0.125666266,-0.13323842,-0.138785903,-0.144915235,-0.148774474,-0.149616912,-0.154521208,-0.155546578,-0.15408507,-0.149856389,-0.144234827,-0.138997227,-0.13491035,-0.131553888,-0.121021343,-0.130776442,-0.115936674,-0.123378397,-0.133011215,-0.141960014,-0.142352312,-0.161108336,-0.173804116,-0.183883962,-0.180836783,-0.196684754,-0.207945425,-0.226170192,-0.236113961,-0.257757081,-0.276140597,-0.315940867,-0.340279131
0,0,0,0,1,0,1,1,1,1,1,0,1,1,1,1,1,1,1,1,0,0,0,0,1,0,1,1,0,1,1,0,0,1,0,0,0,1,0,1,1,0,1,1,0,1,0,0,0,1,0,0,0,0,1,0,0,1,0,1,0,1,0,1,0,1,0,0,1,1,0,1,1,1,1,0,1,0,0,1,1,1,0,1,1,1,0,0,0,1,0,1,1,0,1,0,0,0,1,0,-0.002936825,-0.003563195,-0.004313735,-0.005322125,-0.006984138,-0.007685531,-0.009785297,-0.012142657,-0.014837337,-0.016583558,-0.021007338,-0.023638595,-0.028053255,-0.029861714,-0.032773332,-0.037509859,-0.043096796,-0.048800801,-0.054427583,-0.062733014,-0.064519153,-0.070242662,-0.075921667,-0.083256635,-0.096101832,-0.094307285,-0.105372345,-0.113818365,-0.122557462,-0.13221171,-0.139906092,-0.137723029,-0.144346528,-0.150738091,-0.151247976,-0.153986003,-0.153824039,-0.153320041,-0.148090675,-0.142992969,-0.13912321,-0.136011497,-0.136917511,-0.135887482,-0.139457651,-0.157818647,-0.160026719,-0.136628277,-0.130752647,-0.154723704,-0.153940802,-0.173463641,-0.200768793,-0.200413384,-0.211484578,-0.226038707,-0.272480179,-0.288178939,-0.339569107,-0.388710168,-0.323370446
0,0,0,0,1,0,1,0,0,1,0,1,1,1,1,1,1,1,0,1,0,1,1,0,0,0,0,0,1,1,1,0,1,1,1,1,1,1,0,0,0,1,1,0,1,0,0,1,0,0,1,1,0,1,0,1,0,1,1,1,1,1,0,0,0,0,1,1,0,1,1,1,1,1,0,0,0,0,0,1,0,1,0,1,0,1,0,0,0,0,1,1,0,0,1,0,0,0,1,0,-0.003033256,-0.003592672,-0.004389069,-0.005583999,-0.005492377,-0.003359992,-0.009297807,-0.011288797,-0.014377485,-0.017535427,-0.021512958,-0.022909544,-0.026200495,-0.029064536,-0.033103798,-0.038226939,-0.04378393,-0.074660189,-0.048410541,-0.056086012,-0.064580983,-0.07016578,-0.078164188,-0.077481893,-0.085918519,-0.093907906,-0.10486277,-0.114019167,-0.12211362,-0.138442397,-0.132310324,-0.141047487,-0.120073156,-0.150394934,-0.155079981,-0.148280028,-0.153582069,-0.149033451,-0.143870365,-0.138118026,-0.135736873,-0.12890351,-0.126096934,-0.123479664,-0.124710155,-0.12591777,-0.129979293,-0.143994178,-0.15098606,-0.145525211,-0.150080592,-0.148309699,-0.161084502,-0.186102693,-0.188383124,-0.205711507,-0.26761203,-0.295625046,-0.314636235,-0.35476003,-0.364989456
0,1,0,1,1,0,1,0,0,0,1,0,1,0,0,0,1,1,1,1,1,0,0,0,0,0,1,0,1,0,0,0,0,1,1,1,1,1,0,1,0,1,1,0,0,0,1,0,0,1,0,0,0,0,0,1,0,1,0,0,0,1,1,1,0,0,0,0,0,1,0,1,0,0,0,0,1,0,0,1,0,1,0,1,1,1,1,1,1,1,0,1,0,1,0,0,1,1,0,0,-0.062875199,-0.054599792,-0.070438705,-0.106689561,-0.146785542,-0.232937001,-0.172052231,-0.15329557,-0.309023944,-0.511959346,-0.099713556,-0.14332368,-0.360638689,-6.002414789,-0.324406577,-2.11632517,-0.092823862,-0.236954908,-0.295556115,-0.2982238,-1.991734222,-1.200952399,-0.967681211,-0.196723574,-0.328835539,-0.269505317,-0.893747161,-0.758587413,-1.828292786,-0.367177726,-0.254258114,-0.372124099,-0.534071527,-0.609226789,-0.464698654,-0.304963166,-2.5228099,-1.051256361,-0.429897791,-2.877195268,-5.487321193,-2.870819936,-1.392385969,-0.765715079,-0.800922726,-0.711475652,-0.623428736,-0.877464501,-0.536437635,-0.855043601,-0.978577257,-0.818937552,-1.990484763,-1.726110712,-10.15006694,-1.30833606,-0.464542093,-0.43006928,-0.290760638,-0.245867857,-0.260681287
0,0,0,0,0,1,0,1,1,1,0,1,0,1,0,1,0,0,0,0,1,1,0,0,1,0,0,1,1,0,1,1,0,1,1,1,1,0,1,0,1,0,1,1,1,0,0,1,0,0,1,1,0,1,1,1,0,0,0,0,1,0,1,0,1,0,0,1,0,0,0,0,0,1,1,0,0,0,0,0,0,0,1,0,1,0,0,1,0,1,1,1,0,0,0,0,0,0,0,0,-0.037346228,-0.374151403,-0.106550553,-0.066555165,-0.121653164,-0.399993433,-0.506383015,-0.041304494,-0.035526688,-0.39193172,-0.155826713,-0.070813174,-0.392375588,-0.498824131,-0.216040917,-0.975148252,-0.129022214,-0.095109549,-0.094987563,-0.195812306,-5.074136743,-1.056011569,-0.829602354,-0.187603873,-0.487729843,-3.706531443,-1.183639138,-1.358122026,-1.075097923,-1.416504415,-7.16464738,-1.359224999,-0.474304181,-0.987064641,-25.18427734,-3.719893085,-2.15578894,-1.079132368,-1.225644306,-1.789494529,-0.697746877,-0.673025242,-1.849379043,-0.770268754,-1.858041755,-0.676922337,-0.91528344,-4.082649798,-2.199383666,-3.090629836,-7.396451317,-1.898963195,-1.126848084,-0.971759021,-0.951085298,-2.89465165,-10.06741508,-5.239673672,-4.642172081,-6.678135579,-8.196302621
1,1,1,1,1,1,1,0,0,1,1,0,1,0,0,0,1,0,1,0,1,0,1,1,1,1,0,1,1,0,1,1,1,1,0,1,0,1,1,0,1,1,0,1,1,0,0,1,0,1,1,0,1,0,1,0,1,1,0,0,1,1,0,0,0,0,1,1,1,0,1,0,0,1,0,1,1,0,1,0,0,1,0,0,1,0,0,1,1,1,1,1,0,0,0,0,1,1,1,0,-0.020129756,-0.222630559,-0.037636258,-0.017499651,-0.017326619,-0.054699563,-0.018277104,-0.026316652,-0.031703803,-0.235662195,-0.039038865,-0.059332196,-0.046245728,-0.077900762,-0.119337622,-0.198582034,-0.370076156,-2.34629492,-1.567477311,-13.77203026,-0.583837226,-0.953063889,-0.42762697,-0.617494923,-1.143434596,-3.822857872,-1.66162324,-1.459234856,-2.099809126,-1.627050651,-0.648315723,-0.805161037,-3.662099586,-1.503949222,-2.810497109,-2.325787999,-1.433239106,-1.038066945,-0.959901135,-2.408585063,-1.934556693,-6.280635572,-2.34666935,-2.762882149,-11.62920592,-12.68708489,-7.101828246,-7.349845529,-10.07222436,-36.01650308,-4.370743379,-1.60215858,-0.959580598,-1.198818002,-14.88334604,-2.066300791,-0.985331058,-0.949353211,-1.40633249,-1.112885103,-1.374175114
1,0,0,1,1,1,0,0,0,1,0,0,0,0,1,0,1,1,0,1,0,1,1,0,0,0,1,1,0,1,1,0,0,0,1,1,1,0,0,1,0,1,0,1,0,0,0,0,0,1,1,1,0,0,0,0,1,1,1,0,1,1,1,0,1,1,1,1,1,0,1,0,1,0,0,1,1,1,1,1,1,1,1,0,1,0,0,1,0,1,1,0,1,1,0,0,0,1,0,1,-0.010983657,-0.961379452,-0.033944217,-0.014177367,-0.014401054,-0.020002911,-0.039403901,-0.273728835,-0.292371009,-0.572496353,-0.156958023,-0.068978034,-0.189928985,-0.167886597,-0.029480648,-0.093811633,-0.575067658,-0.190793155,-0.196816404,-1.459027614,-0.659012401,-0.203901711,-5.593302628,-0.131177087,-0.068716277,-1.404509561,-0.086853771,-0.19361638,-2.216569881,-2.069174573,-1.19765976,-8.23860174,-27.12153638,-2.176228681,-3.46799783,-1.737399746,-3.723270518,-2.646044093,-0.956961942,-1.829001325,-3.085133696,-5.905039145,-0.87098384,-0.441621861,-0.405308556,-0.47039784,-0.844167219,-4.881261797,-1.069767462,-2.441602791,-5.212488121,-3.49470876,-1.717502748,-1.209151962,-1.099990352,-1.668694489,-5.021847553,-32.06539606,-2.706506332,-1.873394416,-1.141533975
1,1,0,1,0,0,1,1,0,0,0,0,0,0,1,0,0,0,0,1,1,1,1,1,0,1,1,0,1,0,0,1,1,1,0,1,1,1,1,1,1,1,0,1,1,1,0,1,1,0,0,0,1,0,0,0,1,1,1,1,0,1,0,0,1,0,0,1,1,0,0,1,0,1,1,1,0,1,1,1,1,0,0,1,0,0,1,1,1,0,1,1,0,1,0,1,1,0,0,0,-0.002966121,-0.003532329,-0.004275426,-0.005252763,-0.006524125,-0.008088928,-0.007063881,-0.012025215,-0.014917339,-0.018190367,-0.01924035,-0.023378023,-0.02625082,-0.029191467,-0.032647512,-0.035590305,-0.04299376,-0.049031444,-0.055299798,-0.059610965,-0.067589567,-0.073065792,-0.071519291,-0.0844929,-0.091009519,-0.099806922,-0.103158362,-0.115694755,-0.126866934,-0.123995982,-0.140685611,-0.140476356,-0.138448015,-0.147981422,-0.151254898,-0.152572635,-0.150674834,-0.145874286,-0.142586862,-0.140291783,-0.135998748,-0.13413187,-0.130995384,-0.126311683,-0.127672699,-0.132293374,-0.136107801,-0.136504481,-0.144844823,-0.148481485,-0.136639362,-0.140890486,-0.171803388,-0.18885643,-0.197818499,-0.202077469,-0.269184927,-0.297909873,-0.33542705,-0.355908926,-0.392716085
1,1,1,0,1,0,0,1,1,0,1,1,1,1,0,1,0,0,0,1,0,1,0,1,0,1,1,0,1,1,1,0,1,0,1,1,1,1,1,0,0,0,1,0,0,0,1,1,1,0,1,1,0,0,0,0,1,0,1,1,1,0,0,1,1,1,1,1,1,1,1,1,0,1,0,1,0,0,1,0,1,1,1,1,0,1,0,0,0,0,1,0,0,0,0,1,0,1,0,0,-0.02139102,-0.016761094,-0.01625643,-0.120802775,-0.030295357,-0.036593421,-0.04643618,-0.055112829,-0.095452793,-0.166621026,-0.338210047,-0.390031151,-0.241410489,-0.155633735,-0.121860089,-0.117643645,-0.183648951,-4.251226501,-0.157279875,-0.049139095,-0.032768344,-0.027341001,-0.021677974,-0.023338183,-0.028206515,-0.03905158,-0.155890427,-3.787627977,-0.330853002,-0.289258905,-0.400372333,-0.683198833,-1.688501863,-5.652305171,-3.674297712,-2.029534686,-2.920869295,-3.454344514,-2.209199065,-1.392220157,-0.996467026,-0.828181943,-0.871194674,-1.365453493,-1.442234872,-0.793315189,-0.979360816,-2.560849175,-2.829116928,-0.526297663,-0.400541355,-0.436120172,-0.57897621,-0.774335551,-0.981078347,-0.716717196,-0.606294839,-0.846741185,-1.579974677,-5.496581159,-3.441285237
0,0,0,0,1,0,1,0,1,0,0,1,0,1,0,1,0,1,1,0,0,0,0,1,1,0,0,1,1,1,0,0,1,1,1,0,0,0,0,0,0,0,0,1,0,1,1,1,0,1,0,1,1,0,1,1,0,0,0,1,1,1,0,0,1,1,0,1,0,1,0,0,1,0,1,1,0,1,1,1,1,0,1,1,1,0,1,0,1,0,1,0,1,1,1,0,1,0,0,0,-0.002972911,-0.003463532,-0.004317405,-0.005288736,-0.006794025,-0.007735985,-0.009849709,-0.012322114,-0.015201143,-0.018980828,-0.020559996,-0.02281778,-0.025212357,-0.028753868,-0.032320637,-0.035813352,-0.044150534,-0.049601275,-0.057202963,-0.058048884,-0.07084437,-0.05890486,-0.074256841,-0.080779726,-0.087301774,-0.097137788,-0.103920067,-0.111552394,-0.120550427,-0.119357433,-0.119164834,-0.143177009,-0.145579818,-0.14315703,-0.152036183,-0.154735211,-0.155747241,-0.17158715,-0.140649679,-0.146699909,-0.139436287,-0.135665252,-0.137347956,-0.139364132,-0.097304367,-0.111640457,-0.118508456,-0.12677403,-0.135775322,-0.15158855,-0.159585101,-0.184540308,-0.188749891,-0.204116379,-0.206648847,-0.175809191,-0.217147118,-0.229073889,-0.277635312,-0.3050788,-0.336650037
1,0,1,1,1,1,1,1,0,0,1,1,0,1,1,0,1,0,1,1,0,1,1,1,1,0,1,0,1,1,0,0,0,0,1,1,0,0,0,1,0,1,1,0,1,0,1,0,1,0,0,0,0,0,0,1,1,1,1,0,1,0,1,0,1,1,0,0,0,0,0,0,0,0,1,0,1,0,0,1,1,1,1,0,1,1,0,0,0,0,0,1,1,0,1,1,1,0,0,0,-0.005520655,-0.006069561,-0.007044687,-0.008089777,-0.008595779,-0.010627748,-0.012516281,-0.014471878,-0.016689378,-0.019556103,-0.021766893,-0.02452451,-0.026349946,-0.027205338,-0.027471116,-0.028883359,-0.026697329,-0.027508494,-0.036721116,-0.024709829,-0.023956298,-0.025118581,-0.025514663,-0.025925511,-0.026566098,-0.028063667,-0.030312135,-0.033116906,-0.035917984,-0.04560203,-0.050917356,-0.057198416,-0.066141012,-0.068186513,-0.09630326,-0.111912701,-0.130528968,-0.149447597,-0.174311593,-0.2104674,-0.193064398,-0.246261718,-0.284150166,-0.340627807,-0.358757234,-0.402819927,-0.444136198,-0.486382611,-0.550540299,-0.60905495,-0.655862269,-0.726222364,-0.809580909,-0.874030084,-1.03139663,-1.338609002,-1.521545368,-1.77872451,-2.047391498,-2.270502652,-2.86472379
0,1,1,1,1,0,1,1,0,0,1,0,1,0,0,1,1,1,0,1,1,0,1,1,0,1,1,0,0,0,1,0,1,0,1,0,1,0,1,0,1,1,0,0,0,0,0,0,1,1,1,1,0,1,0,1,1,1,0,0,0,1,1,1,0,0,1,1,1,1,0,0,0,0,0,0,1,1,1,1,0,0,0,0,0,1,1,0,1,1,0,1,1,0,0,0,0,0,1,0,-0.00161139,-0.003402591,-0.004191017,-0.005203007,-0.005606944,-0.007882688,-0.010240689,-0.013173474,-0.014598366,-0.017545816,-0.021074705,-0.024096723,-0.027197854,-0.029966876,-0.030554847,-0.035843836,-0.042159742,-0.049207276,-0.051712453,-0.058789405,-0.065930649,-0.071968096,-0.07356219,-0.083049676,-0.094222456,-0.090395404,-0.094950844,-0.113578795,-0.121200081,-0.128112632,-0.139519478,-0.144336659,-0.149060465,-0.152848657,-0.157637487,-0.164668022,-0.165047843,-0.136922919,-0.151855535,-0.14628375,-0.142604397,-0.126231794,-0.135750047,-0.139069538,-0.14658786,-0.158937896,-0.121353414,-0.138313409,-0.14777598,-0.165600898,-0.160584959,-0.198268963,-0.178545477,-0.208554979,-0.20130508,-0.183992701,-0.233538489,-0.299034294,-0.304225369,-0.353977856,-0.374697729
1,0,0,1,0,1,0,0,0,0,1,1,1,0,1,0,0,1,1,0,1,0,1,1,0,0,1,0,1,0,0,0,0,0,0,1,1,0,1,1,1,0,0,1,1,1,1,1,0,1,1,0,0,0,0,1,0,0,1,0,0,1,0,1,1,0,0,0,0,1,1,0,1,0,0,1,1,1,0,0,1,1,1,1,1,1,1,0,0,0,0,0,1,0,0,0,1,1,1,0,-0.002962367,-0.003475518,-0.004233764,-0.005194437,-0.00644431,-0.008062772,-0.009849932,-0.012451592,-0.014620807,-0.018097384,-0.020635593,-0.023728024,-0.026595139,-0.027840411,-0.02849306,-0.037478628,-0.043399157,-0.050539971,-0.062273613,-0.056960699,-0.067912075,-0.07641332,-0.073847293,-0.083665942,-0.090873453,-0.088156411,-0.102852761,-0.114246437,-0.125849915,-0.137164305,-0.155619788,-0.105229607,-0.131248177,-0.141515771,-0.148945069,-0.156177701,-0.149019322,-0.147048243,-0.140883871,-0.135603621,-0.132734676,-0.130084684,-0.124118022,-0.125288289,-0.132251372,-0.120262811,-0.133967432,-0.137766842,-0.143152972,-0.155071933,-0.16592127,-0.163804277,-0.178944391,-0.195405255,-0.215364177,-0.23692892,-0.262285157,-0.298701846,-0.326123443,-0.349012835,-0.334232554
1,0,0,0,0,1,0,1,0,0,1,1,0,1,0,0,1,1,1,1,1,1,0,1,1,0,0,1,1,0,0,1,1,0,1,0,1,0,1,0,0,1,1,0,1,1,0,1,1,0,0,0,1,0,1,1,1,0,0,1,1,1,1,0,0,0,1,1,1,0,0,0,1,0,1,0,0,0,0,0,0,1,1,0,0,0,0,0,1,0,0,0,0,0,1,1,0,1,0,1,-0.012422532,-0.01100821,-0.010856906,-0.013074702,-0.326324435,-0.023931142,-0.024553019,-0.074618885,-0.069265639,-0.034423517,-0.033240965,-0.047025171,-0.07710583,-0.213006996,-0.28967215,-0.252459439,-0.183532136,-0.522874829,-1.063263158,-0.709350276,-0.526753756,-0.449333884,-0.41912746,-0.626447315,-2.604534429,-2.795119228,-0.747343498,-0.542842332,-0.719728149,-0.690079544,-0.878915074,-1.91140157,-1.521501881,-1.848151134,-2.494030777,-2.039849648,-2.151105128,-2.376856674,-1.132908696,-0.663643828,-0.590072258,-0.534484872,-0.570931774,-0.632704524,-0.780885914,-2.403436641,-2.096198754,-3.754273875,-9.979926086,-1.719741952,-0.810443372,-0.848857002,-0.689080255,-0.87611481,-1.180271142,-1.033933669,-0.680781316,-0.585778789,-0.57612607,-0.61450057,-0.658939471
1,0,0,1,1,1,0,1,1,1,1,1,0,1,1,0,1,1,1,1,1,0,0,1,1,0,1,0,0,1,1,1,0,0,0,0,0,0,1,1,1,1,0,1,1,0,1,0,1,0,0,1,0,1,1,1,1,1,0,1,0,1,1,0,1,1,0,0,0,1,0,1,1,1,0,1,1,1,1,0,0,1,1,1,1,0,0,1,1,0,0,1,1,0,0,0,1,1,1,0,-0.116065318,-0.503300248,-0.014088774,-0.010659239,-0.018804811,-0.0627935,-1.526643845,-2.348143765,-0.09843667,-0.351801108,-0.743011893,-0.051416892,-0.045089639,-0.044171373,-0.048197851,-0.065627525,-0.107687384,-0.446228931,-5.161637725,-2.699618541,-0.735092535,-3.920638881,-0.703980674,-3.210065996,-1.616628524,-7.864189168,-1.9151937,-2.504379569,-0.200614566,-0.230117303,-0.677876328,-0.541899326,-1.276231584,-7.427212379,-0.722162761,-0.574545656,-0.714211592,-1.235027158,-8.365664245,-1.441773575,-2.434823605,-13.87563744,-1.817702192,-1.326220528,-1.550662304,-1.840955413,-2.943688551,-6.56195387,-2.447538172,-9.293867109,-3.228850585,-1.39557381,-1.324476638,-2.749939169,-4.039519688,-3.109099071,-7.538166873,-19.20545803,-7.832281519,-3.281439138,-2.487698889
0,0,1,0,1,0,0,1,0,1,0,0,0,1,0,0,1,1,0,0,0,0,0,1,0,1,0,0,1,0,0,0,0,0,1,1,1,0,0,0,1,0,1,0,0,0,0,0,1,1,0,1,0,1,0,0,1,1,0,1,1,1,1,0,1,1,1,1,0,0,0,0,1,0,0,0,0,1,0,1,1,1,0,1,0,0,0,1,1,1,0,0,0,1,0,0,0,1,0,1,-0.130036383,-0.156564166,-0.750387088,-0.494667339,-0.06582699,-0.204919048,-0.026372447,-0.043670627,-0.045572098,-0.195514124,-0.269607314,-0.157741895,-0.168290705,-0.3645161,-0.211834543,-0.699395365,-0.367135884,-0.10604883,-0.078394187,-0.145454223,-2.384477479,-0.454970258,-0.491763157,-1.248266855,-0.308753225,-3.489802937,-0.3812141,-3.841669642,-2.495394638,-0.320916909,-1.423971964,-7.784635565,-0.484564496,-0.424883788,-1.09518676,-3.292970321,-4.362954588,-4.421117392,-0.400871407,-0.179173385,-0.245138136,-0.441458565,-0.469321059,-0.2493044,-0.25248784,-0.41697606,-3.787300707,-0.25766586,-0.211103014,-0.241191064,-0.313762765,-0.423717937,-0.625851633,-3.408954665,-2.040620129,-2.538307737,-7.259277051,-15.71893761,-5.057428068,-2.135820475,-1.029575369
1,0,0,0,1,0,1,0,0,1,0,0,0,1,0,1,1,1,1,0,1,1,0,0,0,1,0,0,1,1,1,0,1,1,0,1,0,0,1,1,1,0,1,1,0,1,1,0,0,0,0,1,1,1,0,0,0,1,1,0,0,0,1,0,0,1,0,1,0,0,0,0,1,0,0,0,0,1,1,1,1,1,1,0,1,1,1,0,0,1,1,1,1,0,1,0,0,0,0,1,-0.002937523,-0.003504577,-0.004654586,-0.005328029,-0.00660489,-0.009847729,-0.010524674,-0.013428708,-0.013286002,-0.017209749,-0.020573989,-0.024050959,-0.026613255,-0.027975309,-0.031711919,-0.036358833,-0.041852372,-0.046419517,-0.059694455,-0.06207182,-0.071611753,-0.07336364,-0.079315351,-0.086968859,-0.101709945,-0.081251151,-0.108898557,-0.094797176,-0.109471862,-0.118040785,-0.12735403,-0.144186356,-0.141507711,-0.152169963,-0.146812551,-0.1466849,-0.152521468,-0.149539697,-0.141310136,-0.13419246,-0.133018542,-0.12702581,-0.120469884,-0.163354025,-0.131026133,-0.129587045,-0.136991127,-0.138020596,-0.144568613,-0.149833201,-0.161892068,-0.172604246,-0.183996735,-0.197281956,-0.191666245,-0.215621638,-0.235919991,-0.251204526,-0.2792418,-0.318196894,-0.336233775
0,1,0,1,0,0,0,0,0,0,0,0,0,0,1,0,1,1,1,0,1,0,1,1,0,0,0,0,1,1,0,1,1,1,0,1,1,0,1,1,0,0,1,1,1,1,0,1,1,0,0,0,1,1,1,0,0,1,1,1,0,0,1,1,1,0,0,1,1,0,1,0,0,1,0,0,1,0,0,0,0,1,0,1,1,1,1,0,0,1,1,0,0,1,0,1,1,0,1,0,-0.201997732,-0.174567757,-0.126745531,-0.080446651,-0.058506479,-0.049206652,-0.050797506,-0.064122154,-0.108296611,-0.34838067,-4.271140648,-0.215039199,-1.103958856,-0.574173225,-0.065042762,-0.346881321,-1.323094773,-0.971490538,-0.178086823,-0.128965157,-0.132328037,-0.160240786,-0.907719266,-0.141403291,-0.094086262,-0.09625856,-0.095531833,-0.066512236,-0.122688429,-0.129154916,-0.484435004,-0.075526058,-0.212755057,-0.076366586,-0.093797174,-0.122597146,-0.23067883,-0.129005715,-0.294086308,-0.271292519,-0.431156353,-2.616391908,-0.41771589,-0.483183645,-0.759372826,-2.548206398,-11.82834186,-3.626630499,-1.376722946,-1.791703759,-2.210791166,-1.791550179,-2.545444359,-6.408714456,-1.758554016,-1.719845543,-3.183538454,-7.581611704,-2.441308838,-2.956995042,-1.59845947
1,0,1,1,1,1,0,1,0,0,0,1,1,1,1,1,0,1,0,0,1,0,0,1,0,1,1,0,1,0,1,1,1,1,0,1,0,0,0,1,0,1,0,1,0,0,1,1,0,1,1,1,0,0,0,1,0,1,0,1,0,0,1,0,1,1,1,1,0,1,0,0,1,0,1,0,0,0,1,1,1,1,0,0,1,0,1,1,1,0,1,0,1,0,1,1,1,1,0,1,-0.023390725,-0.038875583,-0.047483122,-0.053860294,-0.099383366,-0.055245341,-0.058786368,-0.058799814,-0.070029007,-0.08319247,-0.099883969,-0.125067993,-0.203908266,-0.10317555,-0.153380113,-0.13180104,-0.098324148,-0.068868557,-0.057524319,-0.061089937,-0.077921672,-0.128211399,-0.363372253,-4.589949047,-0.787800979,-0.22051292,-0.135725214,-0.106793137,-0.097117083,-0.09156347,-0.097130377,-0.105943933,-0.116793828,-0.133316793,-0.149327633,-0.167566027,-0.185638327,-0.204030796,-0.22081571,-0.278696634,-0.27790347,-0.256192339,-0.294336085,-0.34123708,-0.372218275,-0.394214041,-0.479152648,-0.624288853,-0.532286891,-0.543670841,-0.562218553,-0.571123755,-0.616052957,-0.646521271,-0.647977187,-0.657568966,-0.718020374,-0.727255585,-0.752186352,-0.808570583,-0.904626488
0,0,1,0,0,1,1,0,1,0,0,0,1,1,0,1,1,1,0,0,1,0,0,1,0,1,1,0,0,0,1,0,1,1,1,1,0,0,1,0,1,0,1,1,1,1,0,0,0,1,0,1,0,0,0,0,1,0,1,1,1,0,1,0,1,1,1,1,1,0,1,0,0,0,1,1,1,0,1,1,1,0,1,1,0,1,1,1,1,0,1,0,1,0,0,0,1,1,1,0,-0.002995967,-0.003557918,-0.004257505,-0.00530664,-0.006566893,-0.009065807,-0.009941885,-0.012357097,-0.015135117,-0.018232888,-0.020837718,-0.024308243,-0.027276571,-0.03184717,-0.031293201,-0.036691738,-0.04156085,-0.047929576,-0.05388301,-0.059573971,-0.06525346,-0.070266368,-0.07427899,-0.079785048,-0.085951522,-0.090871136,-0.091867285,-0.121552012,-0.127877783,-0.135057182,-0.142128842,-0.147694602,-0.150112388,-0.152861723,-0.15455733,-0.160161258,-0.151749726,-0.15117241,-0.147310148,-0.141130917,-0.137600641,-0.1366764,-0.129952387,-0.124925985,-0.128279462,-0.131380038,-0.131136738,-0.148155177,-0.157090238,-0.165864654,-0.163555589,-0.171025624,-0.189762535,-0.194070663,-0.188495035,-0.194507633,-0.243261715,-0.251512205,-0.249324615,-0.271254748,-0.286695811
1,1,0,0,1,1,1,1,1,0,0,1,1,1,0,1,1,0,1,1,1,0,0,0,1,1,1,1,1,0,1,1,0,0,0,0,1,0,0,0,1,0,0,0,0,0,1,1,1,0,0,1,0,0,0,0,1,1,1,1,0,0,1,1,0,0,1,1,0,0,1,0,1,0,0,0,1,0,1,1,0,0,1,0,0,0,1,1,1,1,1,1,1,0,1,1,1,0,1,1,-0.242308514,-0.101387291,-1.219881878,-0.067185997,-0.137732944,-0.245365399,-0.046016917,-0.117377457,-0.078779333,-0.097327381,-0.170767727,-0.806878085,-0.328498454,-20.14124997,-0.100687915,-0.114695347,-0.048436951,-0.273840194,-0.064481249,-0.073458889,-0.186851819,-0.085356315,-0.062774912,-0.068793929,-0.106670302,-2.278159542,-0.141170838,-0.099267627,-0.196244003,-1.221380032,-0.348527296,-1.661577445,-0.192220461,-0.214321105,-0.220473624,-0.277159243,-0.210941581,-0.32585453,-0.366588677,-0.329594419,-0.310160279,-1.475083745,-0.483251448,-0.921561223,-1.745202747,-0.506525686,-0.474803647,-0.477919266,-0.563346256,-0.559673676,-0.512063231,-0.544697879,-0.824392866,-0.605791504,-0.627441528,-0.691110819,-0.757603728,-0.818343907,-0.891657429,-0.968694182,-1.079554704
1,0,1,1,1,1,0,1,1,1,1,1,0,0,1,0,0,0,0,1,1,1,0,1,1,1,1,1,0,1,0,0,1,1,1,1,0,0,1,1,0,0,0,1,0,1,1,1,0,0,0,1,1,1,1,0,0,0,0,1,1,0,1,1,0,1,0,1,1,0,1,0,1,0,0,0,0,0,1,1,1,0,0,0,0,1,0,0,0,0,1,1,1,0,1,0,1,1,1,0,-0.037729745,-0.075107958,-0.041721744,-0.132080117,-2.484608845,-0.260776015,-0.104424104,-1.313634637,-0.094357082,-0.289951222,-1.254504632,-1.078775494,-0.126855362,-0.070354552,-0.055800575,-0.247220197,-0.892951999,-0.446443914,-0.849667991,-0.53202824,-0.168058842,-0.208880678,-0.453918368,-7.043189544,-2.038819665,-0.576172903,-2.159170203,-0.707389858,-0.078700985,-2.025450012,-0.111737056,-0.227084731,-0.876177051,-0.195170446,-0.204759903,-1.041742891,-1.386634671,-1.106832448,-0.733843604,-0.471904115,-0.492463385,-0.981286601,-6.30357207,-1.089200773,-0.797290228,-0.948283577,-2.677900519,-0.656197771,-0.784504334,-1.617530016,-22.62662255,-1.831048766,-2.159247875,-7.988234028,-5.848679528,-3.169004588,-1.792688973,-1.495648548,-2.486683592,-1.700828897,-1.596396773
0,1,0,0,0,1,1,0,0,1,1,1,0,1,1,0,1,0,0,1,1,0,1,0,0,1,1,1,1,0,0,0,1,0,1,1,0,1,1,0,1,1,1,1,1,0,0,0,1,0,0,0,1,1,1,0,1,0,0,0,0,1,1,1,0,0,0,1,1,1,0,0,1,0,1,1,0,1,0,1,1,0,1,0,0,1,1,1,1,0,1,1,1,0,1,0,1,1,0,1,-0.063949273,-0.083070391,-0.350819887,-0.062797189,-0.157409636,-0.665168751,-0.060333229,-0.102229652,-0.489410951,-0.044770951,-0.024500836,-0.026081267,-0.041058785,-0.044980009,-0.017596843,-0.05987859,-0.01964522,-0.02972786,-0.139979995,-0.039574061,-0.033130505,-0.029484957,-0.42718088,-0.029896269,-0.028523545,-0.028303415,-0.071136333,-0.072570615,-0.135905533,-0.057872398,-0.057547206,-0.096910047,-0.112247162,-0.735759809,-0.190033384,-0.259266226,-0.186891956,-0.506025487,-3.293592358,-4.890643608,-0.918244169,-0.425658142,-0.503881265,-0.39550594,-0.296689933,-0.299084915,-0.311044553,-0.321910235,-0.375444826,-0.409413146,-0.49522728,-0.606231267,-0.705420342,-1.220706486,-0.735161557,-0.939976924,-1.697484044,-3.464284396,-5.235617093,-2.825946406,-3.837200455
0,1,0,1,0,1,1,1,1,0,1,0,1,1,1,1,0,0,1,1,1,0,0,0,1,0,0,0,0,1,1,0,0,1,0,1,1,1,0,1,1,0,0,0,0,0,1,0,0,1,0,0,0,1,0,0,0,1,1,0,1,0,1,1,1,1,0,0,1,0,1,0,1,0,0,1,1,0,1,0,1,1,1,0,0,0,1,1,1,1,1,0,1,1,1,1,1,1,1,0,-0.533526153,-0.072233934,-0.180103622,-0.034627643,-0.007683367,-0.009887182,-0.080671871,-0.026988996,-0.032196279,-0.109660335,-0.09125472,-0.220986047,-0.101952642,-0.043133578,-0.042459729,-0.026189906,-0.027842559,-0.086310228,-1.118604035,-0.973465642,-0.301186818,-0.175025686,-0.162358724,-0.094074199,-0.084204058,-0.080061365,-0.083219001,-0.079067653,-0.088137412,-0.101702188,-0.133823434,-0.19390854,-0.235028458,-1.170336457,-1.759874128,-1.21247373,-0.376202628,-0.335152872,-0.957411502,-0.169090739,-0.162443708,-0.242130012,-0.338104548,-0.518849199,-0.944657206,-2.748478788,-17.08683453,-3.988838701,-1.672354507,-1.048325914,-0.8299577,-0.722291,-0.725695676,-0.684721321,-0.723264517,-0.751020159,-0.840616338,-0.951839349,-1.057369662,-1.175518247,-1.405120218
0,1,1,0,1,1,0,1,0,0,1,0,1,1,1,1,0,1,1,0,0,1,1,1,0,1,1,0,1,0,0,0,0,0,1,0,1,1,0,1,1,0,1,0,0,1,0,1,1,0,0,0,1,1,0,1,0,1,1,1,0,0,1,0,0,0,1,0,0,0,0,1,0,0,0,1,1,1,0,1,1,0,1,0,0,0,1,1,1,1,1,1,1,0,1,1,0,0,0,0,-0.006193792,-0.0071491,-0.008470388,-0.009382629,-0.017619456,-0.011977873,-0.013864204,-0.015807823,-0.01804192,-0.020560952,-0.023298297,-0.025895234,-0.028461569,-0.029446437,-0.033493419,-0.041111127,-0.040845501,-0.048961279,-0.05975546,-0.074762614,-0.096319811,-0.113353425,-0.148504786,-0.18205219,-0.230685408,-0.294063616,-0.384804725,-0.520401925,-0.696441476,-0.944390266,-1.324297738,-1.541791163,-1.765945243,-1.617665758,-1.383708905,-1.109379676,-0.905812063,-0.787302804,-0.597530266,-0.545824671,-0.511553479,-0.477489933,-0.457532093,-0.465768573,-0.446006064,-0.457361207,-0.451533229,-0.463127848,-0.466558254,-0.482738265,-0.506907582,-0.517548939,-0.556588391,-0.587963463,-0.638471635,-0.664930088,-0.757945609,-0.829441806,-1.032307685,-1.301808429,-1.594515542
0,1,0,0,0,1,0,0,0,1,0,0,1,1,0,1,0,1,0,0,1,1,1,1,0,0,1,1,1,0,1,0,1,1,1,1,1,0,0,0,0,1,0,0,1,0,1,1,1,0,0,0,1,1,1,1,1,1,1,0,1,1,0,0,1,1,1,0,1,0,0,0,1,0,0,0,1,1,0,0,1,0,0,1,0,0,0,1,0,1,0,0,0,1,1,1,0,1,1,0,-0.012639123,-0.021089362,-1.01651134,-0.078812422,-0.384811452,-0.107324515,-0.034995328,-0.025651861,-3.202586632,-0.078924028,-0.782316593,-0.309148524,-0.10262483,-0.064340559,-0.062961118,-0.125251426,-0.498947877,-0.793857129,-0.612226204,-0.510774838,-0.309039533,-0.384891337,-1.664371332,-0.563420609,-0.204990939,-0.253389189,-0.17886243,-0.325357525,-0.6056196,-3.74251728,-2.953667486,-2.365508467,-0.309723089,-0.20798191,-2.022170444,-0.354122446,-0.749739275,-0.381757924,-2.157017804,-1.579998508,-11.32471626,-1.354035901,-1.816456379,-2.78848259,-2.483759452,-2.462962617,-2.772610921,-3.326413515,-1.718268447,-1.695863792,-9.799848525,-1.257012021,-0.62865841,-0.598289826,-0.806057082,-1.755879082,-1.657664351,-1.577702388,-1.901363392,-5.130970821,-6.637930477
1,1,0,1,0,1,0,1,1,1,0,1,0,1,0,1,0,0,1,1,1,0,1,1,0,1,0,1,0,1,0,1,0,0,1,1,1,1,0,1,0,0,0,1,0,1,0,0,1,0,1,1,0,0,0,0,0,1,0,0,0,1,0,0,0,1,1,0,0,1,1,0,1,0,0,1,0,0,0,1,1,1,0,0,0,0,0,0,1,0,0,1,0,1,1,0,1,1,0,1,-0.014317587,-0.120136616,-0.016881663,-0.015369185,-0.016022343,-0.029967592,-0.114361845,-0.035975133,-0.02269313,-0.028733597,-0.055187207,-0.631688531,-0.159183783,-0.199129036,-0.244437454,-1.794316153,-0.335143006,-0.895773787,-0.602742774,-0.69640189,-1.116464766,-0.135108685,-0.141884296,-0.079824678,-1.200155902,-0.464283904,-0.109047552,-0.216535149,-1.362175579,-0.368457614,-0.169230452,-0.405962951,-14.25478303,-7.751987971,-2.53656357,-32.7724919,-1.400696968,-0.584755727,-0.494436236,-0.762829583,-2.398825145,-18.72205336,-2.226451107,-1.005221516,-0.507883499,-0.357098456,-0.285452043,-0.264672299,-0.266839727,-0.428940598,-5.425453526,-2.59810852,-2.596547879,-1.788402044,-0.987031456,-0.701900648,-0.574195522,-0.561348208,-1.0299183,-1.302533512,-1.134307509
1,1,0,0,1,1,0,1,1,1,0,0,0,1,0,0,0,0,0,1,1,1,0,1,1,0,0,1,1,1,1,1,0,0,0,0,1,1,1,0,1,0,1,1,1,0,0,0,0,0,0,1,1,0,0,0,1,1,0,0,0,1,1,0,0,1,0,1,1,0,0,1,0,0,0,1,1,0,1,0,1,0,1,1,1,1,0,1,1,1,1,1,0,1,0,1,1,1,1,0,-0.135944268,-0.027635373,-0.044910392,-0.295910523,-0.223991893,-0.394796387,-0.531095765,-0.286739094,-0.176749715,-0.100063435,-0.247309965,-0.123505287,-2.170117849,-0.10165967,-0.088761519,-0.077136329,-0.075764405,-0.266790645,-0.126084592,-0.574985522,-0.197894906,-0.11287929,-0.792447259,-0.245310721,-0.178017566,-0.099794198,-0.062192859,-0.063005167,-0.064751386,-0.064839201,-0.077302424,-0.112937164,-1.154660505,-0.149377509,-0.126055978,-0.309534317,-4.775935505,-0.364564862,-0.295436925,-0.454857201,-0.936600303,-1.598046401,-0.411546282,-0.391945367,-0.455337054,-0.472006434,-0.525293253,-2.829463716,-10.95479548,-3.168286482,-2.202731325,-1.359372002,-1.018086057,-1.464678999,-3.782642127,-19.15731501,-2.213114783,-1.653254023,-4.84072798,-1.916462036,-1.441212528
1,0,1,1,0,0,1,1,1,0,0,0,1,0,1,1,0,0,1,1,1,1,1,1,0,0,1,0,1,1,1,1,1,1,0,1,1,0,1,1,0,0,0,1,1,1,1,0,1,0,1,1,0,1,1,1,1,1,1,1,1,1,0,0,0,1,1,0,0,1,0,1,0,0,1,0,0,0,0,0,0,1,1,1,0,1,1,1,0,0,1,0,1,0,1,1,0,0,0,1,-0.003003697,-0.003562831,-0.004307344,-0.005288184,-0.006558766,-0.011362716,-0.010910724,-0.012167008,-0.013730781,-0.017416833,-0.020741825,-0.023961864,-0.028691317,-0.02858826,-0.032908432,-0.036959977,-0.042445459,-0.048874136,-0.060296656,-0.059291254,-0.068081133,-0.06613342,-0.077296679,-0.082151828,-0.089038748,-0.098288619,-0.10095822,-0.116285009,-0.121382279,-0.139050831,-0.132735383,-0.141825071,-0.147215668,-0.149807074,-0.152810269,-0.150326942,-0.153682972,-0.147421621,-0.141630898,-0.137168634,-0.132484511,-0.125554544,-0.132701187,-0.120032927,-0.12700941,-0.127307986,-0.129861087,-0.134409073,-0.142276328,-0.152714513,-0.169952934,-0.164548248,-0.149425041,-0.18041262,-0.204627432,-0.220002938,-0.248997699,-0.264993999,-0.297657089,-0.345907673,-0.367710922
0,1,1,1,1,0,1,0,0,1,0,0,1,1,1,1,1,1,1,1,0,0,1,0,1,0,0,1,0,0,1,1,0,1,0,1,1,0,1,0,1,1,1,0,0,0,1,0,1,1,1,1,0,1,1,1,0,0,1,0,0,0,1,1,1,0,1,1,1,0,0,1,1,1,1,1,1,0,1,1,0,0,1,1,0,0,0,0,0,1,0,1,1,1,1,1,0,0,1,1,-0.011805735,-0.009114963,-0.006753789,-0.012421253,-0.060155106,-0.082743063,-0.066827697,-0.273352445,-0.069394178,-0.560147246,-0.447580006,-0.102492,-0.060723391,-0.049952053,-0.050864942,-0.107842738,-0.06876459,-0.053192584,-0.052208856,-0.125681112,-0.132062332,-0.117284166,-0.120515168,-0.208903996,-0.266729069,-0.153948637,-0.199640062,-0.297615311,-2.613333818,-2.850902101,-0.696139031,-0.948623462,-2.50570305,-12.25615631,-3.636266235,-1.990695398,-2.959217161,-8.134396336,-3.48594662,-1.330038837,-1.159147115,-3.01987516,-6.519529786,-10.75415811,-3.161120574,-2.036185942,-2.18838759,-2.015033171,-2.17199945,-3.186808438,-6.828275754,-1.878468885,-1.721336362,-1.28733069,-1.421905164,-1.389543053,-1.372718917,-1.180405619,-1.381402612,-2.66595337,-2.284256124
0,1,0,1,1,0,0,1,1,1,0,0,1,0,1,0,1,0,1,1,0,1,1,1,0,0,0,0,0,0,0,0,0,1,1,1,1,0,1,1,1,0,0,1,0,0,0,0,0,0,1,1,0,1,1,1,0,0,1,1,0,1,1,0,1,1,1,0,0,0,0,1,1,0,1,0,1,1,0,0,0,0,0,0,0,1,0,1,0,1,1,1,1,0,0,0,1,0,1,0,-0.007175693,-0.00833228,-0.018346305,-0.062766904,-0.047393545,-0.037257299,-0.037993665,-0.32007916,-0.022948688,-0.026352389,-0.029672261,-0.032083283,-0.033676071,-0.035324427,-0.03652024,-0.038166315,-0.041098897,-0.044615825,-0.049868862,-0.057560994,-0.070886723,-0.139495331,-0.876783446,-0.183276519,-0.161631856,-0.178062122,-0.209880379,-0.264085833,-0.360408922,-0.609256761,-3.295075125,-1.101396381,-0.664732127,-0.743861158,-0.922300186,-1.078478981,-1.347395234,-2.403664218,-5.89425187,-2.050340335,-1.342871191,-1.016308514,-0.816006339,-0.67958843,-0.59752087,-0.521084422,-0.479854521,-0.517476239,-1.067771354,-0.43522044,-0.404419316,-0.400520517,-0.430210394,-0.491938578,-0.438988361,-0.586785312,-0.767467623,-1.038591866,-1.380033839,-1.975731802,-3.280434117
0,0,1,1,0,0,0,0,1,1,0,0,0,0,1,0,0,0,1,0,0,0,0,0,1,1,0,0,0,0,0,1,0,1,0,0,0,0,1,0,0,1,1,1,0,0,1,1,0,0,0,1,0,1,0,0,1,0,1,1,1,0,0,1,0,0,0,0,1,1,0,1,0,1,1,0,1,1,0,0,1,0,1,0,1,1,0,0,1,0,1,0,1,1,0,1,1,0,0,1,-0.017484573,-0.011824236,-0.009269535,-0.011108529,-0.0120667,-0.052072207,-0.023883621,-0.029418899,-0.051954039,-0.113593648,-0.16351486,-0.400727711,-2.578899592,-0.109399922,-0.058973578,-0.048682861,-0.055755652,-0.083690562,-0.145548233,-0.265791783,-0.437292339,-0.603798012,-0.36358006,-0.378196636,-0.337508189,-0.338564434,-0.303131957,-0.778170561,-1.82342998,-0.851348764,-0.297815999,-0.221078816,-0.311726543,-7.926211034,-0.595074897,-0.3307783,-0.288912444,-0.291424782,-0.310323205,-0.328741836,-0.366681683,-0.416514922,-0.474222809,-0.522974947,-0.639094265,-0.921488635,-1.787636223,-2.61293673,-5.115803136,-7.479806746,-8.267178977,-3.974751425,-2.361215462,-2.127096573,-2.127880072,-2.232299701,-2.557117934,-3.054663127,-3.828759855,-5.057240583,-5.613137034
0,0,0,0,1,1,1,0,0,1,1,0,1,0,1,0,1,1,1,1,0,1,0,0,0,0,1,0,1,1,0,0,1,0,0,0,0,1,1,1,0,1,0,0,1,1,0,1,1,0,1,0,1,0,0,1,0,1,1,0,0,1,1,1,0,0,1,0,1,0,0,0,0,0,1,0,0,0,0,0,1,1,1,0,1,0,0,0,1,0,0,1,1,0,1,0,1,0,0,1,-2.08840985,-0.02240193,-0.039661482,-0.100051247,-0.165051608,-0.148687853,-0.039822401,-0.045401601,-0.157627796,-0.133232385,-0.329052367,-0.273701741,-0.392458759,-2.874501888,-0.701096963,-1.371544852,-0.219036603,-0.284249814,-1.882982828,-0.570980855,-1.542889382,-0.629295856,-0.762221084,-0.560119987,-0.888086424,-2.519964977,-1.762340789,-0.529995054,-0.35360515,-0.404304013,-1.285822986,-8.607757525,-14.06825506,-7.965759177,-1.273787969,-0.833798263,-0.791299054,-1.005760004,-2.394792191,-3.330065536,-2.342669223,-0.777569951,-1.38112451,-0.982596507,-1.929860693,-5.337494832,-1.672641477,-0.696743354,-0.810399074,-0.98234767,-5.70359008,-3.844596572,-2.986185852,-9.495419451,-13.17899411,-3.557494634,-12.44871383,-1.673469512,-2.620230545,-1.154408264,-1.382153867
0,1,1,1,1,0,1,1,0,0,1,1,0,1,1,1,1,0,0,1,1,0,1,0,0,1,1,0,1,0,0,1,1,1,1,1,0,0,0,0,0,1,1,1,0,1,1,0,0,0,1,1,0,0,1,1,0,1,0,0,1,1,1,0,0,1,1,1,0,1,0,1,1,1,0,1,1,0,1,0,1,1,0,0,1,1,0,1,0,1,0,1,0,0,0,1,0,0,0,1,-0.00296726,-0.003547624,-0.00404177,-0.005185364,-0.006471845,-0.008310625,-0.009633123,-0.012122691,-0.014877513,-0.017910024,-0.021163349,-0.02539516,-0.026457453,-0.029451967,-0.032579109,-0.037794425,-0.04963401,-0.066490293,-0.051239184,-0.05926882,-0.065893782,-0.072080776,-0.078360732,-0.085954739,-0.097333974,-0.088166137,-0.096036953,-0.100978166,-0.113420696,-0.127899412,-0.145380414,-0.143685264,-0.152993793,-0.151950374,-0.143798385,-0.148683134,-0.150825344,-0.14208072,-0.141562123,-0.134046285,-0.131011179,-0.127544205,-0.129292045,-0.133133196,-0.119943636,-0.129279354,-0.132657231,-0.140670645,-0.143716717,-0.15440362,-0.168397862,-0.177852999,-0.186844942,-0.202126276,-0.188268527,-0.249485869,-0.219904738,-0.246048355,-0.287540493,-0.320617628,-0.340335452
1,0,1,0,0,1,0,0,0,1,1,0,1,0,1,1,0,0,0,0,1,1,1,0,1,1,1,0,0,0,0,0,0,1,0,1,0,0,0,1,1,0,0,0,0,1,0,1,1,1,1,1,1,1,0,1,0,1,1,1,0,1,0,1,0,1,0,0,1,1,0,0,0,0,0,1,1,0,0,1,1,0,1,1,0,1,0,1,0,1,1,1,1,1,0,0,1,0,0,0,-0.032619658,-0.089881469,-0.291339198,-0.490759332,-0.415815417,-0.166346076,-0.156734439,-0.221729614,-0.367286738,-0.21858212,-0.100114233,-0.171648857,-0.978451287,-0.323517684,-0.166668851,-0.126044316,-0.135740403,-0.603265162,-0.313936782,-0.212442202,-0.370041375,-2.93637311,-0.946611357,-0.175287938,-0.149649631,-0.380798939,-1.811680574,-0.816753847,-3.567586884,-5.511279679,-0.438877345,-0.21964262,-0.271501354,-12.17136186,-0.351772613,-0.325110833,-0.588931476,-1.160142721,-10.70709188,-3.023600558,-1.59476407,-1.183535782,-1.064825286,-0.811535646,-0.698297544,-0.59397997,-0.642710322,-0.710449005,-3.199987367,-0.538471851,-0.642328219,-1.086635436,-3.411165216,-7.72956498,-2.167593818,-1.911369498,-3.087034226,-1.803138541,-1.358345543,-1.109130472,-0.828975863
1,0,1,0,1,1,1,1,0,1,0,1,0,0,1,1,0,0,1,0,1,1,0,0,0,0,0,0,0,0,1,0,0,1,1,1,0,1,1,0,1,1,0,0,1,0,0,0,1,1,1,0,1,0,0,0,0,0,0,0,0,1,1,1,1,0,1,0,0,1,0,1,1,1,1,0,0,1,0,0,1,0,1,0,1,0,1,1,0,1,0,1,0,1,1,0,1,1,0,1,-0.118723042,-0.194027128,-0.195221243,-0.139175904,-0.107478581,-0.089770642,-0.083595977,-0.068320004,-0.059382038,-0.050303528,-0.039345101,-0.034690568,-0.715026783,-0.217839059,-1.123519367,-0.463601194,-1.391417788,-0.095392904,-0.056246054,-0.048195706,-0.064031154,-0.054838357,-0.058761208,-0.080350307,-0.066724759,-0.062622415,-0.061502503,-0.072150778,-0.06817996,-0.064159056,-0.067644883,-0.086183423,-0.110359057,-0.110309495,-0.121226396,-0.153248902,-0.168187684,-0.638307376,-0.561624219,-1.734424045,-1.015047042,-0.466275628,-0.503509286,-1.953068043,-2.407637813,-0.671422324,-0.62098412,-0.499053727,-0.495995772,-0.520157271,-0.599282537,-0.586210167,-0.597934197,-0.617391436,-0.618312064,-0.565596651,-0.803492906,-0.724984806,-0.796769693,-0.875314155,-1.033481996
1,1,1,0,0,1,0,0,0,1,0,1,0,1,1,1,0,1,1,1,0,0,1,1,1,0,0,1,1,1,1,1,1,1,0,1,0,1,1,1,0,0,1,0,0,1,1,1,1,1,1,0,0,0,1,1,0,1,1,0,0,0,0,0,0,0,0,1,1,0,1,1,1,1,0,1,0,1,1,1,0,1,1,0,0,1,1,1,1,1,1,1,0,0,1,0,1,0,1,1,-0.018781135,-0.058092173,-0.00676136,-0.361367666,-0.009222978,-0.410277481,-0.03611583,-0.311185226,-0.232119789,-1.585009183,-0.825389325,-1.055346407,-0.136450273,-0.297755991,-1.004673942,-3.8723495,-0.512360359,-0.194173419,-0.104977427,-0.092663783,-0.085018982,-0.084249376,-0.083839106,-0.143861687,-0.595166454,-0.086687682,-0.083542255,-1.077805345,-0.280912542,-0.166051932,-0.129708805,-0.145839585,-0.214440734,-0.347849364,-0.959475087,-0.56229075,-0.311667399,-0.212682012,-0.26445263,-0.252589008,-0.280414777,-0.308312497,-0.354474659,-0.433343322,-0.444660568,-0.489061955,-0.458583607,-0.511019778,-0.557090807,-0.612761082,-0.656006221,-0.67732656,-0.725290006,-0.700563096,-0.761813048,-4.184799583,-9.402174291,-5.638077972,-5.397779122,-6.219658502,-7.626925721
1,0,0,1,1,0,1,1,0,0,0,0,0,1,0,0,1,1,0,1,0,0,1,1,0,0,1,1,1,0,0,0,0,0,1,0,1,0,0,1,1,1,1,0,0,1,0,0,1,0,0,1,0,1,0,0,1,1,1,0,1,0,1,1,1,0,0,1,0,1,1,0,1,1,1,0,1,1,1,0,0,0,0,0,0,0,0,0,0,1,0,1,1,1,1,1,1,1,1,0,-0.005970028,-0.007828768,-0.008080965,-0.009624924,-0.009457696,-0.012599326,-0.014646537,-0.017217707,-0.020091142,-0.023296904,-0.026635319,-0.029671062,-0.031441686,-0.033043391,-0.033850673,-0.028679631,-0.031835233,-0.027918418,-0.029792241,-0.031086769,-0.032730391,-0.035270286,-0.036395328,-0.038663205,-0.037314594,-0.040013549,-0.043009543,-0.049442357,-0.054371147,-0.065924524,-0.074763575,-0.094402765,-0.125461284,-0.110625821,-0.139459247,-0.161014666,-0.200257436,-0.18657553,-0.229338435,-0.240734611,-0.267307229,-0.281693049,-0.30433755,-0.327907071,-0.335648706,-0.359506351,-0.362880738,-0.372683349,-0.40075319,-0.408862255,-0.409219429,-0.468665389,-0.481553636,-0.550053991,-0.662815272,-0.703194186,-0.739835998,-0.800408878,-0.854646951,-0.896504829,-1.128237115
1,1,1,1,0,1,0,1,1,1,0,0,0,1,1,0,1,0,0,0,1,1,0,1,0,1,1,0,0,1,1,1,0,0,1,0,0,0,1,0,0,0,1,1,0,1,1,0,0,1,0,1,0,1,1,1,0,1,0,1,1,0,0,1,0,0,0,0,1,0,1,1,0,1,0,0,1,0,1,1,0,1,0,1,0,0,0,1,1,1,1,0,0,0,0,1,0,0,1,1,-0.024183393,-0.259539944,-0.057090183,-0.098670304,-0.255536234,-0.129340493,-0.085587728,-0.174820658,-0.037832145,-0.034643052,-0.051960646,-0.431389937,-0.155629328,-0.258922303,-0.195494064,-0.588539772,-1.042607773,-0.898706362,-0.200296273,-0.197669649,-1.796599136,-0.435455088,-0.21509955,-0.357198735,-0.16307923,-0.309144993,-0.877906305,-0.650850453,-2.086727709,-0.219503451,-0.477854472,-1.47132039,-0.917131488,-0.467003533,-0.467669595,-0.552956308,-1.674930917,-15.77723565,-8.091893268,-3.25520408,-2.714003801,-1.819180413,-1.143395425,-2.902388475,-9.269849197,-4.304035534,-2.713743373,-9.003346221,-5.841788581,-4.766133941,-5.454153562,-1.515238622,-0.830038464,-0.6017525,-0.550342413,-0.649166165,-0.876719672,-1.466711307,-3.658857803,-7.345792187,-7.526573449
1,0,0,1,0,0,0,1,1,0,1,0,0,1,1,0,0,0,1,0,1,1,1,0,1,1,0,1,1,0,1,0,0,0,0,1,0,0,0,1,1,1,1,0,1,0,1,0,0,0,1,0,0,0,1,1,1,0,1,0,1,0,0,0,0,1,0,0,1,1,1,0,1,1,0,1,1,0,1,0,0,1,1,1,1,1,0,1,0,0,0,0,1,0,0,1,1,0,0,0,-0.222605081,-0.141659571,-0.035424945,-0.038099976,-0.029565237,-0.029362146,-0.031324466,-0.035409927,-0.0424237,-0.057189419,-0.191287128,-0.151414492,-0.052418816,-0.074451042,-0.084995645,-0.066438522,-0.09918711,-0.351056418,-6.492734345,-0.335532131,-0.226134106,-0.230117667,-0.253152689,-0.333241131,-0.45304282,-0.745369685,-3.578756776,-1.819940103,-1.599905105,-2.124609647,-2.290377198,-1.880362824,-1.521413404,-1.78256442,-1.004456984,-1.011043221,-0.467841212,-0.383768031,-0.369324491,-0.561472149,-0.966453614,-0.329372667,-0.278606173,-0.247446602,-0.261976888,-0.244441443,-0.225241955,-0.229111907,-0.241474591,-0.25455964,-0.296333544,-0.305166169,-0.328761182,-0.348005725,-0.296853181,-0.342159111,-0.605256754,-0.28574827,-0.282818584,-0.292088148,-0.343548491
1,0,0,0,0,0,0,1,1,0,0,1,1,1,1,0,0,1,1,0,0,1,1,0,0,0,0,0,0,1,1,0,1,0,1,0,1,1,1,1,1,1,1,0,0,0,1,1,1,1,0,0,1,1,1,1,1,1,1,1,0,0,1,0,1,1,1,0,0,0,0,1,1,0,0,0,0,0,0,0,1,1,0,1,1,1,0,0,0,0,1,1,1,0,1,1,0,0,0,1,-0.043451034,-0.035621877,-0.115916456,-1.547585435,-0.025185034,-0.024638076,-0.453999428,-0.051832672,-0.075080785,-0.637034529,-0.038664709,-0.05284871,-0.174909946,-0.108139212,-2.456015819,-0.718239717,-0.55604226,-0.374909824,-0.238108765,-0.502152518,-1.305745503,-3.400812897,-4.225893973,-0.67048334,-0.703010463,-4.210178076,-0.560106399,-2.125452383,-1.484661993,-4.84415471,-0.460736114,-1.102092185,-1.61209628,-12.1492395,-1.568279737,-0.37695036,-1.190434574,-0.860563739,-0.558269914,-1.656859639,-4.882665897,-1.184597937,-1.566783607,-13.88028941,-2.571054189,-1.316577809,-0.532019423,-1.229463253,-7.227937899,-2.861953551,-2.856865774,-7.255149779,-0.875731009,-0.560483106,-0.499260617,-0.620524957,-2.266593523,-3.564072297,-1.581952634,-1.927672584,-1.232095488
1,1,1,1,0,1,1,1,0,1,1,0,0,1,0,1,0,1,1,1,0,1,1,1,0,0,0,0,1,0,1,0,1,0,0,1,1,0,0,0,0,1,0,1,1,1,1,1,0,1,0,0,1,1,0,0,1,0,1,0,0,1,1,0,1,0,1,1,0,0,0,0,0,1,1,1,1,1,1,1,0,1,0,1,1,1,1,0,1,0,1,1,0,0,0,1,0,0,1,1,-0.009360927,-0.011820964,-0.016164309,-0.024654377,-0.06811338,-0.057710294,-0.058969821,-0.147405798,-0.822676683,-0.548641875,-0.300978696,-0.294000556,-0.040760385,-0.025757069,-0.483573071,-0.238838178,-0.098494212,-0.095400216,-0.147581954,-0.325720764,-0.817064482,-1.153205495,-2.798218424,-1.036324297,-0.450955113,-0.322496391,-0.306233903,-0.472288607,-5.869992972,-0.271181938,-0.189997694,-0.250155665,-1.532994682,-0.56446326,-1.186300782,-0.432782496,-2.447657133,-0.201099479,-0.239510649,-0.724164681,-6.213623249,-1.335086652,-0.612358084,-0.48323035,-0.466437046,-0.703432237,-3.389022417,-2.215758197,-8.088722895,-2.085748494,-1.052315297,-1.219267209,-1.994349688,-0.963052849,-0.830240495,-0.769897184,-0.734541394,-0.733513709,-0.804683099,-0.90296966,-0.828306892
1,0,1,0,0,0,0,1,1,1,0,0,1,1,1,0,1,0,1,0,1,0,1,0,1,1,1,1,1,0,1,1,0,0,0,1,0,1,1,1,1,0,1,1,1,1,0,1,0,0,0,0,1,0,1,0,1,1,1,1,1,1,0,0,0,0,0,0,0,0,1,1,1,0,1,0,1,0,1,0,0,1,1,1,0,0,1,0,0,1,1,0,1,1,1,0,1,1,0,1,-0.026610738,-0.017134984,-0.023130855,-0.549745235,-0.036929707,-0.027233034,-0.028116326,-0.03348356,-0.042811821,-0.055817099,-0.084511051,-0.531221518,-0.266489794,-1.029431208,-2.208083363,-0.725342443,-1.553458616,-0.297396851,-0.158367647,-0.129942014,-0.121461027,-0.118203645,-0.198814998,-0.636558669,-2.822809288,-0.881467141,-1.957382817,-0.323531737,-0.325822582,-2.652511132,-0.173176288,-0.089009382,-0.072988576,-0.250820337,-0.19333947,-0.523745629,-0.679856121,-3.03039412,-4.017960713,-6.326222645,-4.915508592,-6.802898772,-3.891790613,-5.460622234,-2.760772801,-1.449033506,-0.852226078,-0.874924995,-2.492693875,-0.570951374,-1.613582427,-0.508491142,-0.365970996,-0.316367932,-0.300412083,-0.299587562,-0.366261915,-1.452362407,-0.853369524,-0.429889746,-0.348512437
