Configuration:
  csv_path: Data/60k61db.csv
  input_dim: 100
  seq_len: 61
  output_mode: mag_only
  batch_size: 64
  lr: 0.0005
  optimizer_name: adamw
  weight_decay: 0.0001
  min_lr_scale: 0.05
  epochs: 300
  train_ratio: 0.7
  val_ratio: 0.15
  dmodel: 256
  geometry_embedding_dim: 256
  gnn_hidden_dim: 128
  gnn_layers: 3
  gnn_heads: 4
  edge_mlp_hidden: 64
  node_update_hidden: 128
  graph_k: 8
  decoder_heads: 4
  decoder_blocks: 1
  refinement_layers: 2
  decoder_ffn_hidden: 512
  dropout: 0.1
  freq_hz_start: 1000000000.0
  freq_hz_stop: 6000000000.0
  bit_flip_prob: 0.01
  block_jitter_prob: 0.15
  max_block_size: 2
  use_augmentation: True
  random_seed: 42
  patience: 30
  gradient_clip: 1.0
  log_every_batches: 10
  warmup_ratio: 0.1
  use_amp: True
  curriculum_epochs: 80
  curriculum_stride: 2
  loss_complex: 1.0
  loss_db: 0.25
  loss_notch: 0.1
  loss_passive: 0.1
  loss_smooth: 0.02
  notch_sigma_db: 4.0
  passive_limit: 1.0
  device: cuda
  eval_split: 
  prediction_plot_count: 12
  output_dir: weights/R5O_no_PINN
  weights_filename: gnn_fedformer_r5_full_best.pt
  checkpoint_filename: gnn_fedformer_r5_full_best.ckpt
  history_filename: history.csv
  loss_plot_filename: loss_curve.png
  summary_filename: summary.json
  prediction_excel_dirname: excel
  config_filename: config.json
Dataset: Data/60k61db.csv
Samples: 60000
Detected layout: mag_only
Input sample shape: (100,)
Target sample shape: (61, 2)
First 10 geometry bits: [1.0, 1.0, 0.0, 0.0, 0.0, 1.0, 0.0, 1.0, 0.0, 0.0]
First 3 target rows: [[-0.03105979785323143, 0.0], [-0.10481095314025879, 0.0], [-0.07302474230527878, 0.0]]
Using device: cuda
/home/ubuntu/ECTCV/antennarepo/Trainzip/Model/R5O.py:571: UserWarning: enable_nested_tensor is True, but self.use_nested_tensor is False because encoder_layer.norm_first was True
  self.refinement = nn.TransformerEncoder(
Geometry2ComplexGamma(
  (encoder): GeometryGraphEncoder(
    (layers): ModuleList(
      (0): GATv2EdgeLayer(
        (query): Linear(in_features=7, out_features=128, bias=False)
        (key): Linear(in_features=7, out_features=128, bias=False)
        (value): Linear(in_features=7, out_features=128, bias=False)
        (edge_mlp): Sequential(
          (0): Linear(in_features=5, out_features=64, bias=True)
          (1): GELU(approximate='none')
          (2): Linear(in_features=64, out_features=128, bias=True)
        )
        (out_proj): Linear(in_features=128, out_features=128, bias=True)
        (residual): Linear(in_features=7, out_features=128, bias=True)
        (norm1): LayerNorm((128,), eps=1e-05, elementwise_affine=True)
        (norm2): LayerNorm((128,), eps=1e-05, elementwise_affine=True)
        (ffn): Sequential(
          (0): Linear(in_features=128, out_features=128, bias=True)
          (1): GELU(approximate='none')
          (2): Dropout(p=0.1, inplace=False)
          (3): Linear(in_features=128, out_features=128, bias=True)
          (4): Dropout(p=0.1, inplace=False)
        )
      )
      (1-2): 2 x GATv2EdgeLayer(
        (query): Linear(in_features=128, out_features=128, bias=False)
        (key): Linear(in_features=128, out_features=128, bias=False)
        (value): Linear(in_features=128, out_features=128, bias=False)
        (edge_mlp): Sequential(
          (0): Linear(in_features=5, out_features=64, bias=True)
          (1): GELU(approximate='none')
          (2): Linear(in_features=64, out_features=128, bias=True)
        )
        (out_proj): Linear(in_features=128, out_features=128, bias=True)
        (residual): Identity()
        (norm1): LayerNorm((128,), eps=1e-05, elementwise_affine=True)
        (norm2): LayerNorm((128,), eps=1e-05, elementwise_affine=True)
        (ffn): Sequential(
          (0): Linear(in_features=128, out_features=128, bias=True)
          (1): GELU(approximate='none')
          (2): Dropout(p=0.1, inplace=False)
          (3): Linear(in_features=128, out_features=128, bias=True)
          (4): Dropout(p=0.1, inplace=False)
        )
      )
    )
    (pool_gate): Linear(in_features=128, out_features=1, bias=True)
    (pool_value): Linear(in_features=128, out_features=256, bias=True)
    (pool_norm): LayerNorm((256,), eps=1e-05, elementwise_affine=True)
  )
  (geom_token_proj): Sequential(
    (0): LayerNorm((256,), eps=1e-05, elementwise_affine=True)
    (1): Linear(in_features=256, out_features=256, bias=True)
    (2): GELU(approximate='none')
  )
  (decoder): FEDformerDecoder(
    (freq_embedding): Embedding(61, 256)
    (blocks): ModuleList(
      (0): GeometryConditionedFEDBlock(
        (spectral): FullSpectrumSpectralBlock(
          (norm1): LayerNorm((256,), eps=1e-05, elementwise_affine=True)
          (norm2): LayerNorm((256,), eps=1e-05, elementwise_affine=True)
          (ffn): Sequential(
            (0): Linear(in_features=256, out_features=512, bias=True)
            (1): GELU(approximate='none')
            (2): Dropout(p=0.1, inplace=False)
            (3): Linear(in_features=512, out_features=256, bias=True)
            (4): Dropout(p=0.1, inplace=False)
          )
        )
        (self_norm): LayerNorm((256,), eps=1e-05, elementwise_affine=True)
        (cross_norm): LayerNorm((256,), eps=1e-05, elementwise_affine=True)
        (ff_norm): LayerNorm((256,), eps=1e-05, elementwise_affine=True)
        (self_attn): MultiheadAttention(
          (out_proj): NonDynamicallyQuantizableLinear(in_features=256, out_features=256, bias=True)
        )
        (cross_attn): MultiheadAttention(
          (out_proj): NonDynamicallyQuantizableLinear(in_features=256, out_features=256, bias=True)
        )
        (ffn): Sequential(
          (0): Linear(in_features=256, out_features=512, bias=True)
          (1): GELU(approximate='none')
          (2): Dropout(p=0.1, inplace=False)
          (3): Linear(in_features=512, out_features=256, bias=True)
          (4): Dropout(p=0.1, inplace=False)
        )
      )
    )
    (refinement): TransformerEncoder(
      (layers): ModuleList(
        (0-1): 2 x TransformerEncoderLayer(
          (self_attn): MultiheadAttention(
            (out_proj): NonDynamicallyQuantizableLinear(in_features=256, out_features=256, bias=True)
          )
          (linear1): Linear(in_features=256, out_features=512, bias=True)
          (dropout): Dropout(p=0.1, inplace=False)
          (linear2): Linear(in_features=512, out_features=256, bias=True)
          (norm1): LayerNorm((256,), eps=1e-05, elementwise_affine=True)
          (norm2): LayerNorm((256,), eps=1e-05, elementwise_affine=True)
          (dropout1): Dropout(p=0.1, inplace=False)
          (dropout2): Dropout(p=0.1, inplace=False)
        )
      )
    )
    (out_norm): LayerNorm((256,), eps=1e-05, elementwise_affine=True)
    (output_head): Linear(in_features=256, out_features=2, bias=True)
    (summary_proj): Sequential(
      (0): LayerNorm((512,), eps=1e-05, elementwise_affine=True)
      (1): Linear(in_features=512, out_features=256, bias=True)
      (2): GELU(approximate='none')
    )
    (f0_head): Linear(in_features=256, out_features=1, bias=True)
    (bw_head): Linear(in_features=256, out_features=1, bias=True)
  )
)
Total parameters: 2,652,933
Trainable parameters: 2,652,933
Dummy input shape: (2, 100)
Dummy gamma shape: (2, 61, 2)
Epoch 001 | batch 0010/0657 | loss 3436.241675 | cmse 3432.056079 | db 16.360110 | lr 2.790462e-07
Epoch 001 | batch 0020/0657 | loss 4011.093176 | cmse 4006.564893 | db 17.703659 | lr 5.327245e-07
Epoch 001 | batch 0030/0657 | loss 3862.510352 | cmse 3857.935718 | db 17.884285 | lr 7.864028e-07
Epoch 001 | batch 0040/0657 | loss 3764.710382 | cmse 3760.107428 | db 17.994716 | lr 1.040081e-06
Epoch 001 | batch 0050/0657 | loss 3597.963013 | cmse 3593.346426 | db 18.047629 | lr 1.293760e-06
Epoch 001 | batch 0060/0657 | loss 3363.112714 | cmse 3358.512315 | db 17.983288 | lr 1.547438e-06
Epoch 001 | batch 0070/0657 | loss 3142.802026 | cmse 3138.211630 | db 17.943960 | lr 1.801116e-06
Epoch 001 | batch 0080/0657 | loss 2922.732079 | cmse 2918.156653 | db 17.884930 | lr 2.054795e-06
Epoch 001 | batch 0090/0657 | loss 2716.520705 | cmse 2711.956563 | db 17.840892 | lr 2.308473e-06
Epoch 001 | batch 0100/0657 | loss 2524.344338 | cmse 2519.794224 | db 17.786158 | lr 2.562151e-06
Epoch 001 | batch 0110/0657 | loss 2343.535909 | cmse 2339.017515 | db 17.661985 | lr 2.815830e-06
Epoch 001 | batch 0120/0657 | loss 2185.300281 | cmse 2180.811109 | db 17.547494 | lr 3.069508e-06
Epoch 001 | batch 0130/0657 | loss 2043.457928 | cmse 2038.994205 | db 17.448505 | lr 3.323186e-06
Epoch 001 | batch 0140/0657 | loss 1916.826551 | cmse 1912.390104 | db 17.342443 | lr 3.576865e-06
Epoch 001 | batch 0150/0657 | loss 1803.705261 | cmse 1799.302377 | db 17.212259 | lr 3.830543e-06
Epoch 001 | batch 0160/0657 | loss 1703.335706 | cmse 1698.964518 | db 17.089203 | lr 4.084221e-06
Epoch 001 | batch 0170/0657 | loss 1612.335106 | cmse 1608.018308 | db 16.877644 | lr 4.337900e-06
Epoch 001 | batch 0180/0657 | loss 1533.190782 | cmse 1528.902369 | db 16.768191 | lr 4.591578e-06
Epoch 001 | batch 0190/0657 | loss 1460.983081 | cmse 1456.723464 | db 16.657198 | lr 4.845256e-06
Epoch 001 | batch 0200/0657 | loss 1396.949988 | cmse 1392.712378 | db 16.573140 | lr 5.098935e-06
Epoch 001 | batch 0210/0657 | loss 1337.751101 | cmse 1333.536566 | db 16.485066 | lr 5.352613e-06
Epoch 001 | batch 0220/0657 | loss 1284.056610 | cmse 1279.865291 | db 16.396406 | lr 5.606291e-06
Epoch 001 | batch 0230/0657 | loss 1234.225531 | cmse 1230.059898 | db 16.297954 | lr 5.859970e-06
Epoch 001 | batch 0240/0657 | loss 1188.629399 | cmse 1184.486768 | db 16.210314 | lr 6.113648e-06
Epoch 001 | batch 0250/0657 | loss 1146.721712 | cmse 1142.599841 | db 16.131513 | lr 6.367326e-06
Epoch 001 | batch 0260/0657 | loss 1108.081936 | cmse 1103.980014 | db 16.055954 | lr 6.621005e-06
Epoch 001 | batch 0270/0657 | loss 1071.468044 | cmse 1067.388231 | db 15.971742 | lr 6.874683e-06
Epoch 001 | batch 0280/0657 | loss 1037.523488 | cmse 1033.464696 | db 15.891910 | lr 7.128361e-06
Epoch 001 | batch 0290/0657 | loss 1005.455802 | cmse 1001.426722 | db 15.777817 | lr 7.382040e-06
Epoch 001 | batch 0300/0657 | loss 975.367847 | cmse 971.368347 | db 15.664232 | lr 7.635718e-06
Epoch 001 | batch 0310/0657 | loss 947.659584 | cmse 943.675642 | db 15.605924 | lr 7.889396e-06
Epoch 001 | batch 0320/0657 | loss 921.295667 | cmse 917.329284 | db 15.539579 | lr 8.143075e-06
Epoch 001 | batch 0330/0657 | loss 896.419505 | cmse 892.468517 | db 15.481802 | lr 8.396753e-06
Epoch 001 | batch 0340/0657 | loss 872.898475 | cmse 868.972125 | db 15.387559 | lr 8.650431e-06
Epoch 001 | batch 0350/0657 | loss 850.398687 | cmse 846.496770 | db 15.294030 | lr 8.904110e-06
Epoch 001 | batch 0360/0657 | loss 829.525663 | cmse 825.637652 | db 15.241972 | lr 9.157788e-06
Epoch 001 | batch 0370/0657 | loss 809.828405 | cmse 805.953102 | db 15.194570 | lr 9.411466e-06
Epoch 001 | batch 0380/0657 | loss 791.019207 | cmse 787.164288 | db 15.116856 | lr 9.665145e-06
Epoch 001 | batch 0390/0657 | loss 773.563996 | cmse 769.718706 | db 15.081458 | lr 9.918823e-06
Epoch 001 | batch 0400/0657 | loss 756.738184 | cmse 752.903347 | db 15.042772 | lr 1.017250e-05
Epoch 001 | batch 0410/0657 | loss 740.702955 | cmse 736.878855 | db 15.002837 | lr 1.042618e-05
Epoch 001 | batch 0420/0657 | loss 725.349765 | cmse 721.535287 | db 14.967322 | lr 1.067986e-05
Epoch 001 | batch 0430/0657 | loss 710.670785 | cmse 706.865821 | db 14.932041 | lr 1.093354e-05
Epoch 001 | batch 0440/0657 | loss 696.551793 | cmse 692.756409 | db 14.896508 | lr 1.118721e-05
Epoch 001 | batch 0450/0657 | loss 683.069977 | cmse 679.282891 | db 14.865933 | lr 1.144089e-05
Epoch 001 | batch 0460/0657 | loss 670.150302 | cmse 666.372059 | db 14.833162 | lr 1.169457e-05
Epoch 001 | batch 0470/0657 | loss 657.545852 | cmse 653.776551 | db 14.799973 | lr 1.194825e-05
Epoch 001 | batch 0480/0657 | loss 645.494667 | cmse 641.734036 | db 14.767782 | lr 1.220193e-05
Epoch 001 | batch 0490/0657 | loss 633.814055 | cmse 630.068230 | db 14.711288 | lr 1.245561e-05
Epoch 001 | batch 0500/0657 | loss 622.869592 | cmse 619.131340 | db 14.683252 | lr 1.270928e-05
Epoch 001 | batch 0510/0657 | loss 612.266852 | cmse 608.535527 | db 14.657765 | lr 1.296296e-05
Epoch 001 | batch 0520/0657 | loss 602.012159 | cmse 598.288135 | db 14.630735 | lr 1.321664e-05
Epoch 001 | batch 0530/0657 | loss 591.959198 | cmse 588.247861 | db 14.582412 | lr 1.347032e-05
Epoch 001 | batch 0540/0657 | loss 582.363785 | cmse 578.658614 | db 14.559718 | lr 1.372400e-05
Epoch 001 | batch 0550/0657 | loss 573.076077 | cmse 569.377394 | db 14.535731 | lr 1.397768e-05
Epoch 001 | batch 0560/0657 | loss 564.154777 | cmse 560.461743 | db 14.515103 | lr 1.423135e-05
Epoch 001 | batch 0570/0657 | loss 555.386089 | cmse 551.699478 | db 14.491324 | lr 1.448503e-05
Epoch 001 | batch 0580/0657 | loss 546.907043 | cmse 543.231913 | db 14.447484 | lr 1.473871e-05
Epoch 001 | batch 0590/0657 | loss 538.703794 | cmse 535.034758 | db 14.424890 | lr 1.499239e-05
Epoch 001 | batch 0600/0657 | loss 530.741926 | cmse 527.078410 | db 14.404587 | lr 1.524607e-05
Epoch 001 | batch 0610/0657 | loss 523.109496 | cmse 519.451619 | db 14.383741 | lr 1.549975e-05
Epoch 001 | batch 0620/0657 | loss 515.634993 | cmse 511.982840 | db 14.362548 | lr 1.575342e-05
Epoch 001 | batch 0630/0657 | loss 508.405347 | cmse 504.758414 | db 14.343301 | lr 1.600710e-05
Epoch 001 | batch 0640/0657 | loss 501.318553 | cmse 497.676987 | db 14.323479 | lr 1.626078e-05
Epoch 001 | batch 0650/0657 | loss 494.480220 | cmse 490.843635 | db 14.305087 | lr 1.651446e-05
Epoch 001 | train 490.324607 | val 11.743826 | cmse 8.727968 | db 11.925344
  saved checkpoint: weights/R5O_no_PINN/gnn_fedformer_r5_full_best.ckpt
Epoch 002 | batch 0010/0657 | loss 58.211846 | cmse 54.853779 | db 13.292513 | lr 1.694571e-05
Epoch 002 | batch 0020/0657 | loss 56.379591 | cmse 53.038833 | db 13.221602 | lr 1.719939e-05
Epoch 002 | batch 0030/0657 | loss 54.333737 | cmse 51.004688 | db 13.176478 | lr 1.745307e-05
Epoch 002 | batch 0040/0657 | loss 53.945934 | cmse 50.611318 | db 13.199459 | lr 1.770675e-05
Epoch 002 | batch 0050/0657 | loss 53.937917 | cmse 50.612562 | db 13.162964 | lr 1.796043e-05
Epoch 002 | batch 0060/0657 | loss 53.057123 | cmse 49.732941 | db 13.158714 | lr 1.821410e-05
Epoch 002 | batch 0070/0657 | loss 52.429383 | cmse 49.104469 | db 13.162350 | lr 1.846778e-05
Epoch 002 | batch 0080/0657 | loss 51.707999 | cmse 48.381418 | db 13.169561 | lr 1.872146e-05
Epoch 002 | batch 0090/0657 | loss 51.259246 | cmse 47.932669 | db 13.169783 | lr 1.897514e-05
Epoch 002 | batch 0100/0657 | loss 50.777207 | cmse 47.451974 | db 13.164866 | lr 1.922882e-05
Epoch 002 | batch 0110/0657 | loss 50.232588 | cmse 46.906664 | db 13.167920 | lr 1.948250e-05
Epoch 002 | batch 0120/0657 | loss 50.068457 | cmse 46.742558 | db 13.168225 | lr 1.973617e-05
Epoch 002 | batch 0130/0657 | loss 49.156478 | cmse 45.883871 | db 12.957284 | lr 1.998985e-05
Epoch 002 | batch 0140/0657 | loss 48.862558 | cmse 45.581788 | db 12.989978 | lr 2.024353e-05
Epoch 002 | batch 0150/0657 | loss 48.510279 | cmse 45.227670 | db 12.997450 | lr 2.049721e-05
Epoch 002 | batch 0160/0657 | loss 48.304409 | cmse 45.017122 | db 13.016165 | lr 2.075089e-05
Epoch 002 | batch 0170/0657 | loss 47.454155 | cmse 44.203625 | db 12.870790 | lr 2.100457e-05
Epoch 002 | batch 0180/0657 | loss 47.101364 | cmse 43.846708 | db 12.887502 | lr 2.125824e-05
Epoch 002 | batch 0190/0657 | loss 46.923180 | cmse 43.663003 | db 12.909637 | lr 2.151192e-05
Epoch 002 | batch 0200/0657 | loss 46.580824 | cmse 43.317266 | db 12.923400 | lr 2.176560e-05
Epoch 002 | batch 0210/0657 | loss 46.287314 | cmse 43.019333 | db 12.941299 | lr 2.201928e-05
Epoch 002 | batch 0220/0657 | loss 45.999343 | cmse 42.727288 | db 12.957775 | lr 2.227296e-05
Epoch 002 | batch 0230/0657 | loss 45.750299 | cmse 42.475966 | db 12.966972 | lr 2.252664e-05
Epoch 002 | batch 0240/0657 | loss 45.786970 | cmse 42.509265 | db 12.980498 | lr 2.278031e-05
Epoch 002 | batch 0250/0657 | loss 45.549792 | cmse 42.268328 | db 12.995719 | lr 2.303399e-05
Epoch 002 | batch 0260/0657 | loss 45.162293 | cmse 41.879068 | db 13.002929 | lr 2.328767e-05
Epoch 002 | batch 0270/0657 | loss 44.827844 | cmse 41.543437 | db 13.007900 | lr 2.354135e-05
Epoch 002 | batch 0280/0657 | loss 44.491014 | cmse 41.205245 | db 13.013621 | lr 2.379503e-05
Epoch 002 | batch 0290/0657 | loss 44.114607 | cmse 40.825433 | db 13.027529 | lr 2.404871e-05
Epoch 002 | batch 0300/0657 | loss 43.811464 | cmse 40.519611 | db 13.038393 | lr 2.430238e-05
Epoch 002 | batch 0310/0657 | loss 43.472463 | cmse 40.179267 | db 13.043997 | lr 2.455606e-05
Epoch 002 | batch 0320/0657 | loss 43.049429 | cmse 39.765311 | db 13.008306 | lr 2.480974e-05
Epoch 002 | batch 0330/0657 | loss 42.698172 | cmse 39.410028 | db 13.024526 | lr 2.506342e-05
Epoch 002 | batch 0340/0657 | loss 42.372902 | cmse 39.092687 | db 12.993361 | lr 2.531710e-05
Epoch 002 | batch 0350/0657 | loss 42.136657 | cmse 38.855112 | db 12.998906 | lr 2.557078e-05
Epoch 002 | batch 0360/0657 | loss 41.891745 | cmse 38.609758 | db 13.000864 | lr 2.582445e-05
Epoch 002 | batch 0370/0657 | loss 41.604770 | cmse 38.320402 | db 13.010620 | lr 2.607813e-05
Epoch 002 | batch 0380/0657 | loss 41.386255 | cmse 38.101795 | db 13.011219 | lr 2.633181e-05
Epoch 002 | batch 0390/0657 | loss 41.036480 | cmse 37.750814 | db 13.016214 | lr 2.658549e-05
Epoch 002 | batch 0400/0657 | loss 40.725954 | cmse 37.439434 | db 13.019830 | lr 2.683917e-05
Epoch 002 | batch 0410/0657 | loss 40.380813 | cmse 37.100631 | db 12.994915 | lr 2.709285e-05
Epoch 002 | batch 0420/0657 | loss 40.167356 | cmse 36.885643 | db 13.001146 | lr 2.734652e-05
Epoch 002 | batch 0430/0657 | loss 39.895827 | cmse 36.612586 | db 13.007516 | lr 2.760020e-05
Epoch 002 | batch 0440/0657 | loss 39.707822 | cmse 36.424879 | db 13.006470 | lr 2.785388e-05
Epoch 002 | batch 0450/0657 | loss 39.494853 | cmse 36.210884 | db 13.010726 | lr 2.810756e-05
Epoch 002 | batch 0460/0657 | loss 39.252609 | cmse 35.967516 | db 13.015477 | lr 2.836124e-05
Epoch 002 | batch 0470/0657 | loss 38.958214 | cmse 35.678492 | db 12.994416 | lr 2.861492e-05
Epoch 002 | batch 0480/0657 | loss 38.722877 | cmse 35.443040 | db 12.994984 | lr 2.886859e-05
Epoch 002 | batch 0490/0657 | loss 38.501645 | cmse 35.221994 | db 12.994352 | lr 2.912227e-05
Epoch 002 | batch 0500/0657 | loss 38.259639 | cmse 34.980169 | db 12.993680 | lr 2.937595e-05
Epoch 002 | batch 0510/0657 | loss 38.003254 | cmse 34.723487 | db 12.995010 | lr 2.962963e-05
Epoch 002 | batch 0520/0657 | loss 37.760927 | cmse 34.480203 | db 12.999029 | lr 2.988331e-05
Epoch 002 | batch 0530/0657 | loss 37.484497 | cmse 34.203439 | db 13.000580 | lr 3.013699e-05
Epoch 002 | batch 0540/0657 | loss 37.220534 | cmse 33.939574 | db 13.000342 | lr 3.039066e-05
Epoch 002 | batch 0550/0657 | loss 37.008868 | cmse 33.727820 | db 13.000815 | lr 3.064434e-05
Epoch 002 | batch 0560/0657 | loss 36.754113 | cmse 33.472759 | db 13.002177 | lr 3.089802e-05
Epoch 002 | batch 0570/0657 | loss 36.523992 | cmse 33.243145 | db 13.000275 | lr 3.115170e-05
Epoch 002 | batch 0580/0657 | loss 36.337705 | cmse 33.057122 | db 12.999449 | lr 3.140538e-05
Epoch 002 | batch 0590/0657 | loss 36.112763 | cmse 32.831153 | db 13.003655 | lr 3.165906e-05
Epoch 002 | batch 0600/0657 | loss 35.915710 | cmse 32.633471 | db 13.006272 | lr 3.191273e-05
Epoch 002 | batch 0610/0657 | loss 35.680467 | cmse 32.403812 | db 12.984258 | lr 3.216641e-05
Epoch 002 | batch 0620/0657 | loss 35.485016 | cmse 32.209028 | db 12.981727 | lr 3.242009e-05
Epoch 002 | batch 0630/0657 | loss 35.249635 | cmse 31.978453 | db 12.962860 | lr 3.267377e-05
Epoch 002 | batch 0640/0657 | loss 35.059119 | cmse 31.787408 | db 12.965132 | lr 3.292745e-05
Epoch 002 | batch 0650/0657 | loss 34.860233 | cmse 31.588148 | db 12.966755 | lr 3.318113e-05
Epoch 002 | train 34.727013 | val 4.588413 | cmse 1.641148 | db 11.677666
  saved checkpoint: weights/R5O_no_PINN/gnn_fedformer_r5_full_best.ckpt
Epoch 003 | batch 0010/0657 | loss 21.647767 | cmse 18.444559 | db 12.696376 | lr 3.361238e-05
Epoch 003 | batch 0020/0657 | loss 21.423825 | cmse 18.180369 | db 12.859987 | lr 3.386606e-05
Epoch 003 | batch 0030/0657 | loss 21.110823 | cmse 17.860613 | db 12.887201 | lr 3.411974e-05
Epoch 003 | batch 0040/0657 | loss 21.373571 | cmse 18.109499 | db 12.943152 | lr 3.437341e-05
Epoch 003 | batch 0050/0657 | loss 21.550407 | cmse 18.285797 | db 12.945628 | lr 3.462709e-05
Epoch 003 | batch 0060/0657 | loss 21.283983 | cmse 18.015502 | db 12.961417 | lr 3.488077e-05
Epoch 003 | batch 0070/0657 | loss 21.066726 | cmse 17.796756 | db 12.967526 | lr 3.513445e-05
Epoch 003 | batch 0080/0657 | loss 20.894695 | cmse 17.626659 | db 12.960280 | lr 3.538813e-05
Epoch 003 | batch 0090/0657 | loss 20.466999 | cmse 17.232085 | db 12.828675 | lr 3.564181e-05
Epoch 003 | batch 0100/0657 | loss 20.169493 | cmse 16.936622 | db 12.820341 | lr 3.589548e-05
Epoch 003 | batch 0110/0657 | loss 19.904216 | cmse 16.726960 | db 12.600115 | lr 3.614916e-05
Epoch 003 | batch 0120/0657 | loss 19.786108 | cmse 16.623581 | db 12.542160 | lr 3.640284e-05
Epoch 003 | batch 0130/0657 | loss 20.062290 | cmse 16.892494 | db 12.571187 | lr 3.665652e-05
Epoch 003 | batch 0140/0657 | loss 20.157060 | cmse 16.985115 | db 12.579627 | lr 3.691020e-05
Epoch 003 | batch 0150/0657 | loss 20.204165 | cmse 17.025083 | db 12.607865 | lr 3.716388e-05
Epoch 003 | batch 0160/0657 | loss 20.130037 | cmse 16.947853 | db 12.620413 | lr 3.741755e-05
Epoch 003 | batch 0170/0657 | loss 19.854845 | cmse 16.691478 | db 12.545589 | lr 3.767123e-05
Epoch 003 | batch 0180/0657 | loss 19.711707 | cmse 16.544857 | db 12.559626 | lr 3.792491e-05
Epoch 003 | batch 0190/0657 | loss 19.571856 | cmse 16.400749 | db 12.576515 | lr 3.817859e-05
Epoch 003 | batch 0200/0657 | loss 19.404500 | cmse 16.228211 | db 12.597225 | lr 3.843227e-05
Epoch 003 | batch 0210/0657 | loss 19.266364 | cmse 16.085068 | db 12.617155 | lr 3.868595e-05
Epoch 003 | batch 0220/0657 | loss 19.219417 | cmse 16.037760 | db 12.618652 | lr 3.893962e-05
Epoch 003 | batch 0230/0657 | loss 19.193766 | cmse 16.006320 | db 12.641646 | lr 3.919330e-05
Epoch 003 | batch 0240/0657 | loss 19.065898 | cmse 15.877014 | db 12.647371 | lr 3.944698e-05
Epoch 003 | batch 0250/0657 | loss 18.937572 | cmse 15.748619 | db 12.647620 | lr 3.970066e-05
Epoch 003 | batch 0260/0657 | loss 18.946737 | cmse 15.757525 | db 12.648751 | lr 3.995434e-05
Epoch 003 | batch 0270/0657 | loss 18.898583 | cmse 15.708555 | db 12.652035 | lr 4.020802e-05
Epoch 003 | batch 0280/0657 | loss 18.892858 | cmse 15.701934 | db 12.655594 | lr 4.046169e-05
Epoch 003 | batch 0290/0657 | loss 18.809415 | cmse 15.616266 | db 12.664525 | lr 4.071537e-05
Epoch 003 | batch 0300/0657 | loss 18.837178 | cmse 15.641965 | db 12.672858 | lr 4.096905e-05
Epoch 003 | batch 0310/0657 | loss 18.727252 | cmse 15.542340 | db 12.632005 | lr 4.122273e-05
Epoch 003 | batch 0320/0657 | loss 18.721019 | cmse 15.533921 | db 12.640770 | lr 4.147641e-05
Epoch 003 | batch 0330/0657 | loss 18.593436 | cmse 15.413697 | db 12.611741 | lr 4.173009e-05
Epoch 003 | batch 0340/0657 | loss 18.505927 | cmse 15.324631 | db 12.617995 | lr 4.198376e-05
Epoch 003 | batch 0350/0657 | loss 18.364473 | cmse 15.181361 | db 12.625314 | lr 4.223744e-05
Epoch 003 | batch 0360/0657 | loss 18.271731 | cmse 15.088377 | db 12.626203 | lr 4.249112e-05
Epoch 003 | batch 0370/0657 | loss 18.172633 | cmse 14.989334 | db 12.626032 | lr 4.274480e-05
Epoch 003 | batch 0380/0657 | loss 18.033217 | cmse 14.867611 | db 12.555807 | lr 4.299848e-05
Epoch 003 | batch 0390/0657 | loss 17.962278 | cmse 14.795688 | db 12.559723 | lr 4.325216e-05
Epoch 003 | batch 0400/0657 | loss 17.842631 | cmse 14.674783 | db 12.564691 | lr 4.350583e-05
Epoch 003 | batch 0410/0657 | loss 17.699213 | cmse 14.540207 | db 12.529643 | lr 4.375951e-05
Epoch 003 | batch 0420/0657 | loss 17.616677 | cmse 14.457446 | db 12.530523 | lr 4.401319e-05
Epoch 003 | batch 0430/0657 | loss 17.554935 | cmse 14.395593 | db 12.530935 | lr 4.426687e-05
Epoch 003 | batch 0440/0657 | loss 17.475517 | cmse 14.314888 | db 12.536151 | lr 4.452055e-05
Epoch 003 | batch 0450/0657 | loss 17.382870 | cmse 14.221867 | db 12.537704 | lr 4.477423e-05
Epoch 003 | batch 0460/0657 | loss 17.294958 | cmse 14.134677 | db 12.534854 | lr 4.502790e-05
Epoch 003 | batch 0470/0657 | loss 17.214228 | cmse 14.054339 | db 12.533261 | lr 4.528158e-05
Epoch 003 | batch 0480/0657 | loss 17.154889 | cmse 13.996179 | db 12.528558 | lr 4.553526e-05
Epoch 003 | batch 0490/0657 | loss 17.061261 | cmse 13.904170 | db 12.522191 | lr 4.578894e-05
Epoch 003 | batch 0500/0657 | loss 16.974942 | cmse 13.816281 | db 12.528578 | lr 4.604262e-05
Epoch 003 | batch 0510/0657 | loss 16.893924 | cmse 13.736156 | db 12.524983 | lr 4.629630e-05
Epoch 003 | batch 0520/0657 | loss 16.940113 | cmse 13.779127 | db 12.537925 | lr 4.654997e-05
Epoch 003 | batch 0530/0657 | loss 16.944010 | cmse 13.782172 | db 12.541425 | lr 4.680365e-05
Epoch 003 | batch 0540/0657 | loss 16.928100 | cmse 13.765429 | db 12.544877 | lr 4.705733e-05
Epoch 003 | batch 0550/0657 | loss 16.884209 | cmse 13.721973 | db 12.543127 | lr 4.731101e-05
Epoch 003 | batch 0560/0657 | loss 16.812985 | cmse 13.650036 | db 12.546041 | lr 4.756469e-05
Epoch 003 | batch 0570/0657 | loss 16.733615 | cmse 13.568634 | db 12.554216 | lr 4.781837e-05
Epoch 003 | batch 0580/0657 | loss 16.654214 | cmse 13.489363 | db 12.553748 | lr 4.807204e-05
Epoch 003 | batch 0590/0657 | loss 16.573073 | cmse 13.409256 | db 12.549666 | lr 4.832572e-05
Epoch 003 | batch 0600/0657 | loss 16.483176 | cmse 13.320029 | db 12.547023 | lr 4.857940e-05
Epoch 003 | batch 0610/0657 | loss 16.409492 | cmse 13.246602 | db 12.546048 | lr 4.883308e-05
Epoch 003 | batch 0620/0657 | loss 16.325082 | cmse 13.160810 | db 12.551667 | lr 4.908676e-05
Epoch 003 | batch 0630/0657 | loss 16.245593 | cmse 13.080899 | db 12.553423 | lr 4.934044e-05
Epoch 003 | batch 0640/0657 | loss 16.179731 | cmse 13.014984 | db 12.553726 | lr 4.959411e-05
Epoch 003 | batch 0650/0657 | loss 16.104725 | cmse 12.940168 | db 12.553047 | lr 4.984779e-05
Epoch 003 | train 16.061525 | val 13.781008 | cmse 10.701404 | db 12.218307
Epoch 004 | batch 0010/0657 | loss 10.707193 | cmse 8.140845 | db 10.183965 | lr 5.027905e-05
Epoch 004 | batch 0020/0657 | loss 10.858243 | cmse 7.993281 | db 11.368172 | lr 5.053272e-05
Epoch 004 | batch 0030/0657 | loss 10.808071 | cmse 7.816301 | db 11.872401 | lr 5.078640e-05
Epoch 004 | batch 0040/0657 | loss 11.078700 | cmse 8.050173 | db 12.017770 | lr 5.104008e-05
Epoch 004 | batch 0050/0657 | loss 11.192163 | cmse 8.143225 | db 12.098113 | lr 5.129376e-05
Epoch 004 | batch 0060/0657 | loss 10.988419 | cmse 7.976765 | db 11.949612 | lr 5.154744e-05
Epoch 004 | batch 0070/0657 | loss 10.862537 | cmse 7.837504 | db 12.002871 | lr 5.180112e-05
Epoch 004 | batch 0080/0657 | loss 10.929104 | cmse 7.888694 | db 12.063879 | lr 5.205479e-05
Epoch 004 | batch 0090/0657 | loss 11.013648 | cmse 7.954645 | db 12.137808 | lr 5.230847e-05
Epoch 004 | batch 0100/0657 | loss 11.106326 | cmse 8.037688 | db 12.176234 | lr 5.256215e-05
Epoch 004 | batch 0110/0657 | loss 11.097919 | cmse 8.024751 | db 12.194162 | lr 5.281583e-05
Epoch 004 | batch 0120/0657 | loss 11.025636 | cmse 7.942318 | db 12.234596 | lr 5.306951e-05
Epoch 004 | batch 0130/0657 | loss 10.970381 | cmse 7.874079 | db 12.286395 | lr 5.332319e-05
Epoch 004 | batch 0140/0657 | loss 10.895048 | cmse 7.798631 | db 12.286736 | lr 5.357686e-05
Epoch 004 | batch 0150/0657 | loss 10.811704 | cmse 7.736271 | db 12.203401 | lr 5.383054e-05
Epoch 004 | batch 0160/0657 | loss 10.805916 | cmse 7.724108 | db 12.228701 | lr 5.408422e-05
Epoch 004 | batch 0170/0657 | loss 10.788675 | cmse 7.706575 | db 12.230020 | lr 5.433790e-05
Epoch 004 | batch 0180/0657 | loss 10.736873 | cmse 7.651850 | db 12.241500 | lr 5.459158e-05
Epoch 004 | batch 0190/0657 | loss 10.694173 | cmse 7.608703 | db 12.243301 | lr 5.484526e-05
Epoch 004 | batch 0200/0657 | loss 10.684050 | cmse 7.598413 | db 12.244038 | lr 5.509893e-05
Epoch 004 | batch 0210/0657 | loss 10.627339 | cmse 7.538354 | db 12.257308 | lr 5.535261e-05
Epoch 004 | batch 0220/0657 | loss 10.625533 | cmse 7.534780 | db 12.264136 | lr 5.560629e-05
Epoch 004 | batch 0230/0657 | loss 10.747071 | cmse 7.649484 | db 12.291330 | lr 5.585997e-05
Epoch 004 | batch 0240/0657 | loss 11.001033 | cmse 7.899827 | db 12.305816 | lr 5.611365e-05
Epoch 004 | batch 0250/0657 | loss 11.130932 | cmse 8.024662 | db 12.326057 | lr 5.636733e-05
Epoch 004 | batch 0260/0657 | loss 11.275247 | cmse 8.161689 | db 12.355246 | lr 5.662100e-05
Epoch 004 | batch 0270/0657 | loss 11.304242 | cmse 8.196879 | db 12.330829 | lr 5.687468e-05
Epoch 004 | batch 0280/0657 | loss 11.265503 | cmse 8.156491 | db 12.337418 | lr 5.712836e-05
Epoch 004 | batch 0290/0657 | loss 11.228815 | cmse 8.116497 | db 12.350634 | lr 5.738204e-05
Epoch 004 | batch 0300/0657 | loss 11.179000 | cmse 8.066768 | db 12.350259 | lr 5.763572e-05
Epoch 004 | batch 0310/0657 | loss 11.141923 | cmse 8.027108 | db 12.360546 | lr 5.788940e-05
Epoch 004 | batch 0320/0657 | loss 11.076239 | cmse 7.961211 | db 12.361380 | lr 5.814307e-05
Epoch 004 | batch 0330/0657 | loss 11.070454 | cmse 7.952846 | db 12.371665 | lr 5.839675e-05
Epoch 004 | batch 0340/0657 | loss 11.052436 | cmse 7.935033 | db 12.370831 | lr 5.865043e-05
Epoch 004 | batch 0350/0657 | loss 11.018383 | cmse 7.901532 | db 12.368695 | lr 5.890411e-05
Epoch 004 | batch 0360/0657 | loss 10.992407 | cmse 7.874882 | db 12.371341 | lr 5.915779e-05
Epoch 004 | batch 0370/0657 | loss 10.964299 | cmse 7.845891 | db 12.374891 | lr 5.941147e-05
Epoch 004 | batch 0380/0657 | loss 10.932853 | cmse 7.814597 | db 12.374275 | lr 5.966514e-05
Epoch 004 | batch 0390/0657 | loss 10.866759 | cmse 7.749486 | db 12.370374 | lr 5.991882e-05
Epoch 004 | batch 0400/0657 | loss 10.829505 | cmse 7.711581 | db 12.373026 | lr 6.017250e-05
Epoch 004 | batch 0410/0657 | loss 10.802521 | cmse 7.694587 | db 12.333315 | lr 6.042618e-05
Epoch 004 | batch 0420/0657 | loss 10.777933 | cmse 7.668337 | db 12.339984 | lr 6.067986e-05
Epoch 004 | batch 0430/0657 | loss 10.722245 | cmse 7.620694 | db 12.308080 | lr 6.093354e-05
Epoch 004 | batch 0440/0657 | loss 10.711317 | cmse 7.610270 | db 12.306110 | lr 6.118721e-05
Epoch 004 | batch 0450/0657 | loss 10.695512 | cmse 7.594391 | db 12.306461 | lr 6.144089e-05
Epoch 004 | batch 0460/0657 | loss 10.649131 | cmse 7.547759 | db 12.307404 | lr 6.169457e-05
Epoch 004 | batch 0470/0657 | loss 10.634126 | cmse 7.529921 | db 12.318775 | lr 6.194825e-05
Epoch 004 | batch 0480/0657 | loss 10.611268 | cmse 7.505711 | db 12.324235 | lr 6.220193e-05
Epoch 004 | batch 0490/0657 | loss 10.567963 | cmse 7.463048 | db 12.321758 | lr 6.245561e-05
Epoch 004 | batch 0500/0657 | loss 10.517897 | cmse 7.413337 | db 12.320376 | lr 6.270928e-05
Epoch 004 | batch 0510/0657 | loss 10.492176 | cmse 7.387589 | db 12.320546 | lr 6.296296e-05
Epoch 004 | batch 0520/0657 | loss 10.472635 | cmse 7.366715 | db 12.325887 | lr 6.321664e-05
Epoch 004 | batch 0530/0657 | loss 10.460266 | cmse 7.355166 | db 12.322630 | lr 6.347032e-05
Epoch 004 | batch 0540/0657 | loss 10.433601 | cmse 7.335051 | db 12.296605 | lr 6.372400e-05
Epoch 004 | batch 0550/0657 | loss 10.420381 | cmse 7.322901 | db 12.292415 | lr 6.397768e-05
Epoch 004 | batch 0560/0657 | loss 10.383328 | cmse 7.291259 | db 12.271014 | lr 6.423135e-05
Epoch 004 | batch 0570/0657 | loss 10.356036 | cmse 7.262431 | db 12.277124 | lr 6.448503e-05
Epoch 004 | batch 0580/0657 | loss 10.329462 | cmse 7.234778 | db 12.281453 | lr 6.473871e-05
Epoch 004 | batch 0590/0657 | loss 10.307525 | cmse 7.212802 | db 12.281615 | lr 6.499239e-05
Epoch 004 | batch 0600/0657 | loss 10.301265 | cmse 7.206687 | db 12.281075 | lr 6.524607e-05
Epoch 004 | batch 0610/0657 | loss 10.255077 | cmse 7.160059 | db 12.282894 | lr 6.549975e-05
Epoch 004 | batch 0620/0657 | loss 10.219465 | cmse 7.125082 | db 12.280320 | lr 6.575342e-05
Epoch 004 | batch 0630/0657 | loss 10.174549 | cmse 7.078593 | db 12.286633 | lr 6.600710e-05
Epoch 004 | batch 0640/0657 | loss 10.173041 | cmse 7.078375 | db 12.281504 | lr 6.626078e-05
Epoch 004 | batch 0650/0657 | loss 10.159382 | cmse 7.065565 | db 12.278169 | lr 6.651446e-05
Epoch 004 | train 10.137182 | val 5.825805 | cmse 2.873199 | db 11.716190
Epoch 005 | batch 0010/0657 | loss 9.496701 | cmse 6.448179 | db 12.096823 | lr 6.694571e-05
Epoch 005 | batch 0020/0657 | loss 9.118970 | cmse 6.046925 | db 12.192539 | lr 6.719939e-05
Epoch 005 | batch 0030/0657 | loss 8.614057 | cmse 5.530344 | db 12.240274 | lr 6.745307e-05
Epoch 005 | batch 0040/0657 | loss 8.674623 | cmse 5.571097 | db 12.319241 | lr 6.770675e-05
Epoch 005 | batch 0050/0657 | loss 8.647066 | cmse 5.601026 | db 12.091025 | lr 6.796043e-05
Epoch 005 | batch 0060/0657 | loss 9.365376 | cmse 6.308610 | db 12.133893 | lr 6.821410e-05
Epoch 005 | batch 0070/0657 | loss 9.923560 | cmse 6.853113 | db 12.188307 | lr 6.846778e-05
Epoch 005 | batch 0080/0657 | loss 9.983558 | cmse 6.949542 | db 12.044112 | lr 6.872146e-05
Epoch 005 | batch 0090/0657 | loss 10.177188 | cmse 7.126508 | db 12.110439 | lr 6.897514e-05
Epoch 005 | batch 0100/0657 | loss 10.352067 | cmse 7.288809 | db 12.160551 | lr 6.922882e-05
Epoch 005 | batch 0110/0657 | loss 10.585954 | cmse 7.516190 | db 12.186218 | lr 6.948250e-05
Epoch 005 | batch 0120/0657 | loss 10.664324 | cmse 7.588288 | db 12.211126 | lr 6.973617e-05
Epoch 005 | batch 0130/0657 | loss 10.895685 | cmse 7.817445 | db 12.219880 | lr 6.998985e-05
Epoch 005 | batch 0140/0657 | loss 10.911238 | cmse 7.831872 | db 12.224153 | lr 7.024353e-05
Epoch 005 | batch 0150/0657 | loss 11.082985 | cmse 7.997158 | db 12.249898 | lr 7.049721e-05
Epoch 005 | batch 0160/0657 | loss 11.110877 | cmse 8.017731 | db 12.278956 | lr 7.075089e-05
Epoch 005 | batch 0170/0657 | loss 11.227936 | cmse 8.133853 | db 12.282819 | lr 7.100457e-05
Epoch 005 | batch 0180/0657 | loss 11.236716 | cmse 8.137173 | db 12.304650 | lr 7.125824e-05
Epoch 005 | batch 0190/0657 | loss 11.105649 | cmse 8.026237 | db 12.224538 | lr 7.151192e-05
Epoch 005 | batch 0200/0657 | loss 10.994610 | cmse 7.917255 | db 12.216032 | lr 7.176560e-05
Epoch 005 | batch 0210/0657 | loss 10.903567 | cmse 7.827732 | db 12.209794 | lr 7.201928e-05
Epoch 005 | batch 0220/0657 | loss 10.827095 | cmse 7.750357 | db 12.213252 | lr 7.227296e-05
Epoch 005 | batch 0230/0657 | loss 10.639015 | cmse 7.574259 | db 12.165853 | lr 7.252664e-05
Epoch 005 | batch 0240/0657 | loss 10.468738 | cmse 7.403912 | db 12.166096 | lr 7.278031e-05
Epoch 005 | batch 0250/0657 | loss 10.355715 | cmse 7.293285 | db 12.156497 | lr 7.303399e-05
Epoch 005 | batch 0260/0657 | loss 10.262975 | cmse 7.197262 | db 12.169463 | lr 7.328767e-05
Epoch 005 | batch 0270/0657 | loss 10.175982 | cmse 7.112213 | db 12.161600 | lr 7.354135e-05
Epoch 005 | batch 0280/0657 | loss 10.109272 | cmse 7.043736 | db 12.168717 | lr 7.379503e-05
Epoch 005 | batch 0290/0657 | loss 10.096218 | cmse 7.030926 | db 12.167802 | lr 7.404871e-05
Epoch 005 | batch 0300/0657 | loss 10.008982 | cmse 6.939928 | db 12.182888 | lr 7.430238e-05
Epoch 005 | batch 0310/0657 | loss 9.905632 | cmse 6.836288 | db 12.184075 | lr 7.455606e-05
Epoch 005 | batch 0320/0657 | loss 9.808928 | cmse 6.739807 | db 12.183218 | lr 7.480974e-05
Epoch 005 | batch 0330/0657 | loss 9.781891 | cmse 6.712365 | db 12.184752 | lr 7.506342e-05
Epoch 005 | batch 0340/0657 | loss 9.741454 | cmse 6.674318 | db 12.175278 | lr 7.531710e-05
Epoch 005 | batch 0350/0657 | loss 9.674233 | cmse 6.608188 | db 12.170986 | lr 7.557078e-05
Epoch 005 | batch 0360/0657 | loss 9.622456 | cmse 6.561874 | db 12.149421 | lr 7.582445e-05
Epoch 005 | batch 0370/0657 | loss 9.563677 | cmse 6.510129 | db 12.121532 | lr 7.607813e-05
Epoch 005 | batch 0380/0657 | loss 9.529832 | cmse 6.475595 | db 12.124265 | lr 7.633181e-05
Epoch 005 | batch 0390/0657 | loss 9.614975 | cmse 6.559089 | db 12.130823 | lr 7.658549e-05
Epoch 005 | batch 0400/0657 | loss 9.547599 | cmse 6.491047 | db 12.133512 | lr 7.683917e-05
Epoch 005 | batch 0410/0657 | loss 9.461029 | cmse 6.410798 | db 12.108516 | lr 7.709285e-05
Epoch 005 | batch 0420/0657 | loss 9.395643 | cmse 6.344331 | db 12.112888 | lr 7.734652e-05
Epoch 005 | batch 0430/0657 | loss 9.370138 | cmse 6.317673 | db 12.117528 | lr 7.760020e-05
Epoch 005 | batch 0440/0657 | loss 9.328161 | cmse 6.275557 | db 12.118045 | lr 7.785388e-05
Epoch 005 | batch 0450/0657 | loss 9.297029 | cmse 6.244690 | db 12.116967 | lr 7.810756e-05
Epoch 005 | batch 0460/0657 | loss 9.279988 | cmse 6.225108 | db 12.127147 | lr 7.836124e-05
Epoch 005 | batch 0470/0657 | loss 9.223885 | cmse 6.174132 | db 12.106908 | lr 7.861492e-05
Epoch 005 | batch 0480/0657 | loss 9.203892 | cmse 6.153702 | db 12.108664 | lr 7.886859e-05
Epoch 005 | batch 0490/0657 | loss 9.162141 | cmse 6.111140 | db 12.111900 | lr 7.912227e-05
Epoch 005 | batch 0500/0657 | loss 9.122742 | cmse 6.079881 | db 12.079576 | lr 7.937595e-05
Epoch 005 | batch 0510/0657 | loss 9.097817 | cmse 6.053018 | db 12.087430 | lr 7.962963e-05
Epoch 005 | batch 0520/0657 | loss 9.086516 | cmse 6.041314 | db 12.089051 | lr 7.988331e-05
Epoch 005 | batch 0530/0657 | loss 9.065736 | cmse 6.021950 | db 12.083459 | lr 8.013699e-05
Epoch 005 | batch 0540/0657 | loss 9.016302 | cmse 5.973322 | db 12.080280 | lr 8.039066e-05
Epoch 005 | batch 0550/0657 | loss 8.969285 | cmse 5.933126 | db 12.053207 | lr 8.064434e-05
Epoch 005 | batch 0560/0657 | loss 8.931115 | cmse 5.892273 | db 12.063898 | lr 8.089802e-05
Epoch 005 | batch 0570/0657 | loss 8.888096 | cmse 5.849424 | db 12.063208 | lr 8.115170e-05
Epoch 005 | batch 0580/0657 | loss 8.872431 | cmse 5.833479 | db 12.064296 | lr 8.140538e-05
Epoch 005 | batch 0590/0657 | loss 8.874008 | cmse 5.834758 | db 12.065495 | lr 8.165906e-05
Epoch 005 | batch 0600/0657 | loss 8.854388 | cmse 5.813594 | db 12.071643 | lr 8.191273e-05
Epoch 005 | batch 0610/0657 | loss 8.806428 | cmse 5.764979 | db 12.074260 | lr 8.216641e-05
Epoch 005 | batch 0620/0657 | loss 8.758847 | cmse 5.717211 | db 12.074988 | lr 8.242009e-05
Epoch 005 | batch 0630/0657 | loss 8.716795 | cmse 5.675583 | db 12.073377 | lr 8.267377e-05
Epoch 005 | batch 0640/0657 | loss 8.678936 | cmse 5.637536 | db 12.074148 | lr 8.292745e-05
Epoch 005 | batch 0650/0657 | loss 8.643043 | cmse 5.602267 | db 12.071728 | lr 8.318113e-05
Epoch 005 | train 8.617422 | val 6.461794 | cmse 3.524856 | db 11.659891
Epoch 006 | batch 0010/0657 | loss 12.829567 | cmse 9.705823 | db 12.405197 | lr 8.361238e-05
Epoch 006 | batch 0020/0657 | loss 10.738956 | cmse 7.648714 | db 12.269488 | lr 8.386606e-05
Epoch 006 | batch 0030/0657 | loss 9.475924 | cmse 6.514522 | db 11.757568 | lr 8.411974e-05
Epoch 006 | batch 0040/0657 | loss 9.053586 | cmse 6.062646 | db 11.876341 | lr 8.437341e-05
Epoch 006 | batch 0050/0657 | loss 11.117932 | cmse 8.098414 | db 11.990884 | lr 8.462709e-05
Epoch 006 | batch 0060/0657 | loss 11.212937 | cmse 8.196481 | db 11.978701 | lr 8.488077e-05
Epoch 006 | batch 0070/0657 | loss 10.478227 | cmse 7.449812 | db 12.025731 | lr 8.513445e-05
Epoch 006 | batch 0080/0657 | loss 9.926748 | cmse 6.909861 | db 11.979633 | lr 8.538813e-05
Epoch 006 | batch 0090/0657 | loss 9.475942 | cmse 6.463716 | db 11.961142 | lr 8.564181e-05
Epoch 006 | batch 0100/0657 | loss 9.077292 | cmse 6.070037 | db 11.941142 | lr 8.589548e-05
Epoch 006 | batch 0110/0657 | loss 8.723335 | cmse 5.712431 | db 11.955512 | lr 8.614916e-05
Epoch 006 | batch 0120/0657 | loss 8.544311 | cmse 5.533502 | db 11.955314 | lr 8.640284e-05
Epoch 006 | batch 0130/0657 | loss 8.324119 | cmse 5.336722 | db 11.862303 | lr 8.665652e-05
Epoch 006 | batch 0140/0657 | loss 8.299966 | cmse 5.304117 | db 11.896156 | lr 8.691020e-05
Epoch 006 | batch 0150/0657 | loss 8.136694 | cmse 5.136902 | db 11.911807 | lr 8.716388e-05
Epoch 006 | batch 0160/0657 | loss 8.018938 | cmse 5.017250 | db 11.919279 | lr 8.741755e-05
Epoch 006 | batch 0170/0657 | loss 8.022145 | cmse 5.020980 | db 11.917124 | lr 8.767123e-05
Epoch 006 | batch 0180/0657 | loss 8.199404 | cmse 5.190202 | db 11.949445 | lr 8.792491e-05
Epoch 006 | batch 0190/0657 | loss 8.232684 | cmse 5.224694 | db 11.944600 | lr 8.817859e-05
Epoch 006 | batch 0200/0657 | loss 8.195767 | cmse 5.187511 | db 11.945725 | lr 8.843227e-05
Epoch 006 | batch 0210/0657 | loss 8.287827 | cmse 5.292441 | db 11.894852 | lr 8.868595e-05
Epoch 006 | batch 0220/0657 | loss 8.302207 | cmse 5.321211 | db 11.837808 | lr 8.893962e-05
Epoch 006 | batch 0230/0657 | loss 8.378556 | cmse 5.396731 | db 11.841164 | lr 8.919330e-05
Epoch 006 | batch 0240/0657 | loss 8.429250 | cmse 5.444622 | db 11.852540 | lr 8.944698e-05
Epoch 006 | batch 0250/0657 | loss 8.523613 | cmse 5.537914 | db 11.856669 | lr 8.970066e-05
Epoch 006 | batch 0260/0657 | loss 8.611242 | cmse 5.623166 | db 11.866293 | lr 8.995434e-05
Epoch 006 | batch 0270/0657 | loss 8.540804 | cmse 5.574583 | db 11.779520 | lr 9.020802e-05
Epoch 006 | batch 0280/0657 | loss 8.644384 | cmse 5.671686 | db 11.805280 | lr 9.046169e-05
Epoch 006 | batch 0290/0657 | loss 8.602828 | cmse 5.627840 | db 11.814471 | lr 9.071537e-05
Epoch 006 | batch 0300/0657 | loss 8.523591 | cmse 5.545163 | db 11.828289 | lr 9.096905e-05
Epoch 006 | batch 0310/0657 | loss 8.462041 | cmse 5.483776 | db 11.827673 | lr 9.122273e-05
Epoch 006 | batch 0320/0657 | loss 8.402068 | cmse 5.418073 | db 11.850640 | lr 9.147641e-05
Epoch 006 | batch 0330/0657 | loss 8.367447 | cmse 5.383374 | db 11.851048 | lr 9.173009e-05
Epoch 006 | batch 0340/0657 | loss 8.284725 | cmse 5.299752 | db 11.854673 | lr 9.198376e-05
Epoch 006 | batch 0350/0657 | loss 8.206132 | cmse 5.221341 | db 11.853994 | lr 9.223744e-05
Epoch 006 | batch 0360/0657 | loss 8.131811 | cmse 5.147492 | db 11.852186 | lr 9.249112e-05
Epoch 006 | batch 0370/0657 | loss 8.144611 | cmse 5.166719 | db 11.826770 | lr 9.274480e-05
Epoch 006 | batch 0380/0657 | loss 8.152287 | cmse 5.172185 | db 11.835643 | lr 9.299848e-05
Epoch 006 | batch 0390/0657 | loss 8.114032 | cmse 5.135351 | db 11.829993 | lr 9.325216e-05
Epoch 006 | batch 0400/0657 | loss 8.056827 | cmse 5.078060 | db 11.830326 | lr 9.350583e-05
Epoch 006 | batch 0410/0657 | loss 8.040802 | cmse 5.060270 | db 11.837413 | lr 9.375951e-05
Epoch 006 | batch 0420/0657 | loss 7.979071 | cmse 4.998432 | db 11.837874 | lr 9.401319e-05
Epoch 006 | batch 0430/0657 | loss 7.912014 | cmse 4.934088 | db 11.827119 | lr 9.426687e-05
Epoch 006 | batch 0440/0657 | loss 7.870081 | cmse 4.894278 | db 11.818294 | lr 9.452055e-05
Epoch 006 | batch 0450/0657 | loss 7.940274 | cmse 4.962629 | db 11.825473 | lr 9.477423e-05
Epoch 006 | batch 0460/0657 | loss 7.973635 | cmse 4.994157 | db 11.832280 | lr 9.502790e-05
Epoch 006 | batch 0470/0657 | loss 7.942013 | cmse 4.960923 | db 11.838488 | lr 9.528158e-05
Epoch 006 | batch 0480/0657 | loss 7.918261 | cmse 4.941138 | db 11.822615 | lr 9.553526e-05
Epoch 006 | batch 0490/0657 | loss 7.884739 | cmse 4.909666 | db 11.814581 | lr 9.578894e-05
Epoch 006 | batch 0500/0657 | loss 7.839872 | cmse 4.870166 | db 11.793356 | lr 9.604262e-05
Epoch 006 | batch 0510/0657 | loss 7.807979 | cmse 4.838404 | db 11.792895 | lr 9.629630e-05
Epoch 006 | batch 0520/0657 | loss 7.779716 | cmse 4.809534 | db 11.795495 | lr 9.654997e-05
Epoch 006 | batch 0530/0657 | loss 7.735741 | cmse 4.766875 | db 11.790360 | lr 9.680365e-05
Epoch 006 | batch 0540/0657 | loss 7.692563 | cmse 4.725481 | db 11.783343 | lr 9.705733e-05
Epoch 006 | batch 0550/0657 | loss 7.678645 | cmse 4.717959 | db 11.758020 | lr 9.731101e-05
Epoch 006 | batch 0560/0657 | loss 7.622852 | cmse 4.669352 | db 11.729518 | lr 9.756469e-05
Epoch 006 | batch 0570/0657 | loss 7.578405 | cmse 4.624844 | db 11.729829 | lr 9.781837e-05
Epoch 006 | batch 0580/0657 | loss 7.536158 | cmse 4.583498 | db 11.726323 | lr 9.807204e-05
Epoch 006 | batch 0590/0657 | loss 7.495941 | cmse 4.546530 | db 11.713444 | lr 9.832572e-05
Epoch 006 | batch 0600/0657 | loss 7.454972 | cmse 4.506892 | db 11.708279 | lr 9.857940e-05
Epoch 006 | batch 0610/0657 | loss 7.410033 | cmse 4.464897 | db 11.696611 | lr 9.883308e-05
Epoch 006 | batch 0620/0657 | loss 7.391993 | cmse 4.447637 | db 11.693568 | lr 9.908676e-05
Epoch 006 | batch 0630/0657 | loss 7.352512 | cmse 4.409232 | db 11.689403 | lr 9.934044e-05
Epoch 006 | batch 0640/0657 | loss 7.315421 | cmse 4.373178 | db 11.685350 | lr 9.959411e-05
Epoch 006 | batch 0650/0657 | loss 7.281350 | cmse 4.341152 | db 11.677279 | lr 9.984779e-05
Epoch 006 | train 7.262299 | val 3.830511 | cmse 1.092513 | db 10.875939
  saved checkpoint: weights/R5O_no_PINN/gnn_fedformer_r5_full_best.ckpt
Epoch 007 | batch 0010/0657 | loss 5.432602 | cmse 2.633388 | db 11.121950 | lr 1.002790e-04
Epoch 007 | batch 0020/0657 | loss 5.164908 | cmse 2.342354 | db 11.215752 | lr 1.005327e-04
Epoch 007 | batch 0030/0657 | loss 5.411702 | cmse 2.570185 | db 11.290616 | lr 1.007864e-04
Epoch 007 | batch 0040/0657 | loss 5.562790 | cmse 2.715311 | db 11.314546 | lr 1.010401e-04
Epoch 007 | batch 0050/0657 | loss 6.369218 | cmse 3.522194 | db 11.311613 | lr 1.012938e-04
Epoch 007 | batch 0060/0657 | loss 6.675457 | cmse 3.822643 | db 11.334848 | lr 1.015474e-04
Epoch 007 | batch 0070/0657 | loss 6.627812 | cmse 3.783385 | db 11.301541 | lr 1.018011e-04
Epoch 007 | batch 0080/0657 | loss 6.568459 | cmse 3.725918 | db 11.293553 | lr 1.020548e-04
Epoch 007 | batch 0090/0657 | loss 6.473283 | cmse 3.624077 | db 11.319690 | lr 1.023085e-04
Epoch 007 | batch 0100/0657 | loss 6.292139 | cmse 3.509526 | db 11.054875 | lr 1.025622e-04
Epoch 007 | batch 0110/0657 | loss 6.232171 | cmse 3.452872 | db 11.041553 | lr 1.028158e-04
Epoch 007 | batch 0120/0657 | loss 6.195624 | cmse 3.415994 | db 11.042988 | lr 1.030695e-04
Epoch 007 | batch 0130/0657 | loss 6.169793 | cmse 3.391185 | db 11.038895 | lr 1.033232e-04
Epoch 007 | batch 0140/0657 | loss 6.118092 | cmse 3.359573 | db 10.959014 | lr 1.035769e-04
Epoch 007 | batch 0150/0657 | loss 6.051429 | cmse 3.293330 | db 10.957449 | lr 1.038305e-04
Epoch 007 | batch 0160/0657 | loss 5.960950 | cmse 3.206086 | db 10.944253 | lr 1.040842e-04
Epoch 007 | batch 0170/0657 | loss 5.973899 | cmse 3.214501 | db 10.962443 | lr 1.043379e-04
Epoch 007 | batch 0180/0657 | loss 5.989880 | cmse 3.230332 | db 10.963006 | lr 1.045916e-04
Epoch 007 | batch 0190/0657 | loss 5.949053 | cmse 3.187997 | db 10.969055 | lr 1.048453e-04
Epoch 007 | batch 0200/0657 | loss 5.899334 | cmse 3.142489 | db 10.952075 | lr 1.050989e-04
Epoch 007 | batch 0210/0657 | loss 5.903569 | cmse 3.147978 | db 10.947005 | lr 1.053526e-04
Epoch 007 | batch 0220/0657 | loss 5.852453 | cmse 3.098938 | db 10.938729 | lr 1.056063e-04
Epoch 007 | batch 0230/0657 | loss 5.811687 | cmse 3.062354 | db 10.922024 | lr 1.058600e-04
Epoch 007 | batch 0240/0657 | loss 5.766952 | cmse 3.017012 | db 10.924598 | lr 1.061136e-04
Epoch 007 | batch 0250/0657 | loss 5.707858 | cmse 2.970194 | db 10.875914 | lr 1.063673e-04
Epoch 007 | batch 0260/0657 | loss 5.679843 | cmse 2.944803 | db 10.865420 | lr 1.066210e-04
Epoch 007 | batch 0270/0657 | loss 6.012233 | cmse 3.270362 | db 10.892834 | lr 1.068747e-04
Epoch 007 | batch 0280/0657 | loss 6.304755 | cmse 3.550624 | db 10.941810 | lr 1.071284e-04
Epoch 007 | batch 0290/0657 | loss 6.310341 | cmse 3.554425 | db 10.948895 | lr 1.073820e-04
Epoch 007 | batch 0300/0657 | loss 6.258487 | cmse 3.504525 | db 10.941127 | lr 1.076357e-04
Epoch 007 | batch 0310/0657 | loss 6.197540 | cmse 3.453418 | db 10.901987 | lr 1.078894e-04
Epoch 007 | batch 0320/0657 | loss 6.150125 | cmse 3.406099 | db 10.901638 | lr 1.081431e-04
Epoch 007 | batch 0330/0657 | loss 6.106895 | cmse 3.365382 | db 10.891587 | lr 1.083968e-04
Epoch 007 | batch 0340/0657 | loss 6.054533 | cmse 3.316092 | db 10.879348 | lr 1.086504e-04
Epoch 007 | batch 0350/0657 | loss 6.001921 | cmse 3.266865 | db 10.865876 | lr 1.089041e-04
Epoch 007 | batch 0360/0657 | loss 5.986366 | cmse 3.251328 | db 10.865650 | lr 1.091578e-04
Epoch 007 | batch 0370/0657 | loss 5.973170 | cmse 3.241753 | db 10.851230 | lr 1.094115e-04
Epoch 007 | batch 0380/0657 | loss 5.972502 | cmse 3.241702 | db 10.848813 | lr 1.096651e-04
Epoch 007 | batch 0390/0657 | loss 5.973545 | cmse 3.242858 | db 10.848350 | lr 1.099188e-04
Epoch 007 | batch 0400/0657 | loss 5.938883 | cmse 3.216562 | db 10.814997 | lr 1.101725e-04
Epoch 007 | batch 0410/0657 | loss 6.074659 | cmse 3.349981 | db 10.824419 | lr 1.104262e-04
Epoch 007 | batch 0420/0657 | loss 6.064818 | cmse 3.348247 | db 10.792116 | lr 1.106799e-04
Epoch 007 | batch 0430/0657 | loss 6.067423 | cmse 3.350134 | db 10.794978 | lr 1.109335e-04
Epoch 007 | batch 0440/0657 | loss 6.071499 | cmse 3.353820 | db 10.796485 | lr 1.111872e-04
Epoch 007 | batch 0450/0657 | loss 6.107752 | cmse 3.396606 | db 10.770631 | lr 1.114409e-04
Epoch 007 | batch 0460/0657 | loss 6.140304 | cmse 3.434363 | db 10.749833 | lr 1.116946e-04
Epoch 007 | batch 0470/0657 | loss 6.182713 | cmse 3.476617 | db 10.750467 | lr 1.119482e-04
Epoch 007 | batch 0480/0657 | loss 6.182905 | cmse 3.478368 | db 10.744270 | lr 1.122019e-04
Epoch 007 | batch 0490/0657 | loss 6.148210 | cmse 3.445753 | db 10.735962 | lr 1.124556e-04
Epoch 007 | batch 0500/0657 | loss 6.119298 | cmse 3.417009 | db 10.735295 | lr 1.127093e-04
Epoch 007 | batch 0510/0657 | loss 6.078373 | cmse 3.384241 | db 10.702817 | lr 1.129630e-04
Epoch 007 | batch 0520/0657 | loss 6.047110 | cmse 3.354781 | db 10.695643 | lr 1.132166e-04
Epoch 007 | batch 0530/0657 | loss 6.030841 | cmse 3.338847 | db 10.694284 | lr 1.134703e-04
Epoch 007 | batch 0540/0657 | loss 6.017172 | cmse 3.327025 | db 10.686939 | lr 1.137240e-04
Epoch 007 | batch 0550/0657 | loss 6.025304 | cmse 3.335674 | db 10.684815 | lr 1.139777e-04
Epoch 007 | batch 0560/0657 | loss 6.077010 | cmse 3.388356 | db 10.680869 | lr 1.142314e-04
Epoch 007 | batch 0570/0657 | loss 6.120640 | cmse 3.432772 | db 10.677679 | lr 1.144850e-04
Epoch 007 | batch 0580/0657 | loss 6.112271 | cmse 3.425744 | db 10.672278 | lr 1.147387e-04
Epoch 007 | batch 0590/0657 | loss 6.159421 | cmse 3.474350 | db 10.666489 | lr 1.149924e-04
Epoch 007 | batch 0600/0657 | loss 6.174920 | cmse 3.490154 | db 10.665251 | lr 1.152461e-04
Epoch 007 | batch 0610/0657 | loss 6.224158 | cmse 3.540175 | db 10.662153 | lr 1.154997e-04
Epoch 007 | batch 0620/0657 | loss 6.235337 | cmse 3.552571 | db 10.657329 | lr 1.157534e-04
Epoch 007 | batch 0630/0657 | loss 6.295227 | cmse 3.610796 | db 10.663924 | lr 1.160071e-04
Epoch 007 | batch 0640/0657 | loss 6.287848 | cmse 3.604128 | db 10.661096 | lr 1.162608e-04
Epoch 007 | batch 0650/0657 | loss 6.274779 | cmse 3.591472 | db 10.659422 | lr 1.165145e-04
Epoch 007 | train 6.256956 | val 3.408807 | cmse 0.866531 | db 10.098706
  saved checkpoint: weights/R5O_no_PINN/gnn_fedformer_r5_full_best.ckpt
Epoch 008 | batch 0010/0657 | loss 4.624976 | cmse 2.018200 | db 10.350753 | lr 1.169457e-04
Epoch 008 | batch 0020/0657 | loss 5.083898 | cmse 2.481962 | db 10.333309 | lr 1.171994e-04
Epoch 008 | batch 0030/0657 | loss 4.906690 | cmse 2.317039 | db 10.283996 | lr 1.174531e-04
Epoch 008 | batch 0040/0657 | loss 5.209380 | cmse 2.611980 | db 10.315596 | lr 1.177067e-04
Epoch 008 | batch 0050/0657 | loss 7.639801 | cmse 5.001673 | db 10.479328 | lr 1.179604e-04
Epoch 008 | batch 0060/0657 | loss 8.226239 | cmse 5.551418 | db 10.625937 | lr 1.182141e-04
Epoch 008 | batch 0070/0657 | loss 7.858388 | cmse 5.181835 | db 10.633067 | lr 1.184678e-04
Epoch 008 | batch 0080/0657 | loss 7.469677 | cmse 4.802662 | db 10.595199 | lr 1.187215e-04
Epoch 008 | batch 0090/0657 | loss 7.590761 | cmse 4.933029 | db 10.558156 | lr 1.189751e-04
Epoch 008 | batch 0100/0657 | loss 7.719390 | cmse 5.066143 | db 10.540536 | lr 1.192288e-04
Epoch 008 | batch 0110/0657 | loss 7.505938 | cmse 4.883900 | db 10.416639 | lr 1.194825e-04
Epoch 008 | batch 0120/0657 | loss 7.303326 | cmse 4.685839 | db 10.398536 | lr 1.197362e-04
Epoch 008 | batch 0130/0657 | loss 7.057584 | cmse 4.449925 | db 10.359030 | lr 1.199899e-04
Epoch 008 | batch 0140/0657 | loss 6.864525 | cmse 4.265748 | db 10.323481 | lr 1.202435e-04
Epoch 008 | batch 0150/0657 | loss 7.099403 | cmse 4.494172 | db 10.349066 | lr 1.204972e-04
Epoch 008 | batch 0160/0657 | loss 6.988826 | cmse 4.385786 | db 10.340236 | lr 1.207509e-04
Epoch 008 | batch 0170/0657 | loss 6.826598 | cmse 4.231527 | db 10.308379 | lr 1.210046e-04
Epoch 008 | batch 0180/0657 | loss 6.692942 | cmse 4.105656 | db 10.277478 | lr 1.212582e-04
Epoch 008 | batch 0190/0657 | loss 6.579906 | cmse 3.995195 | db 10.267281 | lr 1.215119e-04
Epoch 008 | batch 0200/0657 | loss 6.470380 | cmse 3.900415 | db 10.208717 | lr 1.217656e-04
Epoch 008 | batch 0210/0657 | loss 6.411620 | cmse 3.838998 | db 10.219347 | lr 1.220193e-04
Epoch 008 | batch 0220/0657 | loss 6.345291 | cmse 3.766319 | db 10.244577 | lr 1.222730e-04
Epoch 008 | batch 0230/0657 | loss 6.300043 | cmse 3.723646 | db 10.234264 | lr 1.225266e-04
Epoch 008 | batch 0240/0657 | loss 6.214990 | cmse 3.639154 | db 10.232012 | lr 1.227803e-04
Epoch 008 | batch 0250/0657 | loss 6.146971 | cmse 3.574872 | db 10.217151 | lr 1.230340e-04
Epoch 008 | batch 0260/0657 | loss 6.093468 | cmse 3.526486 | db 10.196688 | lr 1.232877e-04
Epoch 008 | batch 0270/0657 | loss 6.041376 | cmse 3.477678 | db 10.183539 | lr 1.235413e-04
Epoch 008 | batch 0280/0657 | loss 6.002879 | cmse 3.443266 | db 10.167175 | lr 1.237950e-04
Epoch 008 | batch 0290/0657 | loss 6.026554 | cmse 3.468438 | db 10.161119 | lr 1.240487e-04
Epoch 008 | batch 0300/0657 | loss 6.069103 | cmse 3.514932 | db 10.145269 | lr 1.243024e-04
Epoch 008 | batch 0310/0657 | loss 6.017319 | cmse 3.468327 | db 10.124555 | lr 1.245561e-04
Epoch 008 | batch 0320/0657 | loss 6.075822 | cmse 3.536229 | db 10.087305 | lr 1.248097e-04
Epoch 008 | batch 0330/0657 | loss 6.162357 | cmse 3.622059 | db 10.090148 | lr 1.250634e-04
Epoch 008 | batch 0340/0657 | loss 6.203012 | cmse 3.660785 | db 10.097865 | lr 1.253171e-04
Epoch 008 | batch 0350/0657 | loss 6.166080 | cmse 3.624537 | db 10.095181 | lr 1.255708e-04
Epoch 008 | batch 0360/0657 | loss 6.119259 | cmse 3.586723 | db 10.059263 | lr 1.258245e-04
Epoch 008 | batch 0370/0657 | loss 6.099799 | cmse 3.568153 | db 10.055890 | lr 1.260781e-04
Epoch 008 | batch 0380/0657 | loss 6.123399 | cmse 3.591266 | db 10.057897 | lr 1.263318e-04
Epoch 008 | batch 0390/0657 | loss 6.160344 | cmse 3.624952 | db 10.071004 | lr 1.265855e-04
Epoch 008 | batch 0400/0657 | loss 6.178268 | cmse 3.641346 | db 10.077143 | lr 1.268392e-04
Epoch 008 | batch 0410/0657 | loss 6.208829 | cmse 3.673739 | db 10.069826 | lr 1.270928e-04
Epoch 008 | batch 0420/0657 | loss 6.206750 | cmse 3.671506 | db 10.070516 | lr 1.273465e-04
Epoch 008 | batch 0430/0657 | loss 6.223794 | cmse 3.690767 | db 10.061680 | lr 1.276002e-04
Epoch 008 | batch 0440/0657 | loss 6.222331 | cmse 3.689882 | db 10.059354 | lr 1.278539e-04
Epoch 008 | batch 0450/0657 | loss 6.189674 | cmse 3.660469 | db 10.046428 | lr 1.281076e-04
Epoch 008 | batch 0460/0657 | loss 6.143448 | cmse 3.623315 | db 10.010241 | lr 1.283612e-04
Epoch 008 | batch 0470/0657 | loss 6.099875 | cmse 3.586914 | db 9.981763 | lr 1.286149e-04
Epoch 008 | batch 0480/0657 | loss 6.068703 | cmse 3.558195 | db 9.971941 | lr 1.288686e-04
Epoch 008 | batch 0490/0657 | loss 6.023568 | cmse 3.515451 | db 9.962409 | lr 1.291223e-04
Epoch 008 | batch 0500/0657 | loss 6.037920 | cmse 3.533081 | db 9.949363 | lr 1.293760e-04
Epoch 008 | batch 0510/0657 | loss 6.025866 | cmse 3.521547 | db 9.947345 | lr 1.296296e-04
Epoch 008 | batch 0520/0657 | loss 6.032218 | cmse 3.527052 | db 9.950738 | lr 1.298833e-04
Epoch 008 | batch 0530/0657 | loss 6.020078 | cmse 3.516750 | db 9.943336 | lr 1.301370e-04
Epoch 008 | batch 0540/0657 | loss 5.983818 | cmse 3.483473 | db 9.931360 | lr 1.303907e-04
Epoch 008 | batch 0550/0657 | loss 5.973532 | cmse 3.473312 | db 9.930830 | lr 1.306443e-04
Epoch 008 | batch 0560/0657 | loss 5.930152 | cmse 3.436105 | db 9.906261 | lr 1.308980e-04
Epoch 008 | batch 0570/0657 | loss 5.890808 | cmse 3.399221 | db 9.896428 | lr 1.311517e-04
Epoch 008 | batch 0580/0657 | loss 5.855755 | cmse 3.365476 | db 9.891161 | lr 1.314054e-04
Epoch 008 | batch 0590/0657 | loss 5.824238 | cmse 3.340352 | db 9.865743 | lr 1.316591e-04
Epoch 008 | batch 0600/0657 | loss 5.792019 | cmse 3.310617 | db 9.855839 | lr 1.319127e-04
Epoch 008 | batch 0610/0657 | loss 5.761221 | cmse 3.278300 | db 9.861874 | lr 1.321664e-04
Epoch 008 | batch 0620/0657 | loss 5.730524 | cmse 3.248313 | db 9.859080 | lr 1.324201e-04
Epoch 008 | batch 0630/0657 | loss 5.714184 | cmse 3.233133 | db 9.854453 | lr 1.326738e-04
Epoch 008 | batch 0640/0657 | loss 5.695872 | cmse 3.216298 | db 9.848436 | lr 1.329274e-04
Epoch 008 | batch 0650/0657 | loss 5.675572 | cmse 3.198105 | db 9.840001 | lr 1.331811e-04
Epoch 008 | train 5.663172 | val 4.080308 | cmse 1.799659 | db 9.053838
Epoch 009 | batch 0010/0657 | loss 4.251139 | cmse 1.880712 | db 9.407493 | lr 1.336124e-04
Epoch 009 | batch 0020/0657 | loss 4.398032 | cmse 2.046663 | db 9.331913 | lr 1.338661e-04
Epoch 009 | batch 0030/0657 | loss 4.367310 | cmse 2.012525 | db 9.346606 | lr 1.341197e-04
Epoch 009 | batch 0040/0657 | loss 4.216664 | cmse 1.848638 | db 9.399660 | lr 1.343734e-04
Epoch 009 | batch 0050/0657 | loss 4.129669 | cmse 1.787444 | db 9.297372 | lr 1.346271e-04
Epoch 009 | batch 0060/0657 | loss 4.059022 | cmse 1.720141 | db 9.284217 | lr 1.348808e-04
Epoch 009 | batch 0070/0657 | loss 4.025755 | cmse 1.692965 | db 9.259857 | lr 1.351344e-04
Epoch 009 | batch 0080/0657 | loss 4.014993 | cmse 1.672784 | db 9.297833 | lr 1.353881e-04
Epoch 009 | batch 0090/0657 | loss 3.997851 | cmse 1.668007 | db 9.248474 | lr 1.356418e-04
Epoch 009 | batch 0100/0657 | loss 4.152006 | cmse 1.812106 | db 9.288613 | lr 1.358955e-04
Epoch 009 | batch 0110/0657 | loss 4.438616 | cmse 2.080173 | db 9.362675 | lr 1.361492e-04
Epoch 009 | batch 0120/0657 | loss 4.473302 | cmse 2.111466 | db 9.376471 | lr 1.364028e-04
Epoch 009 | batch 0130/0657 | loss 4.552165 | cmse 2.189935 | db 9.377908 | lr 1.366565e-04
Epoch 009 | batch 0140/0657 | loss 4.490476 | cmse 2.135878 | db 9.347978 | lr 1.369102e-04
Epoch 009 | batch 0150/0657 | loss 4.429011 | cmse 2.080328 | db 9.324216 | lr 1.371639e-04
Epoch 009 | batch 0160/0657 | loss 4.416864 | cmse 2.068216 | db 9.324050 | lr 1.374176e-04
Epoch 009 | batch 0170/0657 | loss 4.382038 | cmse 2.051556 | db 9.252031 | lr 1.376712e-04
Epoch 009 | batch 0180/0657 | loss 4.376224 | cmse 2.049490 | db 9.237311 | lr 1.379249e-04
Epoch 009 | batch 0190/0657 | loss 4.368545 | cmse 2.050138 | db 9.204140 | lr 1.381786e-04
Epoch 009 | batch 0200/0657 | loss 4.365035 | cmse 2.052916 | db 9.179129 | lr 1.384323e-04
Epoch 009 | batch 0210/0657 | loss 4.353010 | cmse 2.044680 | db 9.163921 | lr 1.386859e-04
Epoch 009 | batch 0220/0657 | loss 4.339372 | cmse 2.034116 | db 9.151598 | lr 1.389396e-04
Epoch 009 | batch 0230/0657 | loss 4.335500 | cmse 2.032595 | db 9.142156 | lr 1.391933e-04
Epoch 009 | batch 0240/0657 | loss 4.377678 | cmse 2.070751 | db 9.158205 | lr 1.394470e-04
Epoch 009 | batch 0250/0657 | loss 4.441469 | cmse 2.133663 | db 9.161327 | lr 1.397007e-04
Epoch 009 | batch 0260/0657 | loss 4.474812 | cmse 2.171120 | db 9.145266 | lr 1.399543e-04
Epoch 009 | batch 0270/0657 | loss 4.545955 | cmse 2.242416 | db 9.144762 | lr 1.402080e-04
Epoch 009 | batch 0280/0657 | loss 4.594052 | cmse 2.284947 | db 9.166769 | lr 1.404617e-04
Epoch 009 | batch 0290/0657 | loss 4.582802 | cmse 2.274471 | db 9.163561 | lr 1.407154e-04
Epoch 009 | batch 0300/0657 | loss 4.568482 | cmse 2.262560 | db 9.153788 | lr 1.409691e-04
Epoch 009 | batch 0310/0657 | loss 4.553986 | cmse 2.255326 | db 9.124883 | lr 1.412227e-04
Epoch 009 | batch 0320/0657 | loss 4.537351 | cmse 2.240445 | db 9.117794 | lr 1.414764e-04
Epoch 009 | batch 0330/0657 | loss 4.595907 | cmse 2.289142 | db 9.156949 | lr 1.417301e-04
Epoch 009 | batch 0340/0657 | loss 4.617847 | cmse 2.294364 | db 9.223460 | lr 1.419838e-04
Epoch 009 | batch 0350/0657 | loss 4.617015 | cmse 2.280975 | db 9.273694 | lr 1.422374e-04
Epoch 009 | batch 0360/0657 | loss 4.597163 | cmse 2.259950 | db 9.278424 | lr 1.424911e-04
Epoch 009 | batch 0370/0657 | loss 4.578854 | cmse 2.238445 | db 9.291413 | lr 1.427448e-04
Epoch 009 | batch 0380/0657 | loss 4.552627 | cmse 2.213013 | db 9.288309 | lr 1.429985e-04
Epoch 009 | batch 0390/0657 | loss 4.526702 | cmse 2.192635 | db 9.266204 | lr 1.432522e-04
Epoch 009 | batch 0400/0657 | loss 4.527418 | cmse 2.193905 | db 9.263937 | lr 1.435058e-04
Epoch 009 | batch 0410/0657 | loss 4.563961 | cmse 2.232650 | db 9.255147 | lr 1.437595e-04
Epoch 009 | batch 0420/0657 | loss 4.620089 | cmse 2.284154 | db 9.273544 | lr 1.440132e-04
Epoch 009 | batch 0430/0657 | loss 4.626311 | cmse 2.290594 | db 9.272611 | lr 1.442669e-04
Epoch 009 | batch 0440/0657 | loss 4.614998 | cmse 2.287160 | db 9.241150 | lr 1.445205e-04
Epoch 009 | batch 0450/0657 | loss 4.609970 | cmse 2.282565 | db 9.239466 | lr 1.447742e-04
Epoch 009 | batch 0460/0657 | loss 4.607265 | cmse 2.279077 | db 9.242542 | lr 1.450279e-04
Epoch 009 | batch 0470/0657 | loss 4.585119 | cmse 2.260129 | db 9.229700 | lr 1.452816e-04
Epoch 009 | batch 0480/0657 | loss 4.558292 | cmse 2.237541 | db 9.212773 | lr 1.455353e-04
Epoch 009 | batch 0490/0657 | loss 4.543256 | cmse 2.219258 | db 9.225681 | lr 1.457889e-04
Epoch 009 | batch 0500/0657 | loss 4.532724 | cmse 2.210133 | db 9.219968 | lr 1.460426e-04
Epoch 009 | batch 0510/0657 | loss 4.558341 | cmse 2.241389 | db 9.197452 | lr 1.462963e-04
Epoch 009 | batch 0520/0657 | loss 4.580392 | cmse 2.264749 | db 9.192114 | lr 1.465500e-04
Epoch 009 | batch 0530/0657 | loss 4.603851 | cmse 2.289404 | db 9.187190 | lr 1.468037e-04
Epoch 009 | batch 0540/0657 | loss 4.618650 | cmse 2.306705 | db 9.177028 | lr 1.470573e-04
Epoch 009 | batch 0550/0657 | loss 4.623740 | cmse 2.314662 | db 9.165689 | lr 1.473110e-04
Epoch 009 | batch 0560/0657 | loss 4.618478 | cmse 2.310615 | db 9.160678 | lr 1.475647e-04
Epoch 009 | batch 0570/0657 | loss 4.687458 | cmse 2.373744 | db 9.184069 | lr 1.478184e-04
Epoch 009 | batch 0580/0657 | loss 4.683342 | cmse 2.370921 | db 9.179071 | lr 1.480720e-04
Epoch 009 | batch 0590/0657 | loss 4.668398 | cmse 2.357262 | db 9.173781 | lr 1.483257e-04
Epoch 009 | batch 0600/0657 | loss 4.665705 | cmse 2.356533 | db 9.165893 | lr 1.485794e-04
Epoch 009 | batch 0610/0657 | loss 4.654167 | cmse 2.347718 | db 9.154943 | lr 1.488331e-04
Epoch 009 | batch 0620/0657 | loss 4.657708 | cmse 2.352057 | db 9.151686 | lr 1.490868e-04
Epoch 009 | batch 0630/0657 | loss 4.640979 | cmse 2.336994 | db 9.145012 | lr 1.493404e-04
Epoch 009 | batch 0640/0657 | loss 4.623414 | cmse 2.322013 | db 9.134665 | lr 1.495941e-04
Epoch 009 | batch 0650/0657 | loss 4.605069 | cmse 2.304516 | db 9.131250 | lr 1.498478e-04
Epoch 009 | train 4.593203 | val 3.512262 | cmse 1.283537 | db 8.835327
Epoch 010 | batch 0010/0657 | loss 3.298528 | cmse 1.196886 | db 8.331771 | lr 1.502790e-04
Epoch 010 | batch 0020/0657 | loss 3.268755 | cmse 1.165498 | db 8.337948 | lr 1.505327e-04
Epoch 010 | batch 0030/0657 | loss 3.468396 | cmse 1.299547 | db 8.601035 | lr 1.507864e-04
Epoch 010 | batch 0040/0657 | loss 3.643740 | cmse 1.466489 | db 8.635028 | lr 1.510401e-04
Epoch 010 | batch 0050/0657 | loss 3.767404 | cmse 1.595005 | db 8.615184 | lr 1.512938e-04
Epoch 010 | batch 0060/0657 | loss 3.827117 | cmse 1.661241 | db 8.589111 | lr 1.515474e-04
Epoch 010 | batch 0070/0657 | loss 3.752183 | cmse 1.596145 | db 8.550021 | lr 1.518011e-04
Epoch 010 | batch 0080/0657 | loss 3.743472 | cmse 1.597022 | db 8.511948 | lr 1.520548e-04
Epoch 010 | batch 0090/0657 | loss 3.761860 | cmse 1.613419 | db 8.520472 | lr 1.523085e-04
Epoch 010 | batch 0100/0657 | loss 4.026766 | cmse 1.837610 | db 8.683161 | lr 1.525622e-04
Epoch 010 | batch 0110/0657 | loss 4.057252 | cmse 1.874022 | db 8.658878 | lr 1.528158e-04
Epoch 010 | batch 0120/0657 | loss 4.046100 | cmse 1.876671 | db 8.604189 | lr 1.530695e-04
Epoch 010 | batch 0130/0657 | loss 4.065511 | cmse 1.897996 | db 8.596325 | lr 1.533232e-04
Epoch 010 | batch 0140/0657 | loss 4.056431 | cmse 1.891676 | db 8.585089 | lr 1.535769e-04
Epoch 010 | batch 0150/0657 | loss 4.031426 | cmse 1.864384 | db 8.594003 | lr 1.538305e-04
Epoch 010 | batch 0160/0657 | loss 4.050070 | cmse 1.881126 | db 8.601593 | lr 1.540842e-04
Epoch 010 | batch 0170/0657 | loss 4.035315 | cmse 1.870412 | db 8.585293 | lr 1.543379e-04
Epoch 010 | batch 0180/0657 | loss 4.043227 | cmse 1.883346 | db 8.565036 | lr 1.545916e-04
Epoch 010 | batch 0190/0657 | loss 3.981704 | cmse 1.835418 | db 8.511000 | lr 1.548453e-04
Epoch 010 | batch 0200/0657 | loss 3.949036 | cmse 1.799984 | db 8.521919 | lr 1.550989e-04
Epoch 010 | batch 0210/0657 | loss 3.942786 | cmse 1.788902 | db 8.541230 | lr 1.553526e-04
Epoch 010 | batch 0220/0657 | loss 4.055992 | cmse 1.904095 | db 8.533162 | lr 1.556063e-04
Epoch 010 | batch 0230/0657 | loss 4.082850 | cmse 1.927662 | db 8.546203 | lr 1.558600e-04
Epoch 010 | batch 0240/0657 | loss 4.090164 | cmse 1.937780 | db 8.534703 | lr 1.561136e-04
Epoch 010 | batch 0250/0657 | loss 4.055267 | cmse 1.912271 | db 8.497554 | lr 1.563673e-04
Epoch 010 | batch 0260/0657 | loss 4.052156 | cmse 1.907166 | db 8.505159 | lr 1.566210e-04
Epoch 010 | batch 0270/0657 | loss 4.050556 | cmse 1.903628 | db 8.512567 | lr 1.568747e-04
Epoch 010 | batch 0280/0657 | loss 4.035587 | cmse 1.885532 | db 8.525067 | lr 1.571284e-04
Epoch 010 | batch 0290/0657 | loss 4.006273 | cmse 1.859906 | db 8.510224 | lr 1.573820e-04
Epoch 010 | batch 0300/0657 | loss 3.971926 | cmse 1.830328 | db 8.491283 | lr 1.576357e-04
Epoch 010 | batch 0310/0657 | loss 3.946236 | cmse 1.808942 | db 8.474028 | lr 1.578894e-04
Epoch 010 | batch 0320/0657 | loss 3.918532 | cmse 1.784450 | db 8.461238 | lr 1.581431e-04
Epoch 010 | batch 0330/0657 | loss 3.891672 | cmse 1.762921 | db 8.439909 | lr 1.583968e-04
Epoch 010 | batch 0340/0657 | loss 3.872916 | cmse 1.746319 | db 8.431197 | lr 1.586504e-04
Epoch 010 | batch 0350/0657 | loss 3.851588 | cmse 1.725749 | db 8.428112 | lr 1.589041e-04
Epoch 010 | batch 0360/0657 | loss 3.828285 | cmse 1.708143 | db 8.405195 | lr 1.591578e-04
Epoch 010 | batch 0370/0657 | loss 3.810712 | cmse 1.691544 | db 8.401267 | lr 1.594115e-04
Epoch 010 | batch 0380/0657 | loss 3.802124 | cmse 1.683877 | db 8.397523 | lr 1.596651e-04
Epoch 010 | batch 0390/0657 | loss 3.869763 | cmse 1.747715 | db 8.412764 | lr 1.599188e-04
Epoch 010 | batch 0400/0657 | loss 3.871043 | cmse 1.755799 | db 8.385726 | lr 1.601725e-04
Epoch 010 | batch 0410/0657 | loss 3.865973 | cmse 1.751182 | db 8.383951 | lr 1.604262e-04
Epoch 010 | batch 0420/0657 | loss 3.861740 | cmse 1.749528 | db 8.373735 | lr 1.606799e-04
Epoch 010 | batch 0430/0657 | loss 3.857432 | cmse 1.746137 | db 8.370040 | lr 1.609335e-04
Epoch 010 | batch 0440/0657 | loss 3.847484 | cmse 1.740224 | db 8.353852 | lr 1.611872e-04
Epoch 010 | batch 0450/0657 | loss 3.909613 | cmse 1.801599 | db 8.356859 | lr 1.614409e-04
Epoch 010 | batch 0460/0657 | loss 3.910967 | cmse 1.802912 | db 8.357116 | lr 1.616946e-04
Epoch 010 | batch 0470/0657 | loss 3.907979 | cmse 1.801994 | db 8.349014 | lr 1.619482e-04
Epoch 010 | batch 0480/0657 | loss 3.902506 | cmse 1.796688 | db 8.348312 | lr 1.622019e-04
Epoch 010 | batch 0490/0657 | loss 3.889429 | cmse 1.788978 | db 8.326923 | lr 1.624556e-04
Epoch 010 | batch 0500/0657 | loss 3.887156 | cmse 1.786378 | db 8.328205 | lr 1.627093e-04
Epoch 010 | batch 0510/0657 | loss 3.884042 | cmse 1.782335 | db 8.331852 | lr 1.629630e-04
Epoch 010 | batch 0520/0657 | loss 3.873248 | cmse 1.776087 | db 8.313766 | lr 1.632166e-04
Epoch 010 | batch 0530/0657 | loss 3.854281 | cmse 1.760340 | db 8.300834 | lr 1.634703e-04
Epoch 010 | batch 0540/0657 | loss 3.844165 | cmse 1.749740 | db 8.302658 | lr 1.637240e-04
Epoch 010 | batch 0550/0657 | loss 3.844781 | cmse 1.747575 | db 8.313774 | lr 1.639777e-04
Epoch 010 | batch 0560/0657 | loss 3.833705 | cmse 1.737539 | db 8.309846 | lr 1.642314e-04
Epoch 010 | batch 0570/0657 | loss 3.823430 | cmse 1.726891 | db 8.311272 | lr 1.644850e-04
Epoch 010 | batch 0580/0657 | loss 3.812746 | cmse 1.721425 | db 8.290473 | lr 1.647387e-04
Epoch 010 | batch 0590/0657 | loss 3.809212 | cmse 1.718934 | db 8.286259 | lr 1.649924e-04
Epoch 010 | batch 0600/0657 | loss 3.810810 | cmse 1.719022 | db 8.292407 | lr 1.652461e-04
Epoch 010 | batch 0610/0657 | loss 3.797711 | cmse 1.707767 | db 8.285051 | lr 1.654997e-04
Epoch 010 | batch 0620/0657 | loss 3.842256 | cmse 1.750009 | db 8.294286 | lr 1.657534e-04
Epoch 010 | batch 0630/0657 | loss 3.853569 | cmse 1.764039 | db 8.283586 | lr 1.660071e-04
Epoch 010 | batch 0640/0657 | loss 3.859118 | cmse 1.767549 | db 8.291826 | lr 1.662608e-04
Epoch 010 | batch 0650/0657 | loss 3.854590 | cmse 1.763886 | db 8.288367 | lr 1.665145e-04
Epoch 010 | train 3.853762 | val 2.661382 | cmse 0.864054 | db 7.106162
  saved checkpoint: weights/R5O_no_PINN/gnn_fedformer_r5_full_best.ckpt
Epoch 011 | batch 0010/0657 | loss 3.132479 | cmse 1.345885 | db 7.081485 | lr 1.669457e-04
Epoch 011 | batch 0020/0657 | loss 2.947997 | cmse 1.187597 | db 6.978530 | lr 1.671994e-04
Epoch 011 | batch 0030/0657 | loss 3.161609 | cmse 1.314330 | db 7.321362 | lr 1.674531e-04
Epoch 011 | batch 0040/0657 | loss 3.194247 | cmse 1.283047 | db 7.576667 | lr 1.677067e-04
Epoch 011 | batch 0050/0657 | loss 3.290335 | cmse 1.353549 | db 7.678541 | lr 1.679604e-04
Epoch 011 | batch 0060/0657 | loss 3.249944 | cmse 1.307610 | db 7.699714 | lr 1.682141e-04
Epoch 011 | batch 0070/0657 | loss 3.320325 | cmse 1.366624 | db 7.744328 | lr 1.684678e-04
Epoch 011 | batch 0080/0657 | loss 3.368818 | cmse 1.413879 | db 7.748880 | lr 1.687215e-04
Epoch 011 | batch 0090/0657 | loss 3.461493 | cmse 1.475090 | db 7.874259 | lr 1.689751e-04
Epoch 011 | batch 0100/0657 | loss 3.479423 | cmse 1.484158 | db 7.910213 | lr 1.692288e-04
Epoch 011 | batch 0110/0657 | loss 3.654259 | cmse 1.664964 | db 7.886894 | lr 1.694825e-04
Epoch 011 | batch 0120/0657 | loss 3.684753 | cmse 1.695276 | db 7.887100 | lr 1.697362e-04
Epoch 011 | batch 0130/0657 | loss 3.923082 | cmse 1.922093 | db 7.933117 | lr 1.699899e-04
Epoch 011 | batch 0140/0657 | loss 3.970105 | cmse 1.964354 | db 7.952324 | lr 1.702435e-04
Epoch 011 | batch 0150/0657 | loss 3.937233 | cmse 1.928467 | db 7.963752 | lr 1.704972e-04
Epoch 011 | batch 0160/0657 | loss 3.974370 | cmse 1.951521 | db 8.020034 | lr 1.707509e-04
Epoch 011 | batch 0170/0657 | loss 4.019293 | cmse 1.991779 | db 8.038219 | lr 1.710046e-04
Epoch 011 | batch 0180/0657 | loss 4.071573 | cmse 2.039824 | db 8.055023 | lr 1.712582e-04
Epoch 011 | batch 0190/0657 | loss 4.088227 | cmse 2.066809 | db 8.014025 | lr 1.715119e-04
Epoch 011 | batch 0200/0657 | loss 4.137599 | cmse 2.116320 | db 8.013654 | lr 1.717656e-04
Epoch 011 | batch 0210/0657 | loss 4.117198 | cmse 2.094985 | db 8.017175 | lr 1.720193e-04
Epoch 011 | batch 0220/0657 | loss 4.089970 | cmse 2.066302 | db 8.022871 | lr 1.722730e-04
Epoch 011 | batch 0230/0657 | loss 4.047285 | cmse 2.026968 | db 8.009333 | lr 1.725266e-04
Epoch 011 | batch 0240/0657 | loss 4.001861 | cmse 1.983498 | db 8.001612 | lr 1.727803e-04
Epoch 011 | batch 0250/0657 | loss 3.960933 | cmse 1.942667 | db 8.001131 | lr 1.730340e-04
Epoch 011 | batch 0260/0657 | loss 3.922844 | cmse 1.903623 | db 8.004972 | lr 1.732877e-04
Epoch 011 | batch 0270/0657 | loss 3.888643 | cmse 1.871577 | db 7.996276 | lr 1.735413e-04
Epoch 011 | batch 0280/0657 | loss 3.889742 | cmse 1.869671 | db 8.008637 | lr 1.737950e-04
Epoch 011 | batch 0290/0657 | loss 3.902806 | cmse 1.880687 | db 8.016827 | lr 1.740487e-04
Epoch 011 | batch 0300/0657 | loss 3.896471 | cmse 1.876232 | db 8.009441 | lr 1.743024e-04
Epoch 011 | batch 0310/0657 | loss 3.858147 | cmse 1.845800 | db 7.978001 | lr 1.745561e-04
Epoch 011 | batch 0320/0657 | loss 3.837615 | cmse 1.821343 | db 7.993718 | lr 1.748097e-04
Epoch 011 | batch 0330/0657 | loss 3.808493 | cmse 1.795932 | db 7.979050 | lr 1.750634e-04
Epoch 011 | batch 0340/0657 | loss 3.774696 | cmse 1.766665 | db 7.960941 | lr 1.753171e-04
Epoch 011 | batch 0350/0657 | loss 3.746994 | cmse 1.739874 | db 7.957261 | lr 1.755708e-04
Epoch 011 | batch 0360/0657 | loss 3.746264 | cmse 1.735720 | db 7.971136 | lr 1.758245e-04
Epoch 011 | batch 0370/0657 | loss 3.733528 | cmse 1.723553 | db 7.968946 | lr 1.760781e-04
Epoch 011 | batch 0380/0657 | loss 3.714112 | cmse 1.705603 | db 7.963118 | lr 1.763318e-04
Epoch 011 | batch 0390/0657 | loss 3.781632 | cmse 1.771045 | db 7.971476 | lr 1.765855e-04
Epoch 011 | batch 0400/0657 | loss 3.792000 | cmse 1.775556 | db 7.995112 | lr 1.768392e-04
Epoch 011 | batch 0410/0657 | loss 3.794047 | cmse 1.773021 | db 8.013394 | lr 1.770928e-04
Epoch 011 | batch 0420/0657 | loss 3.923630 | cmse 1.893140 | db 8.051326 | lr 1.773465e-04
Epoch 011 | batch 0430/0657 | loss 3.958898 | cmse 1.921634 | db 8.078472 | lr 1.776002e-04
Epoch 011 | batch 0440/0657 | loss 3.953452 | cmse 1.914092 | db 8.086798 | lr 1.778539e-04
Epoch 011 | batch 0450/0657 | loss 3.933828 | cmse 1.897671 | db 8.074159 | lr 1.781076e-04
Epoch 011 | batch 0460/0657 | loss 3.923695 | cmse 1.888978 | db 8.068452 | lr 1.783612e-04
Epoch 011 | batch 0470/0657 | loss 3.914500 | cmse 1.880898 | db 8.063954 | lr 1.786149e-04
Epoch 011 | batch 0480/0657 | loss 3.904883 | cmse 1.871339 | db 8.063813 | lr 1.788686e-04
Epoch 011 | batch 0490/0657 | loss 3.876214 | cmse 1.848387 | db 8.041119 | lr 1.791223e-04
Epoch 011 | batch 0500/0657 | loss 3.854803 | cmse 1.828561 | db 8.034815 | lr 1.793760e-04
Epoch 011 | batch 0510/0657 | loss 3.823900 | cmse 1.806376 | db 8.000256 | lr 1.796296e-04
Epoch 011 | batch 0520/0657 | loss 3.816573 | cmse 1.799343 | db 7.999045 | lr 1.798833e-04
Epoch 011 | batch 0530/0657 | loss 3.806862 | cmse 1.791700 | db 7.990867 | lr 1.801370e-04
Epoch 011 | batch 0540/0657 | loss 3.795682 | cmse 1.782949 | db 7.981204 | lr 1.803907e-04
Epoch 011 | batch 0550/0657 | loss 3.783665 | cmse 1.770610 | db 7.982441 | lr 1.806443e-04
Epoch 011 | batch 0560/0657 | loss 3.782005 | cmse 1.766347 | db 7.992768 | lr 1.808980e-04
Epoch 011 | batch 0570/0657 | loss 3.769329 | cmse 1.752522 | db 7.997544 | lr 1.811517e-04
Epoch 011 | batch 0580/0657 | loss 3.781524 | cmse 1.756464 | db 8.030380 | lr 1.814054e-04
Epoch 011 | batch 0590/0657 | loss 3.781765 | cmse 1.750346 | db 8.055563 | lr 1.816591e-04
Epoch 011 | batch 0600/0657 | loss 3.781922 | cmse 1.747464 | db 8.067611 | lr 1.819127e-04
Epoch 011 | batch 0610/0657 | loss 3.781256 | cmse 1.743319 | db 8.081515 | lr 1.821664e-04
Epoch 011 | batch 0620/0657 | loss 3.777704 | cmse 1.736598 | db 8.094136 | lr 1.824201e-04
Epoch 011 | batch 0630/0657 | loss 3.770289 | cmse 1.728566 | db 8.096501 | lr 1.826738e-04
Epoch 011 | batch 0640/0657 | loss 3.758167 | cmse 1.715881 | db 8.098788 | lr 1.829274e-04
Epoch 011 | batch 0650/0657 | loss 3.763032 | cmse 1.718235 | db 8.108670 | lr 1.831811e-04
Epoch 011 | train 3.759336 | val 3.345364 | cmse 1.154278 | db 8.692603
Epoch 012 | batch 0010/0657 | loss 3.417763 | cmse 1.277959 | db 8.489169 | lr 1.836124e-04
Epoch 012 | batch 0020/0657 | loss 3.384770 | cmse 1.415709 | db 7.810704 | lr 1.838661e-04
Epoch 012 | batch 0030/0657 | loss 3.370919 | cmse 1.390114 | db 7.857503 | lr 1.841197e-04
Epoch 012 | batch 0040/0657 | loss 3.301908 | cmse 1.353860 | db 7.727825 | lr 1.843734e-04
Epoch 012 | batch 0050/0657 | loss 3.272391 | cmse 1.333617 | db 7.690167 | lr 1.846271e-04
Epoch 012 | batch 0060/0657 | loss 3.208920 | cmse 1.273498 | db 7.675871 | lr 1.848808e-04
Epoch 012 | batch 0070/0657 | loss 3.158980 | cmse 1.209395 | db 7.733114 | lr 1.851344e-04
Epoch 012 | batch 0080/0657 | loss 3.124519 | cmse 1.176491 | db 7.726893 | lr 1.853881e-04
Epoch 012 | batch 0090/0657 | loss 3.110746 | cmse 1.185138 | db 7.637516 | lr 1.856418e-04
Epoch 012 | batch 0100/0657 | loss 3.158469 | cmse 1.221259 | db 7.683690 | lr 1.858955e-04
Epoch 012 | batch 0110/0657 | loss 3.124976 | cmse 1.182822 | db 7.703743 | lr 1.861492e-04
Epoch 012 | batch 0120/0657 | loss 3.090662 | cmse 1.156166 | db 7.672755 | lr 1.864028e-04
Epoch 012 | batch 0130/0657 | loss 3.235497 | cmse 1.281790 | db 7.749838 | lr 1.866565e-04
Epoch 012 | batch 0140/0657 | loss 3.312471 | cmse 1.347749 | db 7.793748 | lr 1.869102e-04
Epoch 012 | batch 0150/0657 | loss 3.342041 | cmse 1.384772 | db 7.764014 | lr 1.871639e-04
Epoch 012 | batch 0160/0657 | loss 3.427462 | cmse 1.463156 | db 7.792258 | lr 1.874176e-04
Epoch 012 | batch 0170/0657 | loss 3.455201 | cmse 1.484584 | db 7.817322 | lr 1.876712e-04
Epoch 012 | batch 0180/0657 | loss 3.508297 | cmse 1.535293 | db 7.826641 | lr 1.879249e-04
Epoch 012 | batch 0190/0657 | loss 3.529486 | cmse 1.552126 | db 7.844052 | lr 1.881786e-04
Epoch 012 | batch 0200/0657 | loss 3.523433 | cmse 1.547462 | db 7.838475 | lr 1.884323e-04
Epoch 012 | batch 0210/0657 | loss 3.539758 | cmse 1.575033 | db 7.793735 | lr 1.886859e-04
Epoch 012 | batch 0220/0657 | loss 3.558389 | cmse 1.591498 | db 7.802482 | lr 1.889396e-04
Epoch 012 | batch 0230/0657 | loss 3.600191 | cmse 1.618653 | db 7.861079 | lr 1.891933e-04
Epoch 012 | batch 0240/0657 | loss 3.584214 | cmse 1.601338 | db 7.866314 | lr 1.894470e-04
Epoch 012 | batch 0250/0657 | loss 3.551591 | cmse 1.570188 | db 7.860280 | lr 1.897007e-04
Epoch 012 | batch 0260/0657 | loss 3.513148 | cmse 1.539262 | db 7.830318 | lr 1.899543e-04
Epoch 012 | batch 0270/0657 | loss 3.492209 | cmse 1.516848 | db 7.836111 | lr 1.902080e-04
Epoch 012 | batch 0280/0657 | loss 3.492210 | cmse 1.518101 | db 7.831013 | lr 1.904617e-04
Epoch 012 | batch 0290/0657 | loss 3.468645 | cmse 1.495184 | db 7.828570 | lr 1.907154e-04
Epoch 012 | batch 0300/0657 | loss 3.476687 | cmse 1.502310 | db 7.831982 | lr 1.909691e-04
Epoch 012 | batch 0310/0657 | loss 3.487327 | cmse 1.512639 | db 7.833135 | lr 1.912227e-04
Epoch 012 | batch 0320/0657 | loss 3.493084 | cmse 1.518947 | db 7.830758 | lr 1.914764e-04
Epoch 012 | batch 0330/0657 | loss 3.518134 | cmse 1.543038 | db 7.834446 | lr 1.917301e-04
Epoch 012 | batch 0340/0657 | loss 3.531264 | cmse 1.555245 | db 7.838047 | lr 1.919838e-04
Epoch 012 | batch 0350/0657 | loss 3.540075 | cmse 1.569950 | db 7.814683 | lr 1.922374e-04
Epoch 012 | batch 0360/0657 | loss 3.546345 | cmse 1.574936 | db 7.819794 | lr 1.924911e-04
Epoch 012 | batch 0370/0657 | loss 3.563228 | cmse 1.591184 | db 7.822293 | lr 1.927448e-04
Epoch 012 | batch 0380/0657 | loss 3.540629 | cmse 1.571337 | db 7.811220 | lr 1.929985e-04
Epoch 012 | batch 0390/0657 | loss 3.520418 | cmse 1.552072 | db 7.807375 | lr 1.932522e-04
Epoch 012 | batch 0400/0657 | loss 3.502686 | cmse 1.534815 | db 7.805421 | lr 1.935058e-04
Epoch 012 | batch 0410/0657 | loss 3.483785 | cmse 1.518196 | db 7.796341 | lr 1.937595e-04
Epoch 012 | batch 0420/0657 | loss 3.482927 | cmse 1.515986 | db 7.801851 | lr 1.940132e-04
Epoch 012 | batch 0430/0657 | loss 3.468899 | cmse 1.502625 | db 7.799207 | lr 1.942669e-04
Epoch 012 | batch 0440/0657 | loss 3.463850 | cmse 1.497201 | db 7.800790 | lr 1.945205e-04
Epoch 012 | batch 0450/0657 | loss 3.461204 | cmse 1.494283 | db 7.801848 | lr 1.947742e-04
Epoch 012 | batch 0460/0657 | loss 3.459207 | cmse 1.490618 | db 7.808502 | lr 1.950279e-04
Epoch 012 | batch 0470/0657 | loss 3.446068 | cmse 1.479033 | db 7.802370 | lr 1.952816e-04
Epoch 012 | batch 0480/0657 | loss 3.447531 | cmse 1.483127 | db 7.791881 | lr 1.955353e-04
Epoch 012 | batch 0490/0657 | loss 3.436233 | cmse 1.471442 | db 7.793457 | lr 1.957889e-04
Epoch 012 | batch 0500/0657 | loss 3.421515 | cmse 1.458611 | db 7.785886 | lr 1.960426e-04
Epoch 012 | batch 0510/0657 | loss 3.408007 | cmse 1.446001 | db 7.782157 | lr 1.962963e-04
Epoch 012 | batch 0520/0657 | loss 3.396276 | cmse 1.433415 | db 7.785374 | lr 1.965500e-04
Epoch 012 | batch 0530/0657 | loss 3.384429 | cmse 1.422077 | db 7.783364 | lr 1.968037e-04
Epoch 012 | batch 0540/0657 | loss 3.392300 | cmse 1.430522 | db 7.780975 | lr 1.970573e-04
Epoch 012 | batch 0550/0657 | loss 3.400627 | cmse 1.436916 | db 7.788602 | lr 1.973110e-04
Epoch 012 | batch 0560/0657 | loss 3.409585 | cmse 1.445083 | db 7.791702 | lr 1.975647e-04
Epoch 012 | batch 0570/0657 | loss 3.406653 | cmse 1.443494 | db 7.786363 | lr 1.978184e-04
Epoch 012 | batch 0580/0657 | loss 3.416275 | cmse 1.451846 | db 7.791409 | lr 1.980720e-04
Epoch 012 | batch 0590/0657 | loss 3.411410 | cmse 1.447761 | db 7.788278 | lr 1.983257e-04
Epoch 012 | batch 0600/0657 | loss 3.405433 | cmse 1.442764 | db 7.784324 | lr 1.985794e-04
Epoch 012 | batch 0610/0657 | loss 3.395896 | cmse 1.436251 | db 7.772397 | lr 1.988331e-04
Epoch 012 | batch 0620/0657 | loss 3.391201 | cmse 1.430647 | db 7.775950 | lr 1.990868e-04
Epoch 012 | batch 0630/0657 | loss 3.415945 | cmse 1.451587 | db 7.791134 | lr 1.993404e-04
Epoch 012 | batch 0640/0657 | loss 3.405521 | cmse 1.444534 | db 7.777779 | lr 1.995941e-04
Epoch 012 | batch 0650/0657 | loss 3.399653 | cmse 1.438240 | db 7.779522 | lr 1.998478e-04
Epoch 012 | train 3.415403 | val 7.478535 | cmse 5.196360 | db 9.057913
Epoch 013 | batch 0010/0657 | loss 4.201115 | cmse 1.928041 | db 9.027165 | lr 2.002790e-04
Epoch 013 | batch 0020/0657 | loss 3.667865 | cmse 1.525216 | db 8.501279 | lr 2.005327e-04
Epoch 013 | batch 0030/0657 | loss 3.516141 | cmse 1.441847 | db 8.228645 | lr 2.007864e-04
Epoch 013 | batch 0040/0657 | loss 3.573037 | cmse 1.508327 | db 8.191402 | lr 2.010401e-04
Epoch 013 | batch 0050/0657 | loss 3.539423 | cmse 1.502168 | db 8.081909 | lr 2.012938e-04
Epoch 013 | batch 0060/0657 | loss 3.468479 | cmse 1.449383 | db 8.009503 | lr 2.015474e-04
Epoch 013 | batch 0070/0657 | loss 3.412311 | cmse 1.397145 | db 7.993257 | lr 2.018011e-04
Epoch 013 | batch 0080/0657 | loss 3.395171 | cmse 1.389383 | db 7.955807 | lr 2.020548e-04
Epoch 013 | batch 0090/0657 | loss 3.319503 | cmse 1.340338 | db 7.850365 | lr 2.023085e-04
Epoch 013 | batch 0100/0657 | loss 3.291487 | cmse 1.318807 | db 7.824491 | lr 2.025622e-04
Epoch 013 | batch 0110/0657 | loss 3.234794 | cmse 1.265678 | db 7.810493 | lr 2.028158e-04
Epoch 013 | batch 0120/0657 | loss 3.185912 | cmse 1.223604 | db 7.784178 | lr 2.030695e-04
Epoch 013 | batch 0130/0657 | loss 3.189905 | cmse 1.220921 | db 7.810856 | lr 2.033232e-04
Epoch 013 | batch 0140/0657 | loss 3.162865 | cmse 1.197110 | db 7.797739 | lr 2.035769e-04
Epoch 013 | batch 0150/0657 | loss 3.160283 | cmse 1.198699 | db 7.780844 | lr 2.038305e-04
Epoch 013 | batch 0160/0657 | loss 3.147830 | cmse 1.188205 | db 7.773064 | lr 2.040842e-04
Epoch 013 | batch 0170/0657 | loss 3.130729 | cmse 1.176228 | db 7.752476 | lr 2.043379e-04
Epoch 013 | batch 0180/0657 | loss 3.117601 | cmse 1.170411 | db 7.723093 | lr 2.045916e-04
Epoch 013 | batch 0190/0657 | loss 3.105953 | cmse 1.160674 | db 7.715421 | lr 2.048453e-04
Epoch 013 | batch 0200/0657 | loss 3.098743 | cmse 1.155638 | db 7.706768 | lr 2.050989e-04
Epoch 013 | batch 0210/0657 | loss 3.076458 | cmse 1.139788 | db 7.681341 | lr 2.053526e-04
Epoch 013 | batch 0220/0657 | loss 3.062587 | cmse 1.126207 | db 7.679955 | lr 2.056063e-04
Epoch 013 | batch 0230/0657 | loss 3.037778 | cmse 1.109091 | db 7.649531 | lr 2.058600e-04
Epoch 013 | batch 0240/0657 | loss 3.059498 | cmse 1.130241 | db 7.651497 | lr 2.061136e-04
Epoch 013 | batch 0250/0657 | loss 3.064428 | cmse 1.132743 | db 7.661290 | lr 2.063673e-04
Epoch 013 | batch 0260/0657 | loss 3.066224 | cmse 1.133792 | db 7.664501 | lr 2.066210e-04
Epoch 013 | batch 0270/0657 | loss 3.067524 | cmse 1.136422 | db 7.659153 | lr 2.068747e-04
Epoch 013 | batch 0280/0657 | loss 3.068331 | cmse 1.136326 | db 7.662671 | lr 2.071284e-04
Epoch 013 | batch 0290/0657 | loss 3.068937 | cmse 1.138177 | db 7.657563 | lr 2.073820e-04
Epoch 013 | batch 0300/0657 | loss 3.062673 | cmse 1.136211 | db 7.640571 | lr 2.076357e-04
Epoch 013 | batch 0310/0657 | loss 3.073291 | cmse 1.145331 | db 7.646497 | lr 2.078894e-04
Epoch 013 | batch 0320/0657 | loss 3.064115 | cmse 1.139341 | db 7.633748 | lr 2.081431e-04
Epoch 013 | batch 0330/0657 | loss 3.056207 | cmse 1.132071 | db 7.631067 | lr 2.083968e-04
Epoch 013 | batch 0340/0657 | loss 3.048855 | cmse 1.124392 | db 7.632280 | lr 2.086504e-04
Epoch 013 | batch 0350/0657 | loss 3.041154 | cmse 1.115432 | db 7.637253 | lr 2.089041e-04
Epoch 013 | batch 0360/0657 | loss 3.039569 | cmse 1.113509 | db 7.638365 | lr 2.091578e-04
Epoch 013 | batch 0370/0657 | loss 3.043207 | cmse 1.117350 | db 7.637475 | lr 2.094115e-04
Epoch 013 | batch 0380/0657 | loss 3.040725 | cmse 1.111927 | db 7.649245 | lr 2.096651e-04
Epoch 013 | batch 0390/0657 | loss 3.032528 | cmse 1.103659 | db 7.649608 | lr 2.099188e-04
Epoch 013 | batch 0400/0657 | loss 3.031480 | cmse 1.100318 | db 7.658874 | lr 2.101725e-04
Epoch 013 | batch 0410/0657 | loss 3.066395 | cmse 1.135162 | db 7.659271 | lr 2.104262e-04
Epoch 013 | batch 0420/0657 | loss 3.075391 | cmse 1.142327 | db 7.666481 | lr 2.106799e-04
Epoch 013 | batch 0430/0657 | loss 3.067665 | cmse 1.137007 | db 7.656899 | lr 2.109335e-04
Epoch 013 | batch 0440/0657 | loss 3.061606 | cmse 1.136285 | db 7.635784 | lr 2.111872e-04
Epoch 013 | batch 0450/0657 | loss 3.059965 | cmse 1.134730 | db 7.635471 | lr 2.114409e-04
Epoch 013 | batch 0460/0657 | loss 3.058029 | cmse 1.133460 | db 7.632847 | lr 2.116946e-04
Epoch 013 | batch 0470/0657 | loss 3.062900 | cmse 1.136104 | db 7.641672 | lr 2.119482e-04
Epoch 013 | batch 0480/0657 | loss 3.058189 | cmse 1.135284 | db 7.626287 | lr 2.122019e-04
Epoch 013 | batch 0490/0657 | loss 3.058539 | cmse 1.133715 | db 7.633911 | lr 2.124556e-04
Epoch 013 | batch 0500/0657 | loss 3.058389 | cmse 1.133673 | db 7.633509 | lr 2.127093e-04
Epoch 013 | batch 0510/0657 | loss 3.051206 | cmse 1.127772 | db 7.628712 | lr 2.129630e-04
Epoch 013 | batch 0520/0657 | loss 3.060348 | cmse 1.132438 | db 7.646658 | lr 2.132166e-04
Epoch 013 | batch 0530/0657 | loss 3.093726 | cmse 1.152709 | db 7.699112 | lr 2.134703e-04
Epoch 013 | batch 0540/0657 | loss 3.110770 | cmse 1.163928 | db 7.722518 | lr 2.137240e-04
Epoch 013 | batch 0550/0657 | loss 3.131944 | cmse 1.180357 | db 7.741484 | lr 2.139777e-04
Epoch 013 | batch 0560/0657 | loss 3.149728 | cmse 1.195471 | db 7.751963 | lr 2.142314e-04
Epoch 013 | batch 0570/0657 | loss 3.159288 | cmse 1.203056 | db 7.759772 | lr 2.144850e-04
Epoch 013 | batch 0580/0657 | loss 3.160430 | cmse 1.203721 | db 7.761620 | lr 2.147387e-04
Epoch 013 | batch 0590/0657 | loss 3.155158 | cmse 1.196521 | db 7.769371 | lr 2.149924e-04
Epoch 013 | batch 0600/0657 | loss 3.147741 | cmse 1.189884 | db 7.766229 | lr 2.152461e-04
Epoch 013 | batch 0610/0657 | loss 3.139913 | cmse 1.182291 | db 7.765221 | lr 2.154997e-04
Epoch 013 | batch 0620/0657 | loss 3.134397 | cmse 1.178118 | db 7.759914 | lr 2.157534e-04
Epoch 013 | batch 0630/0657 | loss 3.143679 | cmse 1.184703 | db 7.770770 | lr 2.160071e-04
Epoch 013 | batch 0640/0657 | loss 3.143851 | cmse 1.184794 | db 7.771038 | lr 2.162608e-04
Epoch 013 | batch 0650/0657 | loss 3.141461 | cmse 1.182863 | db 7.769237 | lr 2.165145e-04
Epoch 013 | train 3.134655 | val 3.039314 | cmse 1.239978 | db 7.119314
Epoch 014 | batch 0010/0657 | loss 2.936975 | cmse 0.987749 | db 7.729534 | lr 2.169457e-04
Epoch 014 | batch 0020/0657 | loss 3.032716 | cmse 1.100207 | db 7.659972 | lr 2.171994e-04
Epoch 014 | batch 0030/0657 | loss 3.016616 | cmse 1.105077 | db 7.577509 | lr 2.174531e-04
Epoch 014 | batch 0040/0657 | loss 3.012623 | cmse 1.093355 | db 7.608339 | lr 2.177067e-04
Epoch 014 | batch 0050/0657 | loss 2.921615 | cmse 1.019804 | db 7.539975 | lr 2.179604e-04
Epoch 014 | batch 0060/0657 | loss 2.868009 | cmse 0.974287 | db 7.508610 | lr 2.182141e-04
Epoch 014 | batch 0070/0657 | loss 2.914792 | cmse 1.002316 | db 7.583573 | lr 2.184678e-04
Epoch 014 | batch 0080/0657 | loss 2.897303 | cmse 0.982610 | db 7.591877 | lr 2.187215e-04
Epoch 014 | batch 0090/0657 | loss 2.853749 | cmse 0.957093 | db 7.520442 | lr 2.189751e-04
Epoch 014 | batch 0100/0657 | loss 2.867151 | cmse 0.972616 | db 7.511682 | lr 2.192288e-04
Epoch 014 | batch 0110/0657 | loss 2.900428 | cmse 1.000670 | db 7.532639 | lr 2.194825e-04
Epoch 014 | batch 0120/0657 | loss 2.910602 | cmse 1.011457 | db 7.530307 | lr 2.197362e-04
Epoch 014 | batch 0130/0657 | loss 2.900512 | cmse 1.015745 | db 7.473543 | lr 2.199899e-04
Epoch 014 | batch 0140/0657 | loss 2.893775 | cmse 1.009748 | db 7.470731 | lr 2.202435e-04
Epoch 014 | batch 0150/0657 | loss 2.873583 | cmse 0.992971 | db 7.457377 | lr 2.204972e-04
Epoch 014 | batch 0160/0657 | loss 2.852370 | cmse 0.973227 | db 7.451626 | lr 2.207509e-04
Epoch 014 | batch 0170/0657 | loss 2.873562 | cmse 0.966618 | db 7.562809 | lr 2.210046e-04
Epoch 014 | batch 0180/0657 | loss 2.887980 | cmse 0.972546 | db 7.596356 | lr 2.212582e-04
Epoch 014 | batch 0190/0657 | loss 2.904273 | cmse 0.980146 | db 7.631264 | lr 2.215119e-04
Epoch 014 | batch 0200/0657 | loss 2.920552 | cmse 0.990343 | db 7.655364 | lr 2.217656e-04
Epoch 014 | batch 0210/0657 | loss 2.916930 | cmse 0.985758 | db 7.659338 | lr 2.220193e-04
Epoch 014 | batch 0220/0657 | loss 2.899110 | cmse 0.976162 | db 7.627136 | lr 2.222730e-04
Epoch 014 | batch 0230/0657 | loss 2.901298 | cmse 0.977350 | db 7.631075 | lr 2.225266e-04
Epoch 014 | batch 0240/0657 | loss 2.895294 | cmse 0.968706 | db 7.641499 | lr 2.227803e-04
Epoch 014 | batch 0250/0657 | loss 2.892740 | cmse 0.966593 | db 7.639825 | lr 2.230340e-04
Epoch 014 | batch 0260/0657 | loss 2.903090 | cmse 0.972970 | db 7.655604 | lr 2.232877e-04
Epoch 014 | batch 0270/0657 | loss 2.906490 | cmse 0.977067 | db 7.652761 | lr 2.235413e-04
Epoch 014 | batch 0280/0657 | loss 2.896801 | cmse 0.967675 | db 7.651617 | lr 2.237950e-04
Epoch 014 | batch 0290/0657 | loss 2.892139 | cmse 0.963154 | db 7.651018 | lr 2.240487e-04
Epoch 014 | batch 0300/0657 | loss 2.898114 | cmse 0.959161 | db 7.691198 | lr 2.243024e-04
Epoch 014 | batch 0310/0657 | loss 2.902852 | cmse 0.958550 | db 7.712843 | lr 2.245561e-04
Epoch 014 | batch 0320/0657 | loss 2.913590 | cmse 0.971487 | db 7.704163 | lr 2.248097e-04
Epoch 014 | batch 0330/0657 | loss 2.922521 | cmse 0.981308 | db 7.700638 | lr 2.250634e-04
Epoch 014 | batch 0340/0657 | loss 2.918374 | cmse 0.979147 | db 7.692652 | lr 2.253171e-04
Epoch 014 | batch 0350/0657 | loss 2.921369 | cmse 0.984530 | db 7.683005 | lr 2.255708e-04
Epoch 014 | batch 0360/0657 | loss 2.911800 | cmse 0.982823 | db 7.651760 | lr 2.258245e-04
Epoch 014 | batch 0370/0657 | loss 2.964096 | cmse 1.035694 | db 7.649478 | lr 2.260781e-04
Epoch 014 | batch 0380/0657 | loss 2.966070 | cmse 1.038011 | db 7.648200 | lr 2.263318e-04
Epoch 014 | batch 0390/0657 | loss 2.965088 | cmse 1.037758 | db 7.645256 | lr 2.265855e-04
Epoch 014 | batch 0400/0657 | loss 2.954363 | cmse 1.028721 | db 7.638588 | lr 2.268392e-04
Epoch 014 | batch 0410/0657 | loss 2.944485 | cmse 1.020927 | db 7.630401 | lr 2.270928e-04
Epoch 014 | batch 0420/0657 | loss 2.947856 | cmse 1.023471 | db 7.633703 | lr 2.273465e-04
Epoch 014 | batch 0430/0657 | loss 2.951954 | cmse 1.023500 | db 7.650145 | lr 2.276002e-04
Epoch 014 | batch 0440/0657 | loss 2.947372 | cmse 1.020608 | db 7.643348 | lr 2.278539e-04
Epoch 014 | batch 0450/0657 | loss 2.959188 | cmse 1.029415 | db 7.655447 | lr 2.281076e-04
Epoch 014 | batch 0460/0657 | loss 2.961125 | cmse 1.029453 | db 7.663002 | lr 2.283612e-04
Epoch 014 | batch 0470/0657 | loss 2.947873 | cmse 1.022728 | db 7.637009 | lr 2.286149e-04
Epoch 014 | batch 0480/0657 | loss 2.938115 | cmse 1.015723 | db 7.626031 | lr 2.288686e-04
Epoch 014 | batch 0490/0657 | loss 2.929513 | cmse 1.012968 | db 7.602668 | lr 2.291223e-04
Epoch 014 | batch 0500/0657 | loss 2.926683 | cmse 1.011742 | db 7.596264 | lr 2.293760e-04
Epoch 014 | batch 0510/0657 | loss 2.922254 | cmse 1.009331 | db 7.588216 | lr 2.296296e-04
Epoch 014 | batch 0520/0657 | loss 2.915093 | cmse 1.006308 | db 7.571800 | lr 2.298833e-04
Epoch 014 | batch 0530/0657 | loss 2.912294 | cmse 1.004991 | db 7.565920 | lr 2.301370e-04
Epoch 014 | batch 0540/0657 | loss 2.914110 | cmse 1.006221 | db 7.568155 | lr 2.303907e-04
Epoch 014 | batch 0550/0657 | loss 2.919010 | cmse 1.013252 | db 7.559648 | lr 2.306443e-04
Epoch 014 | batch 0560/0657 | loss 2.921285 | cmse 1.015794 | db 7.558591 | lr 2.308980e-04
Epoch 014 | batch 0570/0657 | loss 2.909378 | cmse 1.008314 | db 7.540984 | lr 2.311517e-04
Epoch 014 | batch 0580/0657 | loss 2.911422 | cmse 1.009062 | db 7.546288 | lr 2.314054e-04
Epoch 014 | batch 0590/0657 | loss 2.910992 | cmse 1.008745 | db 7.545854 | lr 2.316591e-04
Epoch 014 | batch 0600/0657 | loss 2.907963 | cmse 1.005418 | db 7.546942 | lr 2.319127e-04
Epoch 014 | batch 0610/0657 | loss 2.906666 | cmse 1.004001 | db 7.547241 | lr 2.321664e-04
Epoch 014 | batch 0620/0657 | loss 2.900221 | cmse 0.999037 | db 7.541271 | lr 2.324201e-04
Epoch 014 | batch 0630/0657 | loss 2.894566 | cmse 0.995150 | db 7.534187 | lr 2.326738e-04
Epoch 014 | batch 0640/0657 | loss 2.904153 | cmse 1.001331 | db 7.547796 | lr 2.329274e-04
Epoch 014 | batch 0650/0657 | loss 2.911040 | cmse 1.007593 | db 7.550270 | lr 2.331811e-04
Epoch 014 | train 2.922453 | val 3.334962 | cmse 1.406274 | db 7.659423
Epoch 015 | batch 0010/0657 | loss 2.989775 | cmse 1.111079 | db 7.461118 | lr 2.336124e-04
Epoch 015 | batch 0020/0657 | loss 2.769906 | cmse 0.910802 | db 7.379290 | lr 2.338661e-04
Epoch 015 | batch 0030/0657 | loss 2.996831 | cmse 1.060205 | db 7.690608 | lr 2.341197e-04
Epoch 015 | batch 0040/0657 | loss 3.014029 | cmse 1.048674 | db 7.806170 | lr 2.343734e-04
Epoch 015 | batch 0050/0657 | loss 2.948868 | cmse 1.003241 | db 7.725942 | lr 2.346271e-04
Epoch 015 | batch 0060/0657 | loss 2.913621 | cmse 0.956464 | db 7.770351 | lr 2.348808e-04
Epoch 015 | batch 0070/0657 | loss 2.973397 | cmse 0.953561 | db 8.019580 | lr 2.351344e-04
Epoch 015 | batch 0080/0657 | loss 2.965784 | cmse 0.958132 | db 7.969743 | lr 2.353881e-04
Epoch 015 | batch 0090/0657 | loss 2.963647 | cmse 0.952835 | db 7.981005 | lr 2.356418e-04
Epoch 015 | batch 0100/0657 | loss 3.051894 | cmse 1.044439 | db 7.966820 | lr 2.358955e-04
Epoch 015 | batch 0110/0657 | loss 3.066614 | cmse 1.073453 | db 7.909965 | lr 2.361492e-04
Epoch 015 | batch 0120/0657 | loss 3.022231 | cmse 1.048466 | db 7.833304 | lr 2.364028e-04
Epoch 015 | batch 0130/0657 | loss 2.990442 | cmse 1.027351 | db 7.790376 | lr 2.366565e-04
Epoch 015 | batch 0140/0657 | loss 2.986854 | cmse 1.028609 | db 7.770862 | lr 2.369102e-04
Epoch 015 | batch 0150/0657 | loss 2.980510 | cmse 1.028002 | db 7.747950 | lr 2.371639e-04
Epoch 015 | batch 0160/0657 | loss 2.960952 | cmse 1.007858 | db 7.750614 | lr 2.374176e-04
Epoch 015 | batch 0170/0657 | loss 2.966526 | cmse 1.014722 | db 7.745319 | lr 2.376712e-04
Epoch 015 | batch 0180/0657 | loss 2.994422 | cmse 1.039823 | db 7.756617 | lr 2.379249e-04
Epoch 015 | batch 0190/0657 | loss 3.061430 | cmse 1.108120 | db 7.751131 | lr 2.381786e-04
Epoch 015 | batch 0200/0657 | loss 3.120874 | cmse 1.171560 | db 7.735003 | lr 2.384323e-04
Epoch 015 | batch 0210/0657 | loss 3.178772 | cmse 1.232002 | db 7.724768 | lr 2.386859e-04
Epoch 015 | batch 0220/0657 | loss 3.211652 | cmse 1.266570 | db 7.718233 | lr 2.389396e-04
Epoch 015 | batch 0230/0657 | loss 3.186849 | cmse 1.242890 | db 7.713743 | lr 2.391933e-04
Epoch 015 | batch 0240/0657 | loss 3.162980 | cmse 1.224833 | db 7.690301 | lr 2.394470e-04
Epoch 015 | batch 0250/0657 | loss 3.153506 | cmse 1.213835 | db 7.696492 | lr 2.397007e-04
Epoch 015 | batch 0260/0657 | loss 3.134960 | cmse 1.198951 | db 7.681628 | lr 2.399543e-04
Epoch 015 | batch 0270/0657 | loss 3.129704 | cmse 1.192128 | db 7.687908 | lr 2.402080e-04
Epoch 015 | batch 0280/0657 | loss 3.111852 | cmse 1.184849 | db 7.645906 | lr 2.404617e-04
Epoch 015 | batch 0290/0657 | loss 3.086704 | cmse 1.169451 | db 7.607102 | lr 2.407154e-04
Epoch 015 | batch 0300/0657 | loss 3.066744 | cmse 1.155108 | db 7.584655 | lr 2.409691e-04
Epoch 015 | batch 0310/0657 | loss 3.053686 | cmse 1.151915 | db 7.545339 | lr 2.412227e-04
Epoch 015 | batch 0320/0657 | loss 3.038411 | cmse 1.139585 | db 7.533566 | lr 2.414764e-04
Epoch 015 | batch 0330/0657 | loss 3.028922 | cmse 1.130729 | db 7.530894 | lr 2.417301e-04
Epoch 015 | batch 0340/0657 | loss 3.026084 | cmse 1.125197 | db 7.541689 | lr 2.419838e-04
Epoch 015 | batch 0350/0657 | loss 3.021293 | cmse 1.119278 | db 7.546133 | lr 2.422374e-04
Epoch 015 | batch 0360/0657 | loss 3.017544 | cmse 1.114660 | db 7.549510 | lr 2.424911e-04
Epoch 015 | batch 0370/0657 | loss 3.007064 | cmse 1.103944 | db 7.550428 | lr 2.427448e-04
Epoch 015 | batch 0380/0657 | loss 2.991245 | cmse 1.092198 | db 7.534074 | lr 2.429985e-04
Epoch 015 | batch 0390/0657 | loss 2.984773 | cmse 1.090161 | db 7.516292 | lr 2.432522e-04
Epoch 015 | batch 0400/0657 | loss 3.004038 | cmse 1.109976 | db 7.514025 | lr 2.435058e-04
Epoch 015 | batch 0410/0657 | loss 3.010090 | cmse 1.115593 | db 7.515715 | lr 2.437595e-04
Epoch 015 | batch 0420/0657 | loss 3.008907 | cmse 1.113565 | db 7.518976 | lr 2.440132e-04
Epoch 015 | batch 0430/0657 | loss 2.996826 | cmse 1.105666 | db 7.502261 | lr 2.442669e-04
Epoch 015 | batch 0440/0657 | loss 2.993258 | cmse 1.103530 | db 7.496632 | lr 2.445205e-04
Epoch 015 | batch 0450/0657 | loss 2.980905 | cmse 1.094153 | db 7.484867 | lr 2.447742e-04
Epoch 015 | batch 0460/0657 | loss 2.972310 | cmse 1.086946 | db 7.479258 | lr 2.450279e-04
Epoch 015 | batch 0470/0657 | loss 2.961066 | cmse 1.077314 | db 7.472940 | lr 2.452816e-04
Epoch 015 | batch 0480/0657 | loss 2.962372 | cmse 1.079314 | db 7.470055 | lr 2.455353e-04
Epoch 015 | batch 0490/0657 | loss 2.965728 | cmse 1.083622 | db 7.466146 | lr 2.457889e-04
Epoch 015 | batch 0500/0657 | loss 2.963259 | cmse 1.082534 | db 7.460615 | lr 2.460426e-04
Epoch 015 | batch 0510/0657 | loss 2.956925 | cmse 1.076185 | db 7.460737 | lr 2.462963e-04
Epoch 015 | batch 0520/0657 | loss 2.949506 | cmse 1.069849 | db 7.456402 | lr 2.465500e-04
Epoch 015 | batch 0530/0657 | loss 2.939965 | cmse 1.061182 | db 7.452922 | lr 2.468037e-04
Epoch 015 | batch 0540/0657 | loss 2.928633 | cmse 1.057199 | db 7.423735 | lr 2.470573e-04
Epoch 015 | batch 0550/0657 | loss 2.927903 | cmse 1.055838 | db 7.426191 | lr 2.473110e-04
Epoch 015 | batch 0560/0657 | loss 2.925108 | cmse 1.051480 | db 7.432615 | lr 2.475647e-04
Epoch 015 | batch 0570/0657 | loss 2.923848 | cmse 1.050001 | db 7.433610 | lr 2.478184e-04
Epoch 015 | batch 0580/0657 | loss 2.919078 | cmse 1.046354 | db 7.429173 | lr 2.480720e-04
Epoch 015 | batch 0590/0657 | loss 2.915136 | cmse 1.042575 | db 7.428489 | lr 2.483257e-04
Epoch 015 | batch 0600/0657 | loss 2.907940 | cmse 1.039232 | db 7.413236 | lr 2.485794e-04
Epoch 015 | batch 0610/0657 | loss 2.901052 | cmse 1.036259 | db 7.397701 | lr 2.488331e-04
Epoch 015 | batch 0620/0657 | loss 2.902684 | cmse 1.039125 | db 7.392778 | lr 2.490868e-04
Epoch 015 | batch 0630/0657 | loss 2.903487 | cmse 1.040905 | db 7.388921 | lr 2.493404e-04
Epoch 015 | batch 0640/0657 | loss 2.899376 | cmse 1.037656 | db 7.385536 | lr 2.495941e-04
Epoch 015 | batch 0650/0657 | loss 2.890939 | cmse 1.032872 | db 7.371021 | lr 2.498478e-04
Epoch 015 | train 2.885592 | val 2.732907 | cmse 0.950167 | db 7.062774
Epoch 016 | batch 0010/0657 | loss 2.752937 | cmse 0.949717 | db 7.149478 | lr 2.502790e-04
Epoch 016 | batch 0020/0657 | loss 2.992514 | cmse 1.156689 | db 7.280960 | lr 2.505327e-04
Epoch 016 | batch 0030/0657 | loss 2.917157 | cmse 1.109467 | db 7.169513 | lr 2.507864e-04
Epoch 016 | batch 0040/0657 | loss 2.780204 | cmse 1.012714 | db 7.011325 | lr 2.510401e-04
Epoch 016 | batch 0050/0657 | loss 2.797810 | cmse 0.988447 | db 7.178039 | lr 2.512938e-04
Epoch 016 | batch 0060/0657 | loss 2.798066 | cmse 0.984589 | db 7.193192 | lr 2.515474e-04
Epoch 016 | batch 0070/0657 | loss 2.808591 | cmse 1.019790 | db 7.094954 | lr 2.518011e-04
Epoch 016 | batch 0080/0657 | loss 2.819338 | cmse 1.031364 | db 7.092141 | lr 2.520548e-04
Epoch 016 | batch 0090/0657 | loss 2.782667 | cmse 1.009339 | db 7.034227 | lr 2.523085e-04
Epoch 016 | batch 0100/0657 | loss 2.744867 | cmse 0.980019 | db 7.000226 | lr 2.525622e-04
Epoch 016 | batch 0110/0657 | loss 2.717911 | cmse 0.955813 | db 6.989365 | lr 2.528158e-04
Epoch 016 | batch 0120/0657 | loss 2.682745 | cmse 0.929255 | db 6.954724 | lr 2.530695e-04
Epoch 016 | batch 0130/0657 | loss 2.706268 | cmse 0.936886 | db 7.018466 | lr 2.533232e-04
Epoch 016 | batch 0140/0657 | loss 2.718747 | cmse 0.938886 | db 7.060198 | lr 2.535769e-04
Epoch 016 | batch 0150/0657 | loss 2.711079 | cmse 0.926638 | db 7.078499 | lr 2.538305e-04
Epoch 016 | batch 0160/0657 | loss 2.758282 | cmse 0.967835 | db 7.102264 | lr 2.540842e-04
Epoch 016 | batch 0170/0657 | loss 2.801622 | cmse 1.003033 | db 7.134711 | lr 2.543379e-04
Epoch 016 | batch 0180/0657 | loss 2.788539 | cmse 0.988752 | db 7.139409 | lr 2.545916e-04
Epoch 016 | batch 0190/0657 | loss 2.804690 | cmse 0.990264 | db 7.197864 | lr 2.548453e-04
Epoch 016 | batch 0200/0657 | loss 2.807141 | cmse 0.990680 | db 7.205918 | lr 2.550989e-04
Epoch 016 | batch 0210/0657 | loss 2.785723 | cmse 0.979291 | db 7.166155 | lr 2.553526e-04
Epoch 016 | batch 0220/0657 | loss 2.791810 | cmse 0.979099 | db 7.191130 | lr 2.556063e-04
Epoch 016 | batch 0230/0657 | loss 2.793088 | cmse 0.977487 | db 7.202704 | lr 2.558600e-04
Epoch 016 | batch 0240/0657 | loss 2.811615 | cmse 0.992685 | db 7.216071 | lr 2.561136e-04
Epoch 016 | batch 0250/0657 | loss 2.843550 | cmse 0.994494 | db 7.336569 | lr 2.563673e-04
Epoch 016 | batch 0260/0657 | loss 2.947651 | cmse 1.043300 | db 7.557437 | lr 2.566210e-04
Epoch 016 | batch 0270/0657 | loss 2.988606 | cmse 1.055293 | db 7.672832 | lr 2.568747e-04
Epoch 016 | batch 0280/0657 | loss 3.017774 | cmse 1.070963 | db 7.726548 | lr 2.571284e-04
Epoch 016 | batch 0290/0657 | loss 3.026332 | cmse 1.069426 | db 7.766732 | lr 2.573820e-04
Epoch 016 | batch 0300/0657 | loss 3.019860 | cmse 1.061712 | db 7.771537 | lr 2.576357e-04
Epoch 016 | batch 0310/0657 | loss 3.008878 | cmse 1.052756 | db 7.763433 | lr 2.578894e-04
Epoch 016 | batch 0320/0657 | loss 3.003716 | cmse 1.045232 | db 7.772690 | lr 2.581431e-04
Epoch 016 | batch 0330/0657 | loss 3.009817 | cmse 1.049077 | db 7.781533 | lr 2.583968e-04
Epoch 016 | batch 0340/0657 | loss 3.024030 | cmse 1.061406 | db 7.789011 | lr 2.586504e-04
Epoch 016 | batch 0350/0657 | loss 3.046797 | cmse 1.080785 | db 7.802546 | lr 2.589041e-04
Epoch 016 | batch 0360/0657 | loss 3.050789 | cmse 1.083174 | db 7.808979 | lr 2.591578e-04
Epoch 016 | batch 0370/0657 | loss 3.046456 | cmse 1.080165 | db 7.803542 | lr 2.594115e-04
Epoch 016 | batch 0380/0657 | loss 3.031024 | cmse 1.068600 | db 7.788102 | lr 2.596651e-04
Epoch 016 | batch 0390/0657 | loss 3.018710 | cmse 1.059021 | db 7.777138 | lr 2.599188e-04
Epoch 016 | batch 0400/0657 | loss 3.009133 | cmse 1.051087 | db 7.770598 | lr 2.601725e-04
Epoch 016 | batch 0410/0657 | loss 3.005794 | cmse 1.048442 | db 7.767743 | lr 2.604262e-04
Epoch 016 | batch 0420/0657 | loss 3.002100 | cmse 1.045670 | db 7.764121 | lr 2.606799e-04
Epoch 016 | batch 0430/0657 | loss 3.042540 | cmse 1.078741 | db 7.793674 | lr 2.609335e-04
Epoch 016 | batch 0440/0657 | loss 3.056789 | cmse 1.086236 | db 7.820975 | lr 2.611872e-04
Epoch 016 | batch 0450/0657 | loss 3.052639 | cmse 1.082069 | db 7.821303 | lr 2.614409e-04
Epoch 016 | batch 0460/0657 | loss 3.052009 | cmse 1.082635 | db 7.816561 | lr 2.616946e-04
Epoch 016 | batch 0470/0657 | loss 3.055402 | cmse 1.088326 | db 7.807396 | lr 2.619482e-04
Epoch 016 | batch 0480/0657 | loss 3.060133 | cmse 1.094552 | db 7.801419 | lr 2.622019e-04
Epoch 016 | batch 0490/0657 | loss 3.048776 | cmse 1.087685 | db 7.783489 | lr 2.624556e-04
Epoch 016 | batch 0500/0657 | loss 3.042595 | cmse 1.086529 | db 7.763485 | lr 2.627093e-04
Epoch 016 | batch 0510/0657 | loss 3.045140 | cmse 1.089738 | db 7.760801 | lr 2.629630e-04
Epoch 016 | batch 0520/0657 | loss 3.040801 | cmse 1.086117 | db 7.757945 | lr 2.632166e-04
Epoch 016 | batch 0530/0657 | loss 3.048929 | cmse 1.091873 | db 7.767500 | lr 2.634703e-04
Epoch 016 | batch 0540/0657 | loss 3.051756 | cmse 1.091756 | db 7.779267 | lr 2.637240e-04
Epoch 016 | batch 0550/0657 | loss 3.045889 | cmse 1.086232 | db 7.777778 | lr 2.639777e-04
Epoch 016 | batch 0560/0657 | loss 3.037436 | cmse 1.081530 | db 7.762959 | lr 2.642314e-04
Epoch 016 | batch 0570/0657 | loss 3.032732 | cmse 1.076374 | db 7.764615 | lr 2.644850e-04
Epoch 016 | batch 0580/0657 | loss 3.043983 | cmse 1.087028 | db 7.766779 | lr 2.647387e-04
Epoch 016 | batch 0590/0657 | loss 3.042651 | cmse 1.087215 | db 7.760593 | lr 2.649924e-04
Epoch 016 | batch 0600/0657 | loss 3.038946 | cmse 1.082786 | db 7.763502 | lr 2.652461e-04
Epoch 016 | batch 0610/0657 | loss 3.035089 | cmse 1.079569 | db 7.760909 | lr 2.654997e-04
Epoch 016 | batch 0620/0657 | loss 3.030548 | cmse 1.076369 | db 7.755499 | lr 2.657534e-04
Epoch 016 | batch 0630/0657 | loss 3.027738 | cmse 1.073369 | db 7.756117 | lr 2.660071e-04
Epoch 016 | batch 0640/0657 | loss 3.022141 | cmse 1.069619 | db 7.748708 | lr 2.662608e-04
Epoch 016 | batch 0650/0657 | loss 3.013842 | cmse 1.065309 | db 7.732811 | lr 2.665145e-04
Epoch 016 | train 3.010885 | val 2.359357 | cmse 0.677846 | db 6.655348
  saved checkpoint: weights/R5O_no_PINN/gnn_fedformer_r5_full_best.ckpt
Epoch 017 | batch 0010/0657 | loss 2.727928 | cmse 0.879304 | db 7.334913 | lr 2.669457e-04
Epoch 017 | batch 0020/0657 | loss 2.980208 | cmse 1.088582 | db 7.503880 | lr 2.671994e-04
Epoch 017 | batch 0030/0657 | loss 2.897250 | cmse 1.026016 | db 7.421917 | lr 2.674531e-04
Epoch 017 | batch 0040/0657 | loss 2.915582 | cmse 1.045912 | db 7.416316 | lr 2.677067e-04
Epoch 017 | batch 0050/0657 | loss 2.858330 | cmse 1.015969 | db 7.308512 | lr 2.679604e-04
Epoch 017 | batch 0060/0657 | loss 2.841857 | cmse 1.000642 | db 7.303900 | lr 2.682141e-04
Epoch 017 | batch 0070/0657 | loss 2.786811 | cmse 0.959260 | db 7.249199 | lr 2.684678e-04
Epoch 017 | batch 0080/0657 | loss 2.827625 | cmse 1.003318 | db 7.236651 | lr 2.687215e-04
Epoch 017 | batch 0090/0657 | loss 2.881604 | cmse 1.046161 | db 7.281070 | lr 2.689751e-04
Epoch 017 | batch 0100/0657 | loss 2.843974 | cmse 1.013783 | db 7.260360 | lr 2.692288e-04
Epoch 017 | batch 0110/0657 | loss 2.799506 | cmse 0.979326 | db 7.220439 | lr 2.694825e-04
Epoch 017 | batch 0120/0657 | loss 2.779371 | cmse 0.952748 | db 7.246255 | lr 2.697362e-04
Epoch 017 | batch 0130/0657 | loss 2.734444 | cmse 0.925991 | db 7.174034 | lr 2.699899e-04
Epoch 017 | batch 0140/0657 | loss 2.726276 | cmse 0.925073 | db 7.145046 | lr 2.702435e-04
Epoch 017 | batch 0150/0657 | loss 2.751645 | cmse 0.940840 | db 7.183064 | lr 2.704972e-04
Epoch 017 | batch 0160/0657 | loss 2.752433 | cmse 0.939596 | db 7.190942 | lr 2.707509e-04
Epoch 017 | batch 0170/0657 | loss 2.742265 | cmse 0.930949 | db 7.184762 | lr 2.710046e-04
Epoch 017 | batch 0180/0657 | loss 2.732869 | cmse 0.920902 | db 7.187584 | lr 2.712582e-04
Epoch 017 | batch 0190/0657 | loss 2.740280 | cmse 0.924774 | db 7.201858 | lr 2.715119e-04
Epoch 017 | batch 0200/0657 | loss 2.771256 | cmse 0.950472 | db 7.223087 | lr 2.717656e-04
Epoch 017 | batch 0210/0657 | loss 2.757050 | cmse 0.942846 | db 7.197149 | lr 2.720193e-04
Epoch 017 | batch 0220/0657 | loss 2.748083 | cmse 0.936278 | db 7.187717 | lr 2.722730e-04
Epoch 017 | batch 0230/0657 | loss 2.737955 | cmse 0.926457 | db 7.186569 | lr 2.725266e-04
Epoch 017 | batch 0240/0657 | loss 2.735391 | cmse 0.920391 | db 7.200508 | lr 2.727803e-04
Epoch 017 | batch 0250/0657 | loss 2.728788 | cmse 0.916153 | db 7.191056 | lr 2.730340e-04
Epoch 017 | batch 0260/0657 | loss 2.725995 | cmse 0.909582 | db 7.206151 | lr 2.732877e-04
Epoch 017 | batch 0270/0657 | loss 2.745495 | cmse 0.923265 | db 7.229171 | lr 2.735413e-04
Epoch 017 | batch 0280/0657 | loss 2.739754 | cmse 0.916696 | db 7.232482 | lr 2.737950e-04
Epoch 017 | batch 0290/0657 | loss 2.725807 | cmse 0.905043 | db 7.223347 | lr 2.740487e-04
Epoch 017 | batch 0300/0657 | loss 2.714383 | cmse 0.894903 | db 7.218160 | lr 2.743024e-04
Epoch 017 | batch 0310/0657 | loss 2.708422 | cmse 0.887606 | db 7.223810 | lr 2.745561e-04
Epoch 017 | batch 0320/0657 | loss 2.699446 | cmse 0.879889 | db 7.218921 | lr 2.748097e-04
Epoch 017 | batch 0330/0657 | loss 2.694880 | cmse 0.874739 | db 7.221259 | lr 2.750634e-04
Epoch 017 | batch 0340/0657 | loss 2.689200 | cmse 0.873634 | db 7.203010 | lr 2.753171e-04
Epoch 017 | batch 0350/0657 | loss 2.687478 | cmse 0.871570 | db 7.204423 | lr 2.755708e-04
Epoch 017 | batch 0360/0657 | loss 2.681457 | cmse 0.866053 | db 7.202430 | lr 2.758245e-04
Epoch 017 | batch 0370/0657 | loss 2.685594 | cmse 0.871308 | db 7.198034 | lr 2.760781e-04
Epoch 017 | batch 0380/0657 | loss 2.683863 | cmse 0.867640 | db 7.205903 | lr 2.763318e-04
Epoch 017 | batch 0390/0657 | loss 2.679780 | cmse 0.863253 | db 7.207131 | lr 2.765855e-04
Epoch 017 | batch 0400/0657 | loss 2.674117 | cmse 0.858800 | db 7.202264 | lr 2.768392e-04
Epoch 017 | batch 0410/0657 | loss 2.675132 | cmse 0.859738 | db 7.202607 | lr 2.770928e-04
Epoch 017 | batch 0420/0657 | loss 2.691572 | cmse 0.875160 | db 7.206623 | lr 2.773465e-04
Epoch 017 | batch 0430/0657 | loss 2.705698 | cmse 0.888404 | db 7.210174 | lr 2.776002e-04
Epoch 017 | batch 0440/0657 | loss 2.706056 | cmse 0.889903 | db 7.205667 | lr 2.778539e-04
Epoch 017 | batch 0450/0657 | loss 2.702267 | cmse 0.885098 | db 7.209688 | lr 2.781076e-04
Epoch 017 | batch 0460/0657 | loss 2.698609 | cmse 0.882489 | db 7.205460 | lr 2.783612e-04
Epoch 017 | batch 0470/0657 | loss 2.692971 | cmse 0.877731 | db 7.201989 | lr 2.786149e-04
Epoch 017 | batch 0480/0657 | loss 2.690264 | cmse 0.875363 | db 7.200646 | lr 2.788686e-04
Epoch 017 | batch 0490/0657 | loss 2.682026 | cmse 0.868782 | db 7.194023 | lr 2.791223e-04
Epoch 017 | batch 0500/0657 | loss 2.680414 | cmse 0.867920 | db 7.191024 | lr 2.793760e-04
Epoch 017 | batch 0510/0657 | loss 2.673318 | cmse 0.864202 | db 7.177632 | lr 2.796296e-04
Epoch 017 | batch 0520/0657 | loss 2.670218 | cmse 0.861557 | db 7.175809 | lr 2.798833e-04
Epoch 017 | batch 0530/0657 | loss 2.657496 | cmse 0.855605 | db 7.148952 | lr 2.801370e-04
Epoch 017 | batch 0540/0657 | loss 2.651286 | cmse 0.852811 | db 7.135429 | lr 2.803907e-04
Epoch 017 | batch 0550/0657 | loss 2.648289 | cmse 0.851155 | db 7.130065 | lr 2.806443e-04
Epoch 017 | batch 0560/0657 | loss 2.640236 | cmse 0.846841 | db 7.115183 | lr 2.808980e-04
Epoch 017 | batch 0570/0657 | loss 2.636294 | cmse 0.842930 | db 7.115008 | lr 2.811517e-04
Epoch 017 | batch 0580/0657 | loss 2.631531 | cmse 0.839254 | db 7.110662 | lr 2.814054e-04
Epoch 017 | batch 0590/0657 | loss 2.629217 | cmse 0.835767 | db 7.115242 | lr 2.816591e-04
Epoch 017 | batch 0600/0657 | loss 2.632681 | cmse 0.838643 | db 7.117489 | lr 2.819127e-04
Epoch 017 | batch 0610/0657 | loss 2.633046 | cmse 0.836834 | db 7.126193 | lr 2.821664e-04
Epoch 017 | batch 0620/0657 | loss 2.630214 | cmse 0.833734 | db 7.127232 | lr 2.824201e-04
Epoch 017 | batch 0630/0657 | loss 2.629271 | cmse 0.833018 | db 7.126309 | lr 2.826738e-04
Epoch 017 | batch 0640/0657 | loss 2.630276 | cmse 0.833609 | db 7.128042 | lr 2.829274e-04
Epoch 017 | batch 0650/0657 | loss 2.625918 | cmse 0.830248 | db 7.124091 | lr 2.831811e-04
Epoch 017 | train 2.625659 | val 2.179832 | cmse 0.477507 | db 6.751563
  saved checkpoint: weights/R5O_no_PINN/gnn_fedformer_r5_full_best.ckpt
Epoch 018 | batch 0010/0657 | loss 2.772582 | cmse 1.114363 | db 6.579132 | lr 2.836124e-04
Epoch 018 | batch 0020/0657 | loss 2.643042 | cmse 0.977198 | db 6.610381 | lr 2.838661e-04
Epoch 018 | batch 0030/0657 | loss 2.710180 | cmse 1.016120 | db 6.721283 | lr 2.841197e-04
Epoch 018 | batch 0040/0657 | loss 2.748071 | cmse 1.017739 | db 6.866519 | lr 2.843734e-04
Epoch 018 | batch 0050/0657 | loss 2.685672 | cmse 0.946912 | db 6.899079 | lr 2.846271e-04
Epoch 018 | batch 0060/0657 | loss 2.636012 | cmse 0.883433 | db 6.953814 | lr 2.848808e-04
Epoch 018 | batch 0070/0657 | loss 2.769442 | cmse 0.977977 | db 7.107837 | lr 2.851344e-04
Epoch 018 | batch 0080/0657 | loss 2.742793 | cmse 0.940155 | db 7.151907 | lr 2.853881e-04
Epoch 018 | batch 0090/0657 | loss 2.736723 | cmse 0.922650 | db 7.197929 | lr 2.856418e-04
Epoch 018 | batch 0100/0657 | loss 2.704935 | cmse 0.901534 | db 7.155339 | lr 2.858955e-04
Epoch 018 | batch 0110/0657 | loss 2.708127 | cmse 0.894277 | db 7.197294 | lr 2.861492e-04
Epoch 018 | batch 0120/0657 | loss 2.677703 | cmse 0.870852 | db 7.169590 | lr 2.864028e-04
Epoch 018 | batch 0130/0657 | loss 2.661941 | cmse 0.850997 | db 7.186334 | lr 2.866565e-04
Epoch 018 | batch 0140/0657 | loss 2.663091 | cmse 0.845463 | db 7.212733 | lr 2.869102e-04
Epoch 018 | batch 0150/0657 | loss 2.671278 | cmse 0.851915 | db 7.219632 | lr 2.871639e-04
Epoch 018 | batch 0160/0657 | loss 2.732886 | cmse 0.872840 | db 7.382116 | lr 2.874176e-04
Epoch 018 | batch 0170/0657 | loss 2.754099 | cmse 0.876242 | db 7.453432 | lr 2.876712e-04
Epoch 018 | batch 0180/0657 | loss 2.770456 | cmse 0.876754 | db 7.516348 | lr 2.879249e-04
Epoch 018 | batch 0190/0657 | loss 2.800289 | cmse 0.890460 | db 7.579949 | lr 2.881786e-04
Epoch 018 | batch 0200/0657 | loss 2.819710 | cmse 0.894609 | db 7.640196 | lr 2.884323e-04
Epoch 018 | batch 0210/0657 | loss 2.817801 | cmse 0.899398 | db 7.613399 | lr 2.886859e-04
Epoch 018 | batch 0220/0657 | loss 2.815759 | cmse 0.895979 | db 7.618586 | lr 2.889396e-04
Epoch 018 | batch 0230/0657 | loss 2.809889 | cmse 0.894782 | db 7.599906 | lr 2.891933e-04
Epoch 018 | batch 0240/0657 | loss 2.797715 | cmse 0.887977 | db 7.578398 | lr 2.894470e-04
Epoch 018 | batch 0250/0657 | loss 2.792222 | cmse 0.885711 | db 7.565301 | lr 2.897007e-04
Epoch 018 | batch 0260/0657 | loss 2.780465 | cmse 0.876930 | db 7.553463 | lr 2.899543e-04
Epoch 018 | batch 0270/0657 | loss 2.759151 | cmse 0.867239 | db 7.507290 | lr 2.902080e-04
Epoch 018 | batch 0280/0657 | loss 2.743874 | cmse 0.858475 | db 7.481381 | lr 2.904617e-04
Epoch 018 | batch 0290/0657 | loss 2.734926 | cmse 0.850414 | db 7.477829 | lr 2.907154e-04
Epoch 018 | batch 0300/0657 | loss 2.745199 | cmse 0.857357 | db 7.490945 | lr 2.909691e-04
Epoch 018 | batch 0310/0657 | loss 2.745064 | cmse 0.850340 | db 7.518546 | lr 2.912227e-04
Epoch 018 | batch 0320/0657 | loss 2.743851 | cmse 0.847401 | db 7.525399 | lr 2.914764e-04
Epoch 018 | batch 0330/0657 | loss 2.731047 | cmse 0.843042 | db 7.491933 | lr 2.917301e-04
Epoch 018 | batch 0340/0657 | loss 2.722906 | cmse 0.837341 | db 7.482338 | lr 2.919838e-04
Epoch 018 | batch 0350/0657 | loss 2.718773 | cmse 0.833781 | db 7.480140 | lr 2.922374e-04
Epoch 018 | batch 0360/0657 | loss 2.709360 | cmse 0.826849 | db 7.470453 | lr 2.924911e-04
Epoch 018 | batch 0370/0657 | loss 2.706157 | cmse 0.826169 | db 7.460608 | lr 2.927448e-04
Epoch 018 | batch 0380/0657 | loss 2.695856 | cmse 0.820759 | db 7.441242 | lr 2.929985e-04
Epoch 018 | batch 0390/0657 | loss 2.686603 | cmse 0.818509 | db 7.413471 | lr 2.932522e-04
Epoch 018 | batch 0400/0657 | loss 2.681546 | cmse 0.815599 | db 7.404961 | lr 2.935058e-04
Epoch 018 | batch 0410/0657 | loss 2.679729 | cmse 0.815149 | db 7.399406 | lr 2.937595e-04
Epoch 018 | batch 0420/0657 | loss 2.684830 | cmse 0.818548 | db 7.406253 | lr 2.940132e-04
Epoch 018 | batch 0430/0657 | loss 2.684792 | cmse 0.818758 | db 7.405352 | lr 2.942669e-04
Epoch 018 | batch 0440/0657 | loss 2.671766 | cmse 0.815151 | db 7.367939 | lr 2.945205e-04
Epoch 018 | batch 0450/0657 | loss 2.665919 | cmse 0.809465 | db 7.367473 | lr 2.947742e-04
Epoch 018 | batch 0460/0657 | loss 2.668874 | cmse 0.813677 | db 7.362563 | lr 2.950279e-04
Epoch 018 | batch 0470/0657 | loss 2.668410 | cmse 0.814513 | db 7.357448 | lr 2.952816e-04
Epoch 018 | batch 0480/0657 | loss 2.668911 | cmse 0.815729 | db 7.354638 | lr 2.955353e-04
Epoch 018 | batch 0490/0657 | loss 2.664056 | cmse 0.812755 | db 7.347215 | lr 2.957889e-04
Epoch 018 | batch 0500/0657 | loss 2.659152 | cmse 0.809190 | db 7.341901 | lr 2.960426e-04
Epoch 018 | batch 0510/0657 | loss 2.654847 | cmse 0.806039 | db 7.337273 | lr 2.962963e-04
Epoch 018 | batch 0520/0657 | loss 2.659704 | cmse 0.805712 | db 7.357747 | lr 2.965500e-04
Epoch 018 | batch 0530/0657 | loss 2.659960 | cmse 0.804190 | db 7.364715 | lr 2.968037e-04
Epoch 018 | batch 0540/0657 | loss 2.657731 | cmse 0.802550 | db 7.362396 | lr 2.970573e-04
Epoch 018 | batch 0550/0657 | loss 2.654699 | cmse 0.800393 | db 7.358854 | lr 2.973110e-04
Epoch 018 | batch 0560/0657 | loss 2.653966 | cmse 0.798769 | db 7.362301 | lr 2.975647e-04
Epoch 018 | batch 0570/0657 | loss 2.651578 | cmse 0.795691 | db 7.365162 | lr 2.978184e-04
Epoch 018 | batch 0580/0657 | loss 2.650615 | cmse 0.795371 | db 7.362704 | lr 2.980720e-04
Epoch 018 | batch 0590/0657 | loss 2.654357 | cmse 0.799768 | db 7.360146 | lr 2.983257e-04
Epoch 018 | batch 0600/0657 | loss 2.654796 | cmse 0.801769 | db 7.353964 | lr 2.985794e-04
Epoch 018 | batch 0610/0657 | loss 2.649686 | cmse 0.798621 | db 7.346162 | lr 2.988331e-04
Epoch 018 | batch 0620/0657 | loss 2.646895 | cmse 0.797665 | db 7.338826 | lr 2.990868e-04
Epoch 018 | batch 0630/0657 | loss 2.661104 | cmse 0.805300 | db 7.365192 | lr 2.993404e-04
Epoch 018 | batch 0640/0657 | loss 2.673314 | cmse 0.810008 | db 7.395242 | lr 2.995941e-04
Epoch 018 | batch 0650/0657 | loss 2.672852 | cmse 0.808751 | db 7.398435 | lr 2.998478e-04
Epoch 018 | train 2.669756 | val 3.129432 | cmse 0.986966 | db 8.507444
Epoch 019 | batch 0010/0657 | loss 2.544005 | cmse 0.681732 | db 7.400366 | lr 3.002790e-04
Epoch 019 | batch 0020/0657 | loss 2.671528 | cmse 0.764457 | db 7.578337 | lr 3.005327e-04
Epoch 019 | batch 0030/0657 | loss 2.678857 | cmse 0.783452 | db 7.531689 | lr 3.007864e-04
Epoch 019 | batch 0040/0657 | loss 2.624910 | cmse 0.755133 | db 7.426512 | lr 3.010401e-04
Epoch 019 | batch 0050/0657 | loss 2.598602 | cmse 0.740975 | db 7.377199 | lr 3.012938e-04
Epoch 019 | batch 0060/0657 | loss 2.625359 | cmse 0.768788 | db 7.371138 | lr 3.015474e-04
Epoch 019 | batch 0070/0657 | loss 2.587474 | cmse 0.751184 | db 7.290914 | lr 3.018011e-04
Epoch 019 | batch 0080/0657 | loss 2.587010 | cmse 0.760916 | db 7.250640 | lr 3.020548e-04
Epoch 019 | batch 0090/0657 | loss 2.570406 | cmse 0.753964 | db 7.211728 | lr 3.023085e-04
Epoch 019 | batch 0100/0657 | loss 2.545998 | cmse 0.749052 | db 7.133696 | lr 3.025622e-04
Epoch 019 | batch 0110/0657 | loss 2.567614 | cmse 0.743540 | db 7.241751 | lr 3.028158e-04
Epoch 019 | batch 0120/0657 | loss 2.560320 | cmse 0.735693 | db 7.243645 | lr 3.030695e-04
Epoch 019 | batch 0130/0657 | loss 2.551855 | cmse 0.737255 | db 7.203323 | lr 3.033232e-04
Epoch 019 | batch 0140/0657 | loss 2.552136 | cmse 0.734606 | db 7.214957 | lr 3.035769e-04
Epoch 019 | batch 0150/0657 | loss 2.521379 | cmse 0.725820 | db 7.127532 | lr 3.038305e-04
Epoch 019 | batch 0160/0657 | loss 2.516410 | cmse 0.716653 | db 7.144614 | lr 3.040842e-04
Epoch 019 | batch 0170/0657 | loss 2.539327 | cmse 0.740276 | db 7.141948 | lr 3.043379e-04
Epoch 019 | batch 0180/0657 | loss 2.541008 | cmse 0.742629 | db 7.139285 | lr 3.045916e-04
Epoch 019 | batch 0190/0657 | loss 2.545289 | cmse 0.746738 | db 7.139801 | lr 3.048453e-04
Epoch 019 | batch 0200/0657 | loss 2.526528 | cmse 0.737282 | db 7.102700 | lr 3.050989e-04
Epoch 019 | batch 0210/0657 | loss 2.519529 | cmse 0.732970 | db 7.091751 | lr 3.053526e-04
Epoch 019 | batch 0220/0657 | loss 2.535575 | cmse 0.747043 | db 7.099573 | lr 3.056063e-04
Epoch 019 | batch 0230/0657 | loss 2.534088 | cmse 0.746323 | db 7.096254 | lr 3.058600e-04
Epoch 019 | batch 0240/0657 | loss 2.530590 | cmse 0.743862 | db 7.092211 | lr 3.061136e-04
Epoch 019 | batch 0250/0657 | loss 2.537094 | cmse 0.752361 | db 7.084290 | lr 3.063673e-04
Epoch 019 | batch 0260/0657 | loss 2.541997 | cmse 0.756785 | db 7.086128 | lr 3.066210e-04
Epoch 019 | batch 0270/0657 | loss 2.557188 | cmse 0.770376 | db 7.092548 | lr 3.068747e-04
Epoch 019 | batch 0280/0657 | loss 2.556690 | cmse 0.768803 | db 7.096672 | lr 3.071284e-04
Epoch 019 | batch 0290/0657 | loss 2.547367 | cmse 0.762390 | db 7.085158 | lr 3.073820e-04
Epoch 019 | batch 0300/0657 | loss 2.538446 | cmse 0.755936 | db 7.075238 | lr 3.076357e-04
Epoch 019 | batch 0310/0657 | loss 2.542370 | cmse 0.757879 | db 7.083187 | lr 3.078894e-04
Epoch 019 | batch 0320/0657 | loss 2.538097 | cmse 0.758985 | db 7.061760 | lr 3.081431e-04
Epoch 019 | batch 0330/0657 | loss 2.551772 | cmse 0.770089 | db 7.071922 | lr 3.083968e-04
Epoch 019 | batch 0340/0657 | loss 2.564174 | cmse 0.781093 | db 7.077418 | lr 3.086504e-04
Epoch 019 | batch 0350/0657 | loss 2.573649 | cmse 0.790390 | db 7.078050 | lr 3.089041e-04
Epoch 019 | batch 0360/0657 | loss 2.582012 | cmse 0.793987 | db 7.097132 | lr 3.091578e-04
Epoch 019 | batch 0370/0657 | loss 2.586967 | cmse 0.797450 | db 7.102996 | lr 3.094115e-04
Epoch 019 | batch 0380/0657 | loss 2.589058 | cmse 0.799717 | db 7.102178 | lr 3.096651e-04
Epoch 019 | batch 0390/0657 | loss 2.586352 | cmse 0.796812 | db 7.102980 | lr 3.099188e-04
Epoch 019 | batch 0400/0657 | loss 2.582195 | cmse 0.792786 | db 7.102330 | lr 3.101725e-04
Epoch 019 | batch 0410/0657 | loss 2.598579 | cmse 0.806047 | db 7.114699 | lr 3.104262e-04
Epoch 019 | batch 0420/0657 | loss 2.602211 | cmse 0.810810 | db 7.110088 | lr 3.106799e-04
Epoch 019 | batch 0430/0657 | loss 2.599082 | cmse 0.807340 | db 7.111519 | lr 3.109335e-04
Epoch 019 | batch 0440/0657 | loss 2.599240 | cmse 0.806889 | db 7.113961 | lr 3.111872e-04
Epoch 019 | batch 0450/0657 | loss 2.607675 | cmse 0.814301 | db 7.118009 | lr 3.114409e-04
Epoch 019 | batch 0460/0657 | loss 2.606805 | cmse 0.814550 | db 7.113528 | lr 3.116946e-04
Epoch 019 | batch 0470/0657 | loss 2.602104 | cmse 0.811633 | db 7.106502 | lr 3.119482e-04
Epoch 019 | batch 0480/0657 | loss 2.599372 | cmse 0.810374 | db 7.100592 | lr 3.122019e-04
Epoch 019 | batch 0490/0657 | loss 2.596336 | cmse 0.806289 | db 7.104748 | lr 3.124556e-04
Epoch 019 | batch 0500/0657 | loss 2.608382 | cmse 0.818306 | db 7.104873 | lr 3.127093e-04
Epoch 019 | batch 0510/0657 | loss 2.606487 | cmse 0.817777 | db 7.099522 | lr 3.129630e-04
Epoch 019 | batch 0520/0657 | loss 2.598093 | cmse 0.812324 | db 7.087826 | lr 3.132166e-04
Epoch 019 | batch 0530/0657 | loss 2.592177 | cmse 0.809344 | db 7.076202 | lr 3.134703e-04
Epoch 019 | batch 0540/0657 | loss 2.584408 | cmse 0.804067 | db 7.066214 | lr 3.137240e-04
Epoch 019 | batch 0550/0657 | loss 2.581219 | cmse 0.800639 | db 7.067158 | lr 3.139777e-04
Epoch 019 | batch 0560/0657 | loss 2.584609 | cmse 0.802060 | db 7.074968 | lr 3.142314e-04
Epoch 019 | batch 0570/0657 | loss 2.585480 | cmse 0.804461 | db 7.068913 | lr 3.144850e-04
Epoch 019 | batch 0580/0657 | loss 2.585403 | cmse 0.803700 | db 7.071564 | lr 3.147387e-04
Epoch 019 | batch 0590/0657 | loss 2.589790 | cmse 0.806943 | db 7.076191 | lr 3.149924e-04
Epoch 019 | batch 0600/0657 | loss 2.583876 | cmse 0.804256 | db 7.063371 | lr 3.152461e-04
Epoch 019 | batch 0610/0657 | loss 2.580761 | cmse 0.802428 | db 7.058236 | lr 3.154997e-04
Epoch 019 | batch 0620/0657 | loss 2.579132 | cmse 0.800534 | db 7.059259 | lr 3.157534e-04
Epoch 019 | batch 0630/0657 | loss 2.575892 | cmse 0.797502 | db 7.058400 | lr 3.160071e-04
Epoch 019 | batch 0640/0657 | loss 2.576722 | cmse 0.797192 | db 7.062855 | lr 3.162608e-04
Epoch 019 | batch 0650/0657 | loss 2.574594 | cmse 0.795117 | db 7.062612 | lr 3.165145e-04
Epoch 019 | train 2.577388 | val 2.494120 | cmse 0.790043 | db 6.762704
Epoch 020 | batch 0010/0657 | loss 2.483666 | cmse 0.686921 | db 7.134126 | lr 3.169457e-04
Epoch 020 | batch 0020/0657 | loss 2.511466 | cmse 0.733985 | db 7.055835 | lr 3.171994e-04
Epoch 020 | batch 0030/0657 | loss 2.509662 | cmse 0.725408 | db 7.082863 | lr 3.174531e-04
Epoch 020 | batch 0040/0657 | loss 2.593897 | cmse 0.793955 | db 7.145414 | lr 3.177067e-04
Epoch 020 | batch 0050/0657 | loss 2.646876 | cmse 0.852615 | db 7.122521 | lr 3.179604e-04
Epoch 020 | batch 0060/0657 | loss 2.605283 | cmse 0.835598 | db 7.024799 | lr 3.182141e-04
Epoch 020 | batch 0070/0657 | loss 2.556829 | cmse 0.819344 | db 6.896402 | lr 3.184678e-04
Epoch 020 | batch 0080/0657 | loss 2.596447 | cmse 0.843720 | db 6.957208 | lr 3.187215e-04
Epoch 020 | batch 0090/0657 | loss 2.622473 | cmse 0.854563 | db 7.017333 | lr 3.189751e-04
Epoch 020 | batch 0100/0657 | loss 2.579546 | cmse 0.837199 | db 6.915448 | lr 3.192288e-04
Epoch 020 | batch 0110/0657 | loss 2.570840 | cmse 0.818423 | db 6.956027 | lr 3.194825e-04
Epoch 020 | batch 0120/0657 | loss 2.559107 | cmse 0.803507 | db 6.968928 | lr 3.197362e-04
Epoch 020 | batch 0130/0657 | loss 2.533177 | cmse 0.783275 | db 6.946199 | lr 3.199899e-04
Epoch 020 | batch 0140/0657 | loss 2.527500 | cmse 0.771903 | db 6.968855 | lr 3.202435e-04
Epoch 020 | batch 0150/0657 | loss 2.522169 | cmse 0.765780 | db 6.972048 | lr 3.204972e-04
Epoch 020 | batch 0160/0657 | loss 2.511512 | cmse 0.753403 | db 6.978852 | lr 3.207509e-04
Epoch 020 | batch 0170/0657 | loss 2.505429 | cmse 0.748799 | db 6.973041 | lr 3.210046e-04
Epoch 020 | batch 0180/0657 | loss 2.495241 | cmse 0.740524 | db 6.965412 | lr 3.212582e-04
Epoch 020 | batch 0190/0657 | loss 2.486884 | cmse 0.737427 | db 6.944332 | lr 3.215119e-04
Epoch 020 | batch 0200/0657 | loss 2.502773 | cmse 0.747088 | db 6.969500 | lr 3.217656e-04
Epoch 020 | batch 0210/0657 | loss 2.519479 | cmse 0.759855 | db 6.985304 | lr 3.220193e-04
Epoch 020 | batch 0220/0657 | loss 2.526567 | cmse 0.767815 | db 6.981816 | lr 3.222730e-04
Epoch 020 | batch 0230/0657 | loss 2.519690 | cmse 0.762027 | db 6.977342 | lr 3.225266e-04
Epoch 020 | batch 0240/0657 | loss 2.511146 | cmse 0.761284 | db 6.946265 | lr 3.227803e-04
Epoch 020 | batch 0250/0657 | loss 2.510874 | cmse 0.761722 | db 6.943293 | lr 3.230340e-04
Epoch 020 | batch 0260/0657 | loss 2.509985 | cmse 0.761006 | db 6.942458 | lr 3.232877e-04
Epoch 020 | batch 0270/0657 | loss 2.503870 | cmse 0.753403 | db 6.948266 | lr 3.235413e-04
Epoch 020 | batch 0280/0657 | loss 2.488342 | cmse 0.745497 | db 6.917948 | lr 3.237950e-04
Epoch 020 | batch 0290/0657 | loss 2.485916 | cmse 0.742829 | db 6.918817 | lr 3.240487e-04
Epoch 020 | batch 0300/0657 | loss 2.482629 | cmse 0.737942 | db 6.925247 | lr 3.243024e-04
Epoch 020 | batch 0310/0657 | loss 2.475100 | cmse 0.732022 | db 6.918750 | lr 3.245561e-04
Epoch 020 | batch 0320/0657 | loss 2.466486 | cmse 0.725047 | db 6.912286 | lr 3.248097e-04
Epoch 020 | batch 0330/0657 | loss 2.466542 | cmse 0.725575 | db 6.910479 | lr 3.250634e-04
Epoch 020 | batch 0340/0657 | loss 2.465197 | cmse 0.721327 | db 6.922030 | lr 3.253171e-04
Epoch 020 | batch 0350/0657 | loss 2.464384 | cmse 0.720741 | db 6.921167 | lr 3.255708e-04
Epoch 020 | batch 0360/0657 | loss 2.459717 | cmse 0.716202 | db 6.920697 | lr 3.258245e-04
Epoch 020 | batch 0370/0657 | loss 2.456867 | cmse 0.712071 | db 6.925833 | lr 3.260781e-04
Epoch 020 | batch 0380/0657 | loss 2.452390 | cmse 0.709497 | db 6.918246 | lr 3.263318e-04
Epoch 020 | batch 0390/0657 | loss 2.450895 | cmse 0.709939 | db 6.910512 | lr 3.265855e-04
Epoch 020 | batch 0400/0657 | loss 2.466144 | cmse 0.713384 | db 6.957692 | lr 3.268392e-04
Epoch 020 | batch 0410/0657 | loss 2.469984 | cmse 0.714654 | db 6.967954 | lr 3.270928e-04
Epoch 020 | batch 0420/0657 | loss 2.475406 | cmse 0.717080 | db 6.979836 | lr 3.273465e-04
Epoch 020 | batch 0430/0657 | loss 2.479752 | cmse 0.721682 | db 6.978712 | lr 3.276002e-04
Epoch 020 | batch 0440/0657 | loss 2.475428 | cmse 0.719144 | db 6.971746 | lr 3.278539e-04
Epoch 020 | batch 0450/0657 | loss 2.475411 | cmse 0.717799 | db 6.976910 | lr 3.281076e-04
Epoch 020 | batch 0460/0657 | loss 2.473983 | cmse 0.717002 | db 6.974290 | lr 3.283612e-04
Epoch 020 | batch 0470/0657 | loss 2.470132 | cmse 0.713603 | db 6.972432 | lr 3.286149e-04
Epoch 020 | batch 0480/0657 | loss 2.468004 | cmse 0.711429 | db 6.972564 | lr 3.288686e-04
Epoch 020 | batch 0490/0657 | loss 2.468662 | cmse 0.712118 | db 6.972481 | lr 3.291223e-04
Epoch 020 | batch 0500/0657 | loss 2.475058 | cmse 0.717189 | db 6.977813 | lr 3.293760e-04
Epoch 020 | batch 0510/0657 | loss 2.467673 | cmse 0.715807 | db 6.953834 | lr 3.296296e-04
Epoch 020 | batch 0520/0657 | loss 2.469882 | cmse 0.715670 | db 6.963111 | lr 3.298833e-04
Epoch 020 | batch 0530/0657 | loss 2.469692 | cmse 0.715996 | db 6.961091 | lr 3.301370e-04
Epoch 020 | batch 0540/0657 | loss 2.473854 | cmse 0.720564 | db 6.959488 | lr 3.303907e-04
Epoch 020 | batch 0550/0657 | loss 2.470032 | cmse 0.718288 | db 6.953292 | lr 3.306443e-04
Epoch 020 | batch 0560/0657 | loss 2.468028 | cmse 0.716591 | db 6.952113 | lr 3.308980e-04
Epoch 020 | batch 0570/0657 | loss 2.467350 | cmse 0.716420 | db 6.950133 | lr 3.311517e-04
Epoch 020 | batch 0580/0657 | loss 2.468915 | cmse 0.716735 | db 6.955047 | lr 3.314054e-04
Epoch 020 | batch 0590/0657 | loss 2.473977 | cmse 0.720696 | db 6.959374 | lr 3.316591e-04
Epoch 020 | batch 0600/0657 | loss 2.470458 | cmse 0.718296 | db 6.954872 | lr 3.319127e-04
Epoch 020 | batch 0610/0657 | loss 2.469632 | cmse 0.717194 | db 6.955995 | lr 3.321664e-04
Epoch 020 | batch 0620/0657 | loss 2.459782 | cmse 0.713308 | db 6.932296 | lr 3.324201e-04
Epoch 020 | batch 0630/0657 | loss 2.454414 | cmse 0.710709 | db 6.921311 | lr 3.326738e-04
Epoch 020 | batch 0640/0657 | loss 2.452309 | cmse 0.708743 | db 6.920653 | lr 3.329274e-04
Epoch 020 | batch 0650/0657 | loss 2.450314 | cmse 0.707021 | db 6.919579 | lr 3.331811e-04
Epoch 020 | train 2.452080 | val 2.204197 | cmse 0.518469 | db 6.687595
Epoch 021 | batch 0010/0657 | loss 2.116927 | cmse 0.465950 | db 6.551781 | lr 3.336124e-04
Epoch 021 | batch 0020/0657 | loss 2.332587 | cmse 0.647733 | db 6.686790 | lr 3.338661e-04
Epoch 021 | batch 0030/0657 | loss 2.541144 | cmse 0.772957 | db 7.017901 | lr 3.341197e-04
Epoch 021 | batch 0040/0657 | loss 2.489531 | cmse 0.747908 | db 6.912145 | lr 3.343734e-04
Epoch 021 | batch 0050/0657 | loss 2.468506 | cmse 0.737011 | db 6.871741 | lr 3.346271e-04
Epoch 021 | batch 0060/0657 | loss 2.454111 | cmse 0.731178 | db 6.837785 | lr 3.348808e-04
Epoch 021 | batch 0070/0657 | loss 2.463943 | cmse 0.742485 | db 6.831613 | lr 3.351344e-04
Epoch 021 | batch 0080/0657 | loss 2.463365 | cmse 0.742252 | db 6.830452 | lr 3.353881e-04
Epoch 021 | batch 0090/0657 | loss 2.455101 | cmse 0.734217 | db 6.829906 | lr 3.356418e-04
Epoch 021 | batch 0100/0657 | loss 2.460495 | cmse 0.741208 | db 6.823825 | lr 3.358955e-04
Epoch 021 | batch 0110/0657 | loss 2.472692 | cmse 0.754884 | db 6.818037 | lr 3.361492e-04
Epoch 021 | batch 0120/0657 | loss 2.468342 | cmse 0.746109 | db 6.835906 | lr 3.364028e-04
Epoch 021 | batch 0130/0657 | loss 2.471276 | cmse 0.746941 | db 6.844407 | lr 3.366565e-04
Epoch 021 | batch 0140/0657 | loss 2.488605 | cmse 0.758461 | db 6.867404 | lr 3.369102e-04
Epoch 021 | batch 0150/0657 | loss 2.486116 | cmse 0.749436 | db 6.893536 | lr 3.371639e-04
Epoch 021 | batch 0160/0657 | loss 2.486752 | cmse 0.745933 | db 6.909937 | lr 3.374176e-04
Epoch 021 | batch 0170/0657 | loss 2.482725 | cmse 0.740738 | db 6.914594 | lr 3.376712e-04
Epoch 021 | batch 0180/0657 | loss 2.467125 | cmse 0.730521 | db 6.893100 | lr 3.379249e-04
Epoch 021 | batch 0190/0657 | loss 2.464518 | cmse 0.728469 | db 6.890819 | lr 3.381786e-04
Epoch 021 | batch 0200/0657 | loss 2.461744 | cmse 0.725315 | db 6.892312 | lr 3.384323e-04
Epoch 021 | batch 0210/0657 | loss 2.441239 | cmse 0.713848 | db 6.856536 | lr 3.386859e-04
Epoch 021 | batch 0220/0657 | loss 2.443575 | cmse 0.714157 | db 6.864631 | lr 3.389396e-04
Epoch 021 | batch 0230/0657 | loss 2.461443 | cmse 0.726053 | db 6.888567 | lr 3.391933e-04
Epoch 021 | batch 0240/0657 | loss 2.468445 | cmse 0.729324 | db 6.903374 | lr 3.394470e-04
Epoch 021 | batch 0250/0657 | loss 2.471180 | cmse 0.730859 | db 6.908226 | lr 3.397007e-04
Epoch 021 | batch 0260/0657 | loss 2.474913 | cmse 0.729041 | db 6.930238 | lr 3.399543e-04
Epoch 021 | batch 0270/0657 | loss 2.475011 | cmse 0.726617 | db 6.940172 | lr 3.402080e-04
Epoch 021 | batch 0280/0657 | loss 2.476967 | cmse 0.731700 | db 6.927965 | lr 3.404617e-04
Epoch 021 | batch 0290/0657 | loss 2.489517 | cmse 0.741554 | db 6.938694 | lr 3.407154e-04
Epoch 021 | batch 0300/0657 | loss 2.491586 | cmse 0.741513 | db 6.947039 | lr 3.409691e-04
Epoch 021 | batch 0310/0657 | loss 2.490287 | cmse 0.738109 | db 6.955395 | lr 3.412227e-04
Epoch 021 | batch 0320/0657 | loss 2.487892 | cmse 0.736325 | db 6.952832 | lr 3.414764e-04
Epoch 021 | batch 0330/0657 | loss 2.489019 | cmse 0.735129 | db 6.962003 | lr 3.417301e-04
Epoch 021 | batch 0340/0657 | loss 2.496168 | cmse 0.741201 | db 6.966159 | lr 3.419838e-04
Epoch 021 | batch 0350/0657 | loss 2.503130 | cmse 0.747491 | db 6.968803 | lr 3.422374e-04
Epoch 021 | batch 0360/0657 | loss 2.504761 | cmse 0.751379 | db 6.959966 | lr 3.424911e-04
Epoch 021 | batch 0370/0657 | loss 2.502082 | cmse 0.749522 | db 6.956613 | lr 3.427448e-04
Epoch 021 | batch 0380/0657 | loss 2.495187 | cmse 0.744684 | db 6.948314 | lr 3.429985e-04
Epoch 021 | batch 0390/0657 | loss 2.486112 | cmse 0.739998 | db 6.930827 | lr 3.432522e-04
Epoch 021 | batch 0400/0657 | loss 2.488180 | cmse 0.740949 | db 6.935200 | lr 3.435058e-04
Epoch 021 | batch 0410/0657 | loss 2.494203 | cmse 0.745557 | db 6.940871 | lr 3.437595e-04
Epoch 021 | batch 0420/0657 | loss 2.493216 | cmse 0.743565 | db 6.944931 | lr 3.440132e-04
Epoch 021 | batch 0430/0657 | loss 2.492013 | cmse 0.742479 | db 6.944394 | lr 3.442669e-04
Epoch 021 | batch 0440/0657 | loss 2.491329 | cmse 0.740175 | db 6.950814 | lr 3.445205e-04
Epoch 021 | batch 0450/0657 | loss 2.499798 | cmse 0.744226 | db 6.968369 | lr 3.447742e-04
Epoch 021 | batch 0460/0657 | loss 2.501964 | cmse 0.746699 | db 6.967041 | lr 3.450279e-04
Epoch 021 | batch 0470/0657 | loss 2.500525 | cmse 0.744645 | db 6.969530 | lr 3.452816e-04
Epoch 021 | batch 0480/0657 | loss 2.498840 | cmse 0.743311 | db 6.968078 | lr 3.455353e-04
Epoch 021 | batch 0490/0657 | loss 2.493088 | cmse 0.739170 | db 6.961641 | lr 3.457889e-04
Epoch 021 | batch 0500/0657 | loss 2.482452 | cmse 0.733722 | db 6.940986 | lr 3.460426e-04
Epoch 021 | batch 0510/0657 | loss 2.476687 | cmse 0.729351 | db 6.935453 | lr 3.462963e-04
Epoch 021 | batch 0520/0657 | loss 2.474174 | cmse 0.727243 | db 6.933818 | lr 3.465500e-04
Epoch 021 | batch 0530/0657 | loss 2.464663 | cmse 0.722450 | db 6.915001 | lr 3.468037e-04
Epoch 021 | batch 0540/0657 | loss 2.467066 | cmse 0.721687 | db 6.927714 | lr 3.470573e-04
Epoch 021 | batch 0550/0657 | loss 2.466812 | cmse 0.724114 | db 6.916933 | lr 3.473110e-04
Epoch 021 | batch 0560/0657 | loss 2.477958 | cmse 0.730230 | db 6.937021 | lr 3.475647e-04
Epoch 021 | batch 0570/0657 | loss 2.478710 | cmse 0.731651 | db 6.934349 | lr 3.478184e-04
Epoch 021 | batch 0580/0657 | loss 2.482354 | cmse 0.735893 | db 6.931774 | lr 3.480720e-04
Epoch 021 | batch 0590/0657 | loss 2.480167 | cmse 0.734090 | db 6.930239 | lr 3.483257e-04
Epoch 021 | batch 0600/0657 | loss 2.473751 | cmse 0.730993 | db 6.917030 | lr 3.485794e-04
Epoch 021 | batch 0610/0657 | loss 2.476836 | cmse 0.731640 | db 6.926715 | lr 3.488331e-04
Epoch 021 | batch 0620/0657 | loss 2.482924 | cmse 0.735885 | db 6.934021 | lr 3.490868e-04
Epoch 021 | batch 0630/0657 | loss 2.480789 | cmse 0.733982 | db 6.933131 | lr 3.493404e-04
Epoch 021 | batch 0640/0657 | loss 2.480085 | cmse 0.734428 | db 6.928489 | lr 3.495941e-04
Epoch 021 | batch 0650/0657 | loss 2.478747 | cmse 0.732127 | db 6.932445 | lr 3.498478e-04
Epoch 021 | train 2.473821 | val 2.338531 | cmse 0.699592 | db 6.496418
Epoch 022 | batch 0010/0657 | loss 2.574840 | cmse 0.780042 | db 7.124898 | lr 3.502790e-04
Epoch 022 | batch 0020/0657 | loss 2.362007 | cmse 0.682873 | db 6.666079 | lr 3.505327e-04
Epoch 022 | batch 0030/0657 | loss 2.309147 | cmse 0.681651 | db 6.462372 | lr 3.507864e-04
Epoch 022 | batch 0040/0657 | loss 2.321236 | cmse 0.667479 | db 6.566767 | lr 3.510401e-04
Epoch 022 | batch 0050/0657 | loss 2.323595 | cmse 0.666662 | db 6.578887 | lr 3.512938e-04
Epoch 022 | batch 0060/0657 | loss 2.332418 | cmse 0.656380 | db 6.654543 | lr 3.515474e-04
Epoch 022 | batch 0070/0657 | loss 2.365393 | cmse 0.681164 | db 6.686631 | lr 3.518011e-04
Epoch 022 | batch 0080/0657 | loss 2.356102 | cmse 0.673233 | db 6.680827 | lr 3.520548e-04
Epoch 022 | batch 0090/0657 | loss 2.354674 | cmse 0.663725 | db 6.712688 | lr 3.523085e-04
Epoch 022 | batch 0100/0657 | loss 2.343588 | cmse 0.659579 | db 6.684757 | lr 3.525622e-04
Epoch 022 | batch 0110/0657 | loss 2.375325 | cmse 0.678945 | db 6.733968 | lr 3.528158e-04
Epoch 022 | batch 0120/0657 | loss 2.377052 | cmse 0.673883 | db 6.761114 | lr 3.530695e-04
Epoch 022 | batch 0130/0657 | loss 2.379760 | cmse 0.663575 | db 6.812392 | lr 3.533232e-04
Epoch 022 | batch 0140/0657 | loss 2.394281 | cmse 0.676230 | db 6.819330 | lr 3.535769e-04
Epoch 022 | batch 0150/0657 | loss 2.404646 | cmse 0.676913 | db 6.857682 | lr 3.538305e-04
Epoch 022 | batch 0160/0657 | loss 2.408555 | cmse 0.676047 | db 6.876789 | lr 3.540842e-04
Epoch 022 | batch 0170/0657 | loss 2.417093 | cmse 0.681546 | db 6.889119 | lr 3.543379e-04
Epoch 022 | batch 0180/0657 | loss 2.395532 | cmse 0.671568 | db 6.843158 | lr 3.545916e-04
Epoch 022 | batch 0190/0657 | loss 2.401943 | cmse 0.668071 | db 6.883037 | lr 3.548453e-04
Epoch 022 | batch 0200/0657 | loss 2.409243 | cmse 0.667686 | db 6.914011 | lr 3.550989e-04
Epoch 022 | batch 0210/0657 | loss 2.416597 | cmse 0.673380 | db 6.920683 | lr 3.553526e-04
Epoch 022 | batch 0220/0657 | loss 2.401757 | cmse 0.662218 | db 6.906272 | lr 3.556063e-04
Epoch 022 | batch 0230/0657 | loss 2.405548 | cmse 0.662428 | db 6.920310 | lr 3.558600e-04
Epoch 022 | batch 0240/0657 | loss 2.410908 | cmse 0.664057 | db 6.935353 | lr 3.561136e-04
Epoch 022 | batch 0250/0657 | loss 2.431361 | cmse 0.676312 | db 6.968032 | lr 3.563673e-04
Epoch 022 | batch 0260/0657 | loss 2.445175 | cmse 0.681528 | db 7.002111 | lr 3.566210e-04
Epoch 022 | batch 0270/0657 | loss 2.444498 | cmse 0.679844 | db 7.005973 | lr 3.568747e-04
Epoch 022 | batch 0280/0657 | loss 2.435602 | cmse 0.675807 | db 6.986639 | lr 3.571284e-04
Epoch 022 | batch 0290/0657 | loss 2.432373 | cmse 0.673843 | db 6.981591 | lr 3.573820e-04
Epoch 022 | batch 0300/0657 | loss 2.429651 | cmse 0.672381 | db 6.976530 | lr 3.576357e-04
Epoch 022 | batch 0310/0657 | loss 2.429217 | cmse 0.672837 | db 6.972830 | lr 3.578894e-04
Epoch 022 | batch 0320/0657 | loss 2.428861 | cmse 0.672473 | db 6.972818 | lr 3.581431e-04
Epoch 022 | batch 0330/0657 | loss 2.423667 | cmse 0.669541 | db 6.963673 | lr 3.583968e-04
Epoch 022 | batch 0340/0657 | loss 2.422446 | cmse 0.666910 | db 6.969298 | lr 3.586504e-04
Epoch 022 | batch 0350/0657 | loss 2.431938 | cmse 0.674690 | db 6.976267 | lr 3.589041e-04
Epoch 022 | batch 0360/0657 | loss 2.437635 | cmse 0.674902 | db 6.998192 | lr 3.591578e-04
Epoch 022 | batch 0370/0657 | loss 2.436304 | cmse 0.674782 | db 6.993137 | lr 3.594115e-04
Epoch 022 | batch 0380/0657 | loss 2.431564 | cmse 0.671679 | db 6.986607 | lr 3.596651e-04
Epoch 022 | batch 0390/0657 | loss 2.435368 | cmse 0.675252 | db 6.987509 | lr 3.599188e-04
Epoch 022 | batch 0400/0657 | loss 2.435425 | cmse 0.678064 | db 6.976529 | lr 3.601725e-04
Epoch 022 | batch 0410/0657 | loss 2.441633 | cmse 0.682583 | db 6.983379 | lr 3.604262e-04
Epoch 022 | batch 0420/0657 | loss 2.445247 | cmse 0.686562 | db 6.981959 | lr 3.606799e-04
Epoch 022 | batch 0430/0657 | loss 2.447790 | cmse 0.688202 | db 6.985360 | lr 3.609335e-04
Epoch 022 | batch 0440/0657 | loss 2.442502 | cmse 0.685475 | db 6.975218 | lr 3.611872e-04
Epoch 022 | batch 0450/0657 | loss 2.435960 | cmse 0.681483 | db 6.965197 | lr 3.614409e-04
Epoch 022 | batch 0460/0657 | loss 2.426627 | cmse 0.677959 | db 6.942062 | lr 3.616946e-04
Epoch 022 | batch 0470/0657 | loss 2.429990 | cmse 0.682874 | db 6.935773 | lr 3.619482e-04
Epoch 022 | batch 0480/0657 | loss 2.429792 | cmse 0.682084 | db 6.938114 | lr 3.622019e-04
Epoch 022 | batch 0490/0657 | loss 2.431435 | cmse 0.684485 | db 6.935048 | lr 3.624556e-04
Epoch 022 | batch 0500/0657 | loss 2.423285 | cmse 0.680564 | db 6.918265 | lr 3.627093e-04
Epoch 022 | batch 0510/0657 | loss 2.415783 | cmse 0.677874 | db 6.899086 | lr 3.629630e-04
Epoch 022 | batch 0520/0657 | loss 2.415409 | cmse 0.676343 | db 6.903673 | lr 3.632166e-04
Epoch 022 | batch 0530/0657 | loss 2.414507 | cmse 0.676607 | db 6.899036 | lr 3.634703e-04
Epoch 022 | batch 0540/0657 | loss 2.411716 | cmse 0.675816 | db 6.891112 | lr 3.637240e-04
Epoch 022 | batch 0550/0657 | loss 2.406244 | cmse 0.673730 | db 6.877610 | lr 3.639777e-04
Epoch 022 | batch 0560/0657 | loss 2.407045 | cmse 0.673469 | db 6.881762 | lr 3.642314e-04
Epoch 022 | batch 0570/0657 | loss 2.407235 | cmse 0.672618 | db 6.885824 | lr 3.644850e-04
Epoch 022 | batch 0580/0657 | loss 2.402844 | cmse 0.670320 | db 6.877489 | lr 3.647387e-04
Epoch 022 | batch 0590/0657 | loss 2.401578 | cmse 0.669551 | db 6.875501 | lr 3.649924e-04
Epoch 022 | batch 0600/0657 | loss 2.403736 | cmse 0.672148 | db 6.873755 | lr 3.652461e-04
Epoch 022 | batch 0610/0657 | loss 2.404482 | cmse 0.672671 | db 6.874671 | lr 3.654997e-04
Epoch 022 | batch 0620/0657 | loss 2.397637 | cmse 0.669550 | db 6.859873 | lr 3.657534e-04
Epoch 022 | batch 0630/0657 | loss 2.396984 | cmse 0.668747 | db 6.860416 | lr 3.660071e-04
Epoch 022 | batch 0640/0657 | loss 2.404621 | cmse 0.673824 | db 6.870595 | lr 3.662608e-04
Epoch 022 | batch 0650/0657 | loss 2.402953 | cmse 0.674741 | db 6.860288 | lr 3.665145e-04
Epoch 022 | train 2.402385 | val 2.166815 | cmse 0.437450 | db 6.862673
  saved checkpoint: weights/R5O_no_PINN/gnn_fedformer_r5_full_best.ckpt
Epoch 023 | batch 0010/0657 | loss 2.389851 | cmse 0.688790 | db 6.750717 | lr 3.669457e-04
Epoch 023 | batch 0020/0657 | loss 2.409432 | cmse 0.667874 | db 6.912416 | lr 3.671994e-04
Epoch 023 | batch 0030/0657 | loss 2.424011 | cmse 0.666103 | db 6.977483 | lr 3.674531e-04
Epoch 023 | batch 0040/0657 | loss 2.371967 | cmse 0.631933 | db 6.905765 | lr 3.677067e-04
Epoch 023 | batch 0050/0657 | loss 2.337957 | cmse 0.615795 | db 6.834884 | lr 3.679604e-04
Epoch 023 | batch 0060/0657 | loss 2.310789 | cmse 0.592315 | db 6.820327 | lr 3.682141e-04
Epoch 023 | batch 0070/0657 | loss 2.311582 | cmse 0.595063 | db 6.811840 | lr 3.684678e-04
Epoch 023 | batch 0080/0657 | loss 2.302372 | cmse 0.588870 | db 6.800092 | lr 3.687215e-04
Epoch 023 | batch 0090/0657 | loss 2.316487 | cmse 0.603257 | db 6.799476 | lr 3.689751e-04
Epoch 023 | batch 0100/0657 | loss 2.297396 | cmse 0.594068 | db 6.760796 | lr 3.692288e-04
Epoch 023 | batch 0110/0657 | loss 2.314422 | cmse 0.610928 | db 6.761215 | lr 3.694825e-04
Epoch 023 | batch 0120/0657 | loss 2.338217 | cmse 0.625945 | db 6.795683 | lr 3.697362e-04
Epoch 023 | batch 0130/0657 | loss 2.333495 | cmse 0.623499 | db 6.786708 | lr 3.699899e-04
Epoch 023 | batch 0140/0657 | loss 2.346913 | cmse 0.632366 | db 6.804615 | lr 3.702435e-04
Epoch 023 | batch 0150/0657 | loss 2.377525 | cmse 0.656836 | db 6.829437 | lr 3.704972e-04
Epoch 023 | batch 0160/0657 | loss 2.419084 | cmse 0.680183 | db 6.902340 | lr 3.707509e-04
Epoch 023 | batch 0170/0657 | loss 2.431397 | cmse 0.687273 | db 6.923395 | lr 3.710046e-04
Epoch 023 | batch 0180/0657 | loss 2.426844 | cmse 0.683440 | db 6.920636 | lr 3.712582e-04
Epoch 023 | batch 0190/0657 | loss 2.438338 | cmse 0.695207 | db 6.919603 | lr 3.715119e-04
Epoch 023 | batch 0200/0657 | loss 2.429721 | cmse 0.694212 | db 6.889516 | lr 3.717656e-04
Epoch 023 | batch 0210/0657 | loss 2.417657 | cmse 0.689294 | db 6.860966 | lr 3.720193e-04
Epoch 023 | batch 0220/0657 | loss 2.411124 | cmse 0.683046 | db 6.859611 | lr 3.722730e-04
Epoch 023 | batch 0230/0657 | loss 2.390933 | cmse 0.675400 | db 6.809766 | lr 3.725266e-04
Epoch 023 | batch 0240/0657 | loss 2.387393 | cmse 0.672422 | db 6.807440 | lr 3.727803e-04
Epoch 023 | batch 0250/0657 | loss 2.385773 | cmse 0.670524 | db 6.808540 | lr 3.730340e-04
Epoch 023 | batch 0260/0657 | loss 2.381993 | cmse 0.666593 | db 6.808965 | lr 3.732877e-04
Epoch 023 | batch 0270/0657 | loss 2.372694 | cmse 0.662925 | db 6.786596 | lr 3.735413e-04
Epoch 023 | batch 0280/0657 | loss 2.366505 | cmse 0.655274 | db 6.792762 | lr 3.737950e-04
Epoch 023 | batch 0290/0657 | loss 2.364901 | cmse 0.653168 | db 6.794785 | lr 3.740487e-04
Epoch 023 | batch 0300/0657 | loss 2.370368 | cmse 0.653790 | db 6.814022 | lr 3.743024e-04
Epoch 023 | batch 0310/0657 | loss 2.369408 | cmse 0.652150 | db 6.816792 | lr 3.745561e-04
Epoch 023 | batch 0320/0657 | loss 2.359735 | cmse 0.647908 | db 6.795382 | lr 3.748097e-04
Epoch 023 | batch 0330/0657 | loss 2.359398 | cmse 0.649330 | db 6.788419 | lr 3.750634e-04
Epoch 023 | batch 0340/0657 | loss 2.362674 | cmse 0.649387 | db 6.801237 | lr 3.753171e-04
Epoch 023 | batch 0350/0657 | loss 2.366229 | cmse 0.648444 | db 6.819243 | lr 3.755708e-04
Epoch 023 | batch 0360/0657 | loss 2.376783 | cmse 0.658077 | db 6.822897 | lr 3.758245e-04
Epoch 023 | batch 0370/0657 | loss 2.376850 | cmse 0.656766 | db 6.828371 | lr 3.760781e-04
Epoch 023 | batch 0380/0657 | loss 2.378142 | cmse 0.660297 | db 6.819375 | lr 3.763318e-04
Epoch 023 | batch 0390/0657 | loss 2.378644 | cmse 0.659720 | db 6.823588 | lr 3.765855e-04
Epoch 023 | batch 0400/0657 | loss 2.379764 | cmse 0.661022 | db 6.822834 | lr 3.768392e-04
Epoch 023 | batch 0410/0657 | loss 2.380758 | cmse 0.662279 | db 6.821778 | lr 3.770928e-04
Epoch 023 | batch 0420/0657 | loss 2.383791 | cmse 0.665332 | db 6.821641 | lr 3.773465e-04
Epoch 023 | batch 0430/0657 | loss 2.387046 | cmse 0.668503 | db 6.822013 | lr 3.776002e-04
Epoch 023 | batch 0440/0657 | loss 2.385229 | cmse 0.667210 | db 6.819900 | lr 3.778539e-04
Epoch 023 | batch 0450/0657 | loss 2.386086 | cmse 0.667565 | db 6.821908 | lr 3.781076e-04
Epoch 023 | batch 0460/0657 | loss 2.390357 | cmse 0.666371 | db 6.843855 | lr 3.783612e-04
Epoch 023 | batch 0470/0657 | loss 2.389740 | cmse 0.666140 | db 6.842329 | lr 3.786149e-04
Epoch 023 | batch 0480/0657 | loss 2.394973 | cmse 0.670123 | db 6.847348 | lr 3.788686e-04
Epoch 023 | batch 0490/0657 | loss 2.393103 | cmse 0.668675 | db 6.845658 | lr 3.791223e-04
Epoch 023 | batch 0500/0657 | loss 2.380547 | cmse 0.665121 | db 6.809899 | lr 3.793760e-04
Epoch 023 | batch 0510/0657 | loss 2.380080 | cmse 0.663116 | db 6.816082 | lr 3.796296e-04
Epoch 023 | batch 0520/0657 | loss 2.380896 | cmse 0.662933 | db 6.820023 | lr 3.798833e-04
Epoch 023 | batch 0530/0657 | loss 2.382292 | cmse 0.664186 | db 6.820545 | lr 3.801370e-04
Epoch 023 | batch 0540/0657 | loss 2.385693 | cmse 0.666603 | db 6.824337 | lr 3.803907e-04
Epoch 023 | batch 0550/0657 | loss 2.379097 | cmse 0.661860 | db 6.817078 | lr 3.806443e-04
Epoch 023 | batch 0560/0657 | loss 2.378525 | cmse 0.661054 | db 6.817836 | lr 3.808980e-04
Epoch 023 | batch 0570/0657 | loss 2.377631 | cmse 0.660440 | db 6.816783 | lr 3.811517e-04
Epoch 023 | batch 0580/0657 | loss 2.384176 | cmse 0.663112 | db 6.831909 | lr 3.814054e-04
Epoch 023 | batch 0590/0657 | loss 2.387229 | cmse 0.663813 | db 6.841273 | lr 3.816591e-04
Epoch 023 | batch 0600/0657 | loss 2.388212 | cmse 0.663020 | db 6.848418 | lr 3.819127e-04
Epoch 023 | batch 0610/0657 | loss 2.384422 | cmse 0.661516 | db 6.839361 | lr 3.821664e-04
Epoch 023 | batch 0620/0657 | loss 2.383754 | cmse 0.660754 | db 6.839733 | lr 3.824201e-04
Epoch 023 | batch 0630/0657 | loss 2.383234 | cmse 0.660976 | db 6.836805 | lr 3.826738e-04
Epoch 023 | batch 0640/0657 | loss 2.383130 | cmse 0.660113 | db 6.839852 | lr 3.829274e-04
Epoch 023 | batch 0650/0657 | loss 2.382633 | cmse 0.660815 | db 6.835049 | lr 3.831811e-04
Epoch 023 | train 2.382388 | val 2.218685 | cmse 0.521928 | db 6.733483
Epoch 024 | batch 0010/0657 | loss 2.276479 | cmse 0.617337 | db 6.579038 | lr 3.836124e-04
Epoch 024 | batch 0020/0657 | loss 2.310801 | cmse 0.598121 | db 6.796713 | lr 3.838661e-04
Epoch 024 | batch 0030/0657 | loss 2.197604 | cmse 0.560571 | db 6.497642 | lr 3.841197e-04
Epoch 024 | batch 0040/0657 | loss 2.268311 | cmse 0.546600 | db 6.834332 | lr 3.843734e-04
Epoch 024 | batch 0050/0657 | loss 2.294213 | cmse 0.551274 | db 6.918399 | lr 3.846271e-04
Epoch 024 | batch 0060/0657 | loss 2.323001 | cmse 0.569811 | db 6.959794 | lr 3.848808e-04
Epoch 024 | batch 0070/0657 | loss 2.362119 | cmse 0.612918 | db 6.943275 | lr 3.851344e-04
Epoch 024 | batch 0080/0657 | loss 2.407038 | cmse 0.647103 | db 6.986164 | lr 3.853881e-04
Epoch 024 | batch 0090/0657 | loss 2.396710 | cmse 0.647355 | db 6.943798 | lr 3.856418e-04
Epoch 024 | batch 0100/0657 | loss 2.379990 | cmse 0.640447 | db 6.904664 | lr 3.858955e-04
Epoch 024 | batch 0110/0657 | loss 2.388646 | cmse 0.643967 | db 6.925208 | lr 3.861492e-04
Epoch 024 | batch 0120/0657 | loss 2.381934 | cmse 0.644207 | db 6.897362 | lr 3.864028e-04
Epoch 024 | batch 0130/0657 | loss 2.388653 | cmse 0.649298 | db 6.903493 | lr 3.866565e-04
Epoch 024 | batch 0140/0657 | loss 2.395940 | cmse 0.648879 | db 6.934273 | lr 3.869102e-04
Epoch 024 | batch 0150/0657 | loss 2.396122 | cmse 0.656774 | db 6.903244 | lr 3.871639e-04
Epoch 024 | batch 0160/0657 | loss 2.388359 | cmse 0.659961 | db 6.859898 | lr 3.874176e-04
Epoch 024 | batch 0170/0657 | loss 2.368837 | cmse 0.649618 | db 6.823624 | lr 3.876712e-04
Epoch 024 | batch 0180/0657 | loss 2.361623 | cmse 0.649526 | db 6.795469 | lr 3.879249e-04
Epoch 024 | batch 0190/0657 | loss 2.366013 | cmse 0.648458 | db 6.817526 | lr 3.881786e-04
Epoch 024 | batch 0200/0657 | loss 2.366114 | cmse 0.644769 | db 6.832463 | lr 3.884323e-04
Epoch 024 | batch 0210/0657 | loss 2.349706 | cmse 0.638996 | db 6.790088 | lr 3.886859e-04
Epoch 024 | batch 0220/0657 | loss 2.347213 | cmse 0.641036 | db 6.771888 | lr 3.889396e-04
Epoch 024 | batch 0230/0657 | loss 2.365912 | cmse 0.637562 | db 6.860583 | lr 3.891933e-04
Epoch 024 | batch 0240/0657 | loss 2.384953 | cmse 0.638295 | db 6.933410 | lr 3.894470e-04
Epoch 024 | batch 0250/0657 | loss 2.402297 | cmse 0.641755 | db 6.988637 | lr 3.897007e-04
Epoch 024 | batch 0260/0657 | loss 2.412481 | cmse 0.642295 | db 7.026973 | lr 3.899543e-04
Epoch 024 | batch 0270/0657 | loss 2.421080 | cmse 0.644121 | db 7.053912 | lr 3.902080e-04
Epoch 024 | batch 0280/0657 | loss 2.426176 | cmse 0.648191 | db 7.057912 | lr 3.904617e-04
Epoch 024 | batch 0290/0657 | loss 2.428041 | cmse 0.646183 | db 7.073385 | lr 3.907154e-04
Epoch 024 | batch 0300/0657 | loss 2.428772 | cmse 0.645122 | db 7.080579 | lr 3.909691e-04
Epoch 024 | batch 0310/0657 | loss 2.431038 | cmse 0.644976 | db 7.090116 | lr 3.912227e-04
Epoch 024 | batch 0320/0657 | loss 2.427745 | cmse 0.646173 | db 7.072358 | lr 3.914764e-04
Epoch 024 | batch 0330/0657 | loss 2.431039 | cmse 0.647840 | db 7.078829 | lr 3.917301e-04
Epoch 024 | batch 0340/0657 | loss 2.430566 | cmse 0.648353 | db 7.074721 | lr 3.919838e-04
Epoch 024 | batch 0350/0657 | loss 2.426712 | cmse 0.645001 | db 7.072694 | lr 3.922374e-04
Epoch 024 | batch 0360/0657 | loss 2.428749 | cmse 0.646071 | db 7.076610 | lr 3.924911e-04
Epoch 024 | batch 0370/0657 | loss 2.434279 | cmse 0.650963 | db 7.079127 | lr 3.927448e-04
Epoch 024 | batch 0380/0657 | loss 2.437624 | cmse 0.653499 | db 7.082276 | lr 3.929985e-04
Epoch 024 | batch 0390/0657 | loss 2.435680 | cmse 0.652021 | db 7.080316 | lr 3.932522e-04
Epoch 024 | batch 0400/0657 | loss 2.432661 | cmse 0.649227 | db 7.079460 | lr 3.935058e-04
Epoch 024 | batch 0410/0657 | loss 2.435259 | cmse 0.650547 | db 7.084587 | lr 3.937595e-04
Epoch 024 | batch 0420/0657 | loss 2.441987 | cmse 0.656809 | db 7.086524 | lr 3.940132e-04
Epoch 024 | batch 0430/0657 | loss 2.436824 | cmse 0.655811 | db 7.069904 | lr 3.942669e-04
Epoch 024 | batch 0440/0657 | loss 2.436243 | cmse 0.656527 | db 7.064804 | lr 3.945205e-04
Epoch 024 | batch 0450/0657 | loss 2.428311 | cmse 0.654854 | db 7.039914 | lr 3.947742e-04
Epoch 024 | batch 0460/0657 | loss 2.429064 | cmse 0.656480 | db 7.036522 | lr 3.950279e-04
Epoch 024 | batch 0470/0657 | loss 2.427949 | cmse 0.655393 | db 7.036510 | lr 3.952816e-04
Epoch 024 | batch 0480/0657 | loss 2.426535 | cmse 0.653090 | db 7.040079 | lr 3.955353e-04
Epoch 024 | batch 0490/0657 | loss 2.427058 | cmse 0.652929 | db 7.042695 | lr 3.957889e-04
Epoch 024 | batch 0500/0657 | loss 2.425252 | cmse 0.651593 | db 7.040759 | lr 3.960426e-04
Epoch 024 | batch 0510/0657 | loss 2.427083 | cmse 0.650571 | db 7.052169 | lr 3.962963e-04
Epoch 024 | batch 0520/0657 | loss 2.426363 | cmse 0.648524 | db 7.057587 | lr 3.965500e-04
Epoch 024 | batch 0530/0657 | loss 2.427622 | cmse 0.649102 | db 7.060232 | lr 3.968037e-04
Epoch 024 | batch 0540/0657 | loss 2.428488 | cmse 0.649700 | db 7.061252 | lr 3.970573e-04
Epoch 024 | batch 0550/0657 | loss 2.431504 | cmse 0.651044 | db 7.067830 | lr 3.973110e-04
Epoch 024 | batch 0560/0657 | loss 2.437235 | cmse 0.656395 | db 7.069302 | lr 3.975647e-04
Epoch 024 | batch 0570/0657 | loss 2.438373 | cmse 0.657222 | db 7.070604 | lr 3.978184e-04
Epoch 024 | batch 0580/0657 | loss 2.435711 | cmse 0.656659 | db 7.062323 | lr 3.980720e-04
Epoch 024 | batch 0590/0657 | loss 2.443552 | cmse 0.661664 | db 7.073565 | lr 3.983257e-04
Epoch 024 | batch 0600/0657 | loss 2.446791 | cmse 0.664832 | db 7.073833 | lr 3.985794e-04
Epoch 024 | batch 0610/0657 | loss 2.446367 | cmse 0.663477 | db 7.077583 | lr 3.988331e-04
Epoch 024 | batch 0620/0657 | loss 2.449966 | cmse 0.666316 | db 7.080661 | lr 3.990868e-04
Epoch 024 | batch 0630/0657 | loss 2.449273 | cmse 0.666572 | db 7.076893 | lr 3.993404e-04
Epoch 024 | batch 0640/0657 | loss 2.451094 | cmse 0.667237 | db 7.081492 | lr 3.995941e-04
Epoch 024 | batch 0650/0657 | loss 2.454736 | cmse 0.669331 | db 7.087663 | lr 3.998478e-04
Epoch 024 | train 2.455493 | val 2.699546 | cmse 0.906564 | db 7.116879
Epoch 025 | batch 0010/0657 | loss 2.607064 | cmse 0.813503 | db 7.116399 | lr 4.002790e-04
Epoch 025 | batch 0020/0657 | loss 2.458907 | cmse 0.688338 | db 7.028047 | lr 4.005327e-04
Epoch 025 | batch 0030/0657 | loss 2.417485 | cmse 0.682866 | db 6.883735 | lr 4.007864e-04
Epoch 025 | batch 0040/0657 | loss 2.370818 | cmse 0.647616 | db 6.838165 | lr 4.010401e-04
Epoch 025 | batch 0050/0657 | loss 2.352025 | cmse 0.622155 | db 6.863822 | lr 4.012938e-04
Epoch 025 | batch 0060/0657 | loss 2.319004 | cmse 0.608330 | db 6.786836 | lr 4.015474e-04
Epoch 025 | batch 0070/0657 | loss 2.333503 | cmse 0.611226 | db 6.833441 | lr 4.018011e-04
Epoch 025 | batch 0080/0657 | loss 2.357849 | cmse 0.648087 | db 6.784247 | lr 4.020548e-04
Epoch 025 | batch 0090/0657 | loss 2.373892 | cmse 0.662031 | db 6.792907 | lr 4.023085e-04
Epoch 025 | batch 0100/0657 | loss 2.380976 | cmse 0.657065 | db 6.840046 | lr 4.025622e-04
Epoch 025 | batch 0110/0657 | loss 2.378675 | cmse 0.654752 | db 6.840786 | lr 4.028158e-04
Epoch 025 | batch 0120/0657 | loss 2.380086 | cmse 0.650457 | db 6.863827 | lr 4.030695e-04
Epoch 025 | batch 0130/0657 | loss 2.379293 | cmse 0.643717 | db 6.887974 | lr 4.033232e-04
Epoch 025 | batch 0140/0657 | loss 2.357610 | cmse 0.635027 | db 6.836267 | lr 4.035769e-04
Epoch 025 | batch 0150/0657 | loss 2.340949 | cmse 0.626618 | db 6.803658 | lr 4.038305e-04
Epoch 025 | batch 0160/0657 | loss 2.338495 | cmse 0.622953 | db 6.808608 | lr 4.040842e-04
Epoch 025 | batch 0170/0657 | loss 2.323776 | cmse 0.611175 | db 6.797074 | lr 4.043379e-04
Epoch 025 | batch 0180/0657 | loss 2.335470 | cmse 0.615579 | db 6.826302 | lr 4.045916e-04
Epoch 025 | batch 0190/0657 | loss 2.358973 | cmse 0.628796 | db 6.867243 | lr 4.048453e-04
Epoch 025 | batch 0200/0657 | loss 2.375029 | cmse 0.636636 | db 6.900024 | lr 4.050989e-04
Epoch 025 | batch 0210/0657 | loss 2.376609 | cmse 0.635910 | db 6.909234 | lr 4.053526e-04
Epoch 025 | batch 0220/0657 | loss 2.384004 | cmse 0.634418 | db 6.944753 | lr 4.056063e-04
Epoch 025 | batch 0230/0657 | loss 2.383673 | cmse 0.637082 | db 6.932659 | lr 4.058600e-04
Epoch 025 | batch 0240/0657 | loss 2.377813 | cmse 0.632434 | db 6.927681 | lr 4.061136e-04
Epoch 025 | batch 0250/0657 | loss 2.370609 | cmse 0.629270 | db 6.911638 | lr 4.063673e-04
Epoch 025 | batch 0260/0657 | loss 2.371274 | cmse 0.628807 | db 6.916081 | lr 4.066210e-04
Epoch 025 | batch 0270/0657 | loss 2.367305 | cmse 0.625232 | db 6.914542 | lr 4.068747e-04
Epoch 025 | batch 0280/0657 | loss 2.355289 | cmse 0.620028 | db 6.887412 | lr 4.071284e-04
Epoch 025 | batch 0290/0657 | loss 2.349522 | cmse 0.615749 | db 6.881395 | lr 4.073820e-04
Epoch 025 | batch 0300/0657 | loss 2.345767 | cmse 0.613950 | db 6.873538 | lr 4.076357e-04
Epoch 025 | batch 0310/0657 | loss 2.343061 | cmse 0.612234 | db 6.869513 | lr 4.078894e-04
Epoch 025 | batch 0320/0657 | loss 2.341174 | cmse 0.611846 | db 6.863617 | lr 4.081431e-04
Epoch 025 | batch 0330/0657 | loss 2.340890 | cmse 0.611073 | db 6.865647 | lr 4.083968e-04
Epoch 025 | batch 0340/0657 | loss 2.340814 | cmse 0.609538 | db 6.871542 | lr 4.086504e-04
Epoch 025 | batch 0350/0657 | loss 2.344082 | cmse 0.613192 | db 6.870074 | lr 4.089041e-04
Epoch 025 | batch 0360/0657 | loss 2.344288 | cmse 0.613722 | db 6.868769 | lr 4.091578e-04
Epoch 025 | batch 0370/0657 | loss 2.342308 | cmse 0.611810 | db 6.868485 | lr 4.094115e-04
Epoch 025 | batch 0380/0657 | loss 2.334236 | cmse 0.607235 | db 6.854608 | lr 4.096651e-04
Epoch 025 | batch 0390/0657 | loss 2.329567 | cmse 0.605103 | db 6.844516 | lr 4.099188e-04
Epoch 025 | batch 0400/0657 | loss 2.325998 | cmse 0.606284 | db 6.825709 | lr 4.101725e-04
Epoch 025 | batch 0410/0657 | loss 2.326050 | cmse 0.605852 | db 6.827659 | lr 4.104262e-04
Epoch 025 | batch 0420/0657 | loss 2.321199 | cmse 0.603460 | db 6.817868 | lr 4.106799e-04
Epoch 025 | batch 0430/0657 | loss 2.325082 | cmse 0.605734 | db 6.824316 | lr 4.109335e-04
Epoch 025 | batch 0440/0657 | loss 2.321575 | cmse 0.604307 | db 6.816202 | lr 4.111872e-04
Epoch 025 | batch 0450/0657 | loss 2.320164 | cmse 0.603976 | db 6.811918 | lr 4.114409e-04
Epoch 025 | batch 0460/0657 | loss 2.323284 | cmse 0.607336 | db 6.810904 | lr 4.116946e-04
Epoch 025 | batch 0470/0657 | loss 2.324801 | cmse 0.608791 | db 6.811257 | lr 4.119482e-04
Epoch 025 | batch 0480/0657 | loss 2.328053 | cmse 0.610417 | db 6.817797 | lr 4.122019e-04
Epoch 025 | batch 0490/0657 | loss 2.331046 | cmse 0.613546 | db 6.817261 | lr 4.124556e-04
Epoch 025 | batch 0500/0657 | loss 2.328260 | cmse 0.613559 | db 6.806171 | lr 4.127093e-04
Epoch 025 | batch 0510/0657 | loss 2.327578 | cmse 0.613208 | db 6.804889 | lr 4.129630e-04
Epoch 025 | batch 0520/0657 | loss 2.326772 | cmse 0.612937 | db 6.802732 | lr 4.132166e-04
Epoch 025 | batch 0530/0657 | loss 2.320130 | cmse 0.610009 | db 6.787877 | lr 4.134703e-04
Epoch 025 | batch 0540/0657 | loss 2.319739 | cmse 0.609639 | db 6.787761 | lr 4.137240e-04
Epoch 025 | batch 0550/0657 | loss 2.321377 | cmse 0.610256 | db 6.791948 | lr 4.139777e-04
Epoch 025 | batch 0560/0657 | loss 2.322529 | cmse 0.610643 | db 6.794975 | lr 4.142314e-04
Epoch 025 | batch 0570/0657 | loss 2.324231 | cmse 0.611180 | db 6.799592 | lr 4.144850e-04
Epoch 025 | batch 0580/0657 | loss 2.331068 | cmse 0.615690 | db 6.808877 | lr 4.147387e-04
Epoch 025 | batch 0590/0657 | loss 2.329493 | cmse 0.614576 | db 6.807055 | lr 4.149924e-04
Epoch 025 | batch 0600/0657 | loss 2.324603 | cmse 0.613834 | db 6.790499 | lr 4.152461e-04
Epoch 025 | batch 0610/0657 | loss 2.326925 | cmse 0.615641 | db 6.792464 | lr 4.154997e-04
Epoch 025 | batch 0620/0657 | loss 2.326032 | cmse 0.616060 | db 6.787178 | lr 4.157534e-04
Epoch 025 | batch 0630/0657 | loss 2.323187 | cmse 0.615423 | db 6.778400 | lr 4.160071e-04
Epoch 025 | batch 0640/0657 | loss 2.321574 | cmse 0.613649 | db 6.779044 | lr 4.162608e-04
Epoch 025 | batch 0650/0657 | loss 2.320105 | cmse 0.614200 | db 6.770971 | lr 4.165145e-04
Epoch 025 | train 2.318361 | val 1.993438 | cmse 0.419186 | db 6.243124
  saved checkpoint: weights/R5O_no_PINN/gnn_fedformer_r5_full_best.ckpt
Epoch 026 | batch 0010/0657 | loss 2.263854 | cmse 0.552018 | db 6.795726 | lr 4.169457e-04
Epoch 026 | batch 0020/0657 | loss 2.249535 | cmse 0.579599 | db 6.625896 | lr 4.171994e-04
Epoch 026 | batch 0030/0657 | loss 2.205492 | cmse 0.563658 | db 6.514777 | lr 4.174531e-04
Epoch 026 | batch 0040/0657 | loss 2.206629 | cmse 0.560311 | db 6.532909 | lr 4.177067e-04
Epoch 026 | batch 0050/0657 | loss 2.229492 | cmse 0.554688 | db 6.647352 | lr 4.179604e-04
Epoch 026 | batch 0060/0657 | loss 2.262088 | cmse 0.558613 | db 6.761637 | lr 4.182141e-04
Epoch 026 | batch 0070/0657 | loss 2.282471 | cmse 0.569779 | db 6.798459 | lr 4.184678e-04
Epoch 026 | batch 0080/0657 | loss 2.287085 | cmse 0.578322 | db 6.782210 | lr 4.187215e-04
Epoch 026 | batch 0090/0657 | loss 2.297360 | cmse 0.577951 | db 6.824737 | lr 4.189751e-04
Epoch 026 | batch 0100/0657 | loss 2.327027 | cmse 0.607888 | db 6.823416 | lr 4.192288e-04
Epoch 026 | batch 0110/0657 | loss 2.323268 | cmse 0.598353 | db 6.846575 | lr 4.194825e-04
Epoch 026 | batch 0120/0657 | loss 2.323512 | cmse 0.594708 | db 6.861990 | lr 4.197362e-04
Epoch 026 | batch 0130/0657 | loss 2.346679 | cmse 0.605091 | db 6.912049 | lr 4.199899e-04
Epoch 026 | batch 0140/0657 | loss 2.366171 | cmse 0.610640 | db 6.967996 | lr 4.202435e-04
Epoch 026 | batch 0150/0657 | loss 2.397916 | cmse 0.630406 | db 7.015965 | lr 4.204972e-04
Epoch 026 | batch 0160/0657 | loss 2.392950 | cmse 0.627829 | db 7.007153 | lr 4.207509e-04
Epoch 026 | batch 0170/0657 | loss 2.374629 | cmse 0.620575 | db 6.963654 | lr 4.210046e-04
Epoch 026 | batch 0180/0657 | loss 2.383915 | cmse 0.627924 | db 6.971265 | lr 4.212582e-04
Epoch 026 | batch 0190/0657 | loss 2.372749 | cmse 0.624294 | db 6.941140 | lr 4.215119e-04
Epoch 026 | batch 0200/0657 | loss 2.365711 | cmse 0.618722 | db 6.935324 | lr 4.217656e-04
Epoch 026 | batch 0210/0657 | loss 2.356365 | cmse 0.611630 | db 6.926174 | lr 4.220193e-04
Epoch 026 | batch 0220/0657 | loss 2.348001 | cmse 0.610205 | db 6.898515 | lr 4.222730e-04
Epoch 026 | batch 0230/0657 | loss 2.347198 | cmse 0.610752 | db 6.893100 | lr 4.225266e-04
Epoch 026 | batch 0240/0657 | loss 2.333189 | cmse 0.608404 | db 6.846494 | lr 4.227803e-04
Epoch 026 | batch 0250/0657 | loss 2.330495 | cmse 0.608520 | db 6.835112 | lr 4.230340e-04
Epoch 026 | batch 0260/0657 | loss 2.334502 | cmse 0.610557 | db 6.842907 | lr 4.232877e-04
Epoch 026 | batch 0270/0657 | loss 2.336327 | cmse 0.612760 | db 6.841340 | lr 4.235413e-04
Epoch 026 | batch 0280/0657 | loss 2.341876 | cmse 0.620250 | db 6.833606 | lr 4.237950e-04
Epoch 026 | batch 0290/0657 | loss 2.352875 | cmse 0.630653 | db 6.835664 | lr 4.240487e-04
Epoch 026 | batch 0300/0657 | loss 2.363959 | cmse 0.636560 | db 6.856440 | lr 4.243024e-04
Epoch 026 | batch 0310/0657 | loss 2.358458 | cmse 0.634170 | db 6.844007 | lr 4.245561e-04
Epoch 026 | batch 0320/0657 | loss 2.361843 | cmse 0.636117 | db 6.849703 | lr 4.248097e-04
Epoch 026 | batch 0330/0657 | loss 2.359261 | cmse 0.635219 | db 6.843006 | lr 4.250634e-04
Epoch 026 | batch 0340/0657 | loss 2.359427 | cmse 0.634789 | db 6.845412 | lr 4.253171e-04
Epoch 026 | batch 0350/0657 | loss 2.357017 | cmse 0.633266 | db 6.841741 | lr 4.255708e-04
Epoch 026 | batch 0360/0657 | loss 2.353041 | cmse 0.629163 | db 6.842246 | lr 4.258245e-04
Epoch 026 | batch 0370/0657 | loss 2.349475 | cmse 0.627959 | db 6.832886 | lr 4.260781e-04
Epoch 026 | batch 0380/0657 | loss 2.346459 | cmse 0.624200 | db 6.835979 | lr 4.263318e-04
Epoch 026 | batch 0390/0657 | loss 2.343943 | cmse 0.623366 | db 6.829293 | lr 4.265855e-04
Epoch 026 | batch 0400/0657 | loss 2.344684 | cmse 0.621148 | db 6.841144 | lr 4.268392e-04
Epoch 026 | batch 0410/0657 | loss 2.349771 | cmse 0.624663 | db 6.847338 | lr 4.270928e-04
Epoch 026 | batch 0420/0657 | loss 2.347331 | cmse 0.623610 | db 6.841757 | lr 4.273465e-04
Epoch 026 | batch 0430/0657 | loss 2.345419 | cmse 0.622107 | db 6.840118 | lr 4.276002e-04
Epoch 026 | batch 0440/0657 | loss 2.344169 | cmse 0.620713 | db 6.840729 | lr 4.278539e-04
Epoch 026 | batch 0450/0657 | loss 2.335100 | cmse 0.616798 | db 6.820234 | lr 4.281076e-04
Epoch 026 | batch 0460/0657 | loss 2.333301 | cmse 0.615506 | db 6.818156 | lr 4.283612e-04
Epoch 026 | batch 0470/0657 | loss 2.333090 | cmse 0.615319 | db 6.818055 | lr 4.286149e-04
Epoch 026 | batch 0480/0657 | loss 2.329659 | cmse 0.613735 | db 6.810667 | lr 4.288686e-04
Epoch 026 | batch 0490/0657 | loss 2.330928 | cmse 0.615174 | db 6.809875 | lr 4.291223e-04
Epoch 026 | batch 0500/0657 | loss 2.333457 | cmse 0.614679 | db 6.821878 | lr 4.293760e-04
Epoch 026 | batch 0510/0657 | loss 2.335141 | cmse 0.615240 | db 6.826332 | lr 4.296296e-04
Epoch 026 | batch 0520/0657 | loss 2.343990 | cmse 0.620217 | db 6.841867 | lr 4.298833e-04
Epoch 026 | batch 0530/0657 | loss 2.347238 | cmse 0.621619 | db 6.849294 | lr 4.301370e-04
Epoch 026 | batch 0540/0657 | loss 2.351370 | cmse 0.623611 | db 6.858017 | lr 4.303907e-04
Epoch 026 | batch 0550/0657 | loss 2.349069 | cmse 0.621349 | db 6.857886 | lr 4.306443e-04
Epoch 026 | batch 0560/0657 | loss 2.350584 | cmse 0.620956 | db 6.865484 | lr 4.308980e-04
Epoch 026 | batch 0570/0657 | loss 2.349101 | cmse 0.619869 | db 6.863915 | lr 4.311517e-04
Epoch 026 | batch 0580/0657 | loss 2.349401 | cmse 0.620771 | db 6.861538 | lr 4.314054e-04
Epoch 026 | batch 0590/0657 | loss 2.345477 | cmse 0.618866 | db 6.853484 | lr 4.316591e-04
Epoch 026 | batch 0600/0657 | loss 2.344328 | cmse 0.617309 | db 6.855129 | lr 4.319127e-04
Epoch 026 | batch 0610/0657 | loss 2.343776 | cmse 0.619237 | db 6.845292 | lr 4.321664e-04
Epoch 026 | batch 0620/0657 | loss 2.348308 | cmse 0.621164 | db 6.855678 | lr 4.324201e-04
Epoch 026 | batch 0630/0657 | loss 2.348708 | cmse 0.621772 | db 6.854854 | lr 4.326738e-04
Epoch 026 | batch 0640/0657 | loss 2.349907 | cmse 0.622546 | db 6.856551 | lr 4.329274e-04
Epoch 026 | batch 0650/0657 | loss 2.347859 | cmse 0.621504 | db 6.852569 | lr 4.331811e-04
Epoch 026 | train 2.346920 | val 2.200586 | cmse 0.492560 | db 6.775993
Epoch 027 | batch 0010/0657 | loss 2.368130 | cmse 0.637935 | db 6.868720 | lr 4.336124e-04
Epoch 027 | batch 0020/0657 | loss 2.398056 | cmse 0.604900 | db 7.120229 | lr 4.338661e-04
Epoch 027 | batch 0030/0657 | loss 2.397125 | cmse 0.628531 | db 7.022372 | lr 4.341197e-04
Epoch 027 | batch 0040/0657 | loss 2.367318 | cmse 0.623975 | db 6.921204 | lr 4.343734e-04
Epoch 027 | batch 0050/0657 | loss 2.345649 | cmse 0.603637 | db 6.915608 | lr 4.346271e-04
Epoch 027 | batch 0060/0657 | loss 2.313123 | cmse 0.592871 | db 6.827866 | lr 4.348808e-04
Epoch 027 | batch 0070/0657 | loss 2.317476 | cmse 0.587498 | db 6.866739 | lr 4.351344e-04
Epoch 027 | batch 0080/0657 | loss 2.316627 | cmse 0.591819 | db 6.846102 | lr 4.353881e-04
Epoch 027 | batch 0090/0657 | loss 2.315289 | cmse 0.589823 | db 6.848605 | lr 4.356418e-04
Epoch 027 | batch 0100/0657 | loss 2.324998 | cmse 0.598810 | db 6.851303 | lr 4.358955e-04
Epoch 027 | batch 0110/0657 | loss 2.334789 | cmse 0.606470 | db 6.860032 | lr 4.361492e-04
Epoch 027 | batch 0120/0657 | loss 2.339666 | cmse 0.610821 | db 6.862410 | lr 4.364028e-04
Epoch 027 | batch 0130/0657 | loss 2.341789 | cmse 0.613462 | db 6.860022 | lr 4.366565e-04
Epoch 027 | batch 0140/0657 | loss 2.328966 | cmse 0.606667 | db 6.836112 | lr 4.369102e-04
Epoch 027 | batch 0150/0657 | loss 2.333350 | cmse 0.615376 | db 6.818863 | lr 4.371639e-04
Epoch 027 | batch 0160/0657 | loss 2.326696 | cmse 0.614407 | db 6.796180 | lr 4.374176e-04
Epoch 027 | batch 0170/0657 | loss 2.326816 | cmse 0.619186 | db 6.777764 | lr 4.376712e-04
Epoch 027 | batch 0180/0657 | loss 2.323394 | cmse 0.623813 | db 6.746055 | lr 4.379249e-04
Epoch 027 | batch 0190/0657 | loss 2.324843 | cmse 0.625225 | db 6.746049 | lr 4.381786e-04
Epoch 027 | batch 0200/0657 | loss 2.320502 | cmse 0.622059 | db 6.741223 | lr 4.384323e-04
Epoch 027 | batch 0210/0657 | loss 2.317180 | cmse 0.616501 | db 6.750182 | lr 4.386859e-04
Epoch 027 | batch 0220/0657 | loss 2.303420 | cmse 0.612832 | db 6.709920 | lr 4.389396e-04
Epoch 027 | batch 0230/0657 | loss 2.297700 | cmse 0.608217 | db 6.705502 | lr 4.391933e-04
Epoch 027 | batch 0240/0657 | loss 2.301666 | cmse 0.613867 | db 6.698636 | lr 4.394470e-04
Epoch 027 | batch 0250/0657 | loss 2.305491 | cmse 0.615620 | db 6.707018 | lr 4.397007e-04
Epoch 027 | batch 0260/0657 | loss 2.309211 | cmse 0.615797 | db 6.721025 | lr 4.399543e-04
Epoch 027 | batch 0270/0657 | loss 2.307469 | cmse 0.616277 | db 6.712129 | lr 4.402080e-04
Epoch 027 | batch 0280/0657 | loss 2.323429 | cmse 0.627592 | db 6.730675 | lr 4.404617e-04
Epoch 027 | batch 0290/0657 | loss 2.322540 | cmse 0.627535 | db 6.727374 | lr 4.407154e-04
Epoch 027 | batch 0300/0657 | loss 2.312750 | cmse 0.623149 | db 6.705828 | lr 4.409691e-04
Epoch 027 | batch 0310/0657 | loss 2.314371 | cmse 0.620270 | db 6.723674 | lr 4.412227e-04
Epoch 027 | batch 0320/0657 | loss 2.318814 | cmse 0.617393 | db 6.752702 | lr 4.414764e-04
Epoch 027 | batch 0330/0657 | loss 2.322588 | cmse 0.618855 | db 6.761752 | lr 4.417301e-04
Epoch 027 | batch 0340/0657 | loss 2.327392 | cmse 0.622492 | db 6.766311 | lr 4.419838e-04
Epoch 027 | batch 0350/0657 | loss 2.328804 | cmse 0.621580 | db 6.775636 | lr 4.422374e-04
Epoch 027 | batch 0360/0657 | loss 2.329511 | cmse 0.621678 | db 6.778200 | lr 4.424911e-04
Epoch 027 | batch 0370/0657 | loss 2.329383 | cmse 0.620776 | db 6.781348 | lr 4.427448e-04
Epoch 027 | batch 0380/0657 | loss 2.323932 | cmse 0.617574 | db 6.772328 | lr 4.429985e-04
Epoch 027 | batch 0390/0657 | loss 2.348953 | cmse 0.635093 | db 6.802123 | lr 4.432522e-04
Epoch 027 | batch 0400/0657 | loss 2.382039 | cmse 0.653779 | db 6.859199 | lr 4.435058e-04
Epoch 027 | batch 0410/0657 | loss 2.379640 | cmse 0.649741 | db 6.865796 | lr 4.437595e-04
Epoch 027 | batch 0420/0657 | loss 2.381110 | cmse 0.646145 | db 6.885975 | lr 4.440132e-04
Epoch 027 | batch 0430/0657 | loss 2.385430 | cmse 0.649001 | db 6.891731 | lr 4.442669e-04
Epoch 027 | batch 0440/0657 | loss 2.388128 | cmse 0.648041 | db 6.906333 | lr 4.445205e-04
Epoch 027 | batch 0450/0657 | loss 2.389297 | cmse 0.646495 | db 6.917221 | lr 4.447742e-04
Epoch 027 | batch 0460/0657 | loss 2.390053 | cmse 0.645355 | db 6.924933 | lr 4.450279e-04
Epoch 027 | batch 0470/0657 | loss 2.386810 | cmse 0.642946 | db 6.921654 | lr 4.452816e-04
Epoch 027 | batch 0480/0657 | loss 2.388520 | cmse 0.643212 | db 6.927416 | lr 4.455353e-04
Epoch 027 | batch 0490/0657 | loss 2.386878 | cmse 0.641679 | db 6.927052 | lr 4.457889e-04
Epoch 027 | batch 0500/0657 | loss 2.384997 | cmse 0.640715 | db 6.923421 | lr 4.460426e-04
Epoch 027 | batch 0510/0657 | loss 2.384361 | cmse 0.638481 | db 6.929855 | lr 4.462963e-04
Epoch 027 | batch 0520/0657 | loss 2.386750 | cmse 0.640396 | db 6.931719 | lr 4.465500e-04
Epoch 027 | batch 0530/0657 | loss 2.389685 | cmse 0.641705 | db 6.938263 | lr 4.468037e-04
Epoch 027 | batch 0540/0657 | loss 2.383899 | cmse 0.642099 | db 6.913738 | lr 4.470573e-04
Epoch 027 | batch 0550/0657 | loss 2.387394 | cmse 0.644876 | db 6.916683 | lr 4.473110e-04
Epoch 027 | batch 0560/0657 | loss 2.382406 | cmse 0.642781 | db 6.905266 | lr 4.475647e-04
Epoch 027 | batch 0570/0657 | loss 2.381980 | cmse 0.641272 | db 6.909534 | lr 4.478184e-04
Epoch 027 | batch 0580/0657 | loss 2.383851 | cmse 0.641252 | db 6.917103 | lr 4.480720e-04
Epoch 027 | batch 0590/0657 | loss 2.384236 | cmse 0.640173 | db 6.923031 | lr 4.483257e-04
Epoch 027 | batch 0600/0657 | loss 2.380629 | cmse 0.638445 | db 6.915576 | lr 4.485794e-04
Epoch 027 | batch 0610/0657 | loss 2.383074 | cmse 0.638966 | db 6.923347 | lr 4.488331e-04
Epoch 027 | batch 0620/0657 | loss 2.381769 | cmse 0.638120 | db 6.921559 | lr 4.490868e-04
Epoch 027 | batch 0630/0657 | loss 2.382119 | cmse 0.638236 | db 6.922396 | lr 4.493404e-04
Epoch 027 | batch 0640/0657 | loss 2.381168 | cmse 0.637311 | db 6.922377 | lr 4.495941e-04
Epoch 027 | batch 0650/0657 | loss 2.377302 | cmse 0.634267 | db 6.919168 | lr 4.498478e-04
Epoch 027 | train 2.382543 | val 2.990903 | cmse 1.111076 | db 7.455994
Epoch 028 | batch 0010/0657 | loss 2.963476 | cmse 0.744662 | db 8.809539 | lr 4.502790e-04
Epoch 028 | batch 0020/0657 | loss 2.822478 | cmse 0.729108 | db 8.310702 | lr 4.505327e-04
Epoch 028 | batch 0030/0657 | loss 2.726249 | cmse 0.705868 | db 8.019502 | lr 4.507864e-04
Epoch 028 | batch 0040/0657 | loss 2.656784 | cmse 0.685756 | db 7.823786 | lr 4.510401e-04
Epoch 028 | batch 0050/0657 | loss 2.612550 | cmse 0.654668 | db 7.771718 | lr 4.512938e-04
Epoch 028 | batch 0060/0657 | loss 2.557088 | cmse 0.643917 | db 7.593518 | lr 4.515474e-04
Epoch 028 | batch 0070/0657 | loss 2.524195 | cmse 0.636979 | db 7.490985 | lr 4.518011e-04
Epoch 028 | batch 0080/0657 | loss 2.518691 | cmse 0.637419 | db 7.467774 | lr 4.520548e-04
Epoch 028 | batch 0090/0657 | loss 2.502235 | cmse 0.636886 | db 7.405027 | lr 4.523085e-04
Epoch 028 | batch 0100/0657 | loss 2.518136 | cmse 0.647380 | db 7.426669 | lr 4.525622e-04
Epoch 028 | batch 0110/0657 | loss 2.517086 | cmse 0.646705 | db 7.425232 | lr 4.528158e-04
Epoch 028 | batch 0120/0657 | loss 2.520899 | cmse 0.657539 | db 7.397121 | lr 4.530695e-04
Epoch 028 | batch 0130/0657 | loss 2.528131 | cmse 0.660632 | db 7.413947 | lr 4.533232e-04
Epoch 028 | batch 0140/0657 | loss 2.526555 | cmse 0.664400 | db 7.392699 | lr 4.535769e-04
Epoch 028 | batch 0150/0657 | loss 2.516352 | cmse 0.665902 | db 7.346353 | lr 4.538305e-04
Epoch 028 | batch 0160/0657 | loss 2.478455 | cmse 0.650852 | db 7.255631 | lr 4.540842e-04
Epoch 028 | batch 0170/0657 | loss 2.458731 | cmse 0.642519 | db 7.210354 | lr 4.543379e-04
Epoch 028 | batch 0180/0657 | loss 2.450723 | cmse 0.639412 | db 7.190627 | lr 4.545916e-04
Epoch 028 | batch 0190/0657 | loss 2.440653 | cmse 0.634843 | db 7.168690 | lr 4.548453e-04
Epoch 028 | batch 0200/0657 | loss 2.422464 | cmse 0.629155 | db 7.119055 | lr 4.550989e-04
Epoch 028 | batch 0210/0657 | loss 2.420149 | cmse 0.628297 | db 7.113226 | lr 4.553526e-04
Epoch 028 | batch 0220/0657 | loss 2.412789 | cmse 0.623886 | db 7.101476 | lr 4.556063e-04
Epoch 028 | batch 0230/0657 | loss 2.407466 | cmse 0.621059 | db 7.091337 | lr 4.558600e-04
Epoch 028 | batch 0240/0657 | loss 2.399272 | cmse 0.618024 | db 7.070675 | lr 4.561136e-04
Epoch 028 | batch 0250/0657 | loss 2.395535 | cmse 0.614842 | db 7.068472 | lr 4.563673e-04
Epoch 028 | batch 0260/0657 | loss 2.393229 | cmse 0.617030 | db 7.050463 | lr 4.566210e-04
Epoch 028 | batch 0270/0657 | loss 2.401027 | cmse 0.614944 | db 7.090089 | lr 4.568747e-04
Epoch 028 | batch 0280/0657 | loss 2.443590 | cmse 0.627311 | db 7.209885 | lr 4.571284e-04
Epoch 028 | batch 0290/0657 | loss 2.489549 | cmse 0.654352 | db 7.284665 | lr 4.573820e-04
Epoch 028 | batch 0300/0657 | loss 2.519212 | cmse 0.663523 | db 7.366207 | lr 4.576357e-04
Epoch 028 | batch 0310/0657 | loss 2.535473 | cmse 0.673096 | db 7.392384 | lr 4.578894e-04
Epoch 028 | batch 0320/0657 | loss 2.540175 | cmse 0.672746 | db 7.412718 | lr 4.581431e-04
Epoch 028 | batch 0330/0657 | loss 2.550764 | cmse 0.672361 | db 7.456423 | lr 4.583968e-04
Epoch 028 | batch 0340/0657 | loss 2.562589 | cmse 0.673789 | db 7.497867 | lr 4.586504e-04
Epoch 028 | batch 0350/0657 | loss 2.576402 | cmse 0.671741 | db 7.561294 | lr 4.589041e-04
Epoch 028 | batch 0360/0657 | loss 2.580019 | cmse 0.672478 | db 7.572854 | lr 4.591578e-04
Epoch 028 | batch 0370/0657 | loss 2.581205 | cmse 0.672481 | db 7.577560 | lr 4.594115e-04
Epoch 028 | batch 0380/0657 | loss 2.583862 | cmse 0.671431 | db 7.592282 | lr 4.596651e-04
Epoch 028 | batch 0390/0657 | loss 2.589748 | cmse 0.677831 | db 7.590128 | lr 4.599188e-04
Epoch 028 | batch 0400/0657 | loss 2.589252 | cmse 0.674763 | db 7.600486 | lr 4.601725e-04
Epoch 028 | batch 0410/0657 | loss 2.589205 | cmse 0.675083 | db 7.598997 | lr 4.604262e-04
Epoch 028 | batch 0420/0657 | loss 2.586689 | cmse 0.673465 | db 7.595586 | lr 4.606799e-04
Epoch 028 | batch 0430/0657 | loss 2.580416 | cmse 0.671355 | db 7.579040 | lr 4.609335e-04
Epoch 028 | batch 0440/0657 | loss 2.576625 | cmse 0.670454 | db 7.567516 | lr 4.611872e-04
Epoch 028 | batch 0450/0657 | loss 2.570495 | cmse 0.667967 | db 7.553050 | lr 4.614409e-04
Epoch 028 | batch 0460/0657 | loss 2.569233 | cmse 0.667083 | db 7.551527 | lr 4.616946e-04
Epoch 028 | batch 0470/0657 | loss 2.572632 | cmse 0.669441 | db 7.555809 | lr 4.619482e-04
Epoch 028 | batch 0480/0657 | loss 2.570596 | cmse 0.668671 | db 7.550745 | lr 4.622019e-04
Epoch 028 | batch 0490/0657 | loss 2.564819 | cmse 0.665699 | db 7.539645 | lr 4.624556e-04
Epoch 028 | batch 0500/0657 | loss 2.558275 | cmse 0.663544 | db 7.522210 | lr 4.627093e-04
Epoch 028 | batch 0510/0657 | loss 2.554546 | cmse 0.662357 | db 7.512114 | lr 4.629630e-04
Epoch 028 | batch 0520/0657 | loss 2.557184 | cmse 0.663319 | db 7.518895 | lr 4.632166e-04
Epoch 028 | batch 0530/0657 | loss 2.560614 | cmse 0.666146 | db 7.521361 | lr 4.634703e-04
Epoch 028 | batch 0540/0657 | loss 2.554723 | cmse 0.664404 | db 7.504905 | lr 4.637240e-04
Epoch 028 | batch 0550/0657 | loss 2.550908 | cmse 0.662026 | db 7.499325 | lr 4.639777e-04
Epoch 028 | batch 0560/0657 | loss 2.548282 | cmse 0.662471 | db 7.487156 | lr 4.642314e-04
Epoch 028 | batch 0570/0657 | loss 2.547935 | cmse 0.661475 | db 7.489844 | lr 4.644850e-04
Epoch 028 | batch 0580/0657 | loss 2.546850 | cmse 0.660276 | db 7.490318 | lr 4.647387e-04
Epoch 028 | batch 0590/0657 | loss 2.540487 | cmse 0.658694 | db 7.471330 | lr 4.649924e-04
Epoch 028 | batch 0600/0657 | loss 2.538198 | cmse 0.657419 | db 7.467292 | lr 4.652461e-04
Epoch 028 | batch 0610/0657 | loss 2.533043 | cmse 0.655645 | db 7.453884 | lr 4.654997e-04
Epoch 028 | batch 0620/0657 | loss 2.531772 | cmse 0.655385 | db 7.449898 | lr 4.657534e-04
Epoch 028 | batch 0630/0657 | loss 2.530267 | cmse 0.654176 | db 7.448745 | lr 4.660071e-04
Epoch 028 | batch 0640/0657 | loss 2.530684 | cmse 0.655348 | db 7.445677 | lr 4.662608e-04
Epoch 028 | batch 0650/0657 | loss 2.539398 | cmse 0.652756 | db 7.490960 | lr 4.665145e-04
Epoch 028 | train 2.544125 | val 2.736732 | cmse 0.617709 | db 8.423512
Epoch 029 | batch 0010/0657 | loss 2.968430 | cmse 0.790424 | db 8.652417 | lr 4.669457e-04
Epoch 029 | batch 0020/0657 | loss 2.954715 | cmse 0.755756 | db 8.737284 | lr 4.671994e-04
Epoch 029 | batch 0030/0657 | loss 2.870511 | cmse 0.760936 | db 8.381933 | lr 4.674531e-04
Epoch 029 | batch 0040/0657 | loss 2.839381 | cmse 0.750221 | db 8.299547 | lr 4.677067e-04
Epoch 029 | batch 0050/0657 | loss 2.823755 | cmse 0.737229 | db 8.288730 | lr 4.679604e-04
Epoch 029 | batch 0060/0657 | loss 2.790340 | cmse 0.720471 | db 8.222079 | lr 4.682141e-04
Epoch 029 | batch 0070/0657 | loss 2.777522 | cmse 0.714290 | db 8.195316 | lr 4.684678e-04
Epoch 029 | batch 0080/0657 | loss 2.753315 | cmse 0.703728 | db 8.140768 | lr 4.687215e-04
Epoch 029 | batch 0090/0657 | loss 2.749654 | cmse 0.709189 | db 8.104461 | lr 4.689751e-04
Epoch 029 | batch 0100/0657 | loss 2.728227 | cmse 0.700247 | db 8.054932 | lr 4.692288e-04
Epoch 029 | batch 0110/0657 | loss 2.730416 | cmse 0.704919 | db 8.045231 | lr 4.694825e-04
Epoch 029 | batch 0120/0657 | loss 2.716929 | cmse 0.699171 | db 8.014417 | lr 4.697362e-04
Epoch 029 | batch 0130/0657 | loss 2.703397 | cmse 0.694720 | db 7.978298 | lr 4.699899e-04
Epoch 029 | batch 0140/0657 | loss 2.706439 | cmse 0.702075 | db 7.961042 | lr 4.702435e-04
Epoch 029 | batch 0150/0657 | loss 2.690590 | cmse 0.693286 | db 7.932858 | lr 4.704972e-04
Epoch 029 | batch 0160/0657 | loss 2.680534 | cmse 0.695858 | db 7.882416 | lr 4.707509e-04
Epoch 029 | batch 0170/0657 | loss 2.644580 | cmse 0.688792 | db 7.767494 | lr 4.710046e-04
Epoch 029 | batch 0180/0657 | loss 2.758262 | cmse 0.700526 | db 8.172771 | lr 4.712582e-04
Epoch 029 | batch 0190/0657 | loss 2.824368 | cmse 0.710788 | db 8.392682 | lr 4.715119e-04
Epoch 029 | batch 0200/0657 | loss 2.866396 | cmse 0.724258 | db 8.505010 | lr 4.717656e-04
Epoch 029 | batch 0210/0657 | loss 2.904879 | cmse 0.727840 | db 8.643560 | lr 4.720193e-04
Epoch 029 | batch 0220/0657 | loss 2.933363 | cmse 0.726915 | db 8.760601 | lr 4.722730e-04
Epoch 029 | batch 0230/0657 | loss 2.967621 | cmse 0.741456 | db 8.839484 | lr 4.725266e-04
Epoch 029 | batch 0240/0657 | loss 2.996434 | cmse 0.753046 | db 8.908678 | lr 4.727803e-04
Epoch 029 | batch 0250/0657 | loss 2.993650 | cmse 0.754644 | db 8.891623 | lr 4.730340e-04
Epoch 029 | batch 0260/0657 | loss 3.013745 | cmse 0.760568 | db 8.948376 | lr 4.732877e-04
Epoch 029 | batch 0270/0657 | loss 3.010972 | cmse 0.759307 | db 8.942498 | lr 4.735413e-04
Epoch 029 | batch 0280/0657 | loss 3.002402 | cmse 0.754873 | db 8.926235 | lr 4.737950e-04
Epoch 029 | batch 0290/0657 | loss 2.990192 | cmse 0.751394 | db 8.891668 | lr 4.740487e-04
Epoch 029 | batch 0300/0657 | loss 3.000750 | cmse 0.762549 | db 8.889120 | lr 4.743024e-04
Epoch 029 | batch 0310/0657 | loss 3.005608 | cmse 0.767864 | db 8.887386 | lr 4.745561e-04
Epoch 029 | batch 0320/0657 | loss 2.998448 | cmse 0.764516 | db 8.872381 | lr 4.748097e-04
Epoch 029 | batch 0330/0657 | loss 2.979595 | cmse 0.759442 | db 8.817768 | lr 4.750634e-04
Epoch 029 | batch 0340/0657 | loss 2.962519 | cmse 0.755108 | db 8.767232 | lr 4.753171e-04
Epoch 029 | batch 0350/0657 | loss 2.951428 | cmse 0.753878 | db 8.728107 | lr 4.755708e-04
Epoch 029 | batch 0360/0657 | loss 2.942455 | cmse 0.753432 | db 8.694430 | lr 4.758245e-04
Epoch 029 | batch 0370/0657 | loss 2.958408 | cmse 0.750153 | db 8.771182 | lr 4.760781e-04
Epoch 029 | batch 0380/0657 | loss 2.963882 | cmse 0.748440 | db 8.799752 | lr 4.763318e-04
Epoch 029 | batch 0390/0657 | loss 2.951371 | cmse 0.745449 | db 8.761899 | lr 4.765855e-04
Epoch 029 | batch 0400/0657 | loss 2.948726 | cmse 0.745094 | db 8.752903 | lr 4.768392e-04
Epoch 029 | batch 0410/0657 | loss 2.944165 | cmse 0.744761 | db 8.736194 | lr 4.770928e-04
Epoch 029 | batch 0420/0657 | loss 2.931440 | cmse 0.741451 | db 8.698741 | lr 4.773465e-04
Epoch 029 | batch 0430/0657 | loss 2.923738 | cmse 0.737613 | db 8.683424 | lr 4.776002e-04
Epoch 029 | batch 0440/0657 | loss 2.912553 | cmse 0.736447 | db 8.643552 | lr 4.778539e-04
Epoch 029 | batch 0450/0657 | loss 2.905107 | cmse 0.733806 | db 8.624497 | lr 4.781076e-04
Epoch 029 | batch 0460/0657 | loss 2.898343 | cmse 0.730894 | db 8.609177 | lr 4.783612e-04
Epoch 029 | batch 0470/0657 | loss 2.890770 | cmse 0.730348 | db 8.581312 | lr 4.786149e-04
Epoch 029 | batch 0480/0657 | loss 2.885932 | cmse 0.732393 | db 8.554076 | lr 4.788686e-04
Epoch 029 | batch 0490/0657 | loss 2.876437 | cmse 0.728753 | db 8.530835 | lr 4.791223e-04
Epoch 029 | batch 0500/0657 | loss 2.869183 | cmse 0.727530 | db 8.506843 | lr 4.793760e-04
Epoch 029 | batch 0510/0657 | loss 2.861209 | cmse 0.724597 | db 8.486778 | lr 4.796296e-04
Epoch 029 | batch 0520/0657 | loss 2.851907 | cmse 0.720721 | db 8.465275 | lr 4.798833e-04
Epoch 029 | batch 0530/0657 | loss 2.844276 | cmse 0.718146 | db 8.445176 | lr 4.801370e-04
Epoch 029 | batch 0540/0657 | loss 2.853553 | cmse 0.721604 | db 8.468545 | lr 4.803907e-04
Epoch 029 | batch 0550/0657 | loss 2.870061 | cmse 0.722020 | db 8.533093 | lr 4.806443e-04
Epoch 029 | batch 0560/0657 | loss 2.880932 | cmse 0.731248 | db 8.539786 | lr 4.808980e-04
Epoch 029 | batch 0570/0657 | loss 2.882068 | cmse 0.734665 | db 8.530653 | lr 4.811517e-04
Epoch 029 | batch 0580/0657 | loss 2.875008 | cmse 0.731395 | db 8.515546 | lr 4.814054e-04
Epoch 029 | batch 0590/0657 | loss 2.866262 | cmse 0.728901 | db 8.490689 | lr 4.816591e-04
Epoch 029 | batch 0600/0657 | loss 2.865459 | cmse 0.727198 | db 8.494240 | lr 4.819127e-04
Epoch 029 | batch 0610/0657 | loss 2.893369 | cmse 0.730285 | db 8.592859 | lr 4.821664e-04
Epoch 029 | batch 0620/0657 | loss 2.908126 | cmse 0.730101 | db 8.652022 | lr 4.824201e-04
Epoch 029 | batch 0630/0657 | loss 2.920895 | cmse 0.730987 | db 8.698974 | lr 4.826738e-04
Epoch 029 | batch 0640/0657 | loss 2.929681 | cmse 0.729496 | db 8.739564 | lr 4.829274e-04
Epoch 029 | batch 0650/0657 | loss 2.939121 | cmse 0.729661 | db 8.776159 | lr 4.831811e-04
Epoch 029 | train 2.944699 | val 3.394764 | cmse 0.937479 | db 9.751558
Epoch 030 | batch 0010/0657 | loss 3.726007 | cmse 1.180748 | db 10.100922 | lr 4.836124e-04
Epoch 030 | batch 0020/0657 | loss 3.377127 | cmse 0.917591 | db 9.763854 | lr 4.838661e-04
Epoch 030 | batch 0030/0657 | loss 3.244055 | cmse 0.899695 | db 9.307713 | lr 4.841197e-04
Epoch 030 | batch 0040/0657 | loss 3.123838 | cmse 0.810978 | db 9.183082 | lr 4.843734e-04
Epoch 030 | batch 0050/0657 | loss 3.076485 | cmse 0.774483 | db 9.139611 | lr 4.846271e-04
Epoch 030 | batch 0060/0657 | loss 3.088110 | cmse 0.812191 | db 9.033751 | lr 4.848808e-04
Epoch 030 | batch 0070/0657 | loss 3.043866 | cmse 0.792243 | db 8.937222 | lr 4.851344e-04
Epoch 030 | batch 0080/0657 | loss 2.954944 | cmse 0.766312 | db 8.687428 | lr 4.853881e-04
Epoch 030 | batch 0090/0657 | loss 2.919053 | cmse 0.745215 | db 8.629124 | lr 4.856418e-04
Epoch 030 | batch 0100/0657 | loss 2.882617 | cmse 0.739449 | db 8.507239 | lr 4.858955e-04
Epoch 030 | batch 0110/0657 | loss 2.868844 | cmse 0.720615 | db 8.527943 | lr 4.861492e-04
Epoch 030 | batch 0120/0657 | loss 2.840040 | cmse 0.713778 | db 8.440551 | lr 4.864028e-04
Epoch 030 | batch 0130/0657 | loss 2.841796 | cmse 0.711972 | db 8.455440 | lr 4.866565e-04
Epoch 030 | batch 0140/0657 | loss 2.817188 | cmse 0.714745 | db 8.346809 | lr 4.869102e-04
Epoch 030 | batch 0150/0657 | loss 2.798296 | cmse 0.709167 | db 8.293845 | lr 4.871639e-04
Epoch 030 | batch 0160/0657 | loss 2.782519 | cmse 0.701069 | db 8.263390 | lr 4.874176e-04
Epoch 030 | batch 0170/0657 | loss 2.807445 | cmse 0.727523 | db 8.256858 | lr 4.876712e-04
Epoch 030 | batch 0180/0657 | loss 2.870888 | cmse 0.766715 | db 8.353927 | lr 4.879249e-04
Epoch 030 | batch 0190/0657 | loss 2.897093 | cmse 0.768694 | db 8.451078 | lr 4.881786e-04
Epoch 030 | batch 0200/0657 | loss 2.887164 | cmse 0.763854 | db 8.431077 | lr 4.884323e-04
Epoch 030 | batch 0210/0657 | loss 2.865045 | cmse 0.754650 | db 8.379985 | lr 4.886859e-04
Epoch 030 | batch 0220/0657 | loss 2.854122 | cmse 0.745850 | db 8.371729 | lr 4.889396e-04
Epoch 030 | batch 0230/0657 | loss 2.862370 | cmse 0.743172 | db 8.415325 | lr 4.891933e-04
Epoch 030 | batch 0240/0657 | loss 2.861807 | cmse 0.742156 | db 8.417084 | lr 4.894470e-04
Epoch 030 | batch 0250/0657 | loss 2.853047 | cmse 0.742453 | db 8.381115 | lr 4.897007e-04
Epoch 030 | batch 0260/0657 | loss 2.838664 | cmse 0.735369 | db 8.352289 | lr 4.899543e-04
Epoch 030 | batch 0270/0657 | loss 2.824131 | cmse 0.730188 | db 8.315169 | lr 4.902080e-04
Epoch 030 | batch 0280/0657 | loss 2.818047 | cmse 0.730478 | db 8.289918 | lr 4.904617e-04
Epoch 030 | batch 0290/0657 | loss 2.806024 | cmse 0.725085 | db 8.263772 | lr 4.907154e-04
Epoch 030 | batch 0300/0657 | loss 2.794679 | cmse 0.722507 | db 8.228841 | lr 4.909691e-04
Epoch 030 | batch 0310/0657 | loss 2.790954 | cmse 0.720979 | db 8.220329 | lr 4.912227e-04
Epoch 030 | batch 0320/0657 | loss 2.781968 | cmse 0.718001 | db 8.196468 | lr 4.914764e-04
Epoch 030 | batch 0330/0657 | loss 2.770410 | cmse 0.713096 | db 8.170000 | lr 4.917301e-04
Epoch 030 | batch 0340/0657 | loss 2.754586 | cmse 0.708787 | db 8.124222 | lr 4.919838e-04
Epoch 030 | batch 0350/0657 | loss 2.741501 | cmse 0.705043 | db 8.087135 | lr 4.922374e-04
Epoch 030 | batch 0360/0657 | loss 2.732616 | cmse 0.701688 | db 8.065157 | lr 4.924911e-04
Epoch 030 | batch 0370/0657 | loss 2.723404 | cmse 0.696497 | db 8.049126 | lr 4.927448e-04
Epoch 030 | batch 0380/0657 | loss 2.719159 | cmse 0.698242 | db 8.025262 | lr 4.929985e-04
Epoch 030 | batch 0390/0657 | loss 2.713532 | cmse 0.694875 | db 8.016251 | lr 4.932522e-04
Epoch 030 | batch 0400/0657 | loss 2.709924 | cmse 0.694220 | db 8.004516 | lr 4.935058e-04
Epoch 030 | batch 0410/0657 | loss 2.702927 | cmse 0.691232 | db 7.988537 | lr 4.937595e-04
Epoch 030 | batch 0420/0657 | loss 2.696786 | cmse 0.689025 | db 7.972922 | lr 4.940132e-04
Epoch 030 | batch 0430/0657 | loss 2.687790 | cmse 0.685736 | db 7.950244 | lr 4.942669e-04
Epoch 030 | batch 0440/0657 | loss 2.682740 | cmse 0.685426 | db 7.931287 | lr 4.945205e-04
Epoch 030 | batch 0450/0657 | loss 2.682622 | cmse 0.685252 | db 7.931551 | lr 4.947742e-04
Epoch 030 | batch 0460/0657 | loss 2.676264 | cmse 0.685922 | db 7.903549 | lr 4.950279e-04
Epoch 030 | batch 0470/0657 | loss 2.669783 | cmse 0.682358 | db 7.892031 | lr 4.952816e-04
Epoch 030 | batch 0480/0657 | loss 2.665794 | cmse 0.681212 | db 7.880726 | lr 4.955353e-04
Epoch 030 | batch 0490/0657 | loss 2.662008 | cmse 0.678717 | db 7.875548 | lr 4.957889e-04
Epoch 030 | batch 0500/0657 | loss 2.658338 | cmse 0.677579 | db 7.865506 | lr 4.960426e-04
Epoch 030 | batch 0510/0657 | loss 2.653253 | cmse 0.677260 | db 7.846549 | lr 4.962963e-04
Epoch 030 | batch 0520/0657 | loss 2.649626 | cmse 0.676256 | db 7.836094 | lr 4.965500e-04
Epoch 030 | batch 0530/0657 | loss 2.645725 | cmse 0.674559 | db 7.827338 | lr 4.968037e-04
Epoch 030 | batch 0540/0657 | loss 2.644587 | cmse 0.676643 | db 7.814440 | lr 4.970573e-04
Epoch 030 | batch 0550/0657 | loss 2.645439 | cmse 0.680432 | db 7.802831 | lr 4.973110e-04
Epoch 030 | batch 0560/0657 | loss 2.649605 | cmse 0.687185 | db 7.792511 | lr 4.975647e-04
Epoch 030 | batch 0570/0657 | loss 2.649580 | cmse 0.687786 | db 7.790015 | lr 4.978184e-04
Epoch 030 | batch 0580/0657 | loss 2.647454 | cmse 0.687457 | db 7.782876 | lr 4.980720e-04
Epoch 030 | batch 0590/0657 | loss 2.643411 | cmse 0.686156 | db 7.771963 | lr 4.983257e-04
Epoch 030 | batch 0600/0657 | loss 2.637529 | cmse 0.683180 | db 7.760369 | lr 4.985794e-04
Epoch 030 | batch 0610/0657 | loss 2.636311 | cmse 0.681949 | db 7.760423 | lr 4.988331e-04
Epoch 030 | batch 0620/0657 | loss 2.628771 | cmse 0.678941 | db 7.742529 | lr 4.990868e-04
Epoch 030 | batch 0630/0657 | loss 2.621364 | cmse 0.677214 | db 7.719927 | lr 4.993404e-04
Epoch 030 | batch 0640/0657 | loss 2.619627 | cmse 0.675630 | db 7.719332 | lr 4.995941e-04
Epoch 030 | batch 0650/0657 | loss 2.616381 | cmse 0.675114 | db 7.708488 | lr 4.998478e-04
Epoch 030 | train 2.614504 | val 2.273241 | cmse 0.461287 | db 7.194922
Epoch 031 | batch 0010/0657 | loss 2.522776 | cmse 0.608938 | db 7.601410 | lr 5.000000e-04
Epoch 031 | batch 0020/0657 | loss 2.496087 | cmse 0.630836 | db 7.406196 | lr 5.000000e-04
Epoch 031 | batch 0030/0657 | loss 2.536105 | cmse 0.710639 | db 7.246787 | lr 5.000000e-04
Epoch 031 | batch 0040/0657 | loss 2.565603 | cmse 0.676171 | db 7.502836 | lr 4.999999e-04
Epoch 031 | batch 0050/0657 | loss 2.583852 | cmse 0.673740 | db 7.586237 | lr 4.999999e-04
Epoch 031 | batch 0060/0657 | loss 2.581690 | cmse 0.671084 | db 7.588563 | lr 4.999999e-04
Epoch 031 | batch 0070/0657 | loss 2.567800 | cmse 0.664234 | db 7.560643 | lr 4.999998e-04
Epoch 031 | batch 0080/0657 | loss 2.560617 | cmse 0.654258 | db 7.572072 | lr 4.999998e-04
Epoch 031 | batch 0090/0657 | loss 2.569392 | cmse 0.649940 | db 7.624476 | lr 4.999997e-04
Epoch 031 | batch 0100/0657 | loss 2.539403 | cmse 0.644266 | db 7.528048 | lr 4.999996e-04
Epoch 031 | batch 0110/0657 | loss 2.530271 | cmse 0.635964 | db 7.524761 | lr 4.999995e-04
Epoch 031 | batch 0120/0657 | loss 2.520126 | cmse 0.634390 | db 7.490498 | lr 4.999995e-04
Epoch 031 | batch 0130/0657 | loss 2.511069 | cmse 0.629704 | db 7.473139 | lr 4.999994e-04
Epoch 031 | batch 0140/0657 | loss 2.518460 | cmse 0.636272 | db 7.476224 | lr 4.999993e-04
Epoch 031 | batch 0150/0657 | loss 2.497732 | cmse 0.630541 | db 7.416693 | lr 4.999992e-04
Epoch 031 | batch 0160/0657 | loss 2.491944 | cmse 0.625368 | db 7.414266 | lr 4.999990e-04
Epoch 031 | batch 0170/0657 | loss 2.484776 | cmse 0.624331 | db 7.389824 | lr 4.999989e-04
Epoch 031 | batch 0180/0657 | loss 2.483060 | cmse 0.620477 | db 7.398323 | lr 4.999988e-04
Epoch 031 | batch 0190/0657 | loss 2.477486 | cmse 0.618136 | db 7.385307 | lr 4.999987e-04
Epoch 031 | batch 0200/0657 | loss 2.473332 | cmse 0.612560 | db 7.390852 | lr 4.999985e-04
Epoch 031 | batch 0210/0657 | loss 2.471792 | cmse 0.616645 | db 7.368474 | lr 4.999984e-04
Epoch 031 | batch 0220/0657 | loss 2.477734 | cmse 0.618840 | db 7.383598 | lr 4.999982e-04
Epoch 031 | batch 0230/0657 | loss 2.479156 | cmse 0.618985 | db 7.388622 | lr 4.999980e-04
Epoch 031 | batch 0240/0657 | loss 2.478780 | cmse 0.616366 | db 7.397568 | lr 4.999979e-04
Epoch 031 | batch 0250/0657 | loss 2.475050 | cmse 0.614038 | db 7.391919 | lr 4.999977e-04
Epoch 031 | batch 0260/0657 | loss 2.479499 | cmse 0.618464 | db 7.391886 | lr 4.999975e-04
Epoch 031 | batch 0270/0657 | loss 2.478890 | cmse 0.618144 | db 7.390731 | lr 4.999973e-04
Epoch 031 | batch 0280/0657 | loss 2.475723 | cmse 0.619430 | db 7.372947 | lr 4.999971e-04
Epoch 031 | batch 0290/0657 | loss 2.470372 | cmse 0.616924 | db 7.361579 | lr 4.999969e-04
Epoch 031 | batch 0300/0657 | loss 2.471485 | cmse 0.616920 | db 7.366048 | lr 4.999966e-04
Epoch 031 | batch 0310/0657 | loss 2.475600 | cmse 0.621217 | db 7.365289 | lr 4.999964e-04
Epoch 031 | batch 0320/0657 | loss 2.477076 | cmse 0.620070 | db 7.375719 | lr 4.999962e-04
Epoch 031 | batch 0330/0657 | loss 2.477237 | cmse 0.621272 | db 7.371492 | lr 4.999959e-04
Epoch 031 | batch 0340/0657 | loss 2.477535 | cmse 0.619936 | db 7.377941 | lr 4.999957e-04
Epoch 031 | batch 0350/0657 | loss 2.477563 | cmse 0.620129 | db 7.377217 | lr 4.999954e-04
Epoch 031 | batch 0360/0657 | loss 2.480801 | cmse 0.624287 | db 7.373580 | lr 4.999952e-04
Epoch 031 | batch 0370/0657 | loss 2.477993 | cmse 0.622023 | db 7.371537 | lr 4.999949e-04
Epoch 031 | batch 0380/0657 | loss 2.473421 | cmse 0.622609 | db 7.351037 | lr 4.999946e-04
Epoch 031 | batch 0390/0657 | loss 2.480291 | cmse 0.625198 | db 7.368148 | lr 4.999943e-04
Epoch 031 | batch 0400/0657 | loss 2.491675 | cmse 0.629587 | db 7.396050 | lr 4.999940e-04
Epoch 031 | batch 0410/0657 | loss 2.494082 | cmse 0.629544 | db 7.405922 | lr 4.999937e-04
Epoch 031 | batch 0420/0657 | loss 2.499510 | cmse 0.627625 | db 7.434990 | lr 4.999934e-04
Epoch 031 | batch 0430/0657 | loss 2.497920 | cmse 0.627340 | db 7.429679 | lr 4.999931e-04
Epoch 031 | batch 0440/0657 | loss 2.502317 | cmse 0.628779 | db 7.441450 | lr 4.999928e-04
Epoch 031 | batch 0450/0657 | loss 2.506229 | cmse 0.630811 | db 7.448844 | lr 4.999925e-04
Epoch 031 | batch 0460/0657 | loss 2.505043 | cmse 0.630510 | db 7.445304 | lr 4.999921e-04
Epoch 031 | batch 0470/0657 | loss 2.505290 | cmse 0.630289 | db 7.447094 | lr 4.999918e-04
Epoch 031 | batch 0480/0657 | loss 2.501162 | cmse 0.629882 | db 7.432249 | lr 4.999914e-04
Epoch 031 | batch 0490/0657 | loss 2.500043 | cmse 0.629086 | db 7.430836 | lr 4.999911e-04
Epoch 031 | batch 0500/0657 | loss 2.518834 | cmse 0.632501 | db 7.492022 | lr 4.999907e-04
Epoch 031 | batch 0510/0657 | loss 2.533887 | cmse 0.634301 | db 7.544702 | lr 4.999903e-04
Epoch 031 | batch 0520/0657 | loss 2.529656 | cmse 0.632457 | db 7.535050 | lr 4.999899e-04
Epoch 031 | batch 0530/0657 | loss 2.534902 | cmse 0.631655 | db 7.558860 | lr 4.999895e-04
Epoch 031 | batch 0540/0657 | loss 2.544333 | cmse 0.634680 | db 7.584129 | lr 4.999891e-04
Epoch 031 | batch 0550/0657 | loss 2.551405 | cmse 0.638766 | db 7.595846 | lr 4.999887e-04
Epoch 031 | batch 0560/0657 | loss 2.561487 | cmse 0.643869 | db 7.615546 | lr 4.999883e-04
Epoch 031 | batch 0570/0657 | loss 2.565918 | cmse 0.644741 | db 7.629606 | lr 4.999879e-04
Epoch 031 | batch 0580/0657 | loss 2.565527 | cmse 0.645559 | db 7.624810 | lr 4.999875e-04
Epoch 031 | batch 0590/0657 | loss 2.564663 | cmse 0.644947 | db 7.623712 | lr 4.999870e-04
Epoch 031 | batch 0600/0657 | loss 2.562614 | cmse 0.644192 | db 7.618488 | lr 4.999866e-04
Epoch 031 | batch 0610/0657 | loss 2.561635 | cmse 0.643273 | db 7.618221 | lr 4.999861e-04
Epoch 031 | batch 0620/0657 | loss 2.560980 | cmse 0.642328 | db 7.619380 | lr 4.999857e-04
Epoch 031 | batch 0630/0657 | loss 2.560147 | cmse 0.640937 | db 7.621576 | lr 4.999852e-04
Epoch 031 | batch 0640/0657 | loss 2.560649 | cmse 0.641992 | db 7.619322 | lr 4.999847e-04
Epoch 031 | batch 0650/0657 | loss 2.561276 | cmse 0.643054 | db 7.617559 | lr 4.999843e-04
Epoch 031 | train 2.559405 | val 2.606830 | cmse 0.741099 | db 7.402814
Epoch 032 | batch 0010/0657 | loss 2.655918 | cmse 0.657430 | db 7.934436 | lr 4.999834e-04
Epoch 032 | batch 0020/0657 | loss 2.568530 | cmse 0.681878 | db 7.488900 | lr 4.999829e-04
Epoch 032 | batch 0030/0657 | loss 2.573018 | cmse 0.664012 | db 7.578932 | lr 4.999824e-04
Epoch 032 | batch 0040/0657 | loss 2.486985 | cmse 0.629441 | db 7.375459 | lr 4.999819e-04
Epoch 032 | batch 0050/0657 | loss 2.464021 | cmse 0.607396 | db 7.371703 | lr 4.999814e-04
Epoch 032 | batch 0060/0657 | loss 2.459104 | cmse 0.604432 | db 7.363514 | lr 4.999809e-04
Epoch 032 | batch 0070/0657 | loss 2.461555 | cmse 0.601232 | db 7.385891 | lr 4.999803e-04
Epoch 032 | batch 0080/0657 | loss 2.460322 | cmse 0.604141 | db 7.369155 | lr 4.999798e-04
Epoch 032 | batch 0090/0657 | loss 2.453588 | cmse 0.600004 | db 7.358899 | lr 4.999792e-04
Epoch 032 | batch 0100/0657 | loss 2.414297 | cmse 0.591548 | db 7.236318 | lr 4.999787e-04
Epoch 032 | batch 0110/0657 | loss 2.414201 | cmse 0.593880 | db 7.226452 | lr 4.999781e-04
Epoch 032 | batch 0120/0657 | loss 2.410588 | cmse 0.591629 | db 7.221034 | lr 4.999775e-04
Epoch 032 | batch 0130/0657 | loss 2.411537 | cmse 0.595392 | db 7.209706 | lr 4.999769e-04
Epoch 032 | batch 0140/0657 | loss 2.397703 | cmse 0.588695 | db 7.181358 | lr 4.999763e-04
Epoch 032 | batch 0150/0657 | loss 2.410362 | cmse 0.590279 | db 7.225604 | lr 4.999757e-04
Epoch 032 | batch 0160/0657 | loss 2.424173 | cmse 0.599180 | db 7.245137 | lr 4.999751e-04
Epoch 032 | batch 0170/0657 | loss 2.433198 | cmse 0.601148 | db 7.273309 | lr 4.999745e-04
Epoch 032 | batch 0180/0657 | loss 2.444708 | cmse 0.602062 | db 7.315674 | lr 4.999739e-04
Epoch 032 | batch 0190/0657 | loss 2.446990 | cmse 0.601920 | db 7.325102 | lr 4.999733e-04
Epoch 032 | batch 0200/0657 | loss 2.451529 | cmse 0.601469 | db 7.345082 | lr 4.999726e-04
Epoch 032 | batch 0210/0657 | loss 2.454940 | cmse 0.604777 | db 7.345458 | lr 4.999720e-04
Epoch 032 | batch 0220/0657 | loss 2.453757 | cmse 0.607360 | db 7.330436 | lr 4.999714e-04
Epoch 032 | batch 0230/0657 | loss 2.449430 | cmse 0.605887 | db 7.319135 | lr 4.999707e-04
Epoch 032 | batch 0240/0657 | loss 2.449314 | cmse 0.603063 | db 7.330151 | lr 4.999700e-04
Epoch 032 | batch 0250/0657 | loss 2.453681 | cmse 0.606061 | db 7.335606 | lr 4.999694e-04
Epoch 032 | batch 0260/0657 | loss 2.440402 | cmse 0.606995 | db 7.279171 | lr 4.999687e-04
Epoch 032 | batch 0270/0657 | loss 2.441038 | cmse 0.605602 | db 7.287265 | lr 4.999680e-04
Epoch 032 | batch 0280/0657 | loss 2.442711 | cmse 0.606329 | db 7.290994 | lr 4.999673e-04
Epoch 032 | batch 0290/0657 | loss 2.455587 | cmse 0.614625 | db 7.309238 | lr 4.999666e-04
Epoch 032 | batch 0300/0657 | loss 2.458015 | cmse 0.614666 | db 7.318804 | lr 4.999659e-04
Epoch 032 | batch 0310/0657 | loss 2.459332 | cmse 0.613200 | db 7.329987 | lr 4.999652e-04
Epoch 032 | batch 0320/0657 | loss 2.464629 | cmse 0.613524 | db 7.349875 | lr 4.999644e-04
Epoch 032 | batch 0330/0657 | loss 2.462847 | cmse 0.610341 | db 7.355455 | lr 4.999637e-04
Epoch 032 | batch 0340/0657 | loss 2.464121 | cmse 0.614426 | db 7.344039 | lr 4.999630e-04
Epoch 032 | batch 0350/0657 | loss 2.459442 | cmse 0.613716 | db 7.328208 | lr 4.999622e-04
Epoch 032 | batch 0360/0657 | loss 2.462750 | cmse 0.617072 | db 7.327798 | lr 4.999615e-04
Epoch 032 | batch 0370/0657 | loss 2.458666 | cmse 0.618029 | db 7.307696 | lr 4.999607e-04
Epoch 032 | batch 0380/0657 | loss 2.465111 | cmse 0.620539 | db 7.323414 | lr 4.999599e-04
Epoch 032 | batch 0390/0657 | loss 2.458228 | cmse 0.619020 | db 7.302108 | lr 4.999592e-04
Epoch 032 | batch 0400/0657 | loss 2.456219 | cmse 0.617398 | db 7.300560 | lr 4.999584e-04
Epoch 032 | batch 0410/0657 | loss 2.453656 | cmse 0.618226 | db 7.287040 | lr 4.999576e-04
Epoch 032 | batch 0420/0657 | loss 2.452806 | cmse 0.617446 | db 7.286661 | lr 4.999568e-04
Epoch 032 | batch 0430/0657 | loss 2.449732 | cmse 0.616471 | db 7.278226 | lr 4.999560e-04
Epoch 032 | batch 0440/0657 | loss 2.447645 | cmse 0.614310 | db 7.278536 | lr 4.999552e-04
Epoch 032 | batch 0450/0657 | loss 2.450979 | cmse 0.615358 | db 7.287520 | lr 4.999544e-04
Epoch 032 | batch 0460/0657 | loss 2.452201 | cmse 0.617535 | db 7.283716 | lr 4.999535e-04
Epoch 032 | batch 0470/0657 | loss 2.450744 | cmse 0.616075 | db 7.283742 | lr 4.999527e-04
Epoch 032 | batch 0480/0657 | loss 2.448969 | cmse 0.615186 | db 7.280245 | lr 4.999519e-04
Epoch 032 | batch 0490/0657 | loss 2.447047 | cmse 0.615893 | db 7.269784 | lr 4.999510e-04
Epoch 032 | batch 0500/0657 | loss 2.440582 | cmse 0.613748 | db 7.252571 | lr 4.999501e-04
Epoch 032 | batch 0510/0657 | loss 2.440026 | cmse 0.613597 | db 7.250940 | lr 4.999493e-04
Epoch 032 | batch 0520/0657 | loss 2.441394 | cmse 0.614768 | db 7.251748 | lr 4.999484e-04
Epoch 032 | batch 0530/0657 | loss 2.441447 | cmse 0.615041 | db 7.250924 | lr 4.999475e-04
Epoch 032 | batch 0540/0657 | loss 2.445560 | cmse 0.618873 | db 7.251950 | lr 4.999466e-04
Epoch 032 | batch 0550/0657 | loss 2.445543 | cmse 0.617623 | db 7.256889 | lr 4.999457e-04
Epoch 032 | batch 0560/0657 | loss 2.444135 | cmse 0.616427 | db 7.256059 | lr 4.999448e-04
Epoch 032 | batch 0570/0657 | loss 2.442803 | cmse 0.617042 | db 7.248306 | lr 4.999439e-04
Epoch 032 | batch 0580/0657 | loss 2.443629 | cmse 0.616682 | db 7.253014 | lr 4.999430e-04
Epoch 032 | batch 0590/0657 | loss 2.444027 | cmse 0.615949 | db 7.257502 | lr 4.999421e-04
Epoch 032 | batch 0600/0657 | loss 2.439651 | cmse 0.614512 | db 7.245818 | lr 4.999412e-04
Epoch 032 | batch 0610/0657 | loss 2.438037 | cmse 0.613576 | db 7.243145 | lr 4.999402e-04
Epoch 032 | batch 0620/0657 | loss 2.440667 | cmse 0.616009 | db 7.243863 | lr 4.999393e-04
Epoch 032 | batch 0630/0657 | loss 2.446736 | cmse 0.619937 | db 7.252383 | lr 4.999383e-04
Epoch 032 | batch 0640/0657 | loss 2.449487 | cmse 0.620288 | db 7.262015 | lr 4.999373e-04
Epoch 032 | batch 0650/0657 | loss 2.451469 | cmse 0.622731 | db 7.260145 | lr 4.999364e-04
Epoch 032 | train 2.451574 | val 2.254582 | cmse 0.516452 | db 6.896485
Epoch 033 | batch 0010/0657 | loss 2.407983 | cmse 0.563411 | db 7.321820 | lr 4.999347e-04
Epoch 033 | batch 0020/0657 | loss 2.302185 | cmse 0.544959 | db 6.974345 | lr 4.999337e-04
Epoch 033 | batch 0030/0657 | loss 2.327864 | cmse 0.571921 | db 6.969280 | lr 4.999327e-04
Epoch 033 | batch 0040/0657 | loss 2.259101 | cmse 0.564630 | db 6.725215 | lr 4.999317e-04
Epoch 033 | batch 0050/0657 | loss 2.289121 | cmse 0.573154 | db 6.810194 | lr 4.999307e-04
Epoch 033 | batch 0060/0657 | loss 2.345721 | cmse 0.595119 | db 6.947786 | lr 4.999297e-04
Epoch 033 | batch 0070/0657 | loss 2.333960 | cmse 0.586563 | db 6.935128 | lr 4.999287e-04
Epoch 033 | batch 0080/0657 | loss 2.341428 | cmse 0.580503 | db 6.989570 | lr 4.999276e-04
Epoch 033 | batch 0090/0657 | loss 2.358780 | cmse 0.592034 | db 7.012658 | lr 4.999266e-04
Epoch 033 | batch 0100/0657 | loss 2.370445 | cmse 0.590172 | db 7.066675 | lr 4.999255e-04
Epoch 033 | batch 0110/0657 | loss 2.377386 | cmse 0.598145 | db 7.062480 | lr 4.999245e-04
Epoch 033 | batch 0120/0657 | loss 2.371986 | cmse 0.593174 | db 7.060886 | lr 4.999234e-04
Epoch 033 | batch 0130/0657 | loss 2.353781 | cmse 0.590377 | db 6.999554 | lr 4.999223e-04
Epoch 033 | batch 0140/0657 | loss 2.353314 | cmse 0.585236 | db 7.018277 | lr 4.999213e-04
Epoch 033 | batch 0150/0657 | loss 2.352349 | cmse 0.584450 | db 7.017469 | lr 4.999202e-04
Epoch 033 | batch 0160/0657 | loss 2.368407 | cmse 0.589917 | db 7.059417 | lr 4.999191e-04
Epoch 033 | batch 0170/0657 | loss 2.380759 | cmse 0.596074 | db 7.083923 | lr 4.999180e-04
Epoch 033 | batch 0180/0657 | loss 2.374526 | cmse 0.592693 | db 7.072495 | lr 4.999169e-04
Epoch 033 | batch 0190/0657 | loss 2.382627 | cmse 0.596721 | db 7.088868 | lr 4.999158e-04
Epoch 033 | batch 0200/0657 | loss 2.381872 | cmse 0.593894 | db 7.097153 | lr 4.999146e-04
Epoch 033 | batch 0210/0657 | loss 2.380623 | cmse 0.594737 | db 7.088768 | lr 4.999135e-04
Epoch 033 | batch 0220/0657 | loss 2.369341 | cmse 0.586859 | db 7.075332 | lr 4.999124e-04
Epoch 033 | batch 0230/0657 | loss 2.366407 | cmse 0.587913 | db 7.059246 | lr 4.999112e-04
Epoch 033 | batch 0240/0657 | loss 2.364336 | cmse 0.584965 | db 7.062841 | lr 4.999101e-04
Epoch 033 | batch 0250/0657 | loss 2.367087 | cmse 0.588540 | db 7.059610 | lr 4.999089e-04
Epoch 033 | batch 0260/0657 | loss 2.359375 | cmse 0.587613 | db 7.032891 | lr 4.999077e-04
Epoch 033 | batch 0270/0657 | loss 2.357626 | cmse 0.587756 | db 7.025312 | lr 4.999066e-04
Epoch 033 | batch 0280/0657 | loss 2.359690 | cmse 0.588605 | db 7.030237 | lr 4.999054e-04
Epoch 033 | batch 0290/0657 | loss 2.356492 | cmse 0.587270 | db 7.022808 | lr 4.999042e-04
Epoch 033 | batch 0300/0657 | loss 2.359218 | cmse 0.588173 | db 7.030046 | lr 4.999030e-04
Epoch 033 | batch 0310/0657 | loss 2.362534 | cmse 0.588275 | db 7.042889 | lr 4.999018e-04
Epoch 033 | batch 0320/0657 | loss 2.360340 | cmse 0.586888 | db 7.039688 | lr 4.999006e-04
Epoch 033 | batch 0330/0657 | loss 2.356994 | cmse 0.585374 | db 7.032377 | lr 4.998993e-04
Epoch 033 | batch 0340/0657 | loss 2.354149 | cmse 0.582918 | db 7.030854 | lr 4.998981e-04
Epoch 033 | batch 0350/0657 | loss 2.355520 | cmse 0.585152 | db 7.027390 | lr 4.998969e-04
Epoch 033 | batch 0360/0657 | loss 2.352718 | cmse 0.583558 | db 7.022594 | lr 4.998956e-04
Epoch 033 | batch 0370/0657 | loss 2.357813 | cmse 0.585414 | db 7.035463 | lr 4.998944e-04
Epoch 033 | batch 0380/0657 | loss 2.364025 | cmse 0.587434 | db 7.052191 | lr 4.998931e-04
Epoch 033 | batch 0390/0657 | loss 2.367114 | cmse 0.588641 | db 7.059729 | lr 4.998919e-04
Epoch 033 | batch 0400/0657 | loss 2.376444 | cmse 0.591706 | db 7.084872 | lr 4.998906e-04
Epoch 033 | batch 0410/0657 | loss 2.377036 | cmse 0.591602 | db 7.087717 | lr 4.998893e-04
Epoch 033 | batch 0420/0657 | loss 2.374485 | cmse 0.589629 | db 7.085432 | lr 4.998880e-04
Epoch 033 | batch 0430/0657 | loss 2.376669 | cmse 0.590932 | db 7.088912 | lr 4.998867e-04
Epoch 033 | batch 0440/0657 | loss 2.373683 | cmse 0.591230 | db 7.075979 | lr 4.998854e-04
Epoch 033 | batch 0450/0657 | loss 2.375017 | cmse 0.592773 | db 7.075208 | lr 4.998841e-04
Epoch 033 | batch 0460/0657 | loss 2.375988 | cmse 0.591623 | db 7.083666 | lr 4.998828e-04
Epoch 033 | batch 0470/0657 | loss 2.373310 | cmse 0.589732 | db 7.080541 | lr 4.998815e-04
Epoch 033 | batch 0480/0657 | loss 2.372568 | cmse 0.589975 | db 7.076646 | lr 4.998801e-04
Epoch 033 | batch 0490/0657 | loss 2.372518 | cmse 0.588833 | db 7.081097 | lr 4.998788e-04
Epoch 033 | batch 0500/0657 | loss 2.366336 | cmse 0.586404 | db 7.066276 | lr 4.998775e-04
Epoch 033 | batch 0510/0657 | loss 2.369581 | cmse 0.589728 | db 7.065890 | lr 4.998761e-04
Epoch 033 | batch 0520/0657 | loss 2.373005 | cmse 0.589990 | db 7.078608 | lr 4.998747e-04
Epoch 033 | batch 0530/0657 | loss 2.373069 | cmse 0.589875 | db 7.079303 | lr 4.998734e-04
Epoch 033 | batch 0540/0657 | loss 2.368511 | cmse 0.588131 | db 7.068119 | lr 4.998720e-04
Epoch 033 | batch 0550/0657 | loss 2.367818 | cmse 0.587924 | db 7.066181 | lr 4.998706e-04
Epoch 033 | batch 0560/0657 | loss 2.362662 | cmse 0.585976 | db 7.053467 | lr 4.998692e-04
Epoch 033 | batch 0570/0657 | loss 2.360784 | cmse 0.585455 | db 7.048071 | lr 4.998678e-04
Epoch 033 | batch 0580/0657 | loss 2.361850 | cmse 0.585484 | db 7.052188 | lr 4.998664e-04
Epoch 033 | batch 0590/0657 | loss 2.360644 | cmse 0.584826 | db 7.050076 | lr 4.998650e-04
Epoch 033 | batch 0600/0657 | loss 2.363224 | cmse 0.583447 | db 7.065846 | lr 4.998636e-04
Epoch 033 | batch 0610/0657 | loss 2.368814 | cmse 0.585640 | db 7.079258 | lr 4.998621e-04
Epoch 033 | batch 0620/0657 | loss 2.376155 | cmse 0.585618 | db 7.108647 | lr 4.998607e-04
Epoch 033 | batch 0630/0657 | loss 2.379741 | cmse 0.587071 | db 7.117081 | lr 4.998593e-04
Epoch 033 | batch 0640/0657 | loss 2.384020 | cmse 0.587469 | db 7.132516 | lr 4.998578e-04
Epoch 033 | batch 0650/0657 | loss 2.384712 | cmse 0.587405 | db 7.135526 | lr 4.998563e-04
Epoch 033 | train 2.385544 | val 2.372519 | cmse 0.406321 | db 7.812458
Epoch 034 | batch 0010/0657 | loss 2.306939 | cmse 0.528930 | db 7.060523 | lr 4.998538e-04
Epoch 034 | batch 0020/0657 | loss 2.179802 | cmse 0.548776 | db 6.476850 | lr 4.998524e-04
Epoch 034 | batch 0030/0657 | loss 2.236640 | cmse 0.556324 | db 6.673613 | lr 4.998509e-04
Epoch 034 | batch 0040/0657 | loss 2.298528 | cmse 0.567606 | db 6.874662 | lr 4.998494e-04
Epoch 034 | batch 0050/0657 | loss 2.315441 | cmse 0.568117 | db 6.939515 | lr 4.998479e-04
Epoch 034 | batch 0060/0657 | loss 2.330507 | cmse 0.579245 | db 6.954879 | lr 4.998464e-04
Epoch 034 | batch 0070/0657 | loss 2.467798 | cmse 0.629532 | db 7.300324 | lr 4.998449e-04
Epoch 034 | batch 0080/0657 | loss 2.561155 | cmse 0.625333 | db 7.688394 | lr 4.998433e-04
Epoch 034 | batch 0090/0657 | loss 2.590367 | cmse 0.622245 | db 7.817147 | lr 4.998418e-04
Epoch 034 | batch 0100/0657 | loss 2.598594 | cmse 0.641251 | db 7.773710 | lr 4.998403e-04
Epoch 034 | batch 0110/0657 | loss 2.620727 | cmse 0.653842 | db 7.812024 | lr 4.998387e-04
Epoch 034 | batch 0120/0657 | loss 2.614252 | cmse 0.654244 | db 7.784545 | lr 4.998372e-04
Epoch 034 | batch 0130/0657 | loss 2.601977 | cmse 0.649554 | db 7.754454 | lr 4.998356e-04
Epoch 034 | batch 0140/0657 | loss 2.591999 | cmse 0.648425 | db 7.719139 | lr 4.998340e-04
Epoch 034 | batch 0150/0657 | loss 2.582444 | cmse 0.643257 | db 7.701515 | lr 4.998325e-04
Epoch 034 | batch 0160/0657 | loss 2.566518 | cmse 0.635171 | db 7.670236 | lr 4.998309e-04
Epoch 034 | batch 0170/0657 | loss 2.556996 | cmse 0.638897 | db 7.617327 | lr 4.998293e-04
Epoch 034 | batch 0180/0657 | loss 2.548115 | cmse 0.631769 | db 7.610294 | lr 4.998277e-04
Epoch 034 | batch 0190/0657 | loss 2.533419 | cmse 0.626217 | db 7.573943 | lr 4.998261e-04
Epoch 034 | batch 0200/0657 | loss 2.524872 | cmse 0.621445 | db 7.558975 | lr 4.998245e-04
Epoch 034 | batch 0210/0657 | loss 2.504602 | cmse 0.615951 | db 7.500228 | lr 4.998229e-04
Epoch 034 | batch 0220/0657 | loss 2.498906 | cmse 0.612201 | db 7.492298 | lr 4.998212e-04
Epoch 034 | batch 0230/0657 | loss 2.490699 | cmse 0.609254 | db 7.471331 | lr 4.998196e-04
Epoch 034 | batch 0240/0657 | loss 2.495174 | cmse 0.612785 | db 7.475141 | lr 4.998179e-04
Epoch 034 | batch 0250/0657 | loss 2.492446 | cmse 0.614290 | db 7.458290 | lr 4.998163e-04
Epoch 034 | batch 0260/0657 | loss 2.486863 | cmse 0.611698 | db 7.446486 | lr 4.998146e-04
Epoch 034 | batch 0270/0657 | loss 2.479561 | cmse 0.612038 | db 7.415958 | lr 4.998130e-04
Epoch 034 | batch 0280/0657 | loss 2.467003 | cmse 0.608697 | db 7.379248 | lr 4.998113e-04
Epoch 034 | batch 0290/0657 | loss 2.457587 | cmse 0.606426 | db 7.350852 | lr 4.998096e-04
Epoch 034 | batch 0300/0657 | loss 2.455780 | cmse 0.607244 | db 7.340443 | lr 4.998079e-04
Epoch 034 | batch 0310/0657 | loss 2.461007 | cmse 0.611239 | db 7.345350 | lr 4.998062e-04
Epoch 034 | batch 0320/0657 | loss 2.463987 | cmse 0.614975 | db 7.342288 | lr 4.998045e-04
Epoch 034 | batch 0330/0657 | loss 2.458194 | cmse 0.614519 | db 7.321088 | lr 4.998028e-04
Epoch 034 | batch 0340/0657 | loss 2.457389 | cmse 0.612823 | db 7.324641 | lr 4.998011e-04
Epoch 034 | batch 0350/0657 | loss 2.457284 | cmse 0.611569 | db 7.329120 | lr 4.997994e-04
Epoch 034 | batch 0360/0657 | loss 2.453686 | cmse 0.609440 | db 7.323264 | lr 4.997977e-04
Epoch 034 | batch 0370/0657 | loss 2.444631 | cmse 0.608108 | db 7.292543 | lr 4.997959e-04
Epoch 034 | batch 0380/0657 | loss 2.442669 | cmse 0.606482 | db 7.291241 | lr 4.997942e-04
Epoch 034 | batch 0390/0657 | loss 2.440717 | cmse 0.605655 | db 7.286732 | lr 4.997924e-04
Epoch 034 | batch 0400/0657 | loss 2.437257 | cmse 0.603942 | db 7.279815 | lr 4.997906e-04
Epoch 034 | batch 0410/0657 | loss 2.434422 | cmse 0.603119 | db 7.271727 | lr 4.997889e-04
Epoch 034 | batch 0420/0657 | loss 2.429569 | cmse 0.601284 | db 7.259630 | lr 4.997871e-04
Epoch 034 | batch 0430/0657 | loss 2.427911 | cmse 0.599893 | db 7.258529 | lr 4.997853e-04
Epoch 034 | batch 0440/0657 | loss 2.425197 | cmse 0.600862 | db 7.243819 | lr 4.997835e-04
Epoch 034 | batch 0450/0657 | loss 2.421464 | cmse 0.599195 | db 7.235661 | lr 4.997817e-04
Epoch 034 | batch 0460/0657 | loss 2.420112 | cmse 0.598556 | db 7.232839 | lr 4.997799e-04
Epoch 034 | batch 0470/0657 | loss 2.418131 | cmse 0.598174 | db 7.226499 | lr 4.997781e-04
Epoch 034 | batch 0480/0657 | loss 2.420250 | cmse 0.600159 | db 7.226982 | lr 4.997763e-04
Epoch 034 | batch 0490/0657 | loss 2.417439 | cmse 0.598706 | db 7.221645 | lr 4.997745e-04
Epoch 034 | batch 0500/0657 | loss 2.413327 | cmse 0.598866 | db 7.204701 | lr 4.997726e-04
Epoch 034 | batch 0510/0657 | loss 2.413149 | cmse 0.598702 | db 7.204649 | lr 4.997708e-04
Epoch 034 | batch 0520/0657 | loss 2.410838 | cmse 0.597761 | db 7.199264 | lr 4.997689e-04
Epoch 034 | batch 0530/0657 | loss 2.424652 | cmse 0.612923 | db 7.193862 | lr 4.997671e-04
Epoch 034 | batch 0540/0657 | loss 2.445973 | cmse 0.620584 | db 7.248316 | lr 4.997652e-04
Epoch 034 | batch 0550/0657 | loss 2.458736 | cmse 0.627453 | db 7.271778 | lr 4.997633e-04
Epoch 034 | batch 0560/0657 | loss 2.469457 | cmse 0.632838 | db 7.292996 | lr 4.997614e-04
Epoch 034 | batch 0570/0657 | loss 2.475961 | cmse 0.634601 | db 7.311848 | lr 4.997596e-04
Epoch 034 | batch 0580/0657 | loss 2.481221 | cmse 0.636271 | db 7.326268 | lr 4.997577e-04
Epoch 034 | batch 0590/0657 | loss 2.482515 | cmse 0.635892 | db 7.332989 | lr 4.997558e-04
Epoch 034 | batch 0600/0657 | loss 2.486884 | cmse 0.636051 | db 7.349702 | lr 4.997538e-04
Epoch 034 | batch 0610/0657 | loss 2.490104 | cmse 0.638091 | db 7.354394 | lr 4.997519e-04
Epoch 034 | batch 0620/0657 | loss 2.494556 | cmse 0.638990 | db 7.368561 | lr 4.997500e-04
Epoch 034 | batch 0630/0657 | loss 2.496995 | cmse 0.639349 | db 7.376844 | lr 4.997481e-04
Epoch 034 | batch 0640/0657 | loss 2.497261 | cmse 0.638363 | db 7.381849 | lr 4.997461e-04
Epoch 034 | batch 0650/0657 | loss 2.499472 | cmse 0.638558 | db 7.389901 | lr 4.997442e-04
Epoch 034 | train 2.499480 | val 2.283985 | cmse 0.429769 | db 7.362289
Epoch 035 | batch 0010/0657 | loss 2.799658 | cmse 0.580889 | db 8.818335 | lr 4.997409e-04
Epoch 035 | batch 0020/0657 | loss 2.789346 | cmse 0.605446 | db 8.676775 | lr 4.997389e-04
Epoch 035 | batch 0030/0657 | loss 2.697269 | cmse 0.623416 | db 8.237321 | lr 4.997369e-04
Epoch 035 | batch 0040/0657 | loss 2.628423 | cmse 0.606109 | db 8.032815 | lr 4.997349e-04
Epoch 035 | batch 0050/0657 | loss 2.608642 | cmse 0.614834 | db 7.919228 | lr 4.997329e-04
Epoch 035 | batch 0060/0657 | loss 2.578868 | cmse 0.608968 | db 7.824349 | lr 4.997309e-04
Epoch 035 | batch 0070/0657 | loss 2.616451 | cmse 0.615631 | db 7.948847 | lr 4.997289e-04
Epoch 035 | batch 0080/0657 | loss 2.639222 | cmse 0.627700 | db 7.991693 | lr 4.997269e-04
Epoch 035 | batch 0090/0657 | loss 2.651524 | cmse 0.634554 | db 8.013308 | lr 4.997249e-04
Epoch 035 | batch 0100/0657 | loss 2.637579 | cmse 0.634342 | db 7.958402 | lr 4.997229e-04
Epoch 035 | batch 0110/0657 | loss 2.623313 | cmse 0.623324 | db 7.945877 | lr 4.997208e-04
Epoch 035 | batch 0120/0657 | loss 2.624405 | cmse 0.636521 | db 7.897471 | lr 4.997188e-04
Epoch 035 | batch 0130/0657 | loss 2.612223 | cmse 0.633662 | db 7.860220 | lr 4.997167e-04
Epoch 035 | batch 0140/0657 | loss 2.602031 | cmse 0.630760 | db 7.830949 | lr 4.997147e-04
Epoch 035 | batch 0150/0657 | loss 2.599698 | cmse 0.634677 | db 7.805961 | lr 4.997126e-04
Epoch 035 | batch 0160/0657 | loss 2.602160 | cmse 0.636359 | db 7.808864 | lr 4.997106e-04
Epoch 035 | batch 0170/0657 | loss 2.602469 | cmse 0.638931 | db 7.799713 | lr 4.997085e-04
Epoch 035 | batch 0180/0657 | loss 2.596061 | cmse 0.639662 | db 7.771405 | lr 4.997064e-04
Epoch 035 | batch 0190/0657 | loss 2.587683 | cmse 0.636150 | db 7.751944 | lr 4.997043e-04
Epoch 035 | batch 0200/0657 | loss 2.571792 | cmse 0.629508 | db 7.715098 | lr 4.997022e-04
Epoch 035 | batch 0210/0657 | loss 2.563922 | cmse 0.628230 | db 7.688793 | lr 4.997001e-04
Epoch 035 | batch 0220/0657 | loss 2.557127 | cmse 0.628640 | db 7.659917 | lr 4.996980e-04
Epoch 035 | batch 0230/0657 | loss 2.552889 | cmse 0.628471 | db 7.643579 | lr 4.996958e-04
Epoch 035 | batch 0240/0657 | loss 2.541830 | cmse 0.624547 | db 7.615107 | lr 4.996937e-04
Epoch 035 | batch 0250/0657 | loss 2.532346 | cmse 0.619278 | db 7.598374 | lr 4.996916e-04
Epoch 035 | batch 0260/0657 | loss 2.526305 | cmse 0.617586 | db 7.580954 | lr 4.996894e-04
Epoch 035 | batch 0270/0657 | loss 2.516779 | cmse 0.614133 | db 7.556835 | lr 4.996873e-04
Epoch 035 | batch 0280/0657 | loss 2.521118 | cmse 0.617322 | db 7.561401 | lr 4.996851e-04
Epoch 035 | batch 0290/0657 | loss 2.515195 | cmse 0.615917 | db 7.543342 | lr 4.996829e-04
Epoch 035 | batch 0300/0657 | loss 2.515112 | cmse 0.614336 | db 7.549324 | lr 4.996808e-04
Epoch 035 | batch 0310/0657 | loss 2.509696 | cmse 0.613309 | db 7.531842 | lr 4.996786e-04
Epoch 035 | batch 0320/0657 | loss 2.497751 | cmse 0.607889 | db 7.505948 | lr 4.996764e-04
Epoch 035 | batch 0330/0657 | loss 2.491051 | cmse 0.608427 | db 7.477083 | lr 4.996742e-04
Epoch 035 | batch 0340/0657 | loss 2.485493 | cmse 0.606030 | db 7.464647 | lr 4.996720e-04
Epoch 035 | batch 0350/0657 | loss 2.481893 | cmse 0.604978 | db 7.454545 | lr 4.996698e-04
Epoch 035 | batch 0360/0657 | loss 2.484074 | cmse 0.609456 | db 7.445383 | lr 4.996675e-04
Epoch 035 | batch 0370/0657 | loss 2.477678 | cmse 0.608334 | db 7.424433 | lr 4.996653e-04
Epoch 035 | batch 0380/0657 | loss 2.475622 | cmse 0.607682 | db 7.418853 | lr 4.996631e-04
Epoch 035 | batch 0390/0657 | loss 2.467159 | cmse 0.604300 | db 7.398655 | lr 4.996608e-04
Epoch 035 | batch 0400/0657 | loss 2.470390 | cmse 0.607883 | db 7.397202 | lr 4.996586e-04
Epoch 035 | batch 0410/0657 | loss 2.469474 | cmse 0.611341 | db 7.379841 | lr 4.996563e-04
Epoch 035 | batch 0420/0657 | loss 2.480549 | cmse 0.620870 | db 7.385936 | lr 4.996541e-04
Epoch 035 | batch 0430/0657 | loss 2.486373 | cmse 0.625843 | db 7.389299 | lr 4.996518e-04
Epoch 035 | batch 0440/0657 | loss 2.481862 | cmse 0.627096 | db 7.366361 | lr 4.996495e-04
Epoch 035 | batch 0450/0657 | loss 2.482419 | cmse 0.627820 | db 7.365716 | lr 4.996472e-04
Epoch 035 | batch 0460/0657 | loss 2.478132 | cmse 0.625428 | db 7.358168 | lr 4.996449e-04
Epoch 035 | batch 0470/0657 | loss 2.478805 | cmse 0.626796 | db 7.355308 | lr 4.996426e-04
Epoch 035 | batch 0480/0657 | loss 2.476088 | cmse 0.625338 | db 7.350302 | lr 4.996403e-04
Epoch 035 | batch 0490/0657 | loss 2.475984 | cmse 0.625513 | db 7.349043 | lr 4.996380e-04
Epoch 035 | batch 0500/0657 | loss 2.473774 | cmse 0.622938 | db 7.350529 | lr 4.996357e-04
Epoch 035 | batch 0510/0657 | loss 2.470920 | cmse 0.621824 | db 7.343592 | lr 4.996333e-04
Epoch 035 | batch 0520/0657 | loss 2.468515 | cmse 0.621174 | db 7.336523 | lr 4.996310e-04
Epoch 035 | batch 0530/0657 | loss 2.456997 | cmse 0.618287 | db 7.302245 | lr 4.996286e-04
Epoch 035 | batch 0540/0657 | loss 2.453656 | cmse 0.615495 | db 7.300055 | lr 4.996263e-04
Epoch 035 | batch 0550/0657 | loss 2.450688 | cmse 0.614445 | db 7.292333 | lr 4.996239e-04
Epoch 035 | batch 0560/0657 | loss 2.450867 | cmse 0.613722 | db 7.295915 | lr 4.996216e-04
Epoch 035 | batch 0570/0657 | loss 2.449600 | cmse 0.613988 | db 7.289748 | lr 4.996192e-04
Epoch 035 | batch 0580/0657 | loss 2.449880 | cmse 0.614286 | db 7.289607 | lr 4.996168e-04
Epoch 035 | batch 0590/0657 | loss 2.452525 | cmse 0.614295 | db 7.300190 | lr 4.996144e-04
Epoch 035 | batch 0600/0657 | loss 2.453200 | cmse 0.615128 | db 7.299572 | lr 4.996120e-04
Epoch 035 | batch 0610/0657 | loss 2.448580 | cmse 0.612685 | db 7.290953 | lr 4.996096e-04
Epoch 035 | batch 0620/0657 | loss 2.445811 | cmse 0.611206 | db 7.285758 | lr 4.996072e-04
Epoch 035 | batch 0630/0657 | loss 2.445747 | cmse 0.610326 | db 7.289049 | lr 4.996048e-04
Epoch 035 | batch 0640/0657 | loss 2.446210 | cmse 0.611095 | db 7.287849 | lr 4.996023e-04
Epoch 035 | batch 0650/0657 | loss 2.447463 | cmse 0.611580 | db 7.290936 | lr 4.995999e-04
Epoch 035 | train 2.449296 | val 2.436517 | cmse 0.742297 | db 6.721827
Epoch 036 | batch 0010/0657 | loss 2.413380 | cmse 0.623019 | db 7.107624 | lr 4.995957e-04
Epoch 036 | batch 0020/0657 | loss 2.503878 | cmse 0.651163 | db 7.355599 | lr 4.995933e-04
Epoch 036 | batch 0030/0657 | loss 2.481740 | cmse 0.646780 | db 7.286107 | lr 4.995908e-04
Epoch 036 | batch 0040/0657 | loss 2.516945 | cmse 0.671557 | db 7.326980 | lr 4.995883e-04
Epoch 036 | batch 0050/0657 | loss 2.501555 | cmse 0.651693 | db 7.345972 | lr 4.995859e-04
Epoch 036 | batch 0060/0657 | loss 2.433237 | cmse 0.627096 | db 7.171878 | lr 4.995834e-04
Epoch 036 | batch 0070/0657 | loss 2.435808 | cmse 0.623098 | db 7.198253 | lr 4.995809e-04
Epoch 036 | batch 0080/0657 | loss 2.436264 | cmse 0.624677 | db 7.193789 | lr 4.995784e-04
Epoch 036 | batch 0090/0657 | loss 2.407995 | cmse 0.614433 | db 7.122602 | lr 4.995759e-04
Epoch 036 | batch 0100/0657 | loss 2.407002 | cmse 0.609764 | db 7.137081 | lr 4.995734e-04
Epoch 036 | batch 0110/0657 | loss 2.410229 | cmse 0.615382 | db 7.127589 | lr 4.995708e-04
Epoch 036 | batch 0120/0657 | loss 2.403414 | cmse 0.611453 | db 7.116084 | lr 4.995683e-04
Epoch 036 | batch 0130/0657 | loss 2.406186 | cmse 0.604793 | db 7.153598 | lr 4.995658e-04
Epoch 036 | batch 0140/0657 | loss 2.411827 | cmse 0.605650 | db 7.172425 | lr 4.995632e-04
Epoch 036 | batch 0150/0657 | loss 2.376982 | cmse 0.596896 | db 7.068640 | lr 4.995607e-04
Epoch 036 | batch 0160/0657 | loss 2.365047 | cmse 0.589217 | db 7.051508 | lr 4.995581e-04
Epoch 036 | batch 0170/0657 | loss 2.361042 | cmse 0.590309 | db 7.031084 | lr 4.995555e-04
Epoch 036 | batch 0180/0657 | loss 2.370746 | cmse 0.595880 | db 7.047770 | lr 4.995530e-04
Epoch 036 | batch 0190/0657 | loss 2.368300 | cmse 0.595288 | db 7.040440 | lr 4.995504e-04
Epoch 036 | batch 0200/0657 | loss 2.370613 | cmse 0.595789 | db 7.047806 | lr 4.995478e-04
Epoch 036 | batch 0210/0657 | loss 2.369229 | cmse 0.593922 | db 7.049664 | lr 4.995452e-04
Epoch 036 | batch 0220/0657 | loss 2.373240 | cmse 0.596504 | db 7.055206 | lr 4.995426e-04
Epoch 036 | batch 0230/0657 | loss 2.377553 | cmse 0.597921 | db 7.066728 | lr 4.995400e-04
Epoch 036 | batch 0240/0657 | loss 2.377196 | cmse 0.595500 | db 7.074979 | lr 4.995374e-04
Epoch 036 | batch 0250/0657 | loss 2.364289 | cmse 0.591597 | db 7.039196 | lr 4.995347e-04
Epoch 036 | batch 0260/0657 | loss 2.367034 | cmse 0.590241 | db 7.055508 | lr 4.995321e-04
Epoch 036 | batch 0270/0657 | loss 2.359971 | cmse 0.586728 | db 7.041390 | lr 4.995294e-04
Epoch 036 | batch 0280/0657 | loss 2.362183 | cmse 0.586853 | db 7.049641 | lr 4.995268e-04
Epoch 036 | batch 0290/0657 | loss 2.360290 | cmse 0.585544 | db 7.047262 | lr 4.995241e-04
Epoch 036 | batch 0300/0657 | loss 2.358431 | cmse 0.584163 | db 7.045329 | lr 4.995215e-04
Epoch 036 | batch 0310/0657 | loss 2.352450 | cmse 0.581296 | db 7.033026 | lr 4.995188e-04
Epoch 036 | batch 0320/0657 | loss 2.355382 | cmse 0.581765 | db 7.042788 | lr 4.995161e-04
Epoch 036 | batch 0330/0657 | loss 2.353248 | cmse 0.580262 | db 7.040240 | lr 4.995134e-04
Epoch 036 | batch 0340/0657 | loss 2.350978 | cmse 0.580067 | db 7.031891 | lr 4.995107e-04
Epoch 036 | batch 0350/0657 | loss 2.354650 | cmse 0.579962 | db 7.046962 | lr 4.995080e-04
Epoch 036 | batch 0360/0657 | loss 2.366448 | cmse 0.588112 | db 7.061379 | lr 4.995053e-04
Epoch 036 | batch 0370/0657 | loss 2.377463 | cmse 0.587045 | db 7.109573 | lr 4.995026e-04
Epoch 036 | batch 0380/0657 | loss 2.384355 | cmse 0.588484 | db 7.131337 | lr 4.994999e-04
Epoch 036 | batch 0390/0657 | loss 2.388586 | cmse 0.589950 | db 7.142270 | lr 4.994972e-04
Epoch 036 | batch 0400/0657 | loss 2.391263 | cmse 0.591312 | db 7.147421 | lr 4.994944e-04
Epoch 036 | batch 0410/0657 | loss 2.394262 | cmse 0.591761 | db 7.157603 | lr 4.994917e-04
Epoch 036 | batch 0420/0657 | loss 2.394879 | cmse 0.590950 | db 7.163300 | lr 4.994889e-04
Epoch 036 | batch 0430/0657 | loss 2.397056 | cmse 0.593345 | db 7.162412 | lr 4.994862e-04
Epoch 036 | batch 0440/0657 | loss 2.397385 | cmse 0.591694 | db 7.170312 | lr 4.994834e-04
Epoch 036 | batch 0450/0657 | loss 2.396487 | cmse 0.592013 | db 7.165396 | lr 4.994806e-04
Epoch 036 | batch 0460/0657 | loss 2.394016 | cmse 0.591170 | db 7.158972 | lr 4.994778e-04
Epoch 036 | batch 0470/0657 | loss 2.390742 | cmse 0.589414 | db 7.152867 | lr 4.994750e-04
Epoch 036 | batch 0480/0657 | loss 2.390259 | cmse 0.589288 | db 7.151383 | lr 4.994722e-04
Epoch 036 | batch 0490/0657 | loss 2.383166 | cmse 0.587543 | db 7.130166 | lr 4.994694e-04
Epoch 036 | batch 0500/0657 | loss 2.380088 | cmse 0.585558 | db 7.125815 | lr 4.994666e-04
Epoch 036 | batch 0510/0657 | loss 2.381342 | cmse 0.586062 | db 7.128823 | lr 4.994638e-04
Epoch 036 | batch 0520/0657 | loss 2.381642 | cmse 0.585616 | db 7.131790 | lr 4.994610e-04
Epoch 036 | batch 0530/0657 | loss 2.380163 | cmse 0.584703 | db 7.129529 | lr 4.994581e-04
Epoch 036 | batch 0540/0657 | loss 2.378983 | cmse 0.584242 | db 7.126658 | lr 4.994553e-04
Epoch 036 | batch 0550/0657 | loss 2.378766 | cmse 0.584245 | db 7.125792 | lr 4.994524e-04
Epoch 036 | batch 0560/0657 | loss 2.381539 | cmse 0.586377 | db 7.128368 | lr 4.994496e-04
Epoch 036 | batch 0570/0657 | loss 2.380901 | cmse 0.586173 | db 7.126683 | lr 4.994467e-04
Epoch 036 | batch 0580/0657 | loss 2.386297 | cmse 0.588923 | db 7.137229 | lr 4.994438e-04
Epoch 036 | batch 0590/0657 | loss 2.386984 | cmse 0.588468 | db 7.141783 | lr 4.994410e-04
Epoch 036 | batch 0600/0657 | loss 2.386543 | cmse 0.589078 | db 7.137599 | lr 4.994381e-04
Epoch 036 | batch 0610/0657 | loss 2.378992 | cmse 0.588511 | db 7.109857 | lr 4.994352e-04
Epoch 036 | batch 0620/0657 | loss 2.377163 | cmse 0.587159 | db 7.107995 | lr 4.994323e-04
Epoch 036 | batch 0630/0657 | loss 2.374720 | cmse 0.586708 | db 7.100042 | lr 4.994294e-04
Epoch 036 | batch 0640/0657 | loss 2.374609 | cmse 0.586328 | db 7.101077 | lr 4.994264e-04
Epoch 036 | batch 0650/0657 | loss 2.373435 | cmse 0.585849 | db 7.098308 | lr 4.994235e-04
Epoch 036 | train 2.372678 | val 2.490709 | cmse 0.629178 | db 7.394974
Epoch 037 | batch 0010/0657 | loss 2.222715 | cmse 0.593135 | db 6.471527 | lr 4.994185e-04
Epoch 037 | batch 0020/0657 | loss 2.354303 | cmse 0.617744 | db 6.895527 | lr 4.994156e-04
Epoch 037 | batch 0030/0657 | loss 2.276968 | cmse 0.564141 | db 6.800739 | lr 4.994126e-04
Epoch 037 | batch 0040/0657 | loss 2.300171 | cmse 0.591527 | db 6.783621 | lr 4.994097e-04
Epoch 037 | batch 0050/0657 | loss 2.315398 | cmse 0.589392 | db 6.852863 | lr 4.994067e-04
Epoch 037 | batch 0060/0657 | loss 2.322964 | cmse 0.590150 | db 6.879946 | lr 4.994037e-04
Epoch 037 | batch 0070/0657 | loss 2.325050 | cmse 0.585091 | db 6.908672 | lr 4.994007e-04
Epoch 037 | batch 0080/0657 | loss 2.318840 | cmse 0.586482 | db 6.878544 | lr 4.993978e-04
Epoch 037 | batch 0090/0657 | loss 2.335766 | cmse 0.591308 | db 6.926638 | lr 4.993948e-04
Epoch 037 | batch 0100/0657 | loss 2.329287 | cmse 0.582619 | db 6.935432 | lr 4.993917e-04
Epoch 037 | batch 0110/0657 | loss 2.346053 | cmse 0.585435 | db 6.991252 | lr 4.993887e-04
Epoch 037 | batch 0120/0657 | loss 2.334476 | cmse 0.588120 | db 6.934503 | lr 4.993857e-04
Epoch 037 | batch 0130/0657 | loss 2.339716 | cmse 0.588746 | db 6.952842 | lr 4.993827e-04
Epoch 037 | batch 0140/0657 | loss 2.333803 | cmse 0.583911 | db 6.948449 | lr 4.993797e-04
Epoch 037 | batch 0150/0657 | loss 2.336100 | cmse 0.582856 | db 6.961717 | lr 4.993766e-04
Epoch 037 | batch 0160/0657 | loss 2.345142 | cmse 0.583641 | db 6.994557 | lr 4.993736e-04
Epoch 037 | batch 0170/0657 | loss 2.342621 | cmse 0.585528 | db 6.977065 | lr 4.993705e-04
Epoch 037 | batch 0180/0657 | loss 2.339351 | cmse 0.585006 | db 6.965990 | lr 4.993674e-04
Epoch 037 | batch 0190/0657 | loss 2.348787 | cmse 0.595198 | db 6.962802 | lr 4.993644e-04
Epoch 037 | batch 0200/0657 | loss 2.342079 | cmse 0.594152 | db 6.940439 | lr 4.993613e-04
Epoch 037 | batch 0210/0657 | loss 2.338052 | cmse 0.588410 | db 6.947380 | lr 4.993582e-04
Epoch 037 | batch 0220/0657 | loss 2.333778 | cmse 0.586876 | db 6.936408 | lr 4.993551e-04
Epoch 037 | batch 0230/0657 | loss 2.334190 | cmse 0.584459 | db 6.947546 | lr 4.993520e-04
Epoch 037 | batch 0240/0657 | loss 2.341912 | cmse 0.587042 | db 6.967954 | lr 4.993489e-04
Epoch 037 | batch 0250/0657 | loss 2.339015 | cmse 0.583655 | db 6.969871 | lr 4.993458e-04
Epoch 037 | batch 0260/0657 | loss 2.348683 | cmse 0.587946 | db 6.991285 | lr 4.993427e-04
Epoch 037 | batch 0270/0657 | loss 2.343791 | cmse 0.585127 | db 6.982920 | lr 4.993395e-04
Epoch 037 | batch 0280/0657 | loss 2.340543 | cmse 0.582288 | db 6.981187 | lr 4.993364e-04
Epoch 037 | batch 0290/0657 | loss 2.342263 | cmse 0.581418 | db 6.991574 | lr 4.993332e-04
Epoch 037 | batch 0300/0657 | loss 2.343304 | cmse 0.581271 | db 6.996331 | lr 4.993301e-04
Epoch 037 | batch 0310/0657 | loss 2.341707 | cmse 0.581670 | db 6.988266 | lr 4.993269e-04
Epoch 037 | batch 0320/0657 | loss 2.343353 | cmse 0.580596 | db 6.999065 | lr 4.993238e-04
Epoch 037 | batch 0330/0657 | loss 2.341872 | cmse 0.583553 | db 6.981382 | lr 4.993206e-04
Epoch 037 | batch 0340/0657 | loss 2.340673 | cmse 0.582105 | db 6.982347 | lr 4.993174e-04
Epoch 037 | batch 0350/0657 | loss 2.332393 | cmse 0.580607 | db 6.955389 | lr 4.993142e-04
Epoch 037 | batch 0360/0657 | loss 2.333132 | cmse 0.580465 | db 6.958849 | lr 4.993110e-04
Epoch 037 | batch 0370/0657 | loss 2.331513 | cmse 0.578273 | db 6.961099 | lr 4.993078e-04
Epoch 037 | batch 0380/0657 | loss 2.331563 | cmse 0.578964 | db 6.958478 | lr 4.993046e-04
Epoch 037 | batch 0390/0657 | loss 2.329898 | cmse 0.576945 | db 6.959883 | lr 4.993014e-04
Epoch 037 | batch 0400/0657 | loss 2.321287 | cmse 0.575332 | db 6.932057 | lr 4.992982e-04
Epoch 037 | batch 0410/0657 | loss 2.319947 | cmse 0.572971 | db 6.936129 | lr 4.992949e-04
Epoch 037 | batch 0420/0657 | loss 2.322932 | cmse 0.576874 | db 6.932431 | lr 4.992917e-04
Epoch 037 | batch 0430/0657 | loss 2.318315 | cmse 0.573892 | db 6.925916 | lr 4.992884e-04
Epoch 037 | batch 0440/0657 | loss 2.314957 | cmse 0.572457 | db 6.918246 | lr 4.992852e-04
Epoch 037 | batch 0450/0657 | loss 2.315400 | cmse 0.571601 | db 6.923460 | lr 4.992819e-04
Epoch 037 | batch 0460/0657 | loss 2.308683 | cmse 0.570871 | db 6.899644 | lr 4.992786e-04
Epoch 037 | batch 0470/0657 | loss 2.306281 | cmse 0.569165 | db 6.896999 | lr 4.992754e-04
Epoch 037 | batch 0480/0657 | loss 2.306704 | cmse 0.570292 | db 6.894209 | lr 4.992721e-04
Epoch 037 | batch 0490/0657 | loss 2.307083 | cmse 0.569229 | db 6.899990 | lr 4.992688e-04
Epoch 037 | batch 0500/0657 | loss 2.306207 | cmse 0.568694 | db 6.898612 | lr 4.992655e-04
Epoch 037 | batch 0510/0657 | loss 2.308695 | cmse 0.566970 | db 6.915446 | lr 4.992622e-04
Epoch 037 | batch 0520/0657 | loss 2.310457 | cmse 0.567366 | db 6.920937 | lr 4.992588e-04
Epoch 037 | batch 0530/0657 | loss 2.309240 | cmse 0.566050 | db 6.921410 | lr 4.992555e-04
Epoch 037 | batch 0540/0657 | loss 2.310247 | cmse 0.566619 | db 6.923122 | lr 4.992522e-04
Epoch 037 | batch 0550/0657 | loss 2.309761 | cmse 0.566288 | db 6.922550 | lr 4.992489e-04
Epoch 037 | batch 0560/0657 | loss 2.311619 | cmse 0.567573 | db 6.924822 | lr 4.992455e-04
Epoch 037 | batch 0570/0657 | loss 2.312787 | cmse 0.568353 | db 6.926363 | lr 4.992422e-04
Epoch 037 | batch 0580/0657 | loss 2.312843 | cmse 0.568098 | db 6.927594 | lr 4.992388e-04
Epoch 037 | batch 0590/0657 | loss 2.313822 | cmse 0.569161 | db 6.927260 | lr 4.992354e-04
Epoch 037 | batch 0600/0657 | loss 2.316512 | cmse 0.569896 | db 6.935072 | lr 4.992320e-04
Epoch 037 | batch 0610/0657 | loss 2.319616 | cmse 0.572122 | db 6.938527 | lr 4.992287e-04
Epoch 037 | batch 0620/0657 | loss 2.319647 | cmse 0.572340 | db 6.937776 | lr 4.992253e-04
Epoch 037 | batch 0630/0657 | loss 2.318209 | cmse 0.571150 | db 6.936839 | lr 4.992219e-04
Epoch 037 | batch 0640/0657 | loss 2.320337 | cmse 0.572189 | db 6.941196 | lr 4.992185e-04
Epoch 037 | batch 0650/0657 | loss 2.321986 | cmse 0.572212 | db 6.947662 | lr 4.992151e-04
Epoch 037 | train 2.318309 | val 2.172079 | cmse 0.477245 | db 6.726083
Epoch 038 | batch 0010/0657 | loss 2.357886 | cmse 0.540890 | db 7.214925 | lr 4.992092e-04
Epoch 038 | batch 0020/0657 | loss 2.410798 | cmse 0.624669 | db 7.092690 | lr 4.992058e-04
Epoch 038 | batch 0030/0657 | loss 2.357979 | cmse 0.582858 | db 7.050060 | lr 4.992024e-04
Epoch 038 | batch 0040/0657 | loss 2.391458 | cmse 0.622869 | db 7.023537 | lr 4.991989e-04
Epoch 038 | batch 0050/0657 | loss 2.372530 | cmse 0.613443 | db 6.985988 | lr 4.991955e-04
Epoch 038 | batch 0060/0657 | loss 2.382233 | cmse 0.606902 | db 7.050285 | lr 4.991920e-04
Epoch 038 | batch 0070/0657 | loss 2.382597 | cmse 0.604563 | db 7.060772 | lr 4.991885e-04
Epoch 038 | batch 0080/0657 | loss 2.399657 | cmse 0.612908 | db 7.095491 | lr 4.991850e-04
Epoch 038 | batch 0090/0657 | loss 2.407751 | cmse 0.612143 | db 7.131030 | lr 4.991816e-04
Epoch 038 | batch 0100/0657 | loss 2.391990 | cmse 0.614630 | db 7.058678 | lr 4.991781e-04
Epoch 038 | batch 0110/0657 | loss 2.364834 | cmse 0.607331 | db 6.979575 | lr 4.991746e-04
Epoch 038 | batch 0120/0657 | loss 2.355910 | cmse 0.596485 | db 6.987157 | lr 4.991711e-04
Epoch 038 | batch 0130/0657 | loss 2.354559 | cmse 0.596637 | db 6.981132 | lr 4.991675e-04
Epoch 038 | batch 0140/0657 | loss 2.349207 | cmse 0.590092 | db 6.985891 | lr 4.991640e-04
Epoch 038 | batch 0150/0657 | loss 2.349437 | cmse 0.591633 | db 6.980502 | lr 4.991605e-04
Epoch 038 | batch 0160/0657 | loss 2.351022 | cmse 0.594487 | db 6.975356 | lr 4.991570e-04
Epoch 038 | batch 0170/0657 | loss 2.346473 | cmse 0.589836 | db 6.975729 | lr 4.991534e-04
Epoch 038 | batch 0180/0657 | loss 2.338576 | cmse 0.590604 | db 6.941257 | lr 4.991499e-04
Epoch 038 | batch 0190/0657 | loss 2.336106 | cmse 0.588844 | db 6.938410 | lr 4.991463e-04
Epoch 038 | batch 0200/0657 | loss 2.337408 | cmse 0.585998 | db 6.954700 | lr 4.991427e-04
Epoch 038 | batch 0210/0657 | loss 2.331915 | cmse 0.583969 | db 6.940764 | lr 4.991392e-04
Epoch 038 | batch 0220/0657 | loss 2.333102 | cmse 0.583217 | db 6.948632 | lr 4.991356e-04
Epoch 038 | batch 0230/0657 | loss 2.330228 | cmse 0.583622 | db 6.935697 | lr 4.991320e-04
Epoch 038 | batch 0240/0657 | loss 2.331304 | cmse 0.585130 | db 6.933926 | lr 4.991284e-04
Epoch 038 | batch 0250/0657 | loss 2.332967 | cmse 0.585183 | db 6.940351 | lr 4.991248e-04
Epoch 038 | batch 0260/0657 | loss 2.333652 | cmse 0.584123 | db 6.947192 | lr 4.991212e-04
Epoch 038 | batch 0270/0657 | loss 2.332971 | cmse 0.583575 | db 6.946582 | lr 4.991176e-04
Epoch 038 | batch 0280/0657 | loss 2.333175 | cmse 0.581822 | db 6.954312 | lr 4.991139e-04
Epoch 038 | batch 0290/0657 | loss 2.333011 | cmse 0.579658 | db 6.962342 | lr 4.991103e-04
Epoch 038 | batch 0300/0657 | loss 2.331416 | cmse 0.578521 | db 6.960550 | lr 4.991067e-04
Epoch 038 | batch 0310/0657 | loss 2.319833 | cmse 0.574976 | db 6.928526 | lr 4.991030e-04
Epoch 038 | batch 0320/0657 | loss 2.320487 | cmse 0.574718 | db 6.932056 | lr 4.990994e-04
Epoch 038 | batch 0330/0657 | loss 2.321991 | cmse 0.576269 | db 6.931760 | lr 4.990957e-04
Epoch 038 | batch 0340/0657 | loss 2.319576 | cmse 0.573908 | db 6.931533 | lr 4.990920e-04
Epoch 038 | batch 0350/0657 | loss 2.318345 | cmse 0.571848 | db 6.934681 | lr 4.990883e-04
Epoch 038 | batch 0360/0657 | loss 2.319132 | cmse 0.571945 | db 6.937402 | lr 4.990847e-04
Epoch 038 | batch 0370/0657 | loss 2.323646 | cmse 0.575041 | db 6.942990 | lr 4.990810e-04
Epoch 038 | batch 0380/0657 | loss 2.323780 | cmse 0.574536 | db 6.945517 | lr 4.990773e-04
Epoch 038 | batch 0390/0657 | loss 2.321508 | cmse 0.574015 | db 6.938468 | lr 4.990736e-04
Epoch 038 | batch 0400/0657 | loss 2.320611 | cmse 0.572401 | db 6.941298 | lr 4.990698e-04
Epoch 038 | batch 0410/0657 | loss 2.330163 | cmse 0.573626 | db 6.974536 | lr 4.990661e-04
Epoch 038 | batch 0420/0657 | loss 2.336950 | cmse 0.576368 | db 6.990626 | lr 4.990624e-04
Epoch 038 | batch 0430/0657 | loss 2.339288 | cmse 0.576545 | db 6.999278 | lr 4.990586e-04
Epoch 038 | batch 0440/0657 | loss 2.340688 | cmse 0.578014 | db 6.999000 | lr 4.990549e-04
Epoch 038 | batch 0450/0657 | loss 2.343076 | cmse 0.578552 | db 7.006352 | lr 4.990512e-04
Epoch 038 | batch 0460/0657 | loss 2.347331 | cmse 0.579657 | db 7.018966 | lr 4.990474e-04
Epoch 038 | batch 0470/0657 | loss 2.340863 | cmse 0.577411 | db 7.002195 | lr 4.990436e-04
Epoch 038 | batch 0480/0657 | loss 2.341072 | cmse 0.577002 | db 7.004569 | lr 4.990399e-04
Epoch 038 | batch 0490/0657 | loss 2.342081 | cmse 0.575913 | db 7.012924 | lr 4.990361e-04
Epoch 038 | batch 0500/0657 | loss 2.343093 | cmse 0.575890 | db 7.017017 | lr 4.990323e-04
Epoch 038 | batch 0510/0657 | loss 2.334612 | cmse 0.572062 | db 6.998521 | lr 4.990285e-04
Epoch 038 | batch 0520/0657 | loss 2.330046 | cmse 0.571077 | db 6.984266 | lr 4.990247e-04
Epoch 038 | batch 0530/0657 | loss 2.330165 | cmse 0.571326 | db 6.983704 | lr 4.990209e-04
Epoch 038 | batch 0540/0657 | loss 2.332467 | cmse 0.572101 | db 6.989762 | lr 4.990170e-04
Epoch 038 | batch 0550/0657 | loss 2.332166 | cmse 0.572117 | db 6.988485 | lr 4.990132e-04
Epoch 038 | batch 0560/0657 | loss 2.333574 | cmse 0.572487 | db 6.992579 | lr 4.990094e-04
Epoch 038 | batch 0570/0657 | loss 2.331249 | cmse 0.572559 | db 6.983018 | lr 4.990055e-04
Epoch 038 | batch 0580/0657 | loss 2.332502 | cmse 0.572425 | db 6.988565 | lr 4.990017e-04
Epoch 038 | batch 0590/0657 | loss 2.332260 | cmse 0.572185 | db 6.988529 | lr 4.989978e-04
Epoch 038 | batch 0600/0657 | loss 2.326410 | cmse 0.569931 | db 6.974231 | lr 4.989940e-04
Epoch 038 | batch 0610/0657 | loss 2.325830 | cmse 0.569929 | db 6.971875 | lr 4.989901e-04
Epoch 038 | batch 0620/0657 | loss 2.327008 | cmse 0.570375 | db 6.974778 | lr 4.989862e-04
Epoch 038 | batch 0630/0657 | loss 2.326540 | cmse 0.570005 | db 6.974361 | lr 4.989823e-04
Epoch 038 | batch 0640/0657 | loss 2.326414 | cmse 0.569779 | db 6.974747 | lr 4.989784e-04
Epoch 038 | batch 0650/0657 | loss 2.323812 | cmse 0.568858 | db 6.968107 | lr 4.989745e-04
Epoch 038 | train 2.320067 | val 2.498064 | cmse 0.729232 | db 7.022885
Epoch 039 | batch 0010/0657 | loss 2.554732 | cmse 0.717461 | db 7.294332 | lr 4.989679e-04
Epoch 039 | batch 0020/0657 | loss 2.479073 | cmse 0.655413 | db 7.241342 | lr 4.989640e-04
Epoch 039 | batch 0030/0657 | loss 2.471922 | cmse 0.638139 | db 7.281369 | lr 4.989601e-04
Epoch 039 | batch 0040/0657 | loss 2.457187 | cmse 0.610828 | db 7.331614 | lr 4.989561e-04
Epoch 039 | batch 0050/0657 | loss 2.463416 | cmse 0.619790 | db 7.321034 | lr 4.989522e-04
Epoch 039 | batch 0060/0657 | loss 2.442230 | cmse 0.614490 | db 7.257922 | lr 4.989482e-04
Epoch 039 | batch 0070/0657 | loss 2.441550 | cmse 0.621029 | db 7.229207 | lr 4.989443e-04
Epoch 039 | batch 0080/0657 | loss 2.426402 | cmse 0.620161 | db 7.172496 | lr 4.989403e-04
Epoch 039 | batch 0090/0657 | loss 2.433039 | cmse 0.624045 | db 7.183592 | lr 4.989363e-04
Epoch 039 | batch 0100/0657 | loss 2.414957 | cmse 0.612337 | db 7.158320 | lr 4.989323e-04
Epoch 039 | batch 0110/0657 | loss 2.401572 | cmse 0.603028 | db 7.142187 | lr 4.989284e-04
Epoch 039 | batch 0120/0657 | loss 2.398796 | cmse 0.601750 | db 7.136011 | lr 4.989244e-04
Epoch 039 | batch 0130/0657 | loss 2.378984 | cmse 0.592292 | db 7.094799 | lr 4.989204e-04
Epoch 039 | batch 0140/0657 | loss 2.382705 | cmse 0.591613 | db 7.112322 | lr 4.989164e-04
Epoch 039 | batch 0150/0657 | loss 2.379658 | cmse 0.590337 | db 7.105108 | lr 4.989123e-04
Epoch 039 | batch 0160/0657 | loss 2.369558 | cmse 0.589807 | db 7.067257 | lr 4.989083e-04
Epoch 039 | batch 0170/0657 | loss 2.366725 | cmse 0.588594 | db 7.060665 | lr 4.989043e-04
Epoch 039 | batch 0180/0657 | loss 2.367269 | cmse 0.588413 | db 7.063539 | lr 4.989002e-04
Epoch 039 | batch 0190/0657 | loss 2.374828 | cmse 0.586589 | db 7.101040 | lr 4.988962e-04
Epoch 039 | batch 0200/0657 | loss 2.365886 | cmse 0.583503 | db 7.077772 | lr 4.988921e-04
Epoch 039 | batch 0210/0657 | loss 2.368074 | cmse 0.584325 | db 7.083232 | lr 4.988881e-04
Epoch 039 | batch 0220/0657 | loss 2.364575 | cmse 0.583054 | db 7.074340 | lr 4.988840e-04
Epoch 039 | batch 0230/0657 | loss 2.355157 | cmse 0.576918 | db 7.061427 | lr 4.988799e-04
Epoch 039 | batch 0240/0657 | loss 2.351729 | cmse 0.576255 | db 7.050420 | lr 4.988758e-04
Epoch 039 | batch 0250/0657 | loss 2.351914 | cmse 0.578013 | db 7.044036 | lr 4.988718e-04
Epoch 039 | batch 0260/0657 | loss 2.352172 | cmse 0.577820 | db 7.045782 | lr 4.988677e-04
Epoch 039 | batch 0270/0657 | loss 2.352808 | cmse 0.581512 | db 7.033460 | lr 4.988636e-04
Epoch 039 | batch 0280/0657 | loss 2.359099 | cmse 0.581467 | db 7.058838 | lr 4.988594e-04
Epoch 039 | batch 0290/0657 | loss 2.360953 | cmse 0.582342 | db 7.062736 | lr 4.988553e-04
Epoch 039 | batch 0300/0657 | loss 2.359868 | cmse 0.579897 | db 7.068178 | lr 4.988512e-04
Epoch 039 | batch 0310/0657 | loss 2.359624 | cmse 0.580399 | db 7.065276 | lr 4.988471e-04
Epoch 039 | batch 0320/0657 | loss 2.355961 | cmse 0.578935 | db 7.056497 | lr 4.988429e-04
Epoch 039 | batch 0330/0657 | loss 2.353653 | cmse 0.578045 | db 7.050755 | lr 4.988388e-04
Epoch 039 | batch 0340/0657 | loss 2.351222 | cmse 0.577812 | db 7.041953 | lr 4.988346e-04
Epoch 039 | batch 0350/0657 | loss 2.350584 | cmse 0.577233 | db 7.041766 | lr 4.988304e-04
Epoch 039 | batch 0360/0657 | loss 2.342619 | cmse 0.574289 | db 7.021723 | lr 4.988263e-04
Epoch 039 | batch 0370/0657 | loss 2.334875 | cmse 0.570359 | db 7.006561 | lr 4.988221e-04
Epoch 039 | batch 0380/0657 | loss 2.331125 | cmse 0.568221 | db 7.000151 | lr 4.988179e-04
Epoch 039 | batch 0390/0657 | loss 2.326783 | cmse 0.567203 | db 6.986984 | lr 4.988137e-04
Epoch 039 | batch 0400/0657 | loss 2.325318 | cmse 0.566753 | db 6.982866 | lr 4.988095e-04
Epoch 039 | batch 0410/0657 | loss 2.324136 | cmse 0.565286 | db 6.984010 | lr 4.988053e-04
Epoch 039 | batch 0420/0657 | loss 2.317408 | cmse 0.562652 | db 6.967739 | lr 4.988011e-04
Epoch 039 | batch 0430/0657 | loss 2.317417 | cmse 0.562101 | db 6.969914 | lr 4.987968e-04
Epoch 039 | batch 0440/0657 | loss 2.315296 | cmse 0.560930 | db 6.966129 | lr 4.987926e-04
Epoch 039 | batch 0450/0657 | loss 2.312785 | cmse 0.560839 | db 6.956520 | lr 4.987884e-04
Epoch 039 | batch 0460/0657 | loss 2.313325 | cmse 0.560407 | db 6.960362 | lr 4.987841e-04
Epoch 039 | batch 0470/0657 | loss 2.313657 | cmse 0.560960 | db 6.959398 | lr 4.987799e-04
Epoch 039 | batch 0480/0657 | loss 2.311095 | cmse 0.559869 | db 6.953511 | lr 4.987756e-04
Epoch 039 | batch 0490/0657 | loss 2.310917 | cmse 0.559349 | db 6.954810 | lr 4.987713e-04
Epoch 039 | batch 0500/0657 | loss 2.313001 | cmse 0.560210 | db 6.959647 | lr 4.987671e-04
Epoch 039 | batch 0510/0657 | loss 2.312987 | cmse 0.559874 | db 6.960932 | lr 4.987628e-04
Epoch 039 | batch 0520/0657 | loss 2.314708 | cmse 0.560977 | db 6.963326 | lr 4.987585e-04
Epoch 039 | batch 0530/0657 | loss 2.315086 | cmse 0.562839 | db 6.957418 | lr 4.987542e-04
Epoch 039 | batch 0540/0657 | loss 2.313488 | cmse 0.561445 | db 6.956766 | lr 4.987499e-04
Epoch 039 | batch 0550/0657 | loss 2.309557 | cmse 0.560125 | db 6.946386 | lr 4.987456e-04
Epoch 039 | batch 0560/0657 | loss 2.309458 | cmse 0.561177 | db 6.941724 | lr 4.987412e-04
Epoch 039 | batch 0570/0657 | loss 2.310055 | cmse 0.561152 | db 6.944241 | lr 4.987369e-04
Epoch 039 | batch 0580/0657 | loss 2.309791 | cmse 0.561471 | db 6.941867 | lr 4.987326e-04
Epoch 039 | batch 0590/0657 | loss 2.309717 | cmse 0.560476 | db 6.945521 | lr 4.987282e-04
Epoch 039 | batch 0600/0657 | loss 2.310942 | cmse 0.561924 | db 6.944591 | lr 4.987239e-04
Epoch 039 | batch 0610/0657 | loss 2.305504 | cmse 0.559675 | db 6.931924 | lr 4.987195e-04
Epoch 039 | batch 0620/0657 | loss 2.301456 | cmse 0.558947 | db 6.918665 | lr 4.987152e-04
Epoch 039 | batch 0630/0657 | loss 2.299171 | cmse 0.558221 | db 6.912474 | lr 4.987108e-04
Epoch 039 | batch 0640/0657 | loss 2.301083 | cmse 0.558765 | db 6.917956 | lr 4.987064e-04
Epoch 039 | batch 0650/0657 | loss 2.301314 | cmse 0.559742 | db 6.914916 | lr 4.987020e-04
Epoch 039 | train 2.299990 | val 2.249777 | cmse 0.583978 | db 6.606936
Epoch 040 | batch 0010/0657 | loss 2.277719 | cmse 0.533248 | db 6.923270 | lr 4.986945e-04
Epoch 040 | batch 0020/0657 | loss 2.231668 | cmse 0.525693 | db 6.770721 | lr 4.986901e-04
Epoch 040 | batch 0030/0657 | loss 2.230928 | cmse 0.514864 | db 6.811892 | lr 4.986857e-04
Epoch 040 | batch 0040/0657 | loss 2.199036 | cmse 0.526367 | db 6.639011 | lr 4.986813e-04
Epoch 040 | batch 0050/0657 | loss 2.244022 | cmse 0.526074 | db 6.820411 | lr 4.986769e-04
Epoch 040 | batch 0060/0657 | loss 2.249725 | cmse 0.538126 | db 6.795493 | lr 4.986724e-04
Epoch 040 | batch 0070/0657 | loss 2.266087 | cmse 0.539848 | db 6.853784 | lr 4.986680e-04
Epoch 040 | batch 0080/0657 | loss 2.277956 | cmse 0.538305 | db 6.907627 | lr 4.986635e-04
Epoch 040 | batch 0090/0657 | loss 2.287042 | cmse 0.541555 | db 6.930918 | lr 4.986591e-04
Epoch 040 | batch 0100/0657 | loss 2.263486 | cmse 0.535858 | db 6.859994 | lr 4.986546e-04
Epoch 040 | batch 0110/0657 | loss 2.260532 | cmse 0.535711 | db 6.848657 | lr 4.986501e-04
Epoch 040 | batch 0120/0657 | loss 2.265615 | cmse 0.539851 | db 6.852448 | lr 4.986457e-04
Epoch 040 | batch 0130/0657 | loss 2.270304 | cmse 0.539726 | db 6.871470 | lr 4.986412e-04
Epoch 040 | batch 0140/0657 | loss 2.273354 | cmse 0.542743 | db 6.871214 | lr 4.986367e-04
Epoch 040 | batch 0150/0657 | loss 2.273305 | cmse 0.545737 | db 6.859069 | lr 4.986322e-04
Epoch 040 | batch 0160/0657 | loss 2.280025 | cmse 0.545625 | db 6.886270 | lr 4.986277e-04
Epoch 040 | batch 0170/0657 | loss 2.279715 | cmse 0.544268 | db 6.890508 | lr 4.986231e-04
Epoch 040 | batch 0180/0657 | loss 2.279113 | cmse 0.545713 | db 6.882216 | lr 4.986186e-04
Epoch 040 | batch 0190/0657 | loss 2.279659 | cmse 0.543289 | db 6.893939 | lr 4.986141e-04
Epoch 040 | batch 0200/0657 | loss 2.277958 | cmse 0.544731 | db 6.881323 | lr 4.986095e-04
Epoch 040 | batch 0210/0657 | loss 2.274298 | cmse 0.539867 | db 6.886168 | lr 4.986050e-04
Epoch 040 | batch 0220/0657 | loss 2.281149 | cmse 0.544302 | db 6.895809 | lr 4.986004e-04
Epoch 040 | batch 0230/0657 | loss 2.284477 | cmse 0.543296 | db 6.913289 | lr 4.985959e-04
Epoch 040 | batch 0240/0657 | loss 2.284345 | cmse 0.543803 | db 6.910819 | lr 4.985913e-04
Epoch 040 | batch 0250/0657 | loss 2.287637 | cmse 0.544222 | db 6.922266 | lr 4.985867e-04
Epoch 040 | batch 0260/0657 | loss 2.285435 | cmse 0.543005 | db 6.918453 | lr 4.985821e-04
Epoch 040 | batch 0270/0657 | loss 2.301855 | cmse 0.557406 | db 6.926621 | lr 4.985775e-04
Epoch 040 | batch 0280/0657 | loss 2.313138 | cmse 0.566441 | db 6.935555 | lr 4.985729e-04
Epoch 040 | batch 0290/0657 | loss 2.304391 | cmse 0.564154 | db 6.909942 | lr 4.985683e-04
Epoch 040 | batch 0300/0657 | loss 2.307992 | cmse 0.565381 | db 6.919292 | lr 4.985637e-04
Epoch 040 | batch 0310/0657 | loss 2.305214 | cmse 0.564212 | db 6.912982 | lr 4.985591e-04
Epoch 040 | batch 0320/0657 | loss 2.310582 | cmse 0.566802 | db 6.924026 | lr 4.985545e-04
Epoch 040 | batch 0330/0657 | loss 2.314873 | cmse 0.568108 | db 6.935963 | lr 4.985498e-04
Epoch 040 | batch 0340/0657 | loss 2.312223 | cmse 0.568114 | db 6.925420 | lr 4.985452e-04
Epoch 040 | batch 0350/0657 | loss 2.290812 | cmse 0.561439 | db 6.866935 | lr 4.985405e-04
Epoch 040 | batch 0360/0657 | loss 2.282626 | cmse 0.558560 | db 6.845932 | lr 4.985359e-04
Epoch 040 | batch 0370/0657 | loss 2.280063 | cmse 0.557413 | db 6.840263 | lr 4.985312e-04
Epoch 040 | batch 0380/0657 | loss 2.289391 | cmse 0.563490 | db 6.853220 | lr 4.985265e-04
Epoch 040 | batch 0390/0657 | loss 2.289559 | cmse 0.562070 | db 6.859594 | lr 4.985218e-04
Epoch 040 | batch 0400/0657 | loss 2.288311 | cmse 0.562581 | db 6.852535 | lr 4.985172e-04
Epoch 040 | batch 0410/0657 | loss 2.285129 | cmse 0.559107 | db 6.853765 | lr 4.985125e-04
Epoch 040 | batch 0420/0657 | loss 2.284445 | cmse 0.560283 | db 6.846289 | lr 4.985078e-04
Epoch 040 | batch 0430/0657 | loss 2.285910 | cmse 0.560555 | db 6.851094 | lr 4.985030e-04
Epoch 040 | batch 0440/0657 | loss 2.284402 | cmse 0.559568 | db 6.848954 | lr 4.984983e-04
Epoch 040 | batch 0450/0657 | loss 2.283651 | cmse 0.558534 | db 6.849994 | lr 4.984936e-04
Epoch 040 | batch 0460/0657 | loss 2.282643 | cmse 0.557424 | db 6.850399 | lr 4.984889e-04
Epoch 040 | batch 0470/0657 | loss 2.278119 | cmse 0.556470 | db 6.836215 | lr 4.984841e-04
Epoch 040 | batch 0480/0657 | loss 2.277362 | cmse 0.554787 | db 6.839941 | lr 4.984794e-04
Epoch 040 | batch 0490/0657 | loss 2.277037 | cmse 0.554883 | db 6.838187 | lr 4.984746e-04
Epoch 040 | batch 0500/0657 | loss 2.279591 | cmse 0.556891 | db 6.840387 | lr 4.984699e-04
Epoch 040 | batch 0510/0657 | loss 2.281464 | cmse 0.558304 | db 6.842124 | lr 4.984651e-04
Epoch 040 | batch 0520/0657 | loss 2.284725 | cmse 0.559230 | db 6.851453 | lr 4.984603e-04
Epoch 040 | batch 0530/0657 | loss 2.285592 | cmse 0.559875 | db 6.852346 | lr 4.984555e-04
Epoch 040 | batch 0540/0657 | loss 2.283197 | cmse 0.558494 | db 6.848348 | lr 4.984507e-04
Epoch 040 | batch 0550/0657 | loss 2.281641 | cmse 0.558063 | db 6.843863 | lr 4.984459e-04
Epoch 040 | batch 0560/0657 | loss 2.284367 | cmse 0.557828 | db 6.855709 | lr 4.984411e-04
Epoch 040 | batch 0570/0657 | loss 2.285139 | cmse 0.557038 | db 6.861934 | lr 4.984363e-04
Epoch 040 | batch 0580/0657 | loss 2.283895 | cmse 0.556499 | db 6.859145 | lr 4.984315e-04
Epoch 040 | batch 0590/0657 | loss 2.284660 | cmse 0.556134 | db 6.863589 | lr 4.984267e-04
Epoch 040 | batch 0600/0657 | loss 2.279111 | cmse 0.554473 | db 6.848120 | lr 4.984218e-04
Epoch 040 | batch 0610/0657 | loss 2.278977 | cmse 0.554415 | db 6.847740 | lr 4.984170e-04
Epoch 040 | batch 0620/0657 | loss 2.279526 | cmse 0.553487 | db 6.853601 | lr 4.984121e-04
Epoch 040 | batch 0630/0657 | loss 2.278458 | cmse 0.554075 | db 6.846921 | lr 4.984073e-04
Epoch 040 | batch 0640/0657 | loss 2.274225 | cmse 0.552151 | db 6.837760 | lr 4.984024e-04
Epoch 040 | batch 0650/0657 | loss 2.273391 | cmse 0.552293 | db 6.833870 | lr 4.983975e-04
Epoch 040 | train 2.272662 | val 2.080061 | cmse 0.439458 | db 6.513912
Epoch 041 | batch 0010/0657 | loss 2.205802 | cmse 0.487547 | db 6.820940 | lr 4.983892e-04
Epoch 041 | batch 0020/0657 | loss 2.667048 | cmse 0.841997 | db 7.240390 | lr 4.983843e-04
Epoch 041 | batch 0030/0657 | loss 2.769223 | cmse 0.838678 | db 7.666991 | lr 4.983794e-04
Epoch 041 | batch 0040/0657 | loss 2.763905 | cmse 0.816080 | db 7.736314 | lr 4.983745e-04
Epoch 041 | batch 0050/0657 | loss 2.768377 | cmse 0.803869 | db 7.802423 | lr 4.983696e-04
Epoch 041 | batch 0060/0657 | loss 2.765884 | cmse 0.790252 | db 7.847256 | lr 4.983647e-04
Epoch 041 | batch 0070/0657 | loss 2.699526 | cmse 0.761602 | db 7.697437 | lr 4.983597e-04
Epoch 041 | batch 0080/0657 | loss 2.653683 | cmse 0.742164 | db 7.591817 | lr 4.983548e-04
Epoch 041 | batch 0090/0657 | loss 2.636648 | cmse 0.727419 | db 7.583200 | lr 4.983499e-04
Epoch 041 | batch 0100/0657 | loss 2.610307 | cmse 0.722228 | db 7.498969 | lr 4.983449e-04
Epoch 041 | batch 0110/0657 | loss 2.582162 | cmse 0.703066 | db 7.463137 | lr 4.983399e-04
Epoch 041 | batch 0120/0657 | loss 2.560340 | cmse 0.696878 | db 7.400742 | lr 4.983350e-04
Epoch 041 | batch 0130/0657 | loss 2.559333 | cmse 0.692847 | db 7.412895 | lr 4.983300e-04
Epoch 041 | batch 0140/0657 | loss 2.556831 | cmse 0.690786 | db 7.411133 | lr 4.983250e-04
Epoch 041 | batch 0150/0657 | loss 2.554607 | cmse 0.685751 | db 7.422267 | lr 4.983200e-04
Epoch 041 | batch 0160/0657 | loss 2.547211 | cmse 0.683753 | db 7.400825 | lr 4.983150e-04
Epoch 041 | batch 0170/0657 | loss 2.533022 | cmse 0.676155 | db 7.374664 | lr 4.983100e-04
Epoch 041 | batch 0180/0657 | loss 2.521963 | cmse 0.672288 | db 7.346008 | lr 4.983050e-04
Epoch 041 | batch 0190/0657 | loss 2.514471 | cmse 0.664167 | db 7.348452 | lr 4.983000e-04
Epoch 041 | batch 0200/0657 | loss 2.519987 | cmse 0.663929 | db 7.371090 | lr 4.982950e-04
Epoch 041 | batch 0210/0657 | loss 2.540841 | cmse 0.655712 | db 7.485542 | lr 4.982899e-04
Epoch 041 | batch 0220/0657 | loss 2.587849 | cmse 0.657226 | db 7.665049 | lr 4.982849e-04
Epoch 041 | batch 0230/0657 | loss 2.632615 | cmse 0.652230 | db 7.861822 | lr 4.982798e-04
Epoch 041 | batch 0240/0657 | loss 2.673381 | cmse 0.648302 | db 8.038948 | lr 4.982748e-04
Epoch 041 | batch 0250/0657 | loss 2.708907 | cmse 0.645671 | db 8.189968 | lr 4.982697e-04
Epoch 041 | batch 0260/0657 | loss 2.743553 | cmse 0.643415 | db 8.336225 | lr 4.982647e-04
Epoch 041 | batch 0270/0657 | loss 2.780756 | cmse 0.647189 | db 8.468645 | lr 4.982596e-04
Epoch 041 | batch 0280/0657 | loss 2.805566 | cmse 0.645746 | db 8.572392 | lr 4.982545e-04
Epoch 041 | batch 0290/0657 | loss 2.822038 | cmse 0.640295 | db 8.659016 | lr 4.982494e-04
Epoch 041 | batch 0300/0657 | loss 2.852145 | cmse 0.639139 | db 8.783074 | lr 4.982443e-04
Epoch 041 | batch 0310/0657 | loss 2.875779 | cmse 0.639459 | db 8.875329 | lr 4.982392e-04
Epoch 041 | batch 0320/0657 | loss 2.889464 | cmse 0.636849 | db 8.939964 | lr 4.982341e-04
Epoch 041 | batch 0330/0657 | loss 2.895304 | cmse 0.633119 | db 8.977819 | lr 4.982289e-04
Epoch 041 | batch 0340/0657 | loss 2.918888 | cmse 0.634417 | db 9.066544 | lr 4.982238e-04
Epoch 041 | batch 0350/0657 | loss 2.934386 | cmse 0.634596 | db 9.127385 | lr 4.982187e-04
Epoch 041 | batch 0360/0657 | loss 2.941588 | cmse 0.636636 | db 9.148343 | lr 4.982135e-04
Epoch 041 | batch 0370/0657 | loss 2.945260 | cmse 0.642343 | db 9.140315 | lr 4.982084e-04
Epoch 041 | batch 0380/0657 | loss 2.979271 | cmse 0.659242 | db 9.207896 | lr 4.982032e-04
Epoch 041 | batch 0390/0657 | loss 3.001992 | cmse 0.662562 | db 9.284610 | lr 4.981980e-04
Epoch 041 | batch 0400/0657 | loss 3.021949 | cmse 0.664786 | db 9.354805 | lr 4.981929e-04
Epoch 041 | batch 0410/0657 | loss 3.037467 | cmse 0.663691 | db 9.420626 | lr 4.981877e-04
Epoch 041 | batch 0420/0657 | loss 3.053806 | cmse 0.662522 | db 9.489956 | lr 4.981825e-04
Epoch 041 | batch 0430/0657 | loss 3.067172 | cmse 0.661375 | db 9.547470 | lr 4.981773e-04
Epoch 041 | batch 0440/0657 | loss 3.081420 | cmse 0.663583 | db 9.595107 | lr 4.981721e-04
Epoch 041 | batch 0450/0657 | loss 3.091729 | cmse 0.660702 | db 9.647328 | lr 4.981669e-04
Epoch 041 | batch 0460/0657 | loss 3.102891 | cmse 0.659413 | db 9.696616 | lr 4.981617e-04
Epoch 041 | batch 0470/0657 | loss 3.121426 | cmse 0.662076 | db 9.759588 | lr 4.981564e-04
Epoch 041 | batch 0480/0657 | loss 3.133654 | cmse 0.662205 | db 9.807533 | lr 4.981512e-04
Epoch 041 | batch 0490/0657 | loss 3.143383 | cmse 0.660987 | db 9.850900 | lr 4.981460e-04
Epoch 041 | batch 0500/0657 | loss 3.151117 | cmse 0.659726 | db 9.886422 | lr 4.981407e-04
Epoch 041 | batch 0510/0657 | loss 3.163437 | cmse 0.659981 | db 9.934266 | lr 4.981355e-04
Epoch 041 | batch 0520/0657 | loss 3.176201 | cmse 0.662424 | db 9.975156 | lr 4.981302e-04
Epoch 041 | batch 0530/0657 | loss 3.183751 | cmse 0.661887 | db 10.007092 | lr 4.981249e-04
Epoch 041 | batch 0540/0657 | loss 3.191496 | cmse 0.661092 | db 10.040854 | lr 4.981196e-04
Epoch 041 | batch 0550/0657 | loss 3.195451 | cmse 0.662058 | db 10.052664 | lr 4.981144e-04
Epoch 041 | batch 0560/0657 | loss 3.204562 | cmse 0.663882 | db 10.081473 | lr 4.981091e-04
Epoch 041 | batch 0570/0657 | loss 3.214239 | cmse 0.666469 | db 10.109469 | lr 4.981038e-04
Epoch 041 | batch 0580/0657 | loss 3.221968 | cmse 0.666190 | db 10.141200 | lr 4.980985e-04
Epoch 041 | batch 0590/0657 | loss 3.221540 | cmse 0.664315 | db 10.146796 | lr 4.980931e-04
Epoch 041 | batch 0600/0657 | loss 3.229459 | cmse 0.664409 | db 10.177787 | lr 4.980878e-04
Epoch 041 | batch 0610/0657 | loss 3.238802 | cmse 0.665708 | db 10.209633 | lr 4.980825e-04
Epoch 041 | batch 0620/0657 | loss 3.250398 | cmse 0.668404 | db 10.244978 | lr 4.980771e-04
Epoch 041 | batch 0630/0657 | loss 3.251638 | cmse 0.666926 | db 10.255787 | lr 4.980718e-04
Epoch 041 | batch 0640/0657 | loss 3.256981 | cmse 0.666137 | db 10.280058 | lr 4.980664e-04
Epoch 041 | batch 0650/0657 | loss 3.263705 | cmse 0.667862 | db 10.299782 | lr 4.980611e-04
Epoch 041 | train 3.267024 | val 3.626673 | cmse 0.654901 | db 11.786129
Epoch 042 | batch 0010/0657 | loss 3.666153 | cmse 0.651581 | db 11.953557 | lr 4.980520e-04
Epoch 042 | batch 0020/0657 | loss 3.559007 | cmse 0.658319 | db 11.505985 | lr 4.980466e-04
Epoch 042 | batch 0030/0657 | loss 3.638459 | cmse 0.683311 | db 11.721589 | lr 4.980412e-04
Epoch 042 | batch 0040/0657 | loss 3.710341 | cmse 0.750551 | db 11.738948 | lr 4.980358e-04
Epoch 042 | batch 0050/0657 | loss 3.724788 | cmse 0.740036 | db 11.839384 | lr 4.980304e-04
Epoch 042 | batch 0060/0657 | loss 3.717572 | cmse 0.727101 | db 11.862059 | lr 4.980250e-04
Epoch 042 | batch 0070/0657 | loss 3.717256 | cmse 0.718713 | db 11.894285 | lr 4.980196e-04
Epoch 042 | batch 0080/0657 | loss 3.702655 | cmse 0.703612 | db 11.896305 | lr 4.980141e-04
Epoch 042 | batch 0090/0657 | loss 3.683934 | cmse 0.688931 | db 11.879980 | lr 4.980087e-04
Epoch 042 | batch 0100/0657 | loss 3.683790 | cmse 0.688277 | db 11.882102 | lr 4.980033e-04
Epoch 042 | batch 0110/0657 | loss 3.693091 | cmse 0.681572 | db 11.946323 | lr 4.979978e-04
Epoch 042 | batch 0120/0657 | loss 3.675902 | cmse 0.678201 | db 11.890678 | lr 4.979924e-04
Epoch 042 | batch 0130/0657 | loss 3.677351 | cmse 0.673178 | db 11.916437 | lr 4.979869e-04
Epoch 042 | batch 0140/0657 | loss 3.683844 | cmse 0.675585 | db 11.932800 | lr 4.979814e-04
Epoch 042 | batch 0150/0657 | loss 3.676760 | cmse 0.677432 | db 11.896928 | lr 4.979760e-04
Epoch 042 | batch 0160/0657 | loss 3.659704 | cmse 0.667575 | db 11.868208 | lr 4.979705e-04
Epoch 042 | batch 0170/0657 | loss 3.652777 | cmse 0.662435 | db 11.861072 | lr 4.979650e-04
Epoch 042 | batch 0180/0657 | loss 3.626878 | cmse 0.653950 | db 11.792049 | lr 4.979595e-04
Epoch 042 | batch 0190/0657 | loss 3.627063 | cmse 0.648814 | db 11.813187 | lr 4.979540e-04
Epoch 042 | batch 0200/0657 | loss 3.627654 | cmse 0.649748 | db 11.811783 | lr 4.979485e-04
Epoch 042 | batch 0210/0657 | loss 3.609822 | cmse 0.644281 | db 11.762781 | lr 4.979430e-04
Epoch 042 | batch 0220/0657 | loss 3.610612 | cmse 0.643152 | db 11.770374 | lr 4.979374e-04
Epoch 042 | batch 0230/0657 | loss 3.599195 | cmse 0.638255 | db 11.744689 | lr 4.979319e-04
Epoch 042 | batch 0240/0657 | loss 3.599143 | cmse 0.639313 | db 11.740033 | lr 4.979264e-04
Epoch 042 | batch 0250/0657 | loss 3.605203 | cmse 0.638217 | db 11.768588 | lr 4.979208e-04
Epoch 042 | batch 0260/0657 | loss 3.591142 | cmse 0.635014 | db 11.725587 | lr 4.979152e-04
Epoch 042 | batch 0270/0657 | loss 3.594775 | cmse 0.637283 | db 11.731032 | lr 4.979097e-04
Epoch 042 | batch 0280/0657 | loss 3.597185 | cmse 0.635482 | db 11.747885 | lr 4.979041e-04
Epoch 042 | batch 0290/0657 | loss 3.598486 | cmse 0.635470 | db 11.753145 | lr 4.978985e-04
Epoch 042 | batch 0300/0657 | loss 3.607139 | cmse 0.639401 | db 11.772097 | lr 4.978929e-04
Epoch 042 | batch 0310/0657 | loss 3.598584 | cmse 0.639107 | db 11.739442 | lr 4.978874e-04
Epoch 042 | batch 0320/0657 | loss 3.599588 | cmse 0.640243 | db 11.738940 | lr 4.978818e-04
Epoch 042 | batch 0330/0657 | loss 3.602873 | cmse 0.639618 | db 11.754695 | lr 4.978761e-04
Epoch 042 | batch 0340/0657 | loss 3.605603 | cmse 0.639665 | db 11.765502 | lr 4.978705e-04
Epoch 042 | batch 0350/0657 | loss 3.606472 | cmse 0.641716 | db 11.760836 | lr 4.978649e-04
Epoch 042 | batch 0360/0657 | loss 3.601129 | cmse 0.642252 | db 11.737243 | lr 4.978593e-04
Epoch 042 | batch 0370/0657 | loss 3.586330 | cmse 0.640393 | db 11.685912 | lr 4.978536e-04
Epoch 042 | batch 0380/0657 | loss 3.583621 | cmse 0.642489 | db 11.666861 | lr 4.978480e-04
Epoch 042 | batch 0390/0657 | loss 3.578450 | cmse 0.643488 | db 11.642394 | lr 4.978423e-04
Epoch 042 | batch 0400/0657 | loss 3.579277 | cmse 0.649645 | db 11.621187 | lr 4.978367e-04
Epoch 042 | batch 0410/0657 | loss 3.575523 | cmse 0.653728 | db 11.590054 | lr 4.978310e-04
Epoch 042 | batch 0420/0657 | loss 3.568810 | cmse 0.652738 | db 11.567398 | lr 4.978253e-04
Epoch 042 | batch 0430/0657 | loss 3.557035 | cmse 0.653696 | db 11.516963 | lr 4.978196e-04
Epoch 042 | batch 0440/0657 | loss 3.548219 | cmse 0.655927 | db 11.473143 | lr 4.978140e-04
Epoch 042 | batch 0450/0657 | loss 3.547172 | cmse 0.654111 | db 11.475907 | lr 4.978083e-04
Epoch 042 | batch 0460/0657 | loss 3.543783 | cmse 0.653366 | db 11.465519 | lr 4.978026e-04
Epoch 042 | batch 0470/0657 | loss 3.531165 | cmse 0.654087 | db 11.412812 | lr 4.977968e-04
Epoch 042 | batch 0480/0657 | loss 3.511907 | cmse 0.653837 | db 11.337483 | lr 4.977911e-04
Epoch 042 | batch 0490/0657 | loss 3.502729 | cmse 0.657813 | db 11.285419 | lr 4.977854e-04
Epoch 042 | batch 0500/0657 | loss 3.485885 | cmse 0.658564 | db 11.215842 | lr 4.977797e-04
Epoch 042 | batch 0510/0657 | loss 3.470881 | cmse 0.657533 | db 11.160517 | lr 4.977739e-04
Epoch 042 | batch 0520/0657 | loss 3.457978 | cmse 0.656628 | db 11.113082 | lr 4.977682e-04
Epoch 042 | batch 0530/0657 | loss 3.440253 | cmse 0.655989 | db 11.045447 | lr 4.977624e-04
Epoch 042 | batch 0540/0657 | loss 3.423859 | cmse 0.654186 | db 10.987724 | lr 4.977567e-04
Epoch 042 | batch 0550/0657 | loss 3.409808 | cmse 0.653993 | db 10.932880 | lr 4.977509e-04
Epoch 042 | batch 0560/0657 | loss 3.392130 | cmse 0.651708 | db 10.871910 | lr 4.977451e-04
Epoch 042 | batch 0570/0657 | loss 3.473612 | cmse 0.722406 | db 10.914418 | lr 4.977393e-04
Epoch 042 | batch 0580/0657 | loss 3.511282 | cmse 0.744564 | db 10.976258 | lr 4.977335e-04
Epoch 042 | batch 0590/0657 | loss 3.524722 | cmse 0.754086 | db 10.991744 | lr 4.977277e-04
Epoch 042 | batch 0600/0657 | loss 3.530868 | cmse 0.755239 | db 11.011556 | lr 4.977219e-04
Epoch 042 | batch 0610/0657 | loss 3.533032 | cmse 0.755135 | db 11.020450 | lr 4.977161e-04
Epoch 042 | batch 0620/0657 | loss 3.536076 | cmse 0.753350 | db 11.039606 | lr 4.977103e-04
Epoch 042 | batch 0630/0657 | loss 3.533030 | cmse 0.750706 | db 11.038004 | lr 4.977044e-04
Epoch 042 | batch 0640/0657 | loss 3.535144 | cmse 0.748843 | db 11.053727 | lr 4.976986e-04
Epoch 042 | batch 0650/0657 | loss 3.538141 | cmse 0.746848 | db 11.073572 | lr 4.976928e-04
Epoch 042 | train 3.538510 | val 3.527163 | cmse 0.508753 | db 11.973234
Epoch 043 | batch 0010/0657 | loss 3.856151 | cmse 0.795796 | db 12.138191 | lr 4.976828e-04
Epoch 043 | batch 0020/0657 | loss 3.714687 | cmse 0.717063 | db 11.885453 | lr 4.976769e-04
Epoch 043 | batch 0030/0657 | loss 3.732169 | cmse 0.706007 | db 12.001094 | lr 4.976711e-04
Epoch 043 | batch 0040/0657 | loss 3.716536 | cmse 0.692661 | db 11.992807 | lr 4.976652e-04
Epoch 043 | batch 0050/0657 | loss 3.743988 | cmse 0.692612 | db 12.103479 | lr 4.976593e-04
Epoch 043 | batch 0060/0657 | loss 3.742980 | cmse 0.701273 | db 12.064770 | lr 4.976534e-04
Epoch 043 | batch 0070/0657 | loss 3.718621 | cmse 0.683889 | db 12.037398 | lr 4.976475e-04
Epoch 043 | batch 0080/0657 | loss 3.717660 | cmse 0.678558 | db 12.055200 | lr 4.976416e-04
Epoch 043 | batch 0090/0657 | loss 3.711688 | cmse 0.680657 | db 12.022787 | lr 4.976357e-04
Epoch 043 | batch 0100/0657 | loss 3.708187 | cmse 0.673668 | db 12.037229 | lr 4.976298e-04
Epoch 043 | batch 0110/0657 | loss 3.718703 | cmse 0.685531 | db 12.031864 | lr 4.976238e-04
Epoch 043 | batch 0120/0657 | loss 3.680714 | cmse 0.679431 | db 11.905502 | lr 4.976179e-04
Epoch 043 | batch 0130/0657 | loss 3.678206 | cmse 0.679799 | db 11.894056 | lr 4.976119e-04
Epoch 043 | batch 0140/0657 | loss 3.686672 | cmse 0.687890 | db 11.895843 | lr 4.976060e-04
Epoch 043 | batch 0150/0657 | loss 3.688579 | cmse 0.694096 | db 11.878923 | lr 4.976000e-04
Epoch 043 | batch 0160/0657 | loss 3.691007 | cmse 0.691057 | db 11.901151 | lr 4.975941e-04
Epoch 043 | batch 0170/0657 | loss 3.688192 | cmse 0.690071 | db 11.894436 | lr 4.975881e-04
Epoch 043 | batch 0180/0657 | loss 3.684353 | cmse 0.685606 | db 11.897742 | lr 4.975821e-04
Epoch 043 | batch 0190/0657 | loss 3.677498 | cmse 0.687061 | db 11.865386 | lr 4.975761e-04
Epoch 043 | batch 0200/0657 | loss 3.642167 | cmse 0.680639 | db 11.750907 | lr 4.975701e-04
Epoch 043 | batch 0210/0657 | loss 3.635978 | cmse 0.686277 | db 11.704562 | lr 4.975641e-04
Epoch 043 | batch 0220/0657 | loss 3.620159 | cmse 0.687835 | db 11.636058 | lr 4.975581e-04
Epoch 043 | batch 0230/0657 | loss 3.605897 | cmse 0.693851 | db 11.555872 | lr 4.975521e-04
Epoch 043 | batch 0240/0657 | loss 3.574734 | cmse 0.687672 | db 11.456970 | lr 4.975461e-04
Epoch 043 | batch 0250/0657 | loss 3.540977 | cmse 0.683518 | db 11.339601 | lr 4.975400e-04
Epoch 043 | batch 0260/0657 | loss 3.508026 | cmse 0.679462 | db 11.224989 | lr 4.975340e-04
Epoch 043 | batch 0270/0657 | loss 3.475480 | cmse 0.675386 | db 11.112190 | lr 4.975279e-04
Epoch 043 | batch 0280/0657 | loss 3.452881 | cmse 0.676770 | db 11.017317 | lr 4.975219e-04
Epoch 043 | batch 0290/0657 | loss 3.427863 | cmse 0.675736 | db 10.922437 | lr 4.975158e-04
Epoch 043 | batch 0300/0657 | loss 3.397123 | cmse 0.670810 | db 10.820295 | lr 4.975097e-04
Epoch 043 | batch 0310/0657 | loss 3.359347 | cmse 0.667211 | db 10.684772 | lr 4.975037e-04
Epoch 043 | batch 0320/0657 | loss 3.327398 | cmse 0.663892 | db 10.571392 | lr 4.974976e-04
Epoch 043 | batch 0330/0657 | loss 3.304914 | cmse 0.662847 | db 10.486492 | lr 4.974915e-04
Epoch 043 | batch 0340/0657 | loss 3.280842 | cmse 0.660620 | db 10.399958 | lr 4.974854e-04
Epoch 043 | batch 0350/0657 | loss 3.255304 | cmse 0.658847 | db 10.305702 | lr 4.974793e-04
Epoch 043 | batch 0360/0657 | loss 3.230060 | cmse 0.654992 | db 10.220939 | lr 4.974732e-04
Epoch 043 | batch 0370/0657 | loss 3.205814 | cmse 0.651367 | db 10.139217 | lr 4.974670e-04
Epoch 043 | batch 0380/0657 | loss 3.176318 | cmse 0.646312 | db 10.042302 | lr 4.974609e-04
Epoch 043 | batch 0390/0657 | loss 3.149942 | cmse 0.642398 | db 9.953226 | lr 4.974548e-04
Epoch 043 | batch 0400/0657 | loss 3.135899 | cmse 0.642828 | db 9.895936 | lr 4.974486e-04
Epoch 043 | batch 0410/0657 | loss 3.121536 | cmse 0.641946 | db 9.842639 | lr 4.974425e-04
Epoch 043 | batch 0420/0657 | loss 3.103302 | cmse 0.640553 | db 9.775930 | lr 4.974363e-04
Epoch 043 | batch 0430/0657 | loss 3.089070 | cmse 0.639483 | db 9.723809 | lr 4.974301e-04
Epoch 043 | batch 0440/0657 | loss 3.072911 | cmse 0.637464 | db 9.667818 | lr 4.974240e-04
Epoch 043 | batch 0450/0657 | loss 3.055449 | cmse 0.637669 | db 9.597695 | lr 4.974178e-04
Epoch 043 | batch 0460/0657 | loss 3.048019 | cmse 0.638869 | db 9.563462 | lr 4.974116e-04
Epoch 043 | batch 0470/0657 | loss 3.049091 | cmse 0.636616 | db 9.577104 | lr 4.974054e-04
Epoch 043 | batch 0480/0657 | loss 3.043996 | cmse 0.636944 | db 9.555822 | lr 4.973992e-04
Epoch 043 | batch 0490/0657 | loss 3.028840 | cmse 0.635934 | db 9.499622 | lr 4.973930e-04
Epoch 043 | batch 0500/0657 | loss 3.019371 | cmse 0.635344 | db 9.464390 | lr 4.973868e-04
Epoch 043 | batch 0510/0657 | loss 3.005298 | cmse 0.632850 | db 9.418457 | lr 4.973805e-04
Epoch 043 | batch 0520/0657 | loss 2.995781 | cmse 0.632530 | db 9.381961 | lr 4.973743e-04
Epoch 043 | batch 0530/0657 | loss 2.984994 | cmse 0.631258 | db 9.344256 | lr 4.973681e-04
Epoch 043 | batch 0540/0657 | loss 2.975202 | cmse 0.630671 | db 9.307760 | lr 4.973618e-04
Epoch 043 | batch 0550/0657 | loss 2.964047 | cmse 0.629506 | db 9.268122 | lr 4.973556e-04
Epoch 043 | batch 0560/0657 | loss 2.954722 | cmse 0.628172 | db 9.236443 | lr 4.973493e-04
Epoch 043 | batch 0570/0657 | loss 2.949615 | cmse 0.629795 | db 9.209770 | lr 4.973430e-04
Epoch 043 | batch 0580/0657 | loss 2.943461 | cmse 0.627726 | db 9.193716 | lr 4.973367e-04
Epoch 043 | batch 0590/0657 | loss 2.935588 | cmse 0.628280 | db 9.160258 | lr 4.973305e-04
Epoch 043 | batch 0600/0657 | loss 2.931756 | cmse 0.631134 | db 9.133725 | lr 4.973242e-04
Epoch 043 | batch 0610/0657 | loss 2.925293 | cmse 0.629063 | db 9.116506 | lr 4.973179e-04
Epoch 043 | batch 0620/0657 | loss 2.918160 | cmse 0.627084 | db 9.096180 | lr 4.973116e-04
Epoch 043 | batch 0630/0657 | loss 2.910907 | cmse 0.626833 | db 9.068360 | lr 4.973052e-04
Epoch 043 | batch 0640/0657 | loss 2.900736 | cmse 0.624499 | db 9.037231 | lr 4.972989e-04
Epoch 043 | batch 0650/0657 | loss 2.891695 | cmse 0.624030 | db 9.003197 | lr 4.972926e-04
Epoch 043 | train 2.886350 | val 2.538651 | cmse 0.700832 | db 7.296112
Epoch 044 | batch 0010/0657 | loss 2.512352 | cmse 0.656535 | db 7.367922 | lr 4.972818e-04
Epoch 044 | batch 0020/0657 | loss 2.541795 | cmse 0.622830 | db 7.620942 | lr 4.972755e-04
Epoch 044 | batch 0030/0657 | loss 2.413645 | cmse 0.588952 | db 7.246712 | lr 4.972691e-04
Epoch 044 | batch 0040/0657 | loss 2.418392 | cmse 0.571573 | db 7.333941 | lr 4.972627e-04
Epoch 044 | batch 0050/0657 | loss 2.396092 | cmse 0.571818 | db 7.244262 | lr 4.972564e-04
Epoch 044 | batch 0060/0657 | loss 2.360087 | cmse 0.563093 | db 7.136059 | lr 4.972500e-04
Epoch 044 | batch 0070/0657 | loss 2.380489 | cmse 0.574830 | db 7.170351 | lr 4.972436e-04
Epoch 044 | batch 0080/0657 | loss 2.376489 | cmse 0.565859 | db 7.190113 | lr 4.972372e-04
Epoch 044 | batch 0090/0657 | loss 2.379282 | cmse 0.575090 | db 7.164036 | lr 4.972308e-04
Epoch 044 | batch 0100/0657 | loss 2.382798 | cmse 0.566132 | db 7.214487 | lr 4.972244e-04
Epoch 044 | batch 0110/0657 | loss 2.372860 | cmse 0.569395 | db 7.161428 | lr 4.972180e-04
Epoch 044 | batch 0120/0657 | loss 2.377429 | cmse 0.568983 | db 7.181229 | lr 4.972116e-04
Epoch 044 | batch 0130/0657 | loss 2.384982 | cmse 0.567497 | db 7.217227 | lr 4.972051e-04
Epoch 044 | batch 0140/0657 | loss 2.378110 | cmse 0.570253 | db 7.178957 | lr 4.971987e-04
Epoch 044 | batch 0150/0657 | loss 2.370705 | cmse 0.560938 | db 7.186896 | lr 4.971923e-04
Epoch 044 | batch 0160/0657 | loss 2.362513 | cmse 0.556166 | db 7.173455 | lr 4.971858e-04
Epoch 044 | batch 0170/0657 | loss 2.342966 | cmse 0.547698 | db 7.129538 | lr 4.971793e-04
Epoch 044 | batch 0180/0657 | loss 2.352601 | cmse 0.551821 | db 7.151172 | lr 4.971729e-04
Epoch 044 | batch 0190/0657 | loss 2.360635 | cmse 0.558228 | db 7.157429 | lr 4.971664e-04
Epoch 044 | batch 0200/0657 | loss 2.361641 | cmse 0.559210 | db 7.157477 | lr 4.971599e-04
Epoch 044 | batch 0210/0657 | loss 2.356625 | cmse 0.555721 | db 7.151448 | lr 4.971534e-04
Epoch 044 | batch 0220/0657 | loss 2.349485 | cmse 0.554201 | db 7.128958 | lr 4.971469e-04
Epoch 044 | batch 0230/0657 | loss 2.347527 | cmse 0.551913 | db 7.130297 | lr 4.971404e-04
Epoch 044 | batch 0240/0657 | loss 2.344662 | cmse 0.550138 | db 7.125863 | lr 4.971339e-04
Epoch 044 | batch 0250/0657 | loss 2.345433 | cmse 0.551179 | db 7.124566 | lr 4.971274e-04
Epoch 044 | batch 0260/0657 | loss 2.342893 | cmse 0.549658 | db 7.120561 | lr 4.971209e-04
Epoch 044 | batch 0270/0657 | loss 2.348147 | cmse 0.552472 | db 7.130294 | lr 4.971143e-04
Epoch 044 | batch 0280/0657 | loss 2.343395 | cmse 0.553066 | db 7.108961 | lr 4.971078e-04
Epoch 044 | batch 0290/0657 | loss 2.342189 | cmse 0.552714 | db 7.105525 | lr 4.971013e-04
Epoch 044 | batch 0300/0657 | loss 2.339556 | cmse 0.551205 | db 7.101082 | lr 4.970947e-04
Epoch 044 | batch 0310/0657 | loss 2.338082 | cmse 0.550570 | db 7.097735 | lr 4.970881e-04
Epoch 044 | batch 0320/0657 | loss 2.340166 | cmse 0.550760 | db 7.105336 | lr 4.970816e-04
Epoch 044 | batch 0330/0657 | loss 2.341679 | cmse 0.551270 | db 7.109337 | lr 4.970750e-04
Epoch 044 | batch 0340/0657 | loss 2.341970 | cmse 0.550675 | db 7.113023 | lr 4.970684e-04
Epoch 044 | batch 0350/0657 | loss 2.339624 | cmse 0.550651 | db 7.103751 | lr 4.970618e-04
Epoch 044 | batch 0360/0657 | loss 2.337671 | cmse 0.549086 | db 7.102068 | lr 4.970552e-04
Epoch 044 | batch 0370/0657 | loss 2.330771 | cmse 0.548378 | db 7.077415 | lr 4.970486e-04
Epoch 044 | batch 0380/0657 | loss 2.328151 | cmse 0.547506 | db 7.070482 | lr 4.970420e-04
Epoch 044 | batch 0390/0657 | loss 2.330435 | cmse 0.549060 | db 7.073367 | lr 4.970354e-04
Epoch 044 | batch 0400/0657 | loss 2.332756 | cmse 0.550976 | db 7.075018 | lr 4.970287e-04
Epoch 044 | batch 0410/0657 | loss 2.332307 | cmse 0.551808 | db 7.069882 | lr 4.970221e-04
Epoch 044 | batch 0420/0657 | loss 2.328463 | cmse 0.549985 | db 7.061967 | lr 4.970155e-04
Epoch 044 | batch 0430/0657 | loss 2.328931 | cmse 0.551874 | db 7.056325 | lr 4.970088e-04
Epoch 044 | batch 0440/0657 | loss 2.335198 | cmse 0.552297 | db 7.079575 | lr 4.970022e-04
Epoch 044 | batch 0450/0657 | loss 2.333778 | cmse 0.552176 | db 7.074484 | lr 4.969955e-04
Epoch 044 | batch 0460/0657 | loss 2.329447 | cmse 0.551255 | db 7.060959 | lr 4.969888e-04
Epoch 044 | batch 0470/0657 | loss 2.331948 | cmse 0.553506 | db 7.061953 | lr 4.969821e-04
Epoch 044 | batch 0480/0657 | loss 2.333073 | cmse 0.555111 | db 7.059996 | lr 4.969755e-04
Epoch 044 | batch 0490/0657 | loss 2.334867 | cmse 0.556380 | db 7.062022 | lr 4.969688e-04
Epoch 044 | batch 0500/0657 | loss 2.332805 | cmse 0.554636 | db 7.060778 | lr 4.969621e-04
Epoch 044 | batch 0510/0657 | loss 2.330550 | cmse 0.553892 | db 7.054683 | lr 4.969553e-04
Epoch 044 | batch 0520/0657 | loss 2.331986 | cmse 0.554346 | db 7.058565 | lr 4.969486e-04
Epoch 044 | batch 0530/0657 | loss 2.333053 | cmse 0.554215 | db 7.063307 | lr 4.969419e-04
Epoch 044 | batch 0540/0657 | loss 2.332484 | cmse 0.552972 | db 7.065999 | lr 4.969352e-04
Epoch 044 | batch 0550/0657 | loss 2.330802 | cmse 0.553156 | db 7.058522 | lr 4.969284e-04
Epoch 044 | batch 0560/0657 | loss 2.330704 | cmse 0.552855 | db 7.059308 | lr 4.969217e-04
Epoch 044 | batch 0570/0657 | loss 2.331246 | cmse 0.553120 | db 7.060371 | lr 4.969149e-04
Epoch 044 | batch 0580/0657 | loss 2.336056 | cmse 0.552579 | db 7.081724 | lr 4.969082e-04
Epoch 044 | batch 0590/0657 | loss 2.346288 | cmse 0.553732 | db 7.118005 | lr 4.969014e-04
Epoch 044 | batch 0600/0657 | loss 2.353614 | cmse 0.556404 | db 7.136520 | lr 4.968946e-04
Epoch 044 | batch 0610/0657 | loss 2.358475 | cmse 0.557272 | db 7.152169 | lr 4.968878e-04
Epoch 044 | batch 0620/0657 | loss 2.362787 | cmse 0.557401 | db 7.168868 | lr 4.968811e-04
Epoch 044 | batch 0630/0657 | loss 2.369510 | cmse 0.560806 | db 7.182034 | lr 4.968743e-04
Epoch 044 | batch 0640/0657 | loss 2.372164 | cmse 0.561219 | db 7.190952 | lr 4.968674e-04
Epoch 044 | batch 0650/0657 | loss 2.374119 | cmse 0.562092 | db 7.195203 | lr 4.968606e-04
Epoch 044 | train 2.379225 | val 2.989870 | cmse 0.643432 | db 9.312989
Epoch 045 | batch 0010/0657 | loss 3.095840 | cmse 0.653357 | db 9.689717 | lr 4.968490e-04
Epoch 045 | batch 0020/0657 | loss 3.093491 | cmse 0.627871 | db 9.784505 | lr 4.968422e-04
Epoch 045 | batch 0030/0657 | loss 2.944766 | cmse 0.611137 | db 9.259229 | lr 4.968354e-04
Epoch 045 | batch 0040/0657 | loss 2.941458 | cmse 0.627062 | db 9.181963 | lr 4.968285e-04
Epoch 045 | batch 0050/0657 | loss 2.840376 | cmse 0.612223 | db 8.840056 | lr 4.968217e-04
Epoch 045 | batch 0060/0657 | loss 2.810486 | cmse 0.612262 | db 8.720630 | lr 4.968148e-04
Epoch 045 | batch 0070/0657 | loss 2.792917 | cmse 0.625976 | db 8.596638 | lr 4.968079e-04
Epoch 045 | batch 0080/0657 | loss 2.752786 | cmse 0.614191 | db 8.484480 | lr 4.968011e-04
Epoch 045 | batch 0090/0657 | loss 2.746001 | cmse 0.644465 | db 8.337571 | lr 4.967942e-04
Epoch 045 | batch 0100/0657 | loss 2.716742 | cmse 0.627103 | db 8.291627 | lr 4.967873e-04
Epoch 045 | batch 0110/0657 | loss 2.676887 | cmse 0.616356 | db 8.176636 | lr 4.967804e-04
Epoch 045 | batch 0120/0657 | loss 2.634143 | cmse 0.606121 | db 8.047714 | lr 4.967735e-04
Epoch 045 | batch 0130/0657 | loss 2.606764 | cmse 0.601462 | db 7.957536 | lr 4.967666e-04
Epoch 045 | batch 0140/0657 | loss 2.597281 | cmse 0.606639 | db 7.899675 | lr 4.967596e-04
Epoch 045 | batch 0150/0657 | loss 2.581269 | cmse 0.601016 | db 7.858722 | lr 4.967527e-04
Epoch 045 | batch 0160/0657 | loss 2.562277 | cmse 0.597014 | db 7.799231 | lr 4.967458e-04
Epoch 045 | batch 0170/0657 | loss 2.560443 | cmse 0.603008 | db 7.768256 | lr 4.967388e-04
Epoch 045 | batch 0180/0657 | loss 2.538455 | cmse 0.597059 | db 7.704816 | lr 4.967319e-04
Epoch 045 | batch 0190/0657 | loss 2.531824 | cmse 0.594231 | db 7.689696 | lr 4.967249e-04
Epoch 045 | batch 0200/0657 | loss 2.533876 | cmse 0.594130 | db 7.698419 | lr 4.967180e-04
Epoch 045 | batch 0210/0657 | loss 2.529257 | cmse 0.596789 | db 7.669634 | lr 4.967110e-04
Epoch 045 | batch 0220/0657 | loss 2.526924 | cmse 0.591240 | db 7.682967 | lr 4.967040e-04
Epoch 045 | batch 0230/0657 | loss 2.518107 | cmse 0.591988 | db 7.645186 | lr 4.966970e-04
Epoch 045 | batch 0240/0657 | loss 2.510465 | cmse 0.589110 | db 7.626417 | lr 4.966900e-04
Epoch 045 | batch 0250/0657 | loss 2.502043 | cmse 0.586565 | db 7.603017 | lr 4.966830e-04
Epoch 045 | batch 0260/0657 | loss 2.490463 | cmse 0.582885 | db 7.571648 | lr 4.966760e-04
Epoch 045 | batch 0270/0657 | loss 2.494593 | cmse 0.588190 | db 7.567114 | lr 4.966690e-04
Epoch 045 | batch 0280/0657 | loss 2.488920 | cmse 0.586808 | db 7.550208 | lr 4.966620e-04
Epoch 045 | batch 0290/0657 | loss 2.480430 | cmse 0.584712 | db 7.524832 | lr 4.966550e-04
Epoch 045 | batch 0300/0657 | loss 2.483007 | cmse 0.582147 | db 7.545418 | lr 4.966479e-04
Epoch 045 | batch 0310/0657 | loss 2.483797 | cmse 0.580735 | db 7.554369 | lr 4.966409e-04
Epoch 045 | batch 0320/0657 | loss 2.478922 | cmse 0.580382 | db 7.536445 | lr 4.966338e-04
Epoch 045 | batch 0330/0657 | loss 2.478749 | cmse 0.579872 | db 7.537758 | lr 4.966268e-04
Epoch 045 | batch 0340/0657 | loss 2.475938 | cmse 0.578688 | db 7.531239 | lr 4.966197e-04
Epoch 045 | batch 0350/0657 | loss 2.473573 | cmse 0.578519 | db 7.522509 | lr 4.966126e-04
Epoch 045 | batch 0360/0657 | loss 2.467544 | cmse 0.578313 | db 7.499470 | lr 4.966055e-04
Epoch 045 | batch 0370/0657 | loss 2.467711 | cmse 0.578979 | db 7.497444 | lr 4.965984e-04
Epoch 045 | batch 0380/0657 | loss 2.462648 | cmse 0.579032 | db 7.477130 | lr 4.965913e-04
Epoch 045 | batch 0390/0657 | loss 2.459034 | cmse 0.578331 | db 7.465553 | lr 4.965842e-04
Epoch 045 | batch 0400/0657 | loss 2.458518 | cmse 0.578985 | db 7.460825 | lr 4.965771e-04
Epoch 045 | batch 0410/0657 | loss 2.456009 | cmse 0.579966 | db 7.446919 | lr 4.965700e-04
Epoch 045 | batch 0420/0657 | loss 2.448546 | cmse 0.577392 | db 7.427605 | lr 4.965629e-04
Epoch 045 | batch 0430/0657 | loss 2.446313 | cmse 0.575375 | db 7.426851 | lr 4.965557e-04
Epoch 045 | batch 0440/0657 | loss 2.442465 | cmse 0.575112 | db 7.412634 | lr 4.965486e-04
Epoch 045 | batch 0450/0657 | loss 2.441237 | cmse 0.574402 | db 7.410621 | lr 4.965415e-04
Epoch 045 | batch 0460/0657 | loss 2.444133 | cmse 0.575477 | db 7.417967 | lr 4.965343e-04
Epoch 045 | batch 0470/0657 | loss 2.447511 | cmse 0.577051 | db 7.425124 | lr 4.965271e-04
Epoch 045 | batch 0480/0657 | loss 2.447097 | cmse 0.579032 | db 7.415635 | lr 4.965200e-04
Epoch 045 | batch 0490/0657 | loss 2.446112 | cmse 0.579671 | db 7.409192 | lr 4.965128e-04
Epoch 045 | batch 0500/0657 | loss 2.442337 | cmse 0.578434 | db 7.399070 | lr 4.965056e-04
Epoch 045 | batch 0510/0657 | loss 2.437178 | cmse 0.576953 | db 7.384465 | lr 4.964984e-04
Epoch 045 | batch 0520/0657 | loss 2.435457 | cmse 0.575891 | db 7.381848 | lr 4.964912e-04
Epoch 045 | batch 0530/0657 | loss 2.432539 | cmse 0.575215 | db 7.373008 | lr 4.964840e-04
Epoch 045 | batch 0540/0657 | loss 2.432894 | cmse 0.576154 | db 7.370638 | lr 4.964768e-04
Epoch 045 | batch 0550/0657 | loss 2.431525 | cmse 0.575261 | db 7.368800 | lr 4.964696e-04
Epoch 045 | batch 0560/0657 | loss 2.432318 | cmse 0.577133 | db 7.364500 | lr 4.964623e-04
Epoch 045 | batch 0570/0657 | loss 2.426042 | cmse 0.575877 | db 7.344534 | lr 4.964551e-04
Epoch 045 | batch 0580/0657 | loss 2.424575 | cmse 0.575676 | db 7.339545 | lr 4.964479e-04
Epoch 045 | batch 0590/0657 | loss 2.422116 | cmse 0.575195 | db 7.331684 | lr 4.964406e-04
Epoch 045 | batch 0600/0657 | loss 2.414059 | cmse 0.572923 | db 7.308736 | lr 4.964334e-04
Epoch 045 | batch 0610/0657 | loss 2.411992 | cmse 0.572633 | db 7.301675 | lr 4.964261e-04
Epoch 045 | batch 0620/0657 | loss 2.409858 | cmse 0.571739 | db 7.296746 | lr 4.964188e-04
Epoch 045 | batch 0630/0657 | loss 2.403811 | cmse 0.569889 | db 7.280054 | lr 4.964115e-04
Epoch 045 | batch 0640/0657 | loss 2.402962 | cmse 0.570080 | db 7.275924 | lr 4.964042e-04
Epoch 045 | batch 0650/0657 | loss 2.414142 | cmse 0.570726 | db 7.317704 | lr 4.963970e-04
Epoch 045 | train 2.421826 | val 2.555120 | cmse 0.624544 | db 7.668626
Epoch 046 | batch 0010/0657 | loss 2.396715 | cmse 0.554631 | db 7.316033 | lr 4.963845e-04
Epoch 046 | batch 0020/0657 | loss 2.352968 | cmse 0.557582 | db 7.128855 | lr 4.963772e-04
Epoch 046 | batch 0030/0657 | loss 2.408460 | cmse 0.595216 | db 7.198693 | lr 4.963699e-04
Epoch 046 | batch 0040/0657 | loss 2.457447 | cmse 0.613858 | db 7.320218 | lr 4.963626e-04
Epoch 046 | batch 0050/0657 | loss 2.497577 | cmse 0.652642 | db 7.325315 | lr 4.963552e-04
Epoch 046 | batch 0060/0657 | loss 2.485066 | cmse 0.629174 | db 7.369702 | lr 4.963479e-04
Epoch 046 | batch 0070/0657 | loss 2.463980 | cmse 0.615447 | db 7.340431 | lr 4.963405e-04
Epoch 046 | batch 0080/0657 | loss 2.445115 | cmse 0.606776 | db 7.299524 | lr 4.963332e-04
Epoch 046 | batch 0090/0657 | loss 2.397374 | cmse 0.594079 | db 7.159927 | lr 4.963258e-04
Epoch 046 | batch 0100/0657 | loss 2.388927 | cmse 0.587524 | db 7.152649 | lr 4.963184e-04
Epoch 046 | batch 0110/0657 | loss 2.379219 | cmse 0.584479 | db 7.126287 | lr 4.963111e-04
Epoch 046 | batch 0120/0657 | loss 2.400853 | cmse 0.588613 | db 7.195449 | lr 4.963037e-04
Epoch 046 | batch 0130/0657 | loss 2.388946 | cmse 0.583213 | db 7.169566 | lr 4.962963e-04
Epoch 046 | batch 0140/0657 | loss 2.379241 | cmse 0.579455 | db 7.145769 | lr 4.962889e-04
Epoch 046 | batch 0150/0657 | loss 2.373041 | cmse 0.575803 | db 7.135632 | lr 4.962815e-04
Epoch 046 | batch 0160/0657 | loss 2.369105 | cmse 0.572859 | db 7.131587 | lr 4.962740e-04
Epoch 046 | batch 0170/0657 | loss 2.370378 | cmse 0.570864 | db 7.144731 | lr 4.962666e-04
Epoch 046 | batch 0180/0657 | loss 2.378017 | cmse 0.575245 | db 7.157627 | lr 4.962592e-04
Epoch 046 | batch 0190/0657 | loss 2.384186 | cmse 0.576385 | db 7.177323 | lr 4.962517e-04
Epoch 046 | batch 0200/0657 | loss 2.385032 | cmse 0.575738 | db 7.183456 | lr 4.962443e-04
Epoch 046 | batch 0210/0657 | loss 2.388055 | cmse 0.578369 | db 7.184953 | lr 4.962368e-04
Epoch 046 | batch 0220/0657 | loss 2.388897 | cmse 0.578499 | db 7.187701 | lr 4.962294e-04
Epoch 046 | batch 0230/0657 | loss 2.374371 | cmse 0.575367 | db 7.142339 | lr 4.962219e-04
Epoch 046 | batch 0240/0657 | loss 2.371115 | cmse 0.573414 | db 7.136956 | lr 4.962144e-04
Epoch 046 | batch 0250/0657 | loss 2.373489 | cmse 0.577054 | db 7.131877 | lr 4.962070e-04
Epoch 046 | batch 0260/0657 | loss 2.375621 | cmse 0.575208 | db 7.147684 | lr 4.961995e-04
Epoch 046 | batch 0270/0657 | loss 2.362351 | cmse 0.572713 | db 7.104780 | lr 4.961920e-04
Epoch 046 | batch 0280/0657 | loss 2.363370 | cmse 0.571243 | db 7.114787 | lr 4.961845e-04
Epoch 046 | batch 0290/0657 | loss 2.357543 | cmse 0.572047 | db 7.088415 | lr 4.961769e-04
Epoch 046 | batch 0300/0657 | loss 2.352898 | cmse 0.568507 | db 7.084123 | lr 4.961694e-04
Epoch 046 | batch 0310/0657 | loss 2.351792 | cmse 0.566025 | db 7.089629 | lr 4.961619e-04
Epoch 046 | batch 0320/0657 | loss 2.343534 | cmse 0.564699 | db 7.062209 | lr 4.961544e-04
Epoch 046 | batch 0330/0657 | loss 2.339541 | cmse 0.562806 | db 7.053933 | lr 4.961468e-04
Epoch 046 | batch 0340/0657 | loss 2.324423 | cmse 0.558178 | db 7.012221 | lr 4.961393e-04
Epoch 046 | batch 0350/0657 | loss 2.323985 | cmse 0.558644 | db 7.008574 | lr 4.961317e-04
Epoch 046 | batch 0360/0657 | loss 2.318307 | cmse 0.557374 | db 6.990921 | lr 4.961241e-04
Epoch 046 | batch 0370/0657 | loss 2.316190 | cmse 0.556801 | db 6.984770 | lr 4.961166e-04
Epoch 046 | batch 0380/0657 | loss 2.313445 | cmse 0.556058 | db 6.976800 | lr 4.961090e-04
Epoch 046 | batch 0390/0657 | loss 2.314327 | cmse 0.556175 | db 6.979829 | lr 4.961014e-04
Epoch 046 | batch 0400/0657 | loss 2.316220 | cmse 0.557074 | db 6.983785 | lr 4.960938e-04
Epoch 046 | batch 0410/0657 | loss 2.313970 | cmse 0.555286 | db 6.982023 | lr 4.960862e-04
Epoch 046 | batch 0420/0657 | loss 2.312157 | cmse 0.554727 | db 6.977006 | lr 4.960786e-04
Epoch 046 | batch 0430/0657 | loss 2.311498 | cmse 0.554133 | db 6.976699 | lr 4.960710e-04
Epoch 046 | batch 0440/0657 | loss 2.312024 | cmse 0.554200 | db 6.978541 | lr 4.960634e-04
Epoch 046 | batch 0450/0657 | loss 2.313717 | cmse 0.554180 | db 6.985377 | lr 4.960557e-04
Epoch 046 | batch 0460/0657 | loss 2.315457 | cmse 0.556593 | db 6.982647 | lr 4.960481e-04
Epoch 046 | batch 0470/0657 | loss 2.316105 | cmse 0.553882 | db 6.996215 | lr 4.960405e-04
Epoch 046 | batch 0480/0657 | loss 2.317198 | cmse 0.554780 | db 6.996996 | lr 4.960328e-04
Epoch 046 | batch 0490/0657 | loss 2.312189 | cmse 0.552561 | db 6.985926 | lr 4.960251e-04
Epoch 046 | batch 0500/0657 | loss 2.311078 | cmse 0.552130 | db 6.983157 | lr 4.960175e-04
Epoch 046 | batch 0510/0657 | loss 2.309290 | cmse 0.550619 | db 6.982054 | lr 4.960098e-04
Epoch 046 | batch 0520/0657 | loss 2.310694 | cmse 0.551450 | db 6.984313 | lr 4.960021e-04
Epoch 046 | batch 0530/0657 | loss 2.309282 | cmse 0.549521 | db 6.986377 | lr 4.959944e-04
Epoch 046 | batch 0540/0657 | loss 2.307278 | cmse 0.549877 | db 6.976940 | lr 4.959867e-04
Epoch 046 | batch 0550/0657 | loss 2.301578 | cmse 0.547381 | db 6.964265 | lr 4.959790e-04
Epoch 046 | batch 0560/0657 | loss 2.299961 | cmse 0.547369 | db 6.957809 | lr 4.959713e-04
Epoch 046 | batch 0570/0657 | loss 2.300350 | cmse 0.547405 | db 6.959240 | lr 4.959636e-04
Epoch 046 | batch 0580/0657 | loss 2.300675 | cmse 0.547570 | db 6.959833 | lr 4.959559e-04
Epoch 046 | batch 0590/0657 | loss 2.301172 | cmse 0.547016 | db 6.964017 | lr 4.959482e-04
Epoch 046 | batch 0600/0657 | loss 2.299191 | cmse 0.546231 | db 6.959250 | lr 4.959404e-04
Epoch 046 | batch 0610/0657 | loss 2.296494 | cmse 0.544994 | db 6.953424 | lr 4.959327e-04
Epoch 046 | batch 0620/0657 | loss 2.293107 | cmse 0.543781 | db 6.944730 | lr 4.959249e-04
Epoch 046 | batch 0630/0657 | loss 2.290755 | cmse 0.542702 | db 6.939643 | lr 4.959171e-04
Epoch 046 | batch 0640/0657 | loss 2.291115 | cmse 0.543140 | db 6.939270 | lr 4.959094e-04
Epoch 046 | batch 0650/0657 | loss 2.290894 | cmse 0.542502 | db 6.940954 | lr 4.959016e-04
Epoch 046 | train 2.284562 | val 2.250616 | cmse 0.480992 | db 7.027952
Epoch 047 | batch 0010/0657 | loss 2.100970 | cmse 0.445604 | db 6.575689 | lr 4.958884e-04
Epoch 047 | batch 0020/0657 | loss 2.042056 | cmse 0.462498 | db 6.272584 | lr 4.958806e-04
Epoch 047 | batch 0030/0657 | loss 2.028919 | cmse 0.457370 | db 6.239708 | lr 4.958728e-04
Epoch 047 | batch 0040/0657 | loss 2.072914 | cmse 0.465022 | db 6.383571 | lr 4.958650e-04
Epoch 047 | batch 0050/0657 | loss 2.112842 | cmse 0.479050 | db 6.486500 | lr 4.958571e-04
Epoch 047 | batch 0060/0657 | loss 2.130646 | cmse 0.484405 | db 6.535711 | lr 4.958493e-04
Epoch 047 | batch 0070/0657 | loss 2.146267 | cmse 0.482425 | db 6.605727 | lr 4.958415e-04
Epoch 047 | batch 0080/0657 | loss 2.176072 | cmse 0.500292 | db 6.652965 | lr 4.958336e-04
Epoch 047 | batch 0090/0657 | loss 2.188040 | cmse 0.507745 | db 6.670596 | lr 4.958258e-04
Epoch 047 | batch 0100/0657 | loss 2.202390 | cmse 0.509602 | db 6.720018 | lr 4.958179e-04
Epoch 047 | batch 0110/0657 | loss 2.208644 | cmse 0.512624 | db 6.732590 | lr 4.958101e-04
Epoch 047 | batch 0120/0657 | loss 2.218450 | cmse 0.514273 | db 6.764672 | lr 4.958022e-04
Epoch 047 | batch 0130/0657 | loss 2.210905 | cmse 0.512996 | db 6.739529 | lr 4.957943e-04
Epoch 047 | batch 0140/0657 | loss 2.208937 | cmse 0.511553 | db 6.737351 | lr 4.957864e-04
Epoch 047 | batch 0150/0657 | loss 2.222299 | cmse 0.515543 | db 6.774730 | lr 4.957785e-04
Epoch 047 | batch 0160/0657 | loss 2.226086 | cmse 0.516944 | db 6.784142 | lr 4.957707e-04
Epoch 047 | batch 0170/0657 | loss 2.216274 | cmse 0.513643 | db 6.758156 | lr 4.957627e-04
Epoch 047 | batch 0180/0657 | loss 2.221472 | cmse 0.516410 | db 6.768106 | lr 4.957548e-04
Epoch 047 | batch 0190/0657 | loss 2.220441 | cmse 0.515345 | db 6.768386 | lr 4.957469e-04
Epoch 047 | batch 0200/0657 | loss 2.223565 | cmse 0.513884 | db 6.786557 | lr 4.957390e-04
Epoch 047 | batch 0210/0657 | loss 2.211887 | cmse 0.511174 | db 6.750936 | lr 4.957310e-04
Epoch 047 | batch 0220/0657 | loss 2.214938 | cmse 0.512449 | db 6.757944 | lr 4.957231e-04
Epoch 047 | batch 0230/0657 | loss 2.223479 | cmse 0.515235 | db 6.780818 | lr 4.957152e-04
Epoch 047 | batch 0240/0657 | loss 2.220076 | cmse 0.513821 | db 6.772817 | lr 4.957072e-04
Epoch 047 | batch 0250/0657 | loss 2.222745 | cmse 0.515269 | db 6.777613 | lr 4.956992e-04
Epoch 047 | batch 0260/0657 | loss 2.226225 | cmse 0.515664 | db 6.790015 | lr 4.956913e-04
Epoch 047 | batch 0270/0657 | loss 2.229197 | cmse 0.516585 | db 6.798270 | lr 4.956833e-04
Epoch 047 | batch 0280/0657 | loss 2.230702 | cmse 0.517852 | db 6.799314 | lr 4.956753e-04
Epoch 047 | batch 0290/0657 | loss 2.239905 | cmse 0.521459 | db 6.821578 | lr 4.956673e-04
Epoch 047 | batch 0300/0657 | loss 2.243486 | cmse 0.521950 | db 6.833981 | lr 4.956593e-04
Epoch 047 | batch 0310/0657 | loss 2.246559 | cmse 0.525508 | db 6.832098 | lr 4.956513e-04
Epoch 047 | batch 0320/0657 | loss 2.247810 | cmse 0.526166 | db 6.834403 | lr 4.956433e-04
Epoch 047 | batch 0330/0657 | loss 2.243321 | cmse 0.524401 | db 6.823488 | lr 4.956353e-04
Epoch 047 | batch 0340/0657 | loss 2.244068 | cmse 0.524832 | db 6.824743 | lr 4.956272e-04
Epoch 047 | batch 0350/0657 | loss 2.243702 | cmse 0.523927 | db 6.826859 | lr 4.956192e-04
Epoch 047 | batch 0360/0657 | loss 2.237673 | cmse 0.524011 | db 6.802454 | lr 4.956111e-04
Epoch 047 | batch 0370/0657 | loss 2.240321 | cmse 0.523232 | db 6.816121 | lr 4.956031e-04
Epoch 047 | batch 0380/0657 | loss 2.242777 | cmse 0.526102 | db 6.814546 | lr 4.955950e-04
Epoch 047 | batch 0390/0657 | loss 2.243681 | cmse 0.526036 | db 6.818555 | lr 4.955870e-04
Epoch 047 | batch 0400/0657 | loss 2.232626 | cmse 0.524048 | db 6.782541 | lr 4.955789e-04
Epoch 047 | batch 0410/0657 | loss 2.231503 | cmse 0.523223 | db 6.781321 | lr 4.955708e-04
Epoch 047 | batch 0420/0657 | loss 2.231263 | cmse 0.523171 | db 6.780445 | lr 4.955627e-04
Epoch 047 | batch 0430/0657 | loss 2.232695 | cmse 0.522899 | db 6.787181 | lr 4.955546e-04
Epoch 047 | batch 0440/0657 | loss 2.233343 | cmse 0.523190 | db 6.788519 | lr 4.955465e-04
Epoch 047 | batch 0450/0657 | loss 2.235709 | cmse 0.524573 | db 6.792448 | lr 4.955384e-04
Epoch 047 | batch 0460/0657 | loss 2.233770 | cmse 0.523766 | db 6.787980 | lr 4.955303e-04
Epoch 047 | batch 0470/0657 | loss 2.232509 | cmse 0.523527 | db 6.783940 | lr 4.955222e-04
Epoch 047 | batch 0480/0657 | loss 2.229407 | cmse 0.523085 | db 6.773391 | lr 4.955140e-04
Epoch 047 | batch 0490/0657 | loss 2.232632 | cmse 0.524013 | db 6.782514 | lr 4.955059e-04
Epoch 047 | batch 0500/0657 | loss 2.231638 | cmse 0.524941 | db 6.774930 | lr 4.954977e-04
Epoch 047 | batch 0510/0657 | loss 2.232193 | cmse 0.524390 | db 6.779340 | lr 4.954896e-04
Epoch 047 | batch 0520/0657 | loss 2.232610 | cmse 0.524006 | db 6.782513 | lr 4.954814e-04
Epoch 047 | batch 0530/0657 | loss 2.232831 | cmse 0.523294 | db 6.786207 | lr 4.954733e-04
Epoch 047 | batch 0540/0657 | loss 2.232244 | cmse 0.522921 | db 6.785316 | lr 4.954651e-04
Epoch 047 | batch 0550/0657 | loss 2.232875 | cmse 0.522377 | db 6.790029 | lr 4.954569e-04
Epoch 047 | batch 0560/0657 | loss 2.231825 | cmse 0.522214 | db 6.786490 | lr 4.954487e-04
Epoch 047 | batch 0570/0657 | loss 2.230785 | cmse 0.522111 | db 6.782752 | lr 4.954405e-04
Epoch 047 | batch 0580/0657 | loss 2.227182 | cmse 0.521066 | db 6.772551 | lr 4.954323e-04
Epoch 047 | batch 0590/0657 | loss 2.226950 | cmse 0.522028 | db 6.767784 | lr 4.954241e-04
Epoch 047 | batch 0600/0657 | loss 2.231004 | cmse 0.522429 | db 6.782403 | lr 4.954159e-04
Epoch 047 | batch 0610/0657 | loss 2.231119 | cmse 0.522804 | db 6.781368 | lr 4.954076e-04
Epoch 047 | batch 0620/0657 | loss 2.233103 | cmse 0.523862 | db 6.785061 | lr 4.953994e-04
Epoch 047 | batch 0630/0657 | loss 2.233617 | cmse 0.523807 | db 6.787291 | lr 4.953912e-04
Epoch 047 | batch 0640/0657 | loss 2.235937 | cmse 0.525433 | db 6.790050 | lr 4.953829e-04
Epoch 047 | batch 0650/0657 | loss 2.237088 | cmse 0.525537 | db 6.794300 | lr 4.953747e-04
Epoch 047 | train 2.238237 | val 2.262514 | cmse 0.582247 | db 6.670832
Epoch 048 | batch 0010/0657 | loss 2.276840 | cmse 0.530915 | db 6.932219 | lr 4.953606e-04
Epoch 048 | batch 0020/0657 | loss 2.157290 | cmse 0.517460 | db 6.509168 | lr 4.953523e-04
Epoch 048 | batch 0030/0657 | loss 2.147625 | cmse 0.503076 | db 6.527704 | lr 4.953440e-04
Epoch 048 | batch 0040/0657 | loss 2.141023 | cmse 0.506989 | db 6.486486 | lr 4.953357e-04
Epoch 048 | batch 0050/0657 | loss 2.179836 | cmse 0.518124 | db 6.596336 | lr 4.953274e-04
Epoch 048 | batch 0060/0657 | loss 2.196690 | cmse 0.519931 | db 6.656328 | lr 4.953191e-04
Epoch 048 | batch 0070/0657 | loss 2.196963 | cmse 0.517195 | db 6.668278 | lr 4.953108e-04
Epoch 048 | batch 0080/0657 | loss 2.197873 | cmse 0.518174 | db 6.667599 | lr 4.953025e-04
Epoch 048 | batch 0090/0657 | loss 2.205123 | cmse 0.522295 | db 6.679786 | lr 4.952942e-04
Epoch 048 | batch 0100/0657 | loss 2.216928 | cmse 0.529898 | db 6.696446 | lr 4.952858e-04
Epoch 048 | batch 0110/0657 | loss 2.217298 | cmse 0.529261 | db 6.700499 | lr 4.952775e-04
Epoch 048 | batch 0120/0657 | loss 2.222829 | cmse 0.533714 | db 6.704573 | lr 4.952692e-04
Epoch 048 | batch 0130/0657 | loss 2.219726 | cmse 0.529032 | db 6.710954 | lr 4.952608e-04
Epoch 048 | batch 0140/0657 | loss 2.222323 | cmse 0.531805 | db 6.710191 | lr 4.952524e-04
Epoch 048 | batch 0150/0657 | loss 2.224619 | cmse 0.533404 | db 6.713038 | lr 4.952441e-04
Epoch 048 | batch 0160/0657 | loss 2.223446 | cmse 0.531389 | db 6.716326 | lr 4.952357e-04
Epoch 048 | batch 0170/0657 | loss 2.230265 | cmse 0.532948 | db 6.737307 | lr 4.952273e-04
Epoch 048 | batch 0180/0657 | loss 2.232315 | cmse 0.532408 | db 6.747784 | lr 4.952189e-04
Epoch 048 | batch 0190/0657 | loss 2.230348 | cmse 0.530720 | db 6.746841 | lr 4.952105e-04
Epoch 048 | batch 0200/0657 | loss 2.217548 | cmse 0.526188 | db 6.714123 | lr 4.952021e-04
Epoch 048 | batch 0210/0657 | loss 2.218105 | cmse 0.530478 | db 6.699013 | lr 4.951937e-04
Epoch 048 | batch 0220/0657 | loss 2.227492 | cmse 0.532352 | db 6.728952 | lr 4.951853e-04
Epoch 048 | batch 0230/0657 | loss 2.233971 | cmse 0.534126 | db 6.747590 | lr 4.951768e-04
Epoch 048 | batch 0240/0657 | loss 2.236021 | cmse 0.536144 | db 6.747603 | lr 4.951684e-04
Epoch 048 | batch 0250/0657 | loss 2.225757 | cmse 0.530673 | db 6.728766 | lr 4.951599e-04
Epoch 048 | batch 0260/0657 | loss 2.226641 | cmse 0.532980 | db 6.722987 | lr 4.951515e-04
Epoch 048 | batch 0270/0657 | loss 2.226926 | cmse 0.531970 | db 6.728198 | lr 4.951430e-04
Epoch 048 | batch 0280/0657 | loss 2.231345 | cmse 0.531878 | db 6.746072 | lr 4.951346e-04
Epoch 048 | batch 0290/0657 | loss 2.226372 | cmse 0.532383 | db 6.724330 | lr 4.951261e-04
Epoch 048 | batch 0300/0657 | loss 2.226483 | cmse 0.530522 | db 6.732288 | lr 4.951176e-04
Epoch 048 | batch 0310/0657 | loss 2.225572 | cmse 0.531348 | db 6.725373 | lr 4.951091e-04
Epoch 048 | batch 0320/0657 | loss 2.222055 | cmse 0.529183 | db 6.719976 | lr 4.951006e-04
Epoch 048 | batch 0330/0657 | loss 2.222404 | cmse 0.528140 | db 6.725384 | lr 4.950921e-04
Epoch 048 | batch 0340/0657 | loss 2.221171 | cmse 0.527086 | db 6.724685 | lr 4.950836e-04
Epoch 048 | batch 0350/0657 | loss 2.216298 | cmse 0.524551 | db 6.715408 | lr 4.950751e-04
Epoch 048 | batch 0360/0657 | loss 2.210555 | cmse 0.522556 | db 6.700558 | lr 4.950666e-04
Epoch 048 | batch 0370/0657 | loss 2.212587 | cmse 0.523962 | db 6.703014 | lr 4.950580e-04
Epoch 048 | batch 0380/0657 | loss 2.212596 | cmse 0.521964 | db 6.711097 | lr 4.950495e-04
Epoch 048 | batch 0390/0657 | loss 2.213185 | cmse 0.523100 | db 6.708929 | lr 4.950410e-04
Epoch 048 | batch 0400/0657 | loss 2.214545 | cmse 0.522566 | db 6.716449 | lr 4.950324e-04
Epoch 048 | batch 0410/0657 | loss 2.223338 | cmse 0.526205 | db 6.736925 | lr 4.950238e-04
Epoch 048 | batch 0420/0657 | loss 2.230959 | cmse 0.527787 | db 6.761036 | lr 4.950153e-04
Epoch 048 | batch 0430/0657 | loss 2.230881 | cmse 0.525222 | db 6.771082 | lr 4.950067e-04
Epoch 048 | batch 0440/0657 | loss 2.229876 | cmse 0.526396 | db 6.762372 | lr 4.949981e-04
Epoch 048 | batch 0450/0657 | loss 2.233352 | cmse 0.527960 | db 6.770016 | lr 4.949895e-04
Epoch 048 | batch 0460/0657 | loss 2.237042 | cmse 0.529829 | db 6.777369 | lr 4.949809e-04
Epoch 048 | batch 0470/0657 | loss 2.236186 | cmse 0.528860 | db 6.777879 | lr 4.949723e-04
Epoch 048 | batch 0480/0657 | loss 2.236730 | cmse 0.528608 | db 6.781038 | lr 4.949637e-04
Epoch 048 | batch 0490/0657 | loss 2.236857 | cmse 0.527738 | db 6.785025 | lr 4.949551e-04
Epoch 048 | batch 0500/0657 | loss 2.236221 | cmse 0.527799 | db 6.782212 | lr 4.949465e-04
Epoch 048 | batch 0510/0657 | loss 2.237088 | cmse 0.527627 | db 6.786384 | lr 4.949378e-04
Epoch 048 | batch 0520/0657 | loss 2.239507 | cmse 0.529223 | db 6.789642 | lr 4.949292e-04
Epoch 048 | batch 0530/0657 | loss 2.238391 | cmse 0.528693 | db 6.787314 | lr 4.949205e-04
Epoch 048 | batch 0540/0657 | loss 2.239416 | cmse 0.528958 | db 6.790301 | lr 4.949119e-04
Epoch 048 | batch 0550/0657 | loss 2.238977 | cmse 0.529049 | db 6.788172 | lr 4.949032e-04
Epoch 048 | batch 0560/0657 | loss 2.239192 | cmse 0.528512 | db 6.791132 | lr 4.948945e-04
Epoch 048 | batch 0570/0657 | loss 2.235365 | cmse 0.527299 | db 6.780717 | lr 4.948859e-04
Epoch 048 | batch 0580/0657 | loss 2.236438 | cmse 0.527340 | db 6.784747 | lr 4.948772e-04
Epoch 048 | batch 0590/0657 | loss 2.239424 | cmse 0.527498 | db 6.795990 | lr 4.948685e-04
Epoch 048 | batch 0600/0657 | loss 2.239743 | cmse 0.527637 | db 6.796702 | lr 4.948598e-04
Epoch 048 | batch 0610/0657 | loss 2.243698 | cmse 0.528280 | db 6.809945 | lr 4.948511e-04
Epoch 048 | batch 0620/0657 | loss 2.245277 | cmse 0.528792 | db 6.814141 | lr 4.948424e-04
Epoch 048 | batch 0630/0657 | loss 2.244643 | cmse 0.527851 | db 6.815358 | lr 4.948336e-04
Epoch 048 | batch 0640/0657 | loss 2.242685 | cmse 0.527412 | db 6.809322 | lr 4.948249e-04
Epoch 048 | batch 0650/0657 | loss 2.246041 | cmse 0.529121 | db 6.815900 | lr 4.948162e-04
Epoch 048 | train 2.245307 | val 2.266900 | cmse 0.579481 | db 6.695627
Epoch 049 | batch 0010/0657 | loss 2.300220 | cmse 0.590948 | db 6.783999 | lr 4.948013e-04
Epoch 049 | batch 0020/0657 | loss 2.244085 | cmse 0.524728 | db 6.824282 | lr 4.947926e-04
Epoch 049 | batch 0030/0657 | loss 2.225704 | cmse 0.524442 | db 6.751707 | lr 4.947838e-04
Epoch 049 | batch 0040/0657 | loss 2.251812 | cmse 0.535891 | db 6.809692 | lr 4.947750e-04
Epoch 049 | batch 0050/0657 | loss 2.269125 | cmse 0.534232 | db 6.886323 | lr 4.947662e-04
Epoch 049 | batch 0060/0657 | loss 2.264246 | cmse 0.536791 | db 6.856920 | lr 4.947575e-04
Epoch 049 | batch 0070/0657 | loss 2.266011 | cmse 0.536644 | db 6.864772 | lr 4.947487e-04
Epoch 049 | batch 0080/0657 | loss 2.247387 | cmse 0.536677 | db 6.790551 | lr 4.947399e-04
Epoch 049 | batch 0090/0657 | loss 2.262022 | cmse 0.540396 | db 6.834149 | lr 4.947311e-04
Epoch 049 | batch 0100/0657 | loss 2.263943 | cmse 0.547039 | db 6.815225 | lr 4.947222e-04
Epoch 049 | batch 0110/0657 | loss 2.261675 | cmse 0.547282 | db 6.805436 | lr 4.947134e-04
Epoch 049 | batch 0120/0657 | loss 2.264265 | cmse 0.544975 | db 6.825321 | lr 4.947046e-04
Epoch 049 | batch 0130/0657 | loss 2.265726 | cmse 0.541041 | db 6.847102 | lr 4.946958e-04
Epoch 049 | batch 0140/0657 | loss 2.259617 | cmse 0.539733 | db 6.827946 | lr 4.946869e-04
Epoch 049 | batch 0150/0657 | loss 2.257694 | cmse 0.538284 | db 6.826159 | lr 4.946781e-04
Epoch 049 | batch 0160/0657 | loss 2.257379 | cmse 0.537708 | db 6.827049 | lr 4.946692e-04
Epoch 049 | batch 0170/0657 | loss 2.257968 | cmse 0.541028 | db 6.816129 | lr 4.946603e-04
Epoch 049 | batch 0180/0657 | loss 2.253006 | cmse 0.535796 | db 6.817429 | lr 4.946515e-04
Epoch 049 | batch 0190/0657 | loss 2.250218 | cmse 0.537542 | db 6.799318 | lr 4.946426e-04
Epoch 049 | batch 0200/0657 | loss 2.246856 | cmse 0.535180 | db 6.795440 | lr 4.946337e-04
Epoch 049 | batch 0210/0657 | loss 2.235518 | cmse 0.532807 | db 6.759955 | lr 4.946248e-04
Epoch 049 | batch 0220/0657 | loss 2.232520 | cmse 0.532738 | db 6.748172 | lr 4.946159e-04
Epoch 049 | batch 0230/0657 | loss 2.231114 | cmse 0.532170 | db 6.744807 | lr 4.946070e-04
Epoch 049 | batch 0240/0657 | loss 2.219791 | cmse 0.526659 | db 6.721710 | lr 4.945981e-04
Epoch 049 | batch 0250/0657 | loss 2.218496 | cmse 0.526200 | db 6.718400 | lr 4.945892e-04
Epoch 049 | batch 0260/0657 | loss 2.216951 | cmse 0.523242 | db 6.723947 | lr 4.945802e-04
Epoch 049 | batch 0270/0657 | loss 2.219704 | cmse 0.525820 | db 6.724541 | lr 4.945713e-04
Epoch 049 | batch 0280/0657 | loss 2.222452 | cmse 0.526117 | db 6.734300 | lr 4.945623e-04
Epoch 049 | batch 0290/0657 | loss 2.220095 | cmse 0.524119 | db 6.732866 | lr 4.945534e-04
Epoch 049 | batch 0300/0657 | loss 2.224805 | cmse 0.523782 | db 6.752921 | lr 4.945444e-04
Epoch 049 | batch 0310/0657 | loss 2.214767 | cmse 0.522069 | db 6.719870 | lr 4.945355e-04
Epoch 049 | batch 0320/0657 | loss 2.218309 | cmse 0.523385 | db 6.728747 | lr 4.945265e-04
Epoch 049 | batch 0330/0657 | loss 2.220540 | cmse 0.523965 | db 6.735262 | lr 4.945175e-04
Epoch 049 | batch 0340/0657 | loss 2.222168 | cmse 0.525068 | db 6.737311 | lr 4.945085e-04
Epoch 049 | batch 0350/0657 | loss 2.224597 | cmse 0.527748 | db 6.736237 | lr 4.944995e-04
Epoch 049 | batch 0360/0657 | loss 2.221287 | cmse 0.525311 | db 6.732818 | lr 4.944905e-04
Epoch 049 | batch 0370/0657 | loss 2.219393 | cmse 0.523986 | db 6.730701 | lr 4.944815e-04
Epoch 049 | batch 0380/0657 | loss 2.223529 | cmse 0.523781 | db 6.748088 | lr 4.944725e-04
Epoch 049 | batch 0390/0657 | loss 2.222144 | cmse 0.523570 | db 6.743378 | lr 4.944635e-04
Epoch 049 | batch 0400/0657 | loss 2.224558 | cmse 0.523696 | db 6.752499 | lr 4.944544e-04
Epoch 049 | batch 0410/0657 | loss 2.230147 | cmse 0.526457 | db 6.763766 | lr 4.944454e-04
Epoch 049 | batch 0420/0657 | loss 2.226644 | cmse 0.527195 | db 6.746848 | lr 4.944363e-04
Epoch 049 | batch 0430/0657 | loss 2.230835 | cmse 0.528197 | db 6.759542 | lr 4.944273e-04
Epoch 049 | batch 0440/0657 | loss 2.231289 | cmse 0.529620 | db 6.755644 | lr 4.944182e-04
Epoch 049 | batch 0450/0657 | loss 2.234382 | cmse 0.530246 | db 6.765504 | lr 4.944092e-04
Epoch 049 | batch 0460/0657 | loss 2.234845 | cmse 0.530427 | db 6.766655 | lr 4.944001e-04
Epoch 049 | batch 0470/0657 | loss 2.236750 | cmse 0.530474 | db 6.774032 | lr 4.943910e-04
Epoch 049 | batch 0480/0657 | loss 2.236417 | cmse 0.529709 | db 6.775672 | lr 4.943819e-04
Epoch 049 | batch 0490/0657 | loss 2.234911 | cmse 0.529138 | db 6.771913 | lr 4.943728e-04
Epoch 049 | batch 0500/0657 | loss 2.233156 | cmse 0.528147 | db 6.768785 | lr 4.943637e-04
Epoch 049 | batch 0510/0657 | loss 2.231074 | cmse 0.527715 | db 6.762191 | lr 4.943546e-04
Epoch 049 | batch 0520/0657 | loss 2.228618 | cmse 0.526095 | db 6.758838 | lr 4.943455e-04
Epoch 049 | batch 0530/0657 | loss 2.229698 | cmse 0.527708 | db 6.756711 | lr 4.943363e-04
Epoch 049 | batch 0540/0657 | loss 2.231498 | cmse 0.528106 | db 6.762282 | lr 4.943272e-04
Epoch 049 | batch 0550/0657 | loss 2.228802 | cmse 0.527293 | db 6.754711 | lr 4.943181e-04
Epoch 049 | batch 0560/0657 | loss 2.228316 | cmse 0.526382 | db 6.756364 | lr 4.943089e-04
Epoch 049 | batch 0570/0657 | loss 2.223522 | cmse 0.525072 | db 6.742504 | lr 4.942998e-04
Epoch 049 | batch 0580/0657 | loss 2.222546 | cmse 0.523596 | db 6.744523 | lr 4.942906e-04
Epoch 049 | batch 0590/0657 | loss 2.223799 | cmse 0.525146 | db 6.743313 | lr 4.942814e-04
Epoch 049 | batch 0600/0657 | loss 2.222112 | cmse 0.523815 | db 6.741894 | lr 4.942722e-04
Epoch 049 | batch 0610/0657 | loss 2.224274 | cmse 0.525636 | db 6.743250 | lr 4.942631e-04
Epoch 049 | batch 0620/0657 | loss 2.221804 | cmse 0.524739 | db 6.737043 | lr 4.942539e-04
Epoch 049 | batch 0630/0657 | loss 2.218463 | cmse 0.524914 | db 6.723109 | lr 4.942447e-04
Epoch 049 | batch 0640/0657 | loss 2.215092 | cmse 0.524618 | db 6.710881 | lr 4.942355e-04
Epoch 049 | batch 0650/0657 | loss 2.214747 | cmse 0.524242 | db 6.711011 | lr 4.942262e-04
Epoch 049 | train 2.216670 | val 2.097888 | cmse 0.482110 | db 6.412890
Epoch 050 | batch 0010/0657 | loss 2.239286 | cmse 0.526233 | db 6.800830 | lr 4.942106e-04
Epoch 050 | batch 0020/0657 | loss 2.106662 | cmse 0.479264 | db 6.460824 | lr 4.942013e-04
Epoch 050 | batch 0030/0657 | loss 2.149568 | cmse 0.490936 | db 6.584639 | lr 4.941921e-04
Epoch 050 | batch 0040/0657 | loss 2.186007 | cmse 0.519872 | db 6.614373 | lr 4.941828e-04
Epoch 050 | batch 0050/0657 | loss 2.215419 | cmse 0.527463 | db 6.701165 | lr 4.941736e-04
Epoch 050 | batch 0060/0657 | loss 2.193317 | cmse 0.524389 | db 6.625515 | lr 4.941643e-04
Epoch 050 | batch 0070/0657 | loss 2.204720 | cmse 0.516028 | db 6.704820 | lr 4.941551e-04
Epoch 050 | batch 0080/0657 | loss 2.210556 | cmse 0.519716 | db 6.713926 | lr 4.941458e-04
Epoch 050 | batch 0090/0657 | loss 2.208590 | cmse 0.516731 | db 6.717745 | lr 4.941365e-04
Epoch 050 | batch 0100/0657 | loss 2.207883 | cmse 0.518618 | db 6.707116 | lr 4.941272e-04
Epoch 050 | batch 0110/0657 | loss 2.201029 | cmse 0.512918 | db 6.702602 | lr 4.941179e-04
Epoch 050 | batch 0120/0657 | loss 2.196574 | cmse 0.516548 | db 6.670247 | lr 4.941086e-04
Epoch 050 | batch 0130/0657 | loss 2.214586 | cmse 0.515816 | db 6.744752 | lr 4.940993e-04
Epoch 050 | batch 0140/0657 | loss 2.242853 | cmse 0.522521 | db 6.830478 | lr 4.940900e-04
Epoch 050 | batch 0150/0657 | loss 2.257644 | cmse 0.527423 | db 6.869557 | lr 4.940806e-04
Epoch 050 | batch 0160/0657 | loss 2.260208 | cmse 0.526737 | db 6.882819 | lr 4.940713e-04
Epoch 050 | batch 0170/0657 | loss 2.266149 | cmse 0.529431 | db 6.895773 | lr 4.940619e-04
Epoch 050 | batch 0180/0657 | loss 2.274440 | cmse 0.533462 | db 6.912508 | lr 4.940526e-04
Epoch 050 | batch 0190/0657 | loss 2.276273 | cmse 0.531931 | db 6.925979 | lr 4.940432e-04
Epoch 050 | batch 0200/0657 | loss 2.274627 | cmse 0.531180 | db 6.922396 | lr 4.940339e-04
Epoch 050 | batch 0210/0657 | loss 2.263009 | cmse 0.527711 | db 6.889857 | lr 4.940245e-04
Epoch 050 | batch 0220/0657 | loss 2.262406 | cmse 0.530012 | db 6.878176 | lr 4.940151e-04
Epoch 050 | batch 0230/0657 | loss 2.263481 | cmse 0.527898 | db 6.891076 | lr 4.940057e-04
Epoch 050 | batch 0240/0657 | loss 2.269994 | cmse 0.531451 | db 6.902705 | lr 4.939963e-04
Epoch 050 | batch 0250/0657 | loss 2.272339 | cmse 0.531793 | db 6.910671 | lr 4.939869e-04
Epoch 050 | batch 0260/0657 | loss 2.271549 | cmse 0.530331 | db 6.913439 | lr 4.939775e-04
Epoch 050 | batch 0270/0657 | loss 2.272461 | cmse 0.532235 | db 6.909402 | lr 4.939681e-04
Epoch 050 | batch 0280/0657 | loss 2.262696 | cmse 0.528938 | db 6.883645 | lr 4.939587e-04
Epoch 050 | batch 0290/0657 | loss 2.257694 | cmse 0.526409 | db 6.873787 | lr 4.939493e-04
Epoch 050 | batch 0300/0657 | loss 2.257564 | cmse 0.529466 | db 6.860976 | lr 4.939398e-04
Epoch 050 | batch 0310/0657 | loss 2.253436 | cmse 0.528625 | db 6.847985 | lr 4.939304e-04
Epoch 050 | batch 0320/0657 | loss 2.255749 | cmse 0.528674 | db 6.856893 | lr 4.939209e-04
Epoch 050 | batch 0330/0657 | loss 2.256590 | cmse 0.527605 | db 6.864544 | lr 4.939115e-04
Epoch 050 | batch 0340/0657 | loss 2.249076 | cmse 0.525138 | db 6.844436 | lr 4.939020e-04
Epoch 050 | batch 0350/0657 | loss 2.248699 | cmse 0.525315 | db 6.842225 | lr 4.938925e-04
Epoch 050 | batch 0360/0657 | loss 2.237890 | cmse 0.522789 | db 6.809305 | lr 4.938830e-04
Epoch 050 | batch 0370/0657 | loss 2.239066 | cmse 0.524227 | db 6.808225 | lr 4.938736e-04
Epoch 050 | batch 0380/0657 | loss 2.241237 | cmse 0.526339 | db 6.808388 | lr 4.938641e-04
Epoch 050 | batch 0390/0657 | loss 2.237908 | cmse 0.526020 | db 6.796429 | lr 4.938546e-04
Epoch 050 | batch 0400/0657 | loss 2.234552 | cmse 0.525927 | db 6.783436 | lr 4.938451e-04
Epoch 050 | batch 0410/0657 | loss 2.236619 | cmse 0.525809 | db 6.792190 | lr 4.938355e-04
Epoch 050 | batch 0420/0657 | loss 2.237150 | cmse 0.526148 | db 6.792936 | lr 4.938260e-04
Epoch 050 | batch 0430/0657 | loss 2.235436 | cmse 0.526107 | db 6.786296 | lr 4.938165e-04
Epoch 050 | batch 0440/0657 | loss 2.235772 | cmse 0.526063 | db 6.787860 | lr 4.938069e-04
Epoch 050 | batch 0450/0657 | loss 2.234525 | cmse 0.525826 | db 6.783798 | lr 4.937974e-04
Epoch 050 | batch 0460/0657 | loss 2.234481 | cmse 0.525797 | db 6.783714 | lr 4.937878e-04
Epoch 050 | batch 0470/0657 | loss 2.232817 | cmse 0.525619 | db 6.777808 | lr 4.937783e-04
Epoch 050 | batch 0480/0657 | loss 2.233509 | cmse 0.525237 | db 6.782033 | lr 4.937687e-04
Epoch 050 | batch 0490/0657 | loss 2.232608 | cmse 0.524156 | db 6.782762 | lr 4.937591e-04
Epoch 050 | batch 0500/0657 | loss 2.231366 | cmse 0.523795 | db 6.779190 | lr 4.937496e-04
Epoch 050 | batch 0510/0657 | loss 2.232881 | cmse 0.522286 | db 6.791315 | lr 4.937400e-04
Epoch 050 | batch 0520/0657 | loss 2.235548 | cmse 0.523172 | db 6.798371 | lr 4.937304e-04
Epoch 050 | batch 0530/0657 | loss 2.231125 | cmse 0.522047 | db 6.785270 | lr 4.937208e-04
Epoch 050 | batch 0540/0657 | loss 2.230533 | cmse 0.522181 | db 6.782346 | lr 4.937112e-04
Epoch 050 | batch 0550/0657 | loss 2.230055 | cmse 0.522400 | db 6.779513 | lr 4.937015e-04
Epoch 050 | batch 0560/0657 | loss 2.231586 | cmse 0.521933 | db 6.787449 | lr 4.936919e-04
Epoch 050 | batch 0570/0657 | loss 2.233161 | cmse 0.521331 | db 6.796160 | lr 4.936823e-04
Epoch 050 | batch 0580/0657 | loss 2.235617 | cmse 0.523509 | db 6.797202 | lr 4.936726e-04
Epoch 050 | batch 0590/0657 | loss 2.231562 | cmse 0.521865 | db 6.787631 | lr 4.936630e-04
Epoch 050 | batch 0600/0657 | loss 2.233154 | cmse 0.523092 | db 6.789079 | lr 4.936533e-04
Epoch 050 | batch 0610/0657 | loss 2.234181 | cmse 0.523478 | db 6.791612 | lr 4.936437e-04
Epoch 050 | batch 0620/0657 | loss 2.234679 | cmse 0.523968 | db 6.791594 | lr 4.936340e-04
Epoch 050 | batch 0630/0657 | loss 2.235719 | cmse 0.524075 | db 6.795284 | lr 4.936243e-04
Epoch 050 | batch 0640/0657 | loss 2.236144 | cmse 0.524596 | db 6.794901 | lr 4.936146e-04
Epoch 050 | batch 0650/0657 | loss 2.231425 | cmse 0.523279 | db 6.781316 | lr 4.936049e-04
Epoch 050 | train 2.232421 | val 2.220041 | cmse 0.581329 | db 6.501948
Epoch 051 | batch 0010/0657 | loss 1.978849 | cmse 0.501136 | db 5.865538 | lr 4.935885e-04
Epoch 051 | batch 0020/0657 | loss 1.985238 | cmse 0.497508 | db 5.906327 | lr 4.935787e-04
Epoch 051 | batch 0030/0657 | loss 2.082013 | cmse 0.503781 | db 6.265690 | lr 4.935690e-04
Epoch 051 | batch 0040/0657 | loss 2.106323 | cmse 0.510902 | db 6.333541 | lr 4.935593e-04
Epoch 051 | batch 0050/0657 | loss 2.135335 | cmse 0.508614 | db 6.457767 | lr 4.935496e-04
Epoch 051 | batch 0060/0657 | loss 2.157100 | cmse 0.514372 | db 6.521358 | lr 4.935398e-04
Epoch 051 | batch 0070/0657 | loss 2.152249 | cmse 0.508398 | db 6.525648 | lr 4.935301e-04
Epoch 051 | batch 0080/0657 | loss 2.170361 | cmse 0.514500 | db 6.572624 | lr 4.935203e-04
Epoch 051 | batch 0090/0657 | loss 2.217687 | cmse 0.552783 | db 6.608286 | lr 4.935106e-04
Epoch 051 | batch 0100/0657 | loss 2.251726 | cmse 0.549901 | db 6.756357 | lr 4.935008e-04
Epoch 051 | batch 0110/0657 | loss 2.265594 | cmse 0.553843 | db 6.796321 | lr 4.934910e-04
Epoch 051 | batch 0120/0657 | loss 2.268351 | cmse 0.551541 | db 6.816204 | lr 4.934812e-04
Epoch 051 | batch 0130/0657 | loss 2.280002 | cmse 0.546416 | db 6.881904 | lr 4.934714e-04
Epoch 051 | batch 0140/0657 | loss 2.323216 | cmse 0.546067 | db 7.053260 | lr 4.934616e-04
Epoch 051 | batch 0150/0657 | loss 2.347780 | cmse 0.543559 | db 7.159948 | lr 4.934518e-04
Epoch 051 | batch 0160/0657 | loss 2.369981 | cmse 0.549710 | db 7.223421 | lr 4.934420e-04
Epoch 051 | batch 0170/0657 | loss 2.377015 | cmse 0.551956 | db 7.242206 | lr 4.934322e-04
Epoch 051 | batch 0180/0657 | loss 2.375323 | cmse 0.555151 | db 7.222649 | lr 4.934224e-04
Epoch 051 | batch 0190/0657 | loss 2.373775 | cmse 0.553546 | db 7.222828 | lr 4.934125e-04
Epoch 051 | batch 0200/0657 | loss 2.369096 | cmse 0.552848 | db 7.207056 | lr 4.934027e-04
Epoch 051 | batch 0210/0657 | loss 2.368384 | cmse 0.555200 | db 7.195135 | lr 4.933929e-04
Epoch 051 | batch 0220/0657 | loss 2.367840 | cmse 0.550719 | db 7.211267 | lr 4.933830e-04
Epoch 051 | batch 0230/0657 | loss 2.365769 | cmse 0.550189 | db 7.205476 | lr 4.933731e-04
Epoch 051 | batch 0240/0657 | loss 2.365819 | cmse 0.552670 | db 7.195951 | lr 4.933633e-04
Epoch 051 | batch 0250/0657 | loss 2.363060 | cmse 0.552817 | db 7.184474 | lr 4.933534e-04
Epoch 051 | batch 0260/0657 | loss 2.357257 | cmse 0.552249 | db 7.163608 | lr 4.933435e-04
Epoch 051 | batch 0270/0657 | loss 2.350039 | cmse 0.550061 | db 7.143585 | lr 4.933336e-04
Epoch 051 | batch 0280/0657 | loss 2.349977 | cmse 0.551616 | db 7.137040 | lr 4.933237e-04
Epoch 051 | batch 0290/0657 | loss 2.328003 | cmse 0.543819 | db 7.080858 | lr 4.933138e-04
Epoch 051 | batch 0300/0657 | loss 2.319440 | cmse 0.544875 | db 7.042626 | lr 4.933039e-04
Epoch 051 | batch 0310/0657 | loss 2.307928 | cmse 0.541074 | db 7.012079 | lr 4.932940e-04
Epoch 051 | batch 0320/0657 | loss 2.302545 | cmse 0.538896 | db 6.999345 | lr 4.932840e-04
Epoch 051 | batch 0330/0657 | loss 2.301978 | cmse 0.539387 | db 6.995104 | lr 4.932741e-04
Epoch 051 | batch 0340/0657 | loss 2.297020 | cmse 0.539266 | db 6.975936 | lr 4.932642e-04
Epoch 051 | batch 0350/0657 | loss 2.298151 | cmse 0.540011 | db 6.977569 | lr 4.932542e-04
Epoch 051 | batch 0360/0657 | loss 2.296991 | cmse 0.540475 | db 6.971144 | lr 4.932443e-04
Epoch 051 | batch 0370/0657 | loss 2.294640 | cmse 0.539001 | db 6.967655 | lr 4.932343e-04
Epoch 051 | batch 0380/0657 | loss 2.292913 | cmse 0.539484 | db 6.958849 | lr 4.932243e-04
Epoch 051 | batch 0390/0657 | loss 2.290203 | cmse 0.538945 | db 6.950219 | lr 4.932143e-04
Epoch 051 | batch 0400/0657 | loss 2.287897 | cmse 0.537619 | db 6.946395 | lr 4.932044e-04
Epoch 051 | batch 0410/0657 | loss 2.287955 | cmse 0.539359 | db 6.939752 | lr 4.931944e-04
Epoch 051 | batch 0420/0657 | loss 2.284431 | cmse 0.539377 | db 6.925756 | lr 4.931844e-04
Epoch 051 | batch 0430/0657 | loss 2.286003 | cmse 0.539261 | db 6.932541 | lr 4.931744e-04
Epoch 051 | batch 0440/0657 | loss 2.284130 | cmse 0.538954 | db 6.926264 | lr 4.931643e-04
Epoch 051 | batch 0450/0657 | loss 2.282537 | cmse 0.537998 | db 6.923666 | lr 4.931543e-04
Epoch 051 | batch 0460/0657 | loss 2.283146 | cmse 0.538613 | db 6.923668 | lr 4.931443e-04
Epoch 051 | batch 0470/0657 | loss 2.283409 | cmse 0.539118 | db 6.922714 | lr 4.931343e-04
Epoch 051 | batch 0480/0657 | loss 2.278115 | cmse 0.538159 | db 6.905613 | lr 4.931242e-04
Epoch 051 | batch 0490/0657 | loss 2.275515 | cmse 0.537312 | db 6.898742 | lr 4.931142e-04
Epoch 051 | batch 0500/0657 | loss 2.275840 | cmse 0.538556 | db 6.895054 | lr 4.931041e-04
Epoch 051 | batch 0510/0657 | loss 2.279906 | cmse 0.542414 | db 6.895842 | lr 4.930940e-04
Epoch 051 | batch 0520/0657 | loss 2.280529 | cmse 0.541816 | db 6.900832 | lr 4.930840e-04
Epoch 051 | batch 0530/0657 | loss 2.281222 | cmse 0.542431 | db 6.901147 | lr 4.930739e-04
Epoch 051 | batch 0540/0657 | loss 2.280080 | cmse 0.542193 | db 6.897549 | lr 4.930638e-04
Epoch 051 | batch 0550/0657 | loss 2.278943 | cmse 0.541402 | db 6.896185 | lr 4.930537e-04
Epoch 051 | batch 0560/0657 | loss 2.277936 | cmse 0.541999 | db 6.889757 | lr 4.930436e-04
Epoch 051 | batch 0570/0657 | loss 2.276490 | cmse 0.540971 | db 6.888115 | lr 4.930335e-04
Epoch 051 | batch 0580/0657 | loss 2.274002 | cmse 0.540057 | db 6.881787 | lr 4.930234e-04
Epoch 051 | batch 0590/0657 | loss 2.271477 | cmse 0.539286 | db 6.874807 | lr 4.930132e-04
Epoch 051 | batch 0600/0657 | loss 2.269366 | cmse 0.537810 | db 6.872336 | lr 4.930031e-04
Epoch 051 | batch 0610/0657 | loss 2.269572 | cmse 0.538366 | db 6.870984 | lr 4.929930e-04
Epoch 051 | batch 0620/0657 | loss 2.269004 | cmse 0.537832 | db 6.870820 | lr 4.929828e-04
Epoch 051 | batch 0630/0657 | loss 2.269519 | cmse 0.537881 | db 6.872669 | lr 4.929727e-04
Epoch 051 | batch 0640/0657 | loss 2.264828 | cmse 0.537172 | db 6.856814 | lr 4.929625e-04
Epoch 051 | batch 0650/0657 | loss 2.264092 | cmse 0.536281 | db 6.857469 | lr 4.929524e-04
Epoch 051 | train 2.264010 | val 2.235934 | cmse 0.499763 | db 6.887385
Epoch 052 | batch 0010/0657 | loss 2.272789 | cmse 0.536303 | db 6.891662 | lr 4.929351e-04
Epoch 052 | batch 0020/0657 | loss 2.370414 | cmse 0.556858 | db 7.199390 | lr 4.929249e-04
Epoch 052 | batch 0030/0657 | loss 2.226833 | cmse 0.529967 | db 6.734912 | lr 4.929147e-04
Epoch 052 | batch 0040/0657 | loss 2.214379 | cmse 0.528120 | db 6.692955 | lr 4.929045e-04
Epoch 052 | batch 0050/0657 | loss 2.207491 | cmse 0.521764 | db 6.691231 | lr 4.928943e-04
Epoch 052 | batch 0060/0657 | loss 2.200862 | cmse 0.512718 | db 6.700987 | lr 4.928841e-04
Epoch 052 | batch 0070/0657 | loss 2.156414 | cmse 0.500403 | db 6.573418 | lr 4.928738e-04
Epoch 052 | batch 0080/0657 | loss 2.215090 | cmse 0.510672 | db 6.766163 | lr 4.928636e-04
Epoch 052 | batch 0090/0657 | loss 2.275201 | cmse 0.520341 | db 6.966689 | lr 4.928534e-04
Epoch 052 | batch 0100/0657 | loss 2.348594 | cmse 0.556502 | db 7.114154 | lr 4.928431e-04
Epoch 052 | batch 0110/0657 | loss 2.372596 | cmse 0.565022 | db 7.175026 | lr 4.928329e-04
Epoch 052 | batch 0120/0657 | loss 2.387683 | cmse 0.571201 | db 7.209559 | lr 4.928226e-04
Epoch 052 | batch 0130/0657 | loss 2.359013 | cmse 0.559197 | db 7.143752 | lr 4.928123e-04
Epoch 052 | batch 0140/0657 | loss 2.366187 | cmse 0.558854 | db 7.173824 | lr 4.928021e-04
Epoch 052 | batch 0150/0657 | loss 2.372694 | cmse 0.557590 | db 7.204777 | lr 4.927918e-04
Epoch 052 | batch 0160/0657 | loss 2.379105 | cmse 0.562434 | db 7.211053 | lr 4.927815e-04
Epoch 052 | batch 0170/0657 | loss 2.376181 | cmse 0.558216 | db 7.216435 | lr 4.927712e-04
Epoch 052 | batch 0180/0657 | loss 2.359972 | cmse 0.555232 | db 7.163996 | lr 4.927609e-04
Epoch 052 | batch 0190/0657 | loss 2.350304 | cmse 0.548381 | db 7.153119 | lr 4.927506e-04
Epoch 052 | batch 0200/0657 | loss 2.351050 | cmse 0.548498 | db 7.155690 | lr 4.927403e-04
Epoch 052 | batch 0210/0657 | loss 2.354915 | cmse 0.549637 | db 7.166691 | lr 4.927300e-04
Epoch 052 | batch 0220/0657 | loss 2.358032 | cmse 0.551250 | db 7.172691 | lr 4.927196e-04
Epoch 052 | batch 0230/0657 | loss 2.342731 | cmse 0.546671 | db 7.129989 | lr 4.927093e-04
Epoch 052 | batch 0240/0657 | loss 2.340698 | cmse 0.545879 | db 7.125002 | lr 4.926989e-04
Epoch 052 | batch 0250/0657 | loss 2.323760 | cmse 0.540978 | db 7.077117 | lr 4.926886e-04
Epoch 052 | batch 0260/0657 | loss 2.319315 | cmse 0.539650 | db 7.064708 | lr 4.926782e-04
Epoch 052 | batch 0270/0657 | loss 2.319152 | cmse 0.540985 | db 7.058781 | lr 4.926679e-04
Epoch 052 | batch 0280/0657 | loss 2.317176 | cmse 0.540313 | db 7.053549 | lr 4.926575e-04
Epoch 052 | batch 0290/0657 | loss 2.316039 | cmse 0.540378 | db 7.048722 | lr 4.926471e-04
Epoch 052 | batch 0300/0657 | loss 2.314147 | cmse 0.537335 | db 7.053465 | lr 4.926367e-04
Epoch 052 | batch 0310/0657 | loss 2.314448 | cmse 0.539225 | db 7.047126 | lr 4.926263e-04
Epoch 052 | batch 0320/0657 | loss 2.316251 | cmse 0.539996 | db 7.051223 | lr 4.926159e-04
Epoch 052 | batch 0330/0657 | loss 2.314153 | cmse 0.539129 | db 7.046357 | lr 4.926055e-04
Epoch 052 | batch 0340/0657 | loss 2.304513 | cmse 0.535961 | db 7.020597 | lr 4.925951e-04
Epoch 052 | batch 0350/0657 | loss 2.301833 | cmse 0.536071 | db 7.009465 | lr 4.925847e-04
Epoch 052 | batch 0360/0657 | loss 2.299399 | cmse 0.536292 | db 6.998780 | lr 4.925742e-04
Epoch 052 | batch 0370/0657 | loss 2.298027 | cmse 0.534190 | db 7.001746 | lr 4.925638e-04
Epoch 052 | batch 0380/0657 | loss 2.305678 | cmse 0.538478 | db 7.015127 | lr 4.925533e-04
Epoch 052 | batch 0390/0657 | loss 2.306815 | cmse 0.539634 | db 7.015155 | lr 4.925429e-04
Epoch 052 | batch 0400/0657 | loss 2.307829 | cmse 0.538427 | db 7.024135 | lr 4.925324e-04
Epoch 052 | batch 0410/0657 | loss 2.309526 | cmse 0.539158 | db 7.027981 | lr 4.925220e-04
Epoch 052 | batch 0420/0657 | loss 2.310110 | cmse 0.540014 | db 7.026896 | lr 4.925115e-04
Epoch 052 | batch 0430/0657 | loss 2.308206 | cmse 0.538963 | db 7.023452 | lr 4.925010e-04
Epoch 052 | batch 0440/0657 | loss 2.305940 | cmse 0.541725 | db 7.003282 | lr 4.924905e-04
Epoch 052 | batch 0450/0657 | loss 2.308525 | cmse 0.540571 | db 7.018225 | lr 4.924800e-04
Epoch 052 | batch 0460/0657 | loss 2.307674 | cmse 0.540134 | db 7.016548 | lr 4.924695e-04
Epoch 052 | batch 0470/0657 | loss 2.307335 | cmse 0.539418 | db 7.018015 | lr 4.924590e-04
Epoch 052 | batch 0480/0657 | loss 2.305451 | cmse 0.538228 | db 7.015179 | lr 4.924485e-04
Epoch 052 | batch 0490/0657 | loss 2.298675 | cmse 0.536777 | db 6.993963 | lr 4.924380e-04
Epoch 052 | batch 0500/0657 | loss 2.299078 | cmse 0.535203 | db 7.001916 | lr 4.924274e-04
Epoch 052 | batch 0510/0657 | loss 2.294367 | cmse 0.533270 | db 6.990955 | lr 4.924169e-04
Epoch 052 | batch 0520/0657 | loss 2.292103 | cmse 0.532767 | db 6.983930 | lr 4.924063e-04
Epoch 052 | batch 0530/0657 | loss 2.291914 | cmse 0.533753 | db 6.979205 | lr 4.923958e-04
Epoch 052 | batch 0540/0657 | loss 2.286611 | cmse 0.531408 | db 6.967460 | lr 4.923852e-04
Epoch 052 | batch 0550/0657 | loss 2.280547 | cmse 0.529553 | db 6.950722 | lr 4.923747e-04
Epoch 052 | batch 0560/0657 | loss 2.278313 | cmse 0.529391 | db 6.942433 | lr 4.923641e-04
Epoch 052 | batch 0570/0657 | loss 2.278098 | cmse 0.529637 | db 6.940529 | lr 4.923535e-04
Epoch 052 | batch 0580/0657 | loss 2.275275 | cmse 0.528807 | db 6.932607 | lr 4.923429e-04
Epoch 052 | batch 0590/0657 | loss 2.273982 | cmse 0.529402 | db 6.925071 | lr 4.923323e-04
Epoch 052 | batch 0600/0657 | loss 2.273246 | cmse 0.529452 | db 6.921908 | lr 4.923217e-04
Epoch 052 | batch 0610/0657 | loss 2.271533 | cmse 0.529019 | db 6.916817 | lr 4.923111e-04
Epoch 052 | batch 0620/0657 | loss 2.270533 | cmse 0.529449 | db 6.911082 | lr 4.923005e-04
Epoch 052 | batch 0630/0657 | loss 2.269509 | cmse 0.530179 | db 6.904101 | lr 4.922898e-04
Epoch 052 | batch 0640/0657 | loss 2.268589 | cmse 0.530459 | db 6.899311 | lr 4.922792e-04
Epoch 052 | batch 0650/0657 | loss 2.269531 | cmse 0.529438 | db 6.907181 | lr 4.922686e-04
Epoch 052 | train 2.269808 | val 2.117915 | cmse 0.522600 | db 6.329319
Epoch 053 | batch 0010/0657 | loss 2.268744 | cmse 0.571017 | db 6.737565 | lr 4.922505e-04
Epoch 053 | batch 0020/0657 | loss 2.281722 | cmse 0.563636 | db 6.820688 | lr 4.922398e-04
Epoch 053 | batch 0030/0657 | loss 2.260361 | cmse 0.546758 | db 6.802664 | lr 4.922291e-04
Epoch 053 | batch 0040/0657 | loss 2.236952 | cmse 0.537513 | db 6.745466 | lr 4.922185e-04
Epoch 053 | batch 0050/0657 | loss 2.253731 | cmse 0.541767 | db 6.794866 | lr 4.922078e-04
Epoch 053 | batch 0060/0657 | loss 2.275137 | cmse 0.554991 | db 6.827416 | lr 4.921971e-04
Epoch 053 | batch 0070/0657 | loss 2.290336 | cmse 0.548993 | db 6.912046 | lr 4.921864e-04
Epoch 053 | batch 0080/0657 | loss 2.284992 | cmse 0.549082 | db 6.890094 | lr 4.921757e-04
Epoch 053 | batch 0090/0657 | loss 2.269037 | cmse 0.542964 | db 6.851151 | lr 4.921650e-04
Epoch 053 | batch 0100/0657 | loss 2.249471 | cmse 0.534616 | db 6.806447 | lr 4.921543e-04
Epoch 053 | batch 0110/0657 | loss 2.257581 | cmse 0.542450 | db 6.807556 | lr 4.921435e-04
Epoch 053 | batch 0120/0657 | loss 2.249074 | cmse 0.532943 | db 6.811816 | lr 4.921328e-04
Epoch 053 | batch 0130/0657 | loss 2.258633 | cmse 0.538935 | db 6.826106 | lr 4.921221e-04
Epoch 053 | batch 0140/0657 | loss 2.252107 | cmse 0.536748 | db 6.808935 | lr 4.921113e-04
Epoch 053 | batch 0150/0657 | loss 2.252588 | cmse 0.537225 | db 6.808963 | lr 4.921006e-04
Epoch 053 | batch 0160/0657 | loss 2.247717 | cmse 0.533089 | db 6.806237 | lr 4.920898e-04
Epoch 053 | batch 0170/0657 | loss 2.241528 | cmse 0.533739 | db 6.778854 | lr 4.920790e-04
Epoch 053 | batch 0180/0657 | loss 2.233163 | cmse 0.529225 | db 6.763685 | lr 4.920683e-04
Epoch 053 | batch 0190/0657 | loss 2.222825 | cmse 0.526595 | db 6.733182 | lr 4.920575e-04
Epoch 053 | batch 0200/0657 | loss 2.224112 | cmse 0.526463 | db 6.738790 | lr 4.920467e-04
Epoch 053 | batch 0210/0657 | loss 2.226706 | cmse 0.526145 | db 6.750218 | lr 4.920359e-04
Epoch 053 | batch 0220/0657 | loss 2.228861 | cmse 0.523859 | db 6.767906 | lr 4.920251e-04
Epoch 053 | batch 0230/0657 | loss 2.222279 | cmse 0.521236 | db 6.752171 | lr 4.920143e-04
Epoch 053 | batch 0240/0657 | loss 2.226974 | cmse 0.521790 | db 6.768598 | lr 4.920034e-04
Epoch 053 | batch 0250/0657 | loss 2.229076 | cmse 0.522779 | db 6.773081 | lr 4.919926e-04
Epoch 053 | batch 0260/0657 | loss 2.228166 | cmse 0.521771 | db 6.773445 | lr 4.919818e-04
Epoch 053 | batch 0270/0657 | loss 2.232290 | cmse 0.524786 | db 6.777799 | lr 4.919709e-04
Epoch 053 | batch 0280/0657 | loss 2.233758 | cmse 0.524039 | db 6.786607 | lr 4.919601e-04
Epoch 053 | batch 0290/0657 | loss 2.235306 | cmse 0.524296 | db 6.791671 | lr 4.919492e-04
Epoch 053 | batch 0300/0657 | loss 2.228710 | cmse 0.520272 | db 6.781697 | lr 4.919384e-04
Epoch 053 | batch 0310/0657 | loss 2.229441 | cmse 0.522620 | db 6.775121 | lr 4.919275e-04
Epoch 053 | batch 0320/0657 | loss 2.226004 | cmse 0.520381 | db 6.770326 | lr 4.919166e-04
Epoch 053 | batch 0330/0657 | loss 2.226405 | cmse 0.520460 | db 6.771604 | lr 4.919058e-04
Epoch 053 | batch 0340/0657 | loss 2.228257 | cmse 0.518074 | db 6.788638 | lr 4.918949e-04
Epoch 053 | batch 0350/0657 | loss 2.236362 | cmse 0.516261 | db 6.828392 | lr 4.918840e-04
Epoch 053 | batch 0360/0657 | loss 2.241437 | cmse 0.517376 | db 6.844147 | lr 4.918731e-04
Epoch 053 | batch 0370/0657 | loss 2.249292 | cmse 0.518821 | db 6.869718 | lr 4.918621e-04
Epoch 053 | batch 0380/0657 | loss 2.246521 | cmse 0.518281 | db 6.860836 | lr 4.918512e-04
Epoch 053 | batch 0390/0657 | loss 2.246505 | cmse 0.516811 | db 6.866700 | lr 4.918403e-04
Epoch 053 | batch 0400/0657 | loss 2.249066 | cmse 0.518349 | db 6.870657 | lr 4.918294e-04
Epoch 053 | batch 0410/0657 | loss 2.247966 | cmse 0.517703 | db 6.868740 | lr 4.918184e-04
Epoch 053 | batch 0420/0657 | loss 2.247057 | cmse 0.517460 | db 6.865991 | lr 4.918075e-04
Epoch 053 | batch 0430/0657 | loss 2.242595 | cmse 0.516750 | db 6.851065 | lr 4.917965e-04
Epoch 053 | batch 0440/0657 | loss 2.245776 | cmse 0.519452 | db 6.852955 | lr 4.917856e-04
Epoch 053 | batch 0450/0657 | loss 2.245121 | cmse 0.519048 | db 6.851989 | lr 4.917746e-04
Epoch 053 | batch 0460/0657 | loss 2.241623 | cmse 0.518371 | db 6.840722 | lr 4.917636e-04
Epoch 053 | batch 0470/0657 | loss 2.235260 | cmse 0.516784 | db 6.821637 | lr 4.917526e-04
Epoch 053 | batch 0480/0657 | loss 2.233501 | cmse 0.516225 | db 6.816866 | lr 4.917416e-04
Epoch 053 | batch 0490/0657 | loss 2.228915 | cmse 0.514961 | db 6.803619 | lr 4.917306e-04
Epoch 053 | batch 0500/0657 | loss 2.229388 | cmse 0.514614 | db 6.806840 | lr 4.917196e-04
Epoch 053 | batch 0510/0657 | loss 2.231247 | cmse 0.515579 | db 6.810386 | lr 4.917086e-04
Epoch 053 | batch 0520/0657 | loss 2.230515 | cmse 0.515051 | db 6.809541 | lr 4.916976e-04
Epoch 053 | batch 0530/0657 | loss 2.231926 | cmse 0.515994 | db 6.811337 | lr 4.916866e-04
Epoch 053 | batch 0540/0657 | loss 2.231195 | cmse 0.515302 | db 6.811106 | lr 4.916755e-04
Epoch 053 | batch 0550/0657 | loss 2.230543 | cmse 0.515822 | db 6.806422 | lr 4.916645e-04
Epoch 053 | batch 0560/0657 | loss 2.229606 | cmse 0.514934 | db 6.806230 | lr 4.916534e-04
Epoch 053 | batch 0570/0657 | loss 2.228572 | cmse 0.515895 | db 6.798273 | lr 4.916424e-04
Epoch 053 | batch 0580/0657 | loss 2.227402 | cmse 0.514838 | db 6.797839 | lr 4.916313e-04
Epoch 053 | batch 0590/0657 | loss 2.227870 | cmse 0.515372 | db 6.797597 | lr 4.916202e-04
Epoch 053 | batch 0600/0657 | loss 2.229900 | cmse 0.514915 | db 6.807503 | lr 4.916092e-04
Epoch 053 | batch 0610/0657 | loss 2.228449 | cmse 0.514642 | db 6.802777 | lr 4.915981e-04
Epoch 053 | batch 0620/0657 | loss 2.228816 | cmse 0.515059 | db 6.802519 | lr 4.915870e-04
Epoch 053 | batch 0630/0657 | loss 2.228838 | cmse 0.515157 | db 6.802119 | lr 4.915759e-04
Epoch 053 | batch 0640/0657 | loss 2.229657 | cmse 0.515256 | db 6.804972 | lr 4.915648e-04
Epoch 053 | batch 0650/0657 | loss 2.229686 | cmse 0.514164 | db 6.809611 | lr 4.915537e-04
Epoch 053 | train 2.231344 | val 2.177567 | cmse 0.516831 | db 6.592308
Epoch 054 | batch 0010/0657 | loss 2.354166 | cmse 0.558292 | db 7.130220 | lr 4.915348e-04
Epoch 054 | batch 0020/0657 | loss 2.325280 | cmse 0.553074 | db 7.035853 | lr 4.915236e-04
Epoch 054 | batch 0030/0657 | loss 2.275929 | cmse 0.524192 | db 6.954143 | lr 4.915125e-04
Epoch 054 | batch 0040/0657 | loss 2.250209 | cmse 0.530166 | db 6.827897 | lr 4.915013e-04
Epoch 054 | batch 0050/0657 | loss 2.228906 | cmse 0.516929 | db 6.795943 | lr 4.914902e-04
Epoch 054 | batch 0060/0657 | loss 2.215781 | cmse 0.517058 | db 6.743191 | lr 4.914790e-04
Epoch 054 | batch 0070/0657 | loss 2.211986 | cmse 0.512156 | db 6.747187 | lr 4.914679e-04
Epoch 054 | batch 0080/0657 | loss 2.203862 | cmse 0.511992 | db 6.714944 | lr 4.914567e-04
Epoch 054 | batch 0090/0657 | loss 2.197054 | cmse 0.511549 | db 6.689555 | lr 4.914455e-04
Epoch 054 | batch 0100/0657 | loss 2.204958 | cmse 0.509814 | db 6.728204 | lr 4.914343e-04
Epoch 054 | batch 0110/0657 | loss 2.195339 | cmse 0.505782 | db 6.706300 | lr 4.914231e-04
Epoch 054 | batch 0120/0657 | loss 2.208195 | cmse 0.518186 | db 6.708265 | lr 4.914119e-04
Epoch 054 | batch 0130/0657 | loss 2.198418 | cmse 0.512023 | db 6.694217 | lr 4.914007e-04
Epoch 054 | batch 0140/0657 | loss 2.183428 | cmse 0.508555 | db 6.648518 | lr 4.913895e-04
Epoch 054 | batch 0150/0657 | loss 2.188034 | cmse 0.508098 | db 6.668611 | lr 4.913782e-04
Epoch 054 | batch 0160/0657 | loss 2.178904 | cmse 0.502583 | db 6.654352 | lr 4.913670e-04
Epoch 054 | batch 0170/0657 | loss 2.184754 | cmse 0.506667 | db 6.661008 | lr 4.913558e-04
Epoch 054 | batch 0180/0657 | loss 2.186538 | cmse 0.504908 | db 6.675078 | lr 4.913445e-04
Epoch 054 | batch 0190/0657 | loss 2.192824 | cmse 0.507049 | db 6.691461 | lr 4.913333e-04
Epoch 054 | batch 0200/0657 | loss 2.191954 | cmse 0.504228 | db 6.699103 | lr 4.913220e-04
Epoch 054 | batch 0210/0657 | loss 2.187481 | cmse 0.503139 | db 6.685436 | lr 4.913107e-04
Epoch 054 | batch 0220/0657 | loss 2.195645 | cmse 0.505754 | db 6.707548 | lr 4.912995e-04
Epoch 054 | batch 0230/0657 | loss 2.184094 | cmse 0.500179 | db 6.684090 | lr 4.912882e-04
Epoch 054 | batch 0240/0657 | loss 2.190772 | cmse 0.504280 | db 6.694307 | lr 4.912769e-04
Epoch 054 | batch 0250/0657 | loss 2.198416 | cmse 0.508014 | db 6.709813 | lr 4.912656e-04
Epoch 054 | batch 0260/0657 | loss 2.187312 | cmse 0.504984 | db 6.677740 | lr 4.912543e-04
Epoch 054 | batch 0270/0657 | loss 2.190266 | cmse 0.507055 | db 6.681290 | lr 4.912430e-04
Epoch 054 | batch 0280/0657 | loss 2.193351 | cmse 0.508036 | db 6.689719 | lr 4.912316e-04
Epoch 054 | batch 0290/0657 | loss 2.195763 | cmse 0.508869 | db 6.695997 | lr 4.912203e-04
Epoch 054 | batch 0300/0657 | loss 2.194188 | cmse 0.506714 | db 6.698344 | lr 4.912090e-04
Epoch 054 | batch 0310/0657 | loss 2.194016 | cmse 0.507809 | db 6.693263 | lr 4.911976e-04
Epoch 054 | batch 0320/0657 | loss 2.192120 | cmse 0.508948 | db 6.681127 | lr 4.911863e-04
Epoch 054 | batch 0330/0657 | loss 2.194591 | cmse 0.508381 | db 6.693307 | lr 4.911749e-04
Epoch 054 | batch 0340/0657 | loss 2.196092 | cmse 0.510210 | db 6.691970 | lr 4.911636e-04
Epoch 054 | batch 0350/0657 | loss 2.195834 | cmse 0.510172 | db 6.691111 | lr 4.911522e-04
Epoch 054 | batch 0360/0657 | loss 2.195975 | cmse 0.508992 | db 6.696348 | lr 4.911408e-04
Epoch 054 | batch 0370/0657 | loss 2.200805 | cmse 0.510860 | db 6.707954 | lr 4.911294e-04
Epoch 054 | batch 0380/0657 | loss 2.198283 | cmse 0.509543 | db 6.703088 | lr 4.911181e-04
Epoch 054 | batch 0390/0657 | loss 2.195989 | cmse 0.507939 | db 6.700318 | lr 4.911067e-04
Epoch 054 | batch 0400/0657 | loss 2.205348 | cmse 0.513881 | db 6.713941 | lr 4.910952e-04
Epoch 054 | batch 0410/0657 | loss 2.205377 | cmse 0.514788 | db 6.710551 | lr 4.910838e-04
Epoch 054 | batch 0420/0657 | loss 2.203500 | cmse 0.514024 | db 6.706148 | lr 4.910724e-04
Epoch 054 | batch 0430/0657 | loss 2.205769 | cmse 0.514278 | db 6.714109 | lr 4.910610e-04
Epoch 054 | batch 0440/0657 | loss 2.204508 | cmse 0.512712 | db 6.715306 | lr 4.910495e-04
Epoch 054 | batch 0450/0657 | loss 2.203823 | cmse 0.512309 | db 6.714142 | lr 4.910381e-04
Epoch 054 | batch 0460/0657 | loss 2.202050 | cmse 0.511494 | db 6.710319 | lr 4.910267e-04
Epoch 054 | batch 0470/0657 | loss 2.200247 | cmse 0.511014 | db 6.705044 | lr 4.910152e-04
Epoch 054 | batch 0480/0657 | loss 2.198220 | cmse 0.509982 | db 6.701095 | lr 4.910037e-04
Epoch 054 | batch 0490/0657 | loss 2.191279 | cmse 0.508336 | db 6.680025 | lr 4.909923e-04
Epoch 054 | batch 0500/0657 | loss 2.190866 | cmse 0.508146 | db 6.679116 | lr 4.909808e-04
Epoch 054 | batch 0510/0657 | loss 2.190163 | cmse 0.508091 | db 6.676502 | lr 4.909693e-04
Epoch 054 | batch 0520/0657 | loss 2.193903 | cmse 0.507999 | db 6.691843 | lr 4.909578e-04
Epoch 054 | batch 0530/0657 | loss 2.194644 | cmse 0.507698 | db 6.696021 | lr 4.909463e-04
Epoch 054 | batch 0540/0657 | loss 2.197897 | cmse 0.508575 | db 6.705479 | lr 4.909348e-04
Epoch 054 | batch 0550/0657 | loss 2.194237 | cmse 0.506877 | db 6.697838 | lr 4.909233e-04
Epoch 054 | batch 0560/0657 | loss 2.195866 | cmse 0.506494 | db 6.705914 | lr 4.909118e-04
Epoch 054 | batch 0570/0657 | loss 2.197450 | cmse 0.507831 | db 6.706803 | lr 4.909002e-04
Epoch 054 | batch 0580/0657 | loss 2.199941 | cmse 0.508246 | db 6.715040 | lr 4.908887e-04
Epoch 054 | batch 0590/0657 | loss 2.199687 | cmse 0.507181 | db 6.718352 | lr 4.908772e-04
Epoch 054 | batch 0600/0657 | loss 2.198362 | cmse 0.506333 | db 6.716485 | lr 4.908656e-04
Epoch 054 | batch 0610/0657 | loss 2.198356 | cmse 0.506196 | db 6.717002 | lr 4.908541e-04
Epoch 054 | batch 0620/0657 | loss 2.199564 | cmse 0.506005 | db 6.722490 | lr 4.908425e-04
Epoch 054 | batch 0630/0657 | loss 2.199969 | cmse 0.506557 | db 6.721862 | lr 4.908309e-04
Epoch 054 | batch 0640/0657 | loss 2.202468 | cmse 0.509940 | db 6.718287 | lr 4.908194e-04
Epoch 054 | batch 0650/0657 | loss 2.204616 | cmse 0.510203 | db 6.725775 | lr 4.908078e-04
Epoch 054 | train 2.203824 | val 2.097083 | cmse 0.442081 | db 6.567806
Epoch 055 | batch 0010/0657 | loss 2.228358 | cmse 0.503170 | db 6.849141 | lr 4.907881e-04
Epoch 055 | batch 0020/0657 | loss 2.203370 | cmse 0.493343 | db 6.788457 | lr 4.907765e-04
Epoch 055 | batch 0030/0657 | loss 2.197273 | cmse 0.511471 | db 6.691321 | lr 4.907648e-04
Epoch 055 | batch 0040/0657 | loss 2.228185 | cmse 0.501187 | db 6.856881 | lr 4.907532e-04
Epoch 055 | batch 0050/0657 | loss 2.322173 | cmse 0.617167 | db 6.768242 | lr 4.907416e-04
Epoch 055 | batch 0060/0657 | loss 2.374454 | cmse 0.610856 | db 7.002370 | lr 4.907300e-04
Epoch 055 | batch 0070/0657 | loss 2.396313 | cmse 0.593037 | db 7.161817 | lr 4.907183e-04
Epoch 055 | batch 0080/0657 | loss 2.362817 | cmse 0.583710 | db 7.065250 | lr 4.907067e-04
Epoch 055 | batch 0090/0657 | loss 2.352893 | cmse 0.576181 | db 7.055230 | lr 4.906950e-04
Epoch 055 | batch 0100/0657 | loss 2.353398 | cmse 0.574423 | db 7.063927 | lr 4.906834e-04
Epoch 055 | batch 0110/0657 | loss 2.380880 | cmse 0.573228 | db 7.177683 | lr 4.906717e-04
Epoch 055 | batch 0120/0657 | loss 2.410633 | cmse 0.568056 | db 7.315852 | lr 4.906600e-04
Epoch 055 | batch 0130/0657 | loss 2.435287 | cmse 0.572974 | db 7.393257 | lr 4.906483e-04
Epoch 055 | batch 0140/0657 | loss 2.446453 | cmse 0.569199 | db 7.452000 | lr 4.906366e-04
Epoch 055 | batch 0150/0657 | loss 2.456921 | cmse 0.571904 | db 7.482020 | lr 4.906249e-04
Epoch 055 | batch 0160/0657 | loss 2.453230 | cmse 0.565196 | db 7.493390 | lr 4.906132e-04
Epoch 055 | batch 0170/0657 | loss 2.460915 | cmse 0.564535 | db 7.525890 | lr 4.906015e-04
Epoch 055 | batch 0180/0657 | loss 2.474179 | cmse 0.564583 | db 7.577985 | lr 4.905898e-04
Epoch 055 | batch 0190/0657 | loss 2.466155 | cmse 0.557985 | db 7.572070 | lr 4.905781e-04
Epoch 055 | batch 0200/0657 | loss 2.471788 | cmse 0.557979 | db 7.593894 | lr 4.905663e-04
Epoch 055 | batch 0210/0657 | loss 2.465055 | cmse 0.551744 | db 7.591665 | lr 4.905546e-04
Epoch 055 | batch 0220/0657 | loss 2.468159 | cmse 0.553615 | db 7.596215 | lr 4.905429e-04
Epoch 055 | batch 0230/0657 | loss 2.472998 | cmse 0.550666 | db 7.626941 | lr 4.905311e-04
Epoch 055 | batch 0240/0657 | loss 2.475769 | cmse 0.548676 | db 7.645659 | lr 4.905193e-04
Epoch 055 | batch 0250/0657 | loss 2.476450 | cmse 0.546068 | db 7.658413 | lr 4.905076e-04
Epoch 055 | batch 0260/0657 | loss 2.469961 | cmse 0.543020 | db 7.644680 | lr 4.904958e-04
Epoch 055 | batch 0270/0657 | loss 2.467226 | cmse 0.542198 | db 7.636798 | lr 4.904840e-04
Epoch 055 | batch 0280/0657 | loss 2.469630 | cmse 0.541921 | db 7.647345 | lr 4.904722e-04
Epoch 055 | batch 0290/0657 | loss 2.471847 | cmse 0.541517 | db 7.657550 | lr 4.904604e-04
Epoch 055 | batch 0300/0657 | loss 2.467082 | cmse 0.538589 | db 7.650197 | lr 4.904486e-04
Epoch 055 | batch 0310/0657 | loss 2.455781 | cmse 0.535409 | db 7.617874 | lr 4.904368e-04
Epoch 055 | batch 0320/0657 | loss 2.457481 | cmse 0.535712 | db 7.623169 | lr 4.904250e-04
Epoch 055 | batch 0330/0657 | loss 2.463827 | cmse 0.536104 | db 7.646658 | lr 4.904132e-04
Epoch 055 | batch 0340/0657 | loss 2.461690 | cmse 0.533955 | db 7.646581 | lr 4.904013e-04
Epoch 055 | batch 0350/0657 | loss 2.462114 | cmse 0.533034 | db 7.651745 | lr 4.903895e-04
Epoch 055 | batch 0360/0657 | loss 2.463425 | cmse 0.531106 | db 7.664537 | lr 4.903776e-04
Epoch 055 | batch 0370/0657 | loss 2.466866 | cmse 0.530285 | db 7.681470 | lr 4.903658e-04
Epoch 055 | batch 0380/0657 | loss 2.467705 | cmse 0.528889 | db 7.690446 | lr 4.903539e-04
Epoch 055 | batch 0390/0657 | loss 2.460574 | cmse 0.526730 | db 7.670648 | lr 4.903421e-04
Epoch 055 | batch 0400/0657 | loss 2.453818 | cmse 0.524099 | db 7.654221 | lr 4.903302e-04
Epoch 055 | batch 0410/0657 | loss 2.455154 | cmse 0.523512 | db 7.661803 | lr 4.903183e-04
Epoch 055 | batch 0420/0657 | loss 2.451803 | cmse 0.521790 | db 7.655300 | lr 4.903064e-04
Epoch 055 | batch 0430/0657 | loss 2.453957 | cmse 0.523349 | db 7.657545 | lr 4.902945e-04
Epoch 055 | batch 0440/0657 | loss 2.454401 | cmse 0.523121 | db 7.660097 | lr 4.902826e-04
Epoch 055 | batch 0450/0657 | loss 2.455747 | cmse 0.522478 | db 7.667982 | lr 4.902707e-04
Epoch 055 | batch 0460/0657 | loss 2.455393 | cmse 0.521388 | db 7.670845 | lr 4.902588e-04
Epoch 055 | batch 0470/0657 | loss 2.453672 | cmse 0.520787 | db 7.666288 | lr 4.902468e-04
Epoch 055 | batch 0480/0657 | loss 2.455767 | cmse 0.521237 | db 7.672741 | lr 4.902349e-04
Epoch 055 | batch 0490/0657 | loss 2.459618 | cmse 0.521677 | db 7.686237 | lr 4.902230e-04
Epoch 055 | batch 0500/0657 | loss 2.459135 | cmse 0.521347 | db 7.685541 | lr 4.902110e-04
Epoch 055 | batch 0510/0657 | loss 2.459487 | cmse 0.520554 | db 7.690016 | lr 4.901991e-04
Epoch 055 | batch 0520/0657 | loss 2.455721 | cmse 0.520408 | db 7.675550 | lr 4.901871e-04
Epoch 055 | batch 0530/0657 | loss 2.456440 | cmse 0.519616 | db 7.681509 | lr 4.901751e-04
Epoch 055 | batch 0540/0657 | loss 2.454330 | cmse 0.518125 | db 7.679022 | lr 4.901632e-04
Epoch 055 | batch 0550/0657 | loss 2.455958 | cmse 0.518081 | db 7.685617 | lr 4.901512e-04
Epoch 055 | batch 0560/0657 | loss 2.456489 | cmse 0.517750 | db 7.688968 | lr 4.901392e-04
Epoch 055 | batch 0570/0657 | loss 2.458391 | cmse 0.517515 | db 7.697406 | lr 4.901272e-04
Epoch 055 | batch 0580/0657 | loss 2.457872 | cmse 0.517905 | db 7.693760 | lr 4.901152e-04
Epoch 055 | batch 0590/0657 | loss 2.461256 | cmse 0.518495 | db 7.704730 | lr 4.901032e-04
Epoch 055 | batch 0600/0657 | loss 2.461665 | cmse 0.518327 | db 7.706987 | lr 4.900912e-04
Epoch 055 | batch 0610/0657 | loss 2.460993 | cmse 0.518425 | db 7.703894 | lr 4.900791e-04
Epoch 055 | batch 0620/0657 | loss 2.460236 | cmse 0.517714 | db 7.703647 | lr 4.900671e-04
Epoch 055 | batch 0630/0657 | loss 2.459047 | cmse 0.517366 | db 7.700275 | lr 4.900551e-04
Epoch 055 | batch 0640/0657 | loss 2.459163 | cmse 0.516182 | db 7.705450 | lr 4.900430e-04
Epoch 055 | batch 0650/0657 | loss 2.458340 | cmse 0.515556 | db 7.704639 | lr 4.900310e-04
Epoch 055 | train 2.458431 | val 2.446355 | cmse 0.545220 | db 7.532492
Early stopping.
/home/ubuntu/ECTCV/antennarepo/Trainzip/Model/R5O.py:571: UserWarning: enable_nested_tensor is True, but self.use_nested_tensor is False because encoder_layer.norm_first was True
  self.refinement = nn.TransformerEncoder(
Loss curve saved to: weights/R5O_no_PINN/loss_curve.png
Prediction graphs saved to: weights/R5O_no_PINN/weight/graphical/test
Prediction Excel saved to: weights/R5O_no_PINN/weight/excel/test_predictions.xlsx
Training summary:
  best_epoch: 25
  best_val_total: 1.9934383362664116
  test_total: nan
  test_complex_mse: nan
  test_db_mae: nan
  test_notch: 0.08766874365011851
  test_passive: 0.02575927649227621
  test_smooth: 0.07350706980625789
  layout: mag_only
  seq_len: 61
  prediction_graphical_dir: weights/R5O_no_PINN/weight/graphical/test
  prediction_excel_path: weights/R5O_no_PINN/weight/excel/test_predictions.xlsx
  prediction_graph_count: 12
