Number of antennas,1000
number of divisions in x axis,10
number of divisions in y axis,10
Patch Antenna1
0,1,1,0,1,0,0,0,0,0
1,0,0,0,1,0,1,1,1,1
0,0,1,1,1,1,0,0,0,1
1,1,1,1,0,0,1,0,0,1
0,1,0,0,0,1,0,1,0,1
0,0,0,0,0,0,0,1,1,0
1,0,1,1,1,1,1,0,1,0
0,1,0,0,0,0,0,1,0,0
0,0,0,0,0,1,1,0,1,0
1,1,0,0,0,1,0,1,0,0
Patch Antenna2
0,1,0,0,1,0,1,1,0,1
1,1,1,1,0,0,1,1,0,0
1,1,0,0,1,1,0,1,1,1
1,1,1,1,0,1,0,1,0,0
1,0,0,1,1,0,1,0,0,1
1,0,1,1,0,0,0,0,1,0
0,1,1,0,0,1,1,0,1,0
0,1,0,1,0,1,1,0,0,0
0,1,0,1,1,0,0,0,1,1
0,1,1,1,1,0,0,0,1,0
Patch Antenna3
0,0,0,1,0,1,1,1,0,1
1,0,0,1,0,1,0,0,0,0
1,1,1,1,0,1,0,0,1,0
0,1,1,1,1,1,0,0,1,0
1,1,1,1,1,1,1,0,1,1
0,1,1,0,0,1,0,0,0,0
0,1,1,1,1,1,1,0,0,1
1,1,0,0,0,1,1,0,1,1
0,0,1,1,0,0,1,0,0,1
0,0,0,0,0,1,0,0,1,1
Patch Antenna4
0,0,1,0,0,1,1,1,1,1
0,0,0,0,0,1,0,1,1,1
1,1,0,0,0,0,0,1,0,1
0,1,0,1,0,1,1,0,0,1
1,1,0,0,0,1,1,1,0,1
1,1,1,0,1,1,1,1,1,0
0,1,0,1,1,1,1,0,1,1
1,0,1,0,0,0,0,1,0,1
0,0,0,0,0,0,1,0,0,1
0,1,0,1,0,0,0,1,1,1
Patch Antenna5
1,0,1,1,1,1,1,1,1,0
0,1,0,1,1,0,1,1,1,1
0,1,0,1,0,1,0,1,0,0
1,0,0,1,0,0,0,0,0,0
0,1,0,0,0,0,1,0,1,0
0,1,1,0,0,0,0,0,0,0
1,0,0,0,1,0,1,1,1,1
0,1,1,0,0,1,0,0,1,0
0,0,0,0,1,0,1,1,1,1
0,1,1,1,0,0,0,1,0,0
Patch Antenna6
0,1,0,0,1,0,0,0,0,1
0,0,0,0,1,1,1,0,0,0
1,0,0,1,1,0,0,1,1,0
1,0,1,0,1,1,1,1,1,0
0,1,1,1,1,1,1,1,0,1
0,1,1,0,1,1,0,1,0,0
1,1,0,1,0,1,1,0,0,0
1,0,1,0,0,1,1,0,1,1
0,0,1,0,0,0,0,1,0,1
1,1,0,1,0,0,0,0,0,1
Patch Antenna7
0,1,1,1,1,1,0,0,0,1
1,0,1,1,1,0,0,1,1,0
0,0,1,0,1,0,0,0,1,1
0,0,0,0,1,0,0,0,1,1
1,1,0,1,0,1,0,0,1,1
0,0,0,1,1,1,1,0,1,1
1,0,1,0,1,1,0,1,1,0
1,0,0,1,0,1,0,1,1,0
1,1,1,0,0,1,1,1,1,1
0,0,0,0,1,0,1,1,1,0
Patch Antenna8
1,0,1,0,0,1,1,0,0,0
0,0,1,0,1,0,0,0,0,1
0,0,0,0,1,0,1,1,0,0
1,1,0,1,1,1,0,0,0,1
1,0,1,0,0,1,0,0,0,0
1,0,1,1,0,0,0,0,1,1
0,0,1,1,1,0,1,1,1,1
1,0,1,0,1,1,1,1,1,0
0,1,0,0,1,1,0,0,0,0
1,0,0,1,1,1,0,0,0,0
Patch Antenna9
0,1,0,1,1,1,0,1,1,0
0,0,0,1,0,1,1,1,0,0
0,0,0,1,1,0,1,0,1,0
1,1,0,0,0,1,0,0,1,1
1,1,0,0,1,0,1,1,0,1
1,0,0,0,1,1,0,0,1,0
1,1,0,0,0,1,1,0,0,1
0,1,1,1,0,1,1,1,1,0
1,1,1,1,0,0,1,0,1,0
1,0,0,1,0,0,1,1,0,0
Patch Antenna10
0,0,0,0,1,1,0,0,0,0
1,1,0,1,1,1,0,0,0,1
0,1,1,1,1,1,1,1,0,0
1,1,0,0,1,0,1,1,1,1
1,0,0,0,1,1,0,0,1,1
0,1,0,0,0,1,1,1,0,1
1,1,1,0,0,0,1,1,1,1
0,1,1,0,0,0,0,0,0,0
0,1,0,0,1,0,1,0,1,1
0,0,1,0,1,1,0,1,0,1
Patch Antenna11
0,0,1,1,1,1,0,0,1,1
0,0,0,0,0,1,0,0,0,0
1,0,0,1,0,1,0,0,0,0
1,0,0,1,1,0,0,0,1,0
0,0,0,1,0,1,0,1,1,1
0,0,1,1,1,0,1,0,0,1
1,0,0,1,0,0,0,0,0,1
1,1,1,1,1,0,0,1,1,1
1,0,0,0,1,0,0,0,1,1
1,1,1,1,1,0,0,0,0,0
Patch Antenna12
0,1,0,0,1,0,0,1,1,0
1,1,0,0,0,0,0,0,1,0
1,1,0,0,1,0,1,1,0,1
0,1,0,1,0,0,1,1,1,1
1,1,0,1,0,1,1,0,0,1
0,0,0,1,1,1,1,1,0,1
0,0,0,1,1,1,1,1,0,1
1,0,0,0,1,1,1,1,0,0
1,0,0,1,0,1,0,1,1,0
1,0,0,0,0,0,1,1,1,0
Patch Antenna13
1,1,0,1,0,0,1,1,1,1
1,0,1,0,1,0,0,0,0,0
1,0,0,0,1,1,0,0,0,0
0,0,0,1,1,0,1,1,0,1
0,1,0,1,0,1,1,0,0,0
0,1,1,0,0,1,0,0,1,1
0,1,1,0,0,1,1,0,0,1
1,0,0,0,1,1,0,1,1,0
0,1,0,1,1,0,0,1,0,0
0,1,0,0,1,0,1,0,0,1
Patch Antenna14
1,1,1,0,0,0,0,0,1,1
1,1,1,0,0,0,0,0,1,0
1,0,1,1,0,0,0,0,0,1
0,1,0,1,1,1,0,1,1,1
1,0,1,1,1,0,1,1,0,1
0,0,1,0,0,0,0,0,1,0
1,1,1,1,0,1,0,1,0,0
1,0,0,0,1,1,0,0,0,1
1,0,1,0,0,0,1,1,0,1
1,0,1,1,1,1,1,1,1,1
Patch Antenna15
1,1,0,1,1,0,1,0,0,0
0,0,0,1,0,0,1,0,1,0
1,0,0,0,1,1,0,0,0,0
1,0,0,0,1,0,1,0,1,0
0,0,0,1,1,1,1,0,1,1
1,1,1,1,0,1,1,1,0,1
0,0,0,1,1,0,0,1,1,0
1,1,0,1,1,0,0,0,0,1
1,1,0,1,1,1,0,1,1,1
0,1,1,1,1,0,1,1,1,0
Patch Antenna16
1,1,0,0,1,1,1,0,0,1
0,0,0,1,0,1,1,1,0,0
1,0,1,0,1,1,1,0,0,0
0,0,0,1,1,0,0,0,0,0
0,1,0,1,0,1,1,0,0,0
0,1,0,0,0,1,0,1,0,1
1,1,0,1,1,1,0,1,0,0
1,1,1,0,1,1,1,0,0,1
1,1,0,0,1,0,1,0,0,0
0,0,0,1,0,1,0,1,0,0
Patch Antenna17
0,1,0,1,1,1,1,0,1,0
0,1,1,1,1,1,0,1,0,0
0,1,1,1,0,1,1,0,0,1
0,1,1,0,0,1,0,1,0,0
1,0,0,1,1,0,1,0,1,1
0,0,1,0,1,0,1,0,1,1
0,0,0,1,1,1,0,0,0,0
0,1,1,0,0,0,1,1,1,0
1,0,0,1,0,1,0,1,1,1
0,0,1,1,0,1,0,0,0,0
Patch Antenna18
1,1,1,1,1,0,1,1,0,1
0,1,0,0,0,0,0,0,1,0
0,1,0,1,1,1,0,1,1,1
1,0,1,1,1,0,0,1,0,1
1,0,1,0,1,1,1,1,1,0
1,1,1,1,0,0,1,1,1,1
0,0,0,0,0,1,0,0,0,1
1,1,0,0,0,0,0,1,1,0
1,0,1,1,0,1,0,1,1,1
0,1,1,1,1,0,0,1,1,1
Patch Antenna19
0,1,1,1,1,0,1,1,1,0
0,0,0,1,1,0,0,0,0,0
1,0,0,0,1,0,0,0,1,0
0,1,1,0,1,0,1,0,0,0
0,0,0,1,0,0,0,1,0,1
0,0,1,1,0,1,0,0,0,0
0,1,1,0,1,0,1,0,1,0
1,0,1,1,0,0,0,1,1,0
0,1,0,1,1,1,0,0,1,1
0,0,0,1,1,0,0,0,0,1
Patch Antenna20
0,1,1,0,1,0,0,0,0,0
0,1,0,0,1,0,0,1,1,0
0,1,0,1,0,0,1,0,0,1
0,1,0,1,0,0,0,1,0,0
0,1,0,0,0,0,0,0,1,0
1,1,1,1,1,0,0,1,1,0
0,1,1,1,0,1,1,1,1,1
1,0,0,0,0,1,1,0,0,0
0,0,1,1,1,1,0,0,1,1
0,1,1,1,1,0,1,0,0,0
Patch Antenna21
0,1,1,0,1,1,0,0,1,0
0,1,1,0,0,1,1,0,1,1
0,1,0,0,1,1,1,0,0,0
1,0,0,1,0,0,1,0,0,0
0,1,0,1,1,0,0,1,1,1
1,0,1,0,0,0,0,0,1,0
0,1,1,0,0,1,0,0,1,0
0,0,1,0,0,1,0,1,0,0
0,1,0,1,0,1,0,0,0,1
1,0,0,1,1,1,0,1,0,0
Patch Antenna22
0,0,0,1,0,1,1,0,1,0
0,1,1,1,0,1,1,0,1,1
0,1,0,1,1,0,1,0,1,1
0,0,1,0,0,1,1,1,1,1
1,1,1,1,0,1,1,1,0,0
0,1,0,0,0,0,1,1,0,1
0,0,0,1,1,1,1,1,0,1
0,1,1,0,1,1,1,0,1,0
0,0,0,0,0,1,1,1,0,0
0,1,1,0,1,1,0,1,0,1
Patch Antenna23
0,1,0,0,0,1,1,0,0,0
1,1,0,1,0,0,1,0,0,1
1,1,1,0,1,0,1,1,1,0
1,1,1,0,1,1,1,0,1,1
0,1,1,0,1,0,1,0,1,0
0,0,0,1,1,1,1,1,0,0
0,0,1,0,0,0,1,0,0,1
1,0,1,1,1,0,1,0,1,1
1,0,0,0,1,0,0,0,1,1
1,1,1,0,1,0,1,0,1,1
Patch Antenna24
0,0,0,1,0,1,0,1,0,1
1,1,0,0,1,0,0,1,1,1
0,0,1,0,0,0,1,0,1,0
1,1,1,1,0,0,1,0,0,1
1,0,1,0,0,1,0,1,0,0
1,1,0,1,1,1,0,0,0,1
0,1,1,0,1,1,1,0,0,1
1,0,0,1,1,1,0,0,1,0
1,1,0,1,0,0,1,1,0,1
1,0,0,1,1,1,0,0,0,1
Patch Antenna25
0,0,1,0,0,0,0,0,0,0
0,0,1,1,0,0,1,0,1,0
1,0,0,1,0,1,0,0,1,0
1,1,0,1,1,0,1,1,1,1
0,1,1,0,0,0,0,0,1,1
0,1,1,1,0,1,0,1,1,0
1,1,1,0,0,1,1,0,0,0
1,1,1,1,0,1,0,0,0,1
1,1,0,0,0,1,1,1,1,0
0,1,0,0,1,0,1,1,0,0
Patch Antenna26
0,0,1,1,0,1,0,0,0,1
1,0,0,1,1,1,0,1,0,0
1,1,0,0,0,1,0,1,1,1
0,0,1,0,0,0,0,0,1,1
1,0,0,0,0,0,0,1,0,1
0,0,1,0,1,1,1,1,0,0
1,1,0,0,1,1,0,1,0,1
0,1,0,0,1,1,1,0,0,1
1,1,0,1,0,0,0,1,0,0
0,0,0,0,0,0,1,0,0,1
Patch Antenna27
0,1,1,0,0,1,1,0,1,1
1,0,1,0,0,0,0,1,0,1
1,1,1,0,1,0,0,1,1,0
0,1,1,0,1,0,0,1,1,1
0,1,1,0,1,0,1,1,0,0
0,1,0,1,1,1,0,0,1,0
1,0,1,1,1,1,0,0,0,0
1,0,0,0,0,0,0,1,0,1
0,1,1,1,1,1,1,1,1,0
1,1,1,1,0,1,1,0,0,0
Patch Antenna28
1,0,0,1,1,1,0,1,1,0
0,0,0,1,1,1,1,0,1,1
0,0,1,1,0,0,0,1,0,1
1,1,1,1,1,1,0,0,1,0
1,0,0,1,1,0,0,0,0,1
0,1,1,1,1,1,0,1,0,1
1,1,0,0,1,1,1,1,0,1
1,0,1,0,1,1,1,0,1,0
0,0,1,0,1,1,0,1,0,0
0,0,1,1,1,0,0,1,1,0
Patch Antenna29
1,1,1,0,0,1,1,0,0,0
0,0,1,1,0,1,1,0,0,0
0,1,1,1,1,1,1,0,0,1
1,0,0,0,0,1,0,0,0,1
0,0,0,0,1,1,0,0,0,1
0,0,1,1,1,1,1,0,0,0
1,1,1,1,1,1,0,0,0,0
0,1,1,1,0,1,0,0,1,1
0,1,1,1,0,1,0,1,1,0
0,1,0,0,0,1,1,0,1,0
Patch Antenna30
1,0,0,1,1,1,0,0,0,0
0,1,1,1,0,0,0,1,1,0
0,0,1,0,0,0,1,0,0,0
1,1,1,1,1,1,1,0,0,1
0,0,1,1,0,1,0,1,0,0
1,0,0,0,0,0,0,0,0,0
0,0,0,0,0,1,1,0,0,0
0,0,0,1,0,1,1,0,1,0
0,1,1,1,1,1,0,1,1,1
1,0,0,0,1,1,0,0,1,1
Patch Antenna31
1,0,1,1,1,1,0,1,1,0
1,1,0,0,1,0,1,0,0,0
1,0,0,1,1,1,1,0,1,0
0,1,0,1,1,0,0,0,0,1
0,1,1,1,0,1,0,0,1,1
1,1,0,1,1,1,0,0,1,0
0,1,1,1,1,1,0,1,0,0
1,0,1,0,0,1,1,0,1,1
1,1,1,0,0,1,0,0,1,0
1,1,1,0,0,1,0,0,0,0
Patch Antenna32
1,0,0,1,1,1,0,1,0,0
0,1,0,0,1,0,0,0,1,1
0,0,0,1,1,0,1,1,0,0
0,0,0,0,0,1,0,0,0,0
0,0,0,0,0,1,1,0,1,0
1,0,1,0,0,0,1,1,0,0
1,1,0,1,0,0,1,1,1,0
1,0,1,0,0,0,1,1,1,1
1,0,0,1,1,0,1,1,1,1
0,1,0,0,1,1,0,0,0,1
Patch Antenna33
1,0,1,0,1,1,0,0,0,1
0,1,0,0,1,1,1,1,1,1
0,0,1,0,1,1,0,0,1,1
0,0,1,0,1,1,0,1,0,1
1,0,1,0,0,0,0,1,1,0
0,0,0,0,1,0,0,0,0,1
0,1,1,1,0,0,1,1,1,1
1,0,0,1,1,1,0,0,0,0
0,0,1,1,0,0,0,1,0,0
0,0,0,0,0,0,1,0,1,0
Patch Antenna34
1,1,1,0,0,0,0,0,1,0
1,0,1,1,1,1,1,0,1,1
1,1,1,1,0,0,0,0,1,0
0,1,1,1,0,1,1,0,1,0
1,0,1,0,1,0,0,0,1,1
0,0,0,0,1,0,1,0,0,0
1,0,0,0,0,1,1,0,1,1
1,1,1,1,1,0,0,1,0,0
1,1,0,1,0,1,1,1,0,1
1,1,1,1,1,0,0,1,1,0
Patch Antenna35
0,1,0,1,0,1,1,0,0,0
1,0,1,0,1,0,0,0,0,1
0,1,0,0,0,1,0,0,1,0
1,1,1,1,0,1,1,1,1,0
1,1,0,1,0,0,0,0,0,1
0,0,0,0,1,1,1,0,0,1
1,1,1,0,0,0,0,0,0,0
1,0,1,1,1,0,0,0,1,1
1,0,0,1,1,1,0,1,0,0
0,1,1,0,1,1,0,0,0,1
Patch Antenna36
1,0,1,1,1,1,1,0,1,1
1,0,0,0,0,1,0,0,1,0
0,0,0,0,0,1,0,1,0,1
0,1,0,0,1,0,0,1,0,1
1,0,0,0,0,0,1,1,1,1
0,0,1,0,1,1,0,0,0,1
1,0,1,1,0,1,0,0,1,1
1,1,0,1,1,0,1,1,1,1
1,0,1,1,0,1,1,0,0,1
0,1,0,1,1,0,1,0,0,0
Patch Antenna37
1,0,1,1,0,1,0,1,1,1
0,1,0,0,0,1,1,1,1,0
0,1,1,1,0,0,0,0,1,0
0,0,0,0,1,0,1,0,0,1
0,1,0,0,1,0,0,0,1,0
0,0,1,1,0,1,0,0,1,0
0,1,0,1,1,1,0,1,0,0
0,0,1,0,0,1,0,0,0,0
0,0,1,1,1,0,1,1,0,0
1,0,0,1,0,0,1,0,1,0
Patch Antenna38
1,1,1,1,0,0,1,0,1,0
0,1,0,0,0,1,0,0,1,1
1,0,0,1,1,1,1,1,0,0
0,1,0,0,0,0,1,0,1,1
1,1,1,0,1,0,1,1,1,1
1,1,1,1,0,1,0,0,1,0
1,0,1,1,1,0,0,1,1,0
0,0,0,1,1,1,1,1,1,1
0,0,0,1,1,1,1,1,1,1
1,0,0,1,0,0,0,1,0,0
Patch Antenna39
1,0,1,0,0,0,0,0,0,0
0,1,1,0,1,0,0,0,0,0
0,1,0,1,0,1,1,1,1,1
0,1,0,1,0,1,0,1,0,0
0,1,1,1,0,1,0,1,1,1
1,1,0,1,0,0,1,1,0,0
1,0,0,0,0,0,1,1,0,1
0,1,0,0,1,0,0,1,1,0
0,0,0,1,0,1,1,1,0,0
1,1,0,0,1,1,1,0,0,0
Patch Antenna40
0,1,1,1,0,1,0,1,1,0
1,1,1,0,1,1,1,0,0,1
0,0,1,1,1,0,1,0,0,1
1,0,1,1,0,1,1,0,0,0
0,1,1,0,0,1,0,1,0,0
0,0,0,1,1,0,0,0,0,1
0,1,0,1,1,1,1,1,1,1
1,1,1,1,0,1,1,1,0,1
1,1,0,0,1,0,0,1,0,0
0,0,1,1,0,1,0,1,1,1
Patch Antenna41
1,1,1,0,1,1,0,1,0,0
1,1,1,0,0,1,0,0,0,1
1,1,1,1,0,0,1,1,1,0
0,0,1,0,1,1,0,0,1,1
0,0,0,0,0,0,0,1,0,0
0,1,1,1,1,0,1,1,1,1
1,1,0,0,0,1,0,0,1,0
1,0,0,1,0,1,0,0,0,1
0,1,1,0,1,0,0,0,1,0
0,0,0,1,0,0,0,1,1,0
Patch Antenna42
1,0,1,0,0,0,0,0,0,0
1,1,1,0,0,1,0,1,0,0
1,1,0,0,1,1,1,1,1,0
0,1,1,1,0,0,0,1,1,1
0,0,0,0,0,0,0,1,1,0
0,0,0,1,0,0,0,0,1,1
0,1,1,0,1,1,0,0,1,1
0,0,1,0,0,0,1,1,1,0
1,0,1,1,0,1,1,0,1,1
1,0,1,0,0,0,1,0,1,1
Patch Antenna43
1,0,1,1,0,0,1,0,1,0
0,1,1,1,0,0,1,1,1,0
1,0,0,0,1,1,0,1,1,1
1,0,1,0,0,1,0,0,1,1
0,0,1,1,1,1,1,1,0,1
1,0,0,0,0,1,0,0,1,1
1,0,1,0,1,0,0,0,1,0
1,1,1,1,0,0,0,0,1,0
1,1,1,0,1,1,1,1,0,1
0,0,0,1,0,0,1,1,0,0
Patch Antenna44
1,1,1,0,0,0,1,0,0,0
0,0,0,0,0,1,1,0,0,0
0,1,0,1,1,0,0,0,0,0
1,0,1,0,1,1,1,0,1,1
1,0,1,1,0,1,1,0,1,0
1,0,1,0,1,0,0,0,0,1
1,0,1,0,0,0,0,0,0,1
1,0,0,1,1,1,0,0,0,0
1,0,1,1,0,1,0,0,1,0
1,0,1,1,0,1,1,0,1,0
Patch Antenna45
1,0,1,0,1,0,0,0,1,0
1,0,1,1,0,1,0,1,0,0
0,1,0,1,0,0,1,0,1,1
1,0,1,0,1,1,1,0,0,0
1,1,0,0,1,0,0,1,1,1
0,1,1,1,0,0,0,1,0,1
1,0,1,1,0,0,0,0,0,0
1,0,1,1,1,0,1,0,1,0
0,0,1,0,0,1,1,0,0,0
1,1,0,1,1,1,1,1,0,1
Patch Antenna46
0,0,0,0,1,0,0,1,1,0
1,0,1,1,0,0,1,1,1,1
0,1,0,1,1,0,1,0,0,1
0,0,1,0,1,1,1,1,0,1
0,1,0,1,0,0,1,0,0,1
0,0,1,0,1,1,1,1,0,1
1,1,1,0,0,1,0,0,1,0
1,0,1,1,0,0,1,1,0,0
1,0,0,1,0,1,0,0,0,1
1,1,0,1,0,1,0,1,0,1
Patch Antenna47
1,1,1,0,1,0,1,0,1,1
1,0,1,1,1,1,0,0,0,1
1,1,1,0,0,1,0,0,1,0
0,0,0,0,1,0,1,1,0,0
1,0,0,1,0,1,0,1,0,0
1,1,1,0,1,0,1,0,0,0
1,0,1,0,1,0,1,1,0,0
0,1,1,0,1,1,0,0,1,1
1,1,1,0,1,0,1,0,1,1
0,0,1,0,1,1,0,0,1,1
Patch Antenna48
1,0,1,0,1,1,0,0,0,1
1,0,0,1,1,1,1,1,1,0
0,0,1,1,0,1,1,0,0,1
0,0,1,1,0,0,1,0,1,1
0,1,0,1,1,0,0,0,1,1
1,0,0,0,0,0,1,1,1,1
1,1,0,0,1,1,1,0,0,1
0,1,1,0,1,0,1,1,1,1
1,1,1,1,1,1,0,1,1,1
1,1,1,1,0,1,0,0,1,0
Patch Antenna49
0,0,0,1,1,0,0,0,0,1
1,0,0,1,0,1,1,0,0,1
0,1,0,0,1,0,0,1,0,0
0,0,1,0,0,0,0,0,0,0
0,1,0,0,1,1,1,0,1,0
1,0,1,0,0,0,0,1,1,1
0,1,1,0,1,1,1,0,0,1
0,0,0,0,0,1,0,0,0,0
1,1,0,1,0,0,0,0,1,1
1,0,1,1,0,1,0,0,1,1
Patch Antenna50
1,0,1,0,1,0,0,0,1,1
0,0,0,1,1,1,0,1,1,0
1,1,0,0,0,0,1,0,1,1
1,0,1,1,0,0,0,1,1,0
1,1,0,1,1,0,1,1,1,0
1,0,1,1,1,0,1,0,1,0
1,1,0,0,0,0,1,1,1,0
1,0,1,1,0,1,0,0,0,1
1,1,0,1,1,1,1,0,1,0
0,0,1,0,1,1,1,1,1,1
Patch Antenna51
0,0,0,1,1,0,0,1,0,0
0,0,1,0,1,1,1,1,1,1
0,0,0,0,1,1,1,0,0,0
1,0,1,1,0,0,0,0,1,0
0,0,1,0,1,0,0,0,0,1
0,1,1,0,1,0,1,1,1,0
1,0,1,0,1,0,1,1,0,0
0,0,0,1,1,1,1,1,1,1
0,1,1,1,1,1,0,1,0,0
1,1,0,1,1,0,1,1,1,1
Patch Antenna52
1,0,1,0,0,0,1,0,1,0
0,1,0,1,1,0,1,0,0,0
0,0,1,0,0,1,1,0,1,1
0,1,0,0,1,1,1,0,1,1
0,1,0,1,0,0,1,1,1,1
1,0,0,0,1,1,0,0,0,0
0,1,1,1,0,0,0,0,1,0
1,0,1,1,1,1,0,0,1,1
0,0,0,1,0,0,0,1,0,1
1,1,0,0,1,0,0,1,0,0
Patch Antenna53
0,1,1,0,1,0,0,1,1,0
0,0,0,1,1,1,1,0,0,0
0,0,0,0,1,1,0,1,1,1
0,0,0,1,0,0,0,1,1,0
1,0,1,1,1,0,0,0,1,0
0,1,0,0,0,0,0,0,1,1
0,1,0,0,0,1,0,1,0,0
1,1,1,0,0,0,0,1,0,0
1,1,1,0,0,0,1,0,0,1
1,1,0,1,1,1,1,0,1,1
Patch Antenna54
0,0,0,0,0,0,0,0,0,1
1,1,0,1,0,1,0,1,1,0
0,0,0,0,0,1,1,0,0,0
1,1,1,0,0,1,0,1,1,0
1,1,0,0,1,0,1,1,0,0
0,1,1,0,0,1,1,1,0,1
0,0,0,1,0,1,1,1,0,1
0,1,0,0,0,0,0,0,1,1
0,0,1,1,0,1,1,1,0,1
1,0,1,0,0,1,1,1,0,1
Patch Antenna55
1,1,1,1,1,0,1,1,0,0
1,1,1,0,0,1,0,0,1,1
0,1,0,1,0,0,1,0,0,0
1,1,0,1,1,0,0,1,0,1
1,1,0,0,0,0,0,1,0,1
0,0,0,0,1,0,0,0,0,0
1,1,1,1,0,0,1,0,0,1
0,1,1,0,1,0,0,1,1,1
0,1,0,0,1,1,0,1,1,1
1,0,0,0,1,1,1,0,1,0
Patch Antenna56
1,0,1,0,0,1,0,1,0,0
1,1,0,1,0,1,1,1,0,0
1,1,0,1,0,1,0,1,1,1
0,1,0,1,0,1,1,1,0,1
0,0,1,0,0,0,1,0,1,0
1,0,0,0,1,0,1,1,0,1
0,0,1,0,0,0,1,1,0,1
1,0,0,0,0,0,0,1,1,1
1,1,1,1,1,1,0,1,0,0
1,0,1,0,1,0,1,1,0,1
Patch Antenna57
0,0,0,0,0,0,1,0,1,0
1,1,0,0,0,1,1,1,0,1
0,1,0,0,1,1,1,1,0,1
0,1,1,1,0,0,1,0,1,1
1,1,0,0,1,0,0,1,1,1
1,1,1,0,1,0,0,1,1,1
0,0,0,0,0,1,0,0,1,0
0,0,0,0,1,1,0,0,0,0
1,1,1,1,0,0,0,0,1,1
0,1,0,1,1,0,0,0,0,1
Patch Antenna58
0,1,1,0,0,0,1,1,0,1
0,0,0,0,0,1,1,0,0,0
0,1,0,1,0,0,1,0,1,0
1,1,1,0,0,1,0,0,1,0
1,0,0,0,0,0,0,0,1,1
0,0,1,0,1,0,0,0,1,0
0,1,1,0,1,0,0,0,1,1
0,0,0,1,1,0,1,0,1,0
1,1,0,0,0,0,0,1,0,1
1,0,1,1,0,1,0,1,0,0
Patch Antenna59
0,0,1,1,0,0,1,1,1,1
0,1,1,0,1,1,1,0,0,0
0,1,0,0,0,1,1,0,1,0
0,0,1,1,1,1,1,0,1,1
0,0,0,0,1,1,1,0,1,0
0,0,1,1,0,1,0,0,1,0
0,0,1,1,1,1,1,0,0,1
1,0,0,0,1,0,1,1,0,1
1,0,0,1,1,1,1,0,1,0
0,1,1,1,0,0,1,1,1,0
Patch Antenna60
0,0,0,0,1,1,1,1,1,0
0,1,1,0,1,0,1,1,1,1
1,1,0,1,0,0,1,0,1,1
1,1,0,1,1,0,1,0,0,0
1,0,1,0,1,0,1,0,0,0
1,1,1,1,1,1,1,0,0,0
0,1,0,1,1,0,1,0,1,0
1,1,0,0,0,1,0,0,1,1
0,0,0,1,0,1,0,1,1,0
1,1,1,1,1,0,0,0,0,0
Patch Antenna61
0,0,0,0,0,0,0,1,1,1
0,0,0,0,1,1,1,0,0,0
0,1,0,0,0,0,0,1,1,0
1,0,1,0,0,0,1,0,1,0
1,0,1,1,1,0,1,0,1,1
0,0,1,0,1,0,1,1,1,0
0,0,1,1,1,0,1,1,0,0
1,0,1,1,1,0,0,1,0,1
1,0,1,0,1,0,0,0,0,1
1,1,0,1,1,0,0,1,0,0
Patch Antenna62
0,1,1,1,1,0,0,0,0,1
1,1,0,0,0,1,1,1,0,0
0,1,0,0,0,1,0,0,0,0
0,1,0,0,1,1,0,0,0,1
1,0,1,1,0,1,0,1,1,1
1,0,1,0,0,0,0,1,0,1
0,1,1,1,1,0,0,1,1,1
0,0,0,0,0,0,0,1,0,1
1,0,0,1,0,0,1,1,0,1
0,1,0,0,0,1,0,0,1,1
Patch Antenna63
0,1,0,1,0,1,1,1,1,0
1,0,1,1,1,0,0,0,1,0
1,1,0,0,0,0,1,0,0,0
1,1,0,0,0,1,0,1,0,0
1,1,1,0,0,0,1,0,0,0
0,1,1,1,1,0,0,0,0,0
0,1,0,1,1,1,0,0,1,0
0,1,1,1,0,0,1,1,1,1
0,0,0,1,0,0,1,0,0,1
1,1,0,0,1,0,0,1,0,1
Patch Antenna64
0,1,0,0,0,1,1,0,0,1
1,1,0,0,0,0,0,1,1,1
1,0,1,0,0,0,1,1,0,1
1,0,0,1,1,1,0,0,0,1
1,0,0,0,1,0,0,0,1,1
0,1,1,1,1,1,1,1,0,1
0,0,0,0,0,0,1,1,1,0
1,0,1,1,0,1,1,1,0,1
1,0,0,0,1,1,0,1,0,0
0,1,1,0,1,0,1,1,1,0
Patch Antenna65
1,0,1,0,1,0,1,0,1,0
0,0,0,1,1,1,0,0,0,0
0,1,1,1,1,1,1,1,1,0
1,0,0,0,1,1,0,1,0,0
0,1,1,0,0,1,1,0,1,1
1,1,1,1,1,1,1,1,0,1
1,1,0,0,0,1,0,0,0,1
1,0,1,0,0,1,1,0,0,0
1,1,0,0,0,1,1,0,0,0
1,1,1,1,0,0,1,1,0,1
Patch Antenna66
0,0,0,0,1,0,1,1,1,0
0,1,1,1,0,0,0,0,0,1
0,1,0,1,0,0,0,1,1,0
0,0,0,0,1,1,0,0,0,1
1,0,0,1,1,1,1,1,0,1
1,0,0,0,0,1,1,1,1,0
0,1,0,0,0,1,1,0,0,1
1,1,1,1,0,1,1,1,1,0
1,1,1,1,0,0,1,1,0,1
1,0,1,1,1,0,0,0,1,1
Patch Antenna67
1,1,0,0,1,0,1,1,1,0
0,1,1,1,0,1,0,0,1,1
1,1,0,0,0,1,1,0,1,0
0,1,1,1,1,1,0,0,1,0
0,0,0,0,0,0,1,1,0,0
1,0,1,0,1,1,0,1,0,0
0,1,0,1,0,0,0,0,0,0
0,0,1,0,1,1,1,1,0,0
0,0,1,1,1,1,1,0,1,1
0,0,1,1,1,0,0,0,1,0
Patch Antenna68
1,1,0,0,1,1,0,0,1,0
0,0,0,1,0,0,0,0,1,0
0,1,0,0,1,0,1,0,1,1
1,1,0,0,0,0,1,0,1,1
0,1,1,1,0,0,0,0,0,1
0,0,0,0,1,1,0,1,1,1
1,0,0,1,0,0,1,1,1,0
0,1,0,1,0,1,0,0,1,0
0,1,0,0,1,0,1,1,1,0
0,0,1,1,0,1,1,1,0,0
Patch Antenna69
0,1,0,1,1,0,1,1,1,1
0,0,0,1,0,1,1,1,1,1
0,0,0,0,0,0,0,0,0,1
1,0,1,1,1,0,1,1,0,1
0,0,1,0,1,1,1,0,1,0
1,1,1,0,0,1,0,0,1,0
1,0,1,1,1,1,1,0,1,0
0,0,1,0,0,1,1,1,0,0
0,0,0,1,0,0,0,1,0,1
1,0,1,1,1,1,0,0,0,1
Patch Antenna70
1,1,1,1,1,1,0,0,0,0
1,1,0,1,0,0,0,1,0,1
1,1,1,1,1,1,0,1,1,1
0,0,1,1,0,1,1,1,0,0
0,1,0,0,0,1,0,0,0,0
0,1,1,0,0,1,0,0,0,1
0,0,0,0,0,0,1,1,1,1
0,1,1,1,1,1,0,0,1,1
1,0,1,0,0,0,1,1,1,1
0,0,0,0,1,0,1,0,0,0
Patch Antenna71
1,0,0,0,1,0,1,0,0,0
1,1,0,0,0,1,0,0,1,0
0,1,1,1,0,1,1,0,0,0
1,0,1,1,1,0,0,1,1,0
0,0,1,0,0,0,1,1,1,1
0,0,0,0,1,0,0,0,0,1
0,1,0,1,1,1,0,0,0,1
0,0,0,1,0,1,0,1,1,1
0,0,1,1,0,1,1,0,0,0
1,1,0,1,1,1,0,0,0,1
Patch Antenna72
1,0,0,0,0,0,0,1,0,0
0,0,0,0,0,1,0,0,1,0
0,0,1,0,0,1,1,0,1,1
0,1,0,1,1,0,1,1,0,1
1,0,0,1,1,0,0,1,0,0
1,0,1,1,1,1,0,1,0,0
0,0,0,0,1,1,1,0,0,0
1,1,0,0,1,1,0,0,1,1
0,0,1,1,1,1,0,0,1,1
0,0,1,0,0,1,0,1,1,1
Patch Antenna73
0,0,1,0,0,0,1,1,0,0
1,1,1,1,1,0,0,1,0,0
0,1,1,1,1,0,0,1,1,0
0,0,1,1,1,0,1,1,1,1
0,0,1,0,1,0,1,1,0,1
1,1,1,1,0,0,0,0,0,0
1,0,0,1,1,1,1,0,0,0
0,0,1,1,1,0,1,1,0,0
0,0,0,0,0,0,0,1,0,0
1,0,0,0,0,0,1,1,1,1
Patch Antenna74
0,1,1,0,0,0,1,0,0,0
0,1,1,1,1,1,0,0,0,1
1,1,1,1,0,1,1,1,1,1
0,1,1,0,1,1,0,0,0,0
1,1,0,1,1,1,0,0,1,0
0,1,0,0,0,0,1,0,1,1
1,1,1,0,0,1,0,0,0,0
1,1,1,1,1,0,1,1,1,1
0,0,1,0,0,1,0,1,0,0
0,1,0,1,1,1,1,1,1,0
Patch Antenna75
0,1,0,0,1,0,1,0,1,0
0,0,1,0,0,1,0,0,1,0
1,1,0,0,0,1,1,1,1,1
0,0,1,0,1,0,1,0,0,0
1,1,0,0,1,0,1,0,1,1
0,0,1,0,0,0,0,1,0,0
1,0,1,0,0,0,1,1,1,0
0,0,1,1,0,1,1,0,1,1
0,1,0,1,1,0,1,1,1,1
1,1,0,0,1,0,1,1,1,1
Patch Antenna76
0,1,0,1,0,0,1,0,0,0
1,0,0,1,1,0,0,1,1,1
0,0,0,0,0,1,1,0,1,0
0,1,0,0,0,0,0,1,0,0
1,0,1,1,1,1,1,1,1,0
1,1,0,0,0,0,1,1,1,1
1,0,0,0,0,0,1,1,0,1
1,1,0,1,1,0,0,0,0,0
1,1,0,0,1,1,0,1,0,1
0,1,0,1,0,1,0,0,0,1
Patch Antenna77
0,0,0,1,0,0,1,0,1,1
0,1,1,1,1,0,0,1,0,0
0,0,1,1,0,0,0,0,0,1
0,0,1,0,1,1,1,0,0,1
1,1,1,0,1,0,0,0,0,1
0,0,0,0,1,0,0,0,1,0
1,0,1,1,1,0,1,0,1,1
0,1,1,0,1,0,1,1,0,0
1,1,1,1,0,0,0,1,0,0
0,0,0,1,0,1,1,0,1,0
Patch Antenna78
0,0,1,0,1,1,1,0,1,0
1,0,0,0,1,1,1,1,1,1
1,0,1,1,0,1,0,0,0,0
0,0,0,0,0,1,0,0,1,0
1,1,0,0,1,1,0,0,0,0
1,0,1,0,1,1,1,1,1,1
1,0,1,0,0,0,1,1,1,0
1,1,1,1,0,1,0,1,0,1
1,0,1,0,1,1,1,1,0,1
0,0,0,1,0,1,0,1,1,1
Patch Antenna79
1,1,0,0,0,0,1,0,1,0
1,1,1,0,1,1,0,0,0,0
1,0,0,1,0,1,1,1,0,0
1,0,1,0,1,0,1,0,1,1
0,0,1,1,0,1,1,1,0,1
0,0,0,1,1,0,1,0,1,0
1,1,0,1,1,0,0,1,0,0
0,0,1,1,1,0,1,1,1,1
1,0,1,0,1,0,1,0,1,1
1,1,0,0,1,0,0,1,1,0
Patch Antenna80
1,0,1,0,1,0,1,1,1,1
0,0,1,1,1,1,0,1,0,0
0,1,1,0,0,0,1,1,0,0
1,1,1,0,1,0,0,1,1,1
1,1,0,1,0,1,0,0,0,1
1,0,0,0,0,0,0,1,1,0
1,1,0,0,0,0,1,1,0,0
0,1,0,1,0,1,0,1,0,1
0,1,0,1,1,0,0,0,1,0
0,1,1,0,0,0,0,1,0,1
Patch Antenna81
1,0,1,0,1,1,1,1,0,0
1,1,0,0,1,0,0,1,1,0
1,0,1,0,1,1,0,0,0,1
1,0,1,1,1,0,1,1,0,0
1,1,0,1,1,0,1,0,0,1
0,1,0,0,0,1,1,1,1,1
1,1,0,1,1,1,1,1,0,0
0,1,1,1,0,1,1,1,0,0
1,1,1,0,0,0,0,1,0,1
0,0,0,1,0,0,1,0,0,0
Patch Antenna82
0,1,0,0,1,0,0,1,1,0
1,0,1,1,1,1,1,1,0,0
1,0,0,1,0,1,1,0,1,1
1,0,1,1,0,1,1,1,1,1
1,1,0,0,0,0,0,0,1,0
0,1,1,1,1,0,1,1,1,0
1,0,0,0,0,1,0,1,1,1
0,1,0,1,0,1,0,0,0,1
1,1,1,1,0,1,0,1,0,0
1,0,0,1,0,0,1,1,1,1
Patch Antenna83
0,0,0,1,1,0,1,0,0,1
0,0,1,1,0,1,1,0,1,0
0,1,0,1,0,0,1,1,1,0
0,1,0,0,1,0,0,0,1,0
1,1,1,1,1,0,0,1,1,0
1,0,1,0,0,0,0,0,1,1
1,1,0,0,1,1,1,1,0,0
1,1,0,1,0,1,0,0,0,0
1,1,1,1,1,1,0,0,0,1
1,1,1,1,1,0,1,1,1,1
Patch Antenna84
1,0,1,0,0,0,1,0,1,0
1,0,1,0,0,0,1,1,1,0
0,0,1,0,0,0,0,1,1,0
0,1,1,0,0,1,1,1,0,1
1,0,1,1,1,0,0,1,0,0
0,1,0,0,1,1,0,0,0,1
1,1,1,1,0,0,1,1,0,1
0,1,0,0,0,0,1,0,1,0
0,1,0,1,1,1,0,0,0,0
1,1,0,1,0,1,0,0,0,0
Patch Antenna85
1,1,0,1,1,0,1,1,0,0
0,0,0,1,0,1,1,1,1,0
1,0,1,0,0,1,1,1,1,1
0,1,1,1,1,0,1,0,1,0
1,0,1,0,0,0,1,0,1,1
0,0,0,0,1,0,1,0,0,1
1,1,0,0,0,1,1,1,0,0
0,0,1,1,0,1,0,0,1,0
1,1,1,0,1,0,1,0,1,0
1,1,0,1,0,0,0,0,0,1
Patch Antenna86
1,0,0,1,1,0,0,1,1,1
0,0,0,0,0,1,1,1,1,0
0,0,1,1,1,0,1,1,0,0
0,0,1,0,1,1,1,1,0,0
0,0,1,1,0,0,1,0,1,0
1,1,0,0,0,0,1,1,1,1
1,0,1,0,1,0,0,1,1,0
0,0,1,1,1,1,0,0,0,0
1,0,1,0,1,0,0,1,0,1
1,1,0,1,1,0,1,1,0,1
Patch Antenna87
0,1,0,0,0,0,1,0,1,0
1,1,0,1,1,1,0,1,1,0
1,1,1,1,0,1,1,0,1,0
1,1,1,0,0,0,0,0,0,0
1,0,0,0,0,1,0,0,0,1
0,1,1,1,1,0,1,0,1,0
0,0,0,1,1,0,0,0,1,1
1,1,1,1,1,1,0,0,1,0
1,1,1,1,0,0,1,0,0,1
1,0,1,0,1,1,0,0,0,1
Patch Antenna88
0,1,1,1,1,0,0,0,1,1
1,0,1,1,0,0,0,1,0,0
0,1,1,1,0,1,0,0,0,0
1,1,0,0,0,0,0,0,1,0
1,0,1,1,0,0,1,0,0,0
1,1,0,1,0,1,0,0,0,0
0,0,1,1,1,1,1,1,1,1
1,1,0,0,1,0,0,1,1,1
1,0,0,1,0,1,1,1,0,0
0,1,0,1,0,0,1,1,1,1
Patch Antenna89
0,0,0,1,0,1,1,0,1,0
1,0,0,1,0,0,1,0,0,0
1,1,1,0,0,0,0,0,0,1
0,1,1,0,1,1,0,1,0,1
1,1,1,1,0,0,1,1,1,1
0,0,1,1,0,1,1,1,1,1
1,0,1,1,0,1,0,1,1,0
0,1,0,0,0,1,1,0,1,1
0,1,0,0,1,1,0,0,0,0
0,1,0,0,0,0,0,1,0,1
Patch Antenna90
0,0,0,0,0,0,0,1,1,1
0,1,0,1,1,0,0,1,1,0
1,0,1,1,1,1,0,0,1,1
1,0,1,0,0,1,0,1,0,1
1,1,0,0,1,0,1,1,1,1
0,0,1,0,1,0,0,1,0,0
1,1,0,1,0,0,0,0,1,0
1,0,1,0,0,0,0,1,1,1
1,0,1,0,1,1,1,1,1,0
1,1,0,0,0,1,1,0,0,1
Patch Antenna91
0,1,0,0,0,0,0,1,0,1
0,1,0,1,0,0,1,0,0,1
0,1,0,1,0,1,1,1,1,1
0,1,0,1,0,0,1,1,1,0
0,1,1,0,0,1,0,1,1,1
0,1,0,0,0,0,1,0,0,1
1,0,1,1,0,1,1,1,0,0
0,1,0,1,0,0,1,1,0,1
0,0,0,1,0,0,0,1,1,0
0,1,1,1,1,0,1,0,1,1
Patch Antenna92
1,1,0,1,0,1,0,0,0,1
0,0,1,1,0,1,0,1,0,0
0,0,1,0,1,0,1,0,1,1
0,1,0,0,1,1,1,1,0,0
0,1,0,0,1,1,1,0,0,1
1,0,0,0,1,0,1,0,0,0
0,0,1,0,0,1,0,0,1,0
1,1,1,0,1,1,1,1,0,0
1,0,1,0,0,0,1,1,1,1
1,0,0,0,0,0,0,0,0,1
Patch Antenna93
0,0,0,0,0,0,1,1,1,0
0,1,1,1,1,1,1,0,0,0
0,1,0,1,0,1,1,0,1,0
1,1,0,1,1,0,1,1,0,1
1,1,0,1,0,0,1,1,1,0
0,0,1,1,0,0,0,1,1,0
0,1,0,1,1,0,0,0,0,0
1,1,0,0,0,0,0,1,1,0
0,1,0,0,1,0,0,1,1,1
1,0,0,1,0,1,0,1,1,0
Patch Antenna94
0,1,1,1,1,0,1,0,0,1
1,1,1,1,0,0,1,1,1,0
0,0,0,0,0,0,1,1,1,0
0,0,0,0,0,0,0,1,1,0
1,1,0,1,1,0,0,1,1,0
0,1,1,1,1,1,0,1,0,1
1,1,0,0,0,0,1,0,0,0
1,0,1,1,1,1,0,0,0,0
1,0,0,0,1,1,1,0,0,1
0,1,0,0,1,1,0,0,0,1
Patch Antenna95
1,1,0,1,0,0,0,0,1,0
1,1,0,0,0,0,1,0,1,1
1,0,1,0,1,0,1,1,1,0
0,0,0,0,1,0,0,0,0,1
0,0,1,0,0,1,1,1,0,1
0,1,0,1,1,0,0,1,0,1
0,1,0,1,1,1,0,0,1,0
0,1,0,0,1,1,1,1,1,1
1,0,0,0,1,0,1,0,0,1
1,1,0,1,0,0,1,0,0,0
Patch Antenna96
1,0,0,0,0,0,1,0,1,1
1,0,1,1,1,1,0,0,1,0
1,1,1,1,0,0,0,0,1,0
1,0,0,0,1,0,1,1,0,0
0,0,0,0,0,1,0,1,0,1
0,0,1,0,0,1,0,1,0,0
1,1,1,1,0,0,1,0,0,1
1,1,0,0,0,0,0,0,1,1
0,1,1,1,1,1,0,1,0,1
1,0,0,1,0,1,0,1,0,1
Patch Antenna97
0,1,0,1,1,0,0,1,1,0
0,0,0,1,0,0,1,1,0,1
0,1,1,0,1,0,0,1,0,1
0,0,0,1,0,1,1,0,0,0
0,1,0,1,0,1,0,1,0,0
1,1,0,1,1,1,1,0,0,0
0,1,0,0,0,0,0,1,1,0
1,1,0,1,0,1,1,0,0,0
1,1,0,0,1,0,0,0,0,0
0,0,1,1,0,0,0,0,1,1
Patch Antenna98
0,1,0,1,0,0,1,1,0,0
1,1,1,0,0,1,0,1,1,0
1,1,0,0,0,0,0,0,0,1
1,1,1,0,0,1,1,0,0,1
0,0,0,0,0,0,1,1,0,1
1,1,1,1,0,1,0,0,0,0
1,1,1,1,1,1,1,1,0,0
1,0,1,1,1,1,1,1,0,1
1,0,0,1,0,0,1,0,1,1
0,1,1,0,1,1,1,0,1,0
Patch Antenna99
0,0,1,0,1,0,0,1,0,0
0,0,0,0,0,0,1,1,0,0
1,0,1,0,1,0,1,0,1,1
0,0,1,0,1,0,0,1,1,0
0,0,1,1,1,0,1,0,1,1
0,0,0,1,0,0,1,0,1,0
1,1,1,1,0,0,1,1,0,1
0,0,0,1,0,1,1,1,0,0
0,1,1,1,0,1,1,0,0,1
1,1,1,1,1,0,0,1,0,1
Patch Antenna100
0,0,1,0,1,1,0,1,1,0
0,0,1,1,1,0,1,1,0,1
0,1,1,1,0,0,0,0,0,0
0,1,1,1,0,1,0,1,1,0
1,0,1,1,1,1,1,1,0,1
1,1,0,0,0,0,0,0,1,0
1,0,0,0,1,1,1,0,0,1
1,0,0,1,0,0,0,0,1,0
1,1,0,1,0,1,0,0,1,1
0,0,0,0,0,0,0,0,0,1
Patch Antenna101
0,1,0,0,0,0,0,0,0,0
0,1,1,0,0,0,0,1,1,1
1,1,0,0,0,1,0,0,0,0
0,1,1,0,0,0,1,0,0,1
1,0,0,1,0,0,1,0,1,1
0,1,0,0,0,1,1,0,0,0
1,0,0,0,0,0,0,1,1,1
1,0,0,1,1,0,0,0,0,0
0,1,0,1,1,1,1,1,0,1
0,1,0,0,1,1,1,0,1,0
Patch Antenna102
1,0,1,1,1,0,1,1,0,0
0,1,1,1,0,1,1,0,0,1
1,1,1,1,1,0,0,0,1,0
0,0,1,1,0,0,0,1,1,1
1,0,1,1,0,0,0,0,1,0
1,1,0,0,1,1,1,1,1,1
1,1,0,1,0,0,1,1,1,0
0,0,0,0,1,0,1,0,0,0
0,0,1,1,1,1,1,0,0,1
0,0,1,1,0,1,1,0,1,1
Patch Antenna103
1,0,0,1,1,1,0,1,0,0
0,1,0,1,1,1,0,0,0,1
1,1,0,0,0,0,1,1,0,1
1,0,0,1,1,0,1,1,0,0
0,1,0,1,0,0,0,0,0,0
1,0,1,1,1,1,1,0,1,1
1,0,0,0,1,1,1,0,0,1
1,0,1,0,1,0,1,1,1,1
0,1,0,0,0,1,1,0,0,0
0,0,1,1,1,1,1,1,1,0
Patch Antenna104
0,0,0,0,1,0,1,0,1,1
1,0,0,1,1,0,1,0,1,0
1,1,0,0,1,0,0,0,1,1
0,1,0,0,0,1,1,0,0,0
0,1,1,1,0,0,1,0,0,1
1,0,0,1,0,1,0,0,0,0
1,1,0,0,0,1,1,1,0,0
0,0,0,1,0,0,1,1,0,0
1,1,1,0,1,0,1,1,1,0
1,1,0,0,0,0,1,0,0,0
Patch Antenna105
0,0,0,0,0,0,1,0,1,0
1,0,0,0,0,0,0,1,1,1
1,1,1,1,0,0,1,1,0,0
1,1,0,1,0,1,1,0,1,0
0,0,0,0,0,0,0,0,1,1
1,1,1,0,1,1,1,1,0,0
1,0,1,0,1,0,0,1,1,0
1,0,0,0,1,0,0,0,1,1
1,0,1,1,1,0,1,0,0,0
1,0,0,1,0,1,0,1,0,1
Patch Antenna106
1,0,0,1,1,0,0,1,0,1
1,1,1,0,0,0,0,1,0,1
1,0,0,0,1,0,1,0,0,1
0,1,1,0,1,0,1,0,1,0
1,0,0,0,1,1,1,1,0,1
0,0,0,1,1,0,0,1,1,0
0,1,0,0,0,1,0,1,1,0
1,0,0,1,1,0,0,1,0,1
0,1,0,1,1,0,0,0,1,0
1,0,1,0,0,0,1,0,0,1
Patch Antenna107
0,0,0,0,0,1,0,1,1,1
0,1,1,1,1,0,1,1,1,1
1,0,0,0,1,1,0,1,0,1
1,1,1,0,0,0,0,1,0,0
1,0,1,0,0,1,1,1,1,1
0,1,1,0,0,1,0,0,1,1
1,1,1,1,1,1,0,0,0,1
1,1,1,1,0,0,0,1,0,0
1,0,1,0,1,1,1,1,1,1
1,0,1,1,1,0,0,1,0,1
Patch Antenna108
0,1,1,0,1,0,1,0,0,0
1,0,0,1,1,0,0,0,1,0
0,0,0,1,0,1,1,0,1,0
0,1,0,0,0,0,0,1,1,0
1,0,1,1,1,0,1,1,0,0
0,1,1,1,0,0,1,1,0,0
0,0,1,0,0,1,1,0,1,0
1,0,0,1,0,1,0,1,1,1
0,1,1,0,1,0,0,0,1,1
0,1,0,0,0,0,1,0,1,0
Patch Antenna109
0,1,1,1,0,1,0,1,0,0
0,1,0,1,1,1,0,1,1,0
1,0,0,0,0,1,1,1,1,1
0,1,0,1,0,0,0,1,0,1
0,0,0,1,1,0,0,0,0,1
1,0,0,0,1,1,1,1,0,0
1,1,0,0,0,1,0,0,1,1
0,1,1,1,0,1,1,0,1,1
1,0,0,1,1,0,0,0,1,1
1,0,1,0,1,1,1,0,1,1
Patch Antenna110
1,0,1,1,1,0,0,0,1,0
1,1,0,0,1,0,0,0,1,0
0,0,1,1,0,0,0,1,1,1
1,0,0,0,1,1,0,1,0,1
0,1,1,1,0,1,0,1,0,0
0,1,0,0,0,1,1,1,1,0
1,1,1,0,1,0,0,0,1,0
1,0,1,0,0,0,0,1,1,0
1,0,0,0,0,1,1,0,0,0
0,0,1,1,0,0,0,0,1,0
Patch Antenna111
0,1,0,1,1,0,0,0,1,0
0,1,1,0,1,0,0,0,0,1
1,0,0,0,1,0,1,1,0,0
1,0,0,1,1,1,1,0,1,0
0,1,1,0,0,1,0,1,0,0
1,1,1,0,1,0,0,1,0,1
0,1,1,0,1,1,0,0,0,1
1,0,0,0,0,1,0,0,1,1
1,1,1,0,0,1,0,0,0,1
0,0,1,1,0,0,1,0,1,1
Patch Antenna112
0,0,1,0,1,1,0,1,0,0
1,0,0,0,0,1,0,1,1,0
1,1,1,0,0,0,0,0,1,1
1,1,1,0,1,1,0,0,0,1
1,0,0,1,1,0,1,0,1,1
0,0,1,1,1,0,0,1,0,0
0,0,0,1,0,1,0,1,0,1
0,0,0,0,1,0,0,0,0,1
1,1,0,0,1,0,1,0,1,0
1,0,1,1,1,0,0,1,1,0
Patch Antenna113
0,0,1,1,0,0,1,0,1,1
1,1,1,1,1,1,0,1,0,1
1,1,0,1,0,1,1,1,1,1
0,0,0,0,0,0,0,1,1,0
0,1,1,1,1,1,0,1,1,1
1,0,0,1,1,0,0,0,0,0
0,0,1,0,1,1,0,0,0,0
0,1,1,0,1,0,0,0,1,1
1,1,0,0,1,0,0,1,1,1
0,1,1,0,0,1,0,1,0,1
Patch Antenna114
0,1,0,1,1,0,1,0,0,1
0,1,0,1,0,1,1,0,0,1
0,0,0,1,1,1,1,1,1,1
1,1,0,0,1,1,0,1,1,0
1,0,1,0,0,0,1,1,1,1
0,1,0,1,1,1,0,1,0,1
1,1,1,0,0,0,1,0,0,0
1,0,1,1,1,1,1,0,0,1
0,1,0,1,1,0,1,1,0,1
0,0,1,1,1,0,1,1,1,0
Patch Antenna115
0,1,0,0,1,0,1,1,1,0
1,1,0,1,1,0,0,0,1,0
0,0,0,0,1,1,1,1,1,0
0,1,1,1,1,1,1,1,0,1
1,0,0,1,1,0,1,0,1,0
0,1,0,0,1,1,0,1,1,1
0,1,0,0,1,0,0,0,1,1
1,1,1,0,0,0,1,1,1,1
0,1,1,1,1,0,1,1,0,0
0,0,1,0,0,1,1,0,1,1
Patch Antenna116
1,1,1,0,0,1,1,1,0,0
0,1,1,0,0,0,0,0,1,0
1,0,0,1,1,0,0,0,0,0
0,0,0,1,1,1,0,0,0,0
0,0,0,0,1,1,0,0,0,0
1,1,0,1,0,0,1,0,1,1
1,1,0,1,0,1,0,0,0,1
1,1,1,0,0,0,1,0,1,0
0,1,1,0,1,1,0,0,1,0
1,0,1,0,0,0,1,0,0,1
Patch Antenna117
1,0,0,0,1,0,1,0,0,1
1,1,0,1,0,0,1,1,1,1
0,1,1,0,0,1,0,1,1,0
0,0,0,0,0,0,1,1,0,1
1,1,0,0,0,1,1,1,0,0
0,1,0,0,1,1,0,0,1,0
0,0,1,0,0,1,0,0,0,1
0,1,1,1,1,0,1,0,1,0
1,0,0,0,0,1,1,1,1,1
1,1,1,0,0,0,1,1,0,0
Patch Antenna118
0,0,0,0,0,1,1,1,1,0
0,0,0,0,0,1,1,0,0,1
0,0,0,0,0,1,0,0,0,1
1,1,0,1,1,0,1,0,0,1
1,0,1,0,0,0,0,1,0,1
1,1,0,1,1,1,1,1,0,0
0,1,1,1,1,0,0,0,0,0
1,1,0,1,0,0,0,0,1,0
1,1,0,0,1,1,0,0,1,0
0,0,0,0,0,0,1,1,1,0
Patch Antenna119
1,0,0,0,0,1,1,1,1,0
1,0,1,1,0,1,0,1,1,0
1,0,0,0,0,0,0,1,1,0
1,1,0,1,0,1,0,0,1,1
1,0,0,1,1,0,0,1,0,1
1,0,1,1,0,1,1,1,1,1
0,0,0,0,1,0,0,0,0,1
1,0,1,0,1,0,1,1,1,1
1,1,0,0,0,0,0,1,1,0
0,1,1,1,1,0,1,1,1,1
Patch Antenna120
0,1,1,0,0,0,0,1,1,0
1,0,1,1,0,0,0,1,0,1
0,1,0,0,1,0,0,1,0,1
0,0,0,0,1,1,1,0,1,0
1,0,0,0,0,0,1,1,1,0
1,1,1,0,1,0,1,1,0,1
0,1,0,0,0,1,0,0,0,0
1,1,1,1,1,1,1,0,1,0
0,1,0,1,0,0,1,1,0,0
1,0,1,1,0,1,1,1,1,0
Patch Antenna121
1,0,1,0,0,0,1,0,0,0
0,1,0,1,0,0,0,0,1,1
0,1,1,0,0,0,1,1,0,0
1,1,1,0,1,0,0,1,1,1
1,0,1,0,1,1,1,0,1,1
1,1,0,0,1,0,0,1,0,0
1,0,1,0,1,0,1,0,1,1
1,0,1,0,1,1,1,0,0,0
1,1,0,0,1,1,1,1,0,0
0,0,1,1,1,1,0,0,1,1
Patch Antenna122
1,1,1,0,0,0,1,1,1,1
1,1,1,1,0,1,1,0,1,0
1,0,1,0,1,1,1,1,0,1
0,0,1,0,1,1,0,1,1,0
1,0,1,1,1,1,0,0,0,0
1,0,0,1,0,1,1,1,1,0
0,0,0,0,1,1,0,1,1,0
1,0,0,1,0,0,1,1,1,1
0,0,0,0,0,1,1,0,0,1
0,0,0,0,1,0,0,0,1,1
Patch Antenna123
0,0,1,1,0,0,1,0,1,1
1,1,0,1,1,0,0,1,0,0
0,0,0,1,1,0,1,1,0,0
0,0,0,1,0,0,1,1,0,1
0,0,1,1,1,1,0,1,0,0
1,0,0,0,1,0,1,1,0,0
0,0,1,0,0,0,0,0,1,0
1,0,0,1,1,0,1,1,1,1
1,1,0,0,0,0,1,1,1,1
0,0,1,0,1,1,0,1,0,1
Patch Antenna124
1,0,1,1,1,1,0,1,0,1
1,0,0,0,1,0,1,1,0,0
1,0,1,0,0,0,0,1,1,0
0,1,1,0,1,1,0,0,0,0
1,1,1,0,1,0,1,1,1,0
1,0,0,0,0,0,0,0,1,0
0,1,0,1,1,1,1,0,1,1
1,0,0,0,1,1,0,1,0,0
1,1,1,1,0,1,0,0,0,0
1,1,1,1,1,0,0,1,1,1
Patch Antenna125
0,1,1,1,0,0,0,1,1,0
0,0,1,1,1,0,1,0,0,0
0,1,1,0,1,0,0,0,1,0
1,1,0,1,0,0,0,0,0,0
1,0,0,0,1,1,1,0,0,1
1,0,0,1,0,0,0,0,1,1
0,0,1,1,1,0,1,0,1,0
0,1,0,0,1,1,0,0,0,0
0,0,0,1,0,0,0,0,1,0
1,0,0,1,0,0,0,0,1,0
Patch Antenna126
1,1,0,0,0,1,0,0,1,0
1,1,1,1,1,1,1,0,1,0
0,1,0,1,0,1,0,1,0,1
0,1,1,0,0,0,0,0,0,1
0,0,1,0,0,0,0,0,1,0
0,1,1,1,0,1,0,1,1,1
0,1,0,0,1,0,1,0,0,0
0,0,1,1,0,0,1,0,1,1
1,1,1,1,1,0,1,1,1,1
1,0,1,0,0,1,0,1,1,1
Patch Antenna127
1,0,0,0,0,0,0,1,0,1
1,0,1,0,1,0,1,0,1,1
0,0,1,0,0,0,0,0,0,1
0,0,1,0,0,0,0,1,1,0
1,0,1,0,0,1,1,0,1,1
1,1,0,0,1,0,1,0,1,1
0,0,1,1,1,1,0,1,1,1
1,0,0,1,0,1,0,0,0,0
1,1,1,0,0,0,1,1,0,0
0,0,1,1,0,0,0,0,0,0
Patch Antenna128
0,0,0,0,1,1,0,0,1,0
0,0,1,0,0,0,0,1,0,0
1,0,0,1,0,0,1,0,1,1
0,1,1,1,1,0,0,0,1,0
0,1,0,1,0,0,1,0,0,0
0,0,0,1,1,0,1,0,0,0
0,1,1,0,0,1,1,0,1,0
0,1,1,1,0,0,0,1,0,0
0,1,1,1,1,0,0,0,1,0
1,0,1,0,0,1,0,1,0,0
Patch Antenna129
1,1,1,1,0,0,1,1,0,0
1,0,0,1,0,0,0,0,1,0
0,0,0,0,1,1,1,0,0,1
1,1,1,1,0,0,0,0,0,0
1,0,1,1,1,0,1,0,1,1
1,1,1,0,0,1,0,0,0,0
1,1,0,1,1,0,1,0,0,0
0,1,0,1,1,1,0,1,1,1
1,0,1,1,1,0,0,1,1,0
1,0,1,1,1,1,0,1,1,1
Patch Antenna130
1,1,1,1,1,0,1,1,1,0
0,0,0,1,0,0,0,0,0,0
0,0,1,1,0,0,1,0,0,0
1,1,1,0,1,0,0,0,0,1
0,0,1,1,0,1,1,1,1,1
0,0,1,0,0,1,1,0,0,1
0,1,0,0,0,1,1,1,1,1
1,0,1,1,0,0,1,0,1,0
0,1,0,1,1,1,0,0,0,0
1,1,0,0,1,1,0,1,1,0
Patch Antenna131
1,0,1,1,1,1,1,1,0,0
0,0,1,1,0,1,0,0,1,1
0,1,1,1,1,0,1,0,1,1
1,0,1,1,0,0,1,0,1,0
1,1,1,1,0,1,0,1,0,0
0,1,1,1,1,1,0,0,1,0
1,0,0,0,0,1,0,0,0,1
0,1,1,0,0,0,1,0,0,0
0,1,1,1,0,1,1,1,1,1
0,1,0,1,1,0,0,1,0,0
Patch Antenna132
0,1,1,0,1,1,0,1,1,1
0,0,0,0,1,0,0,1,1,1
0,1,0,0,1,0,1,1,1,0
1,1,0,0,0,0,1,1,1,0
0,1,0,0,0,0,0,0,1,1
1,0,1,0,1,1,0,1,0,1
1,1,1,1,1,0,1,0,1,1
0,1,1,1,0,1,1,1,1,1
0,0,1,0,1,1,0,0,0,0
1,0,1,1,0,0,1,0,0,1
Patch Antenna133
0,0,0,1,1,1,0,0,0,0
1,0,0,1,0,1,1,0,0,1
1,1,1,0,1,1,0,0,0,0
1,0,0,1,0,0,1,1,0,0
0,0,1,0,1,1,1,1,1,0
1,1,0,1,0,1,1,1,1,0
1,1,1,0,1,0,1,1,1,1
1,0,0,0,0,0,0,1,1,0
1,1,1,0,0,1,1,0,1,1
0,0,0,1,0,1,0,0,1,1
Patch Antenna134
0,1,1,1,0,0,0,1,1,0
1,1,0,0,0,0,1,0,0,1
1,1,0,0,1,1,1,1,1,1
1,1,0,1,0,0,0,0,0,0
0,0,0,1,0,1,1,0,1,0
1,0,1,0,0,0,1,0,0,1
1,0,0,0,0,1,1,0,0,1
0,1,0,0,1,1,1,0,1,0
1,0,0,0,0,1,1,1,0,1
0,0,0,1,1,0,0,0,1,0
Patch Antenna135
1,1,0,1,0,0,1,0,1,0
0,1,1,1,0,1,1,0,0,0
0,0,1,1,1,0,1,1,1,0
1,0,0,1,0,1,1,0,0,0
0,1,0,1,1,1,1,1,0,1
0,0,0,0,1,1,1,1,0,0
0,0,1,1,1,0,0,0,1,0
1,0,1,1,1,1,1,0,0,1
0,0,1,1,0,0,1,1,0,1
0,0,1,1,1,0,0,1,1,1
Patch Antenna136
1,0,0,1,1,0,1,1,1,0
1,1,0,1,0,1,1,0,0,1
1,0,0,1,1,0,1,1,1,0
1,0,0,0,1,1,1,1,0,1
1,0,0,0,1,0,0,1,0,0
0,1,1,0,1,0,0,0,1,1
0,0,1,0,1,1,1,0,0,0
1,1,1,1,1,1,1,0,0,1
0,1,0,0,1,0,1,1,0,1
0,0,1,0,0,1,1,1,0,0
Patch Antenna137
0,1,1,1,0,0,0,1,1,0
0,1,1,1,0,1,1,0,1,0
0,1,1,0,1,0,0,1,1,0
1,0,1,0,1,0,0,0,0,0
0,1,1,1,1,0,0,1,1,0
1,0,0,0,0,1,1,0,1,1
0,1,1,1,0,0,1,0,0,0
0,0,1,1,0,1,1,1,1,1
0,0,0,1,0,1,1,0,0,1
0,0,0,1,0,0,1,0,1,1
Patch Antenna138
1,1,1,1,1,0,1,1,0,1
0,1,0,0,0,1,1,0,0,0
0,0,1,0,1,0,1,1,1,0
1,0,0,0,1,0,0,0,1,0
0,0,0,1,0,1,0,0,1,0
1,1,0,1,1,1,1,1,0,1
1,1,0,0,1,1,0,1,0,0
0,0,0,0,0,0,0,0,1,0
1,0,1,0,0,1,0,0,1,0
1,0,0,0,1,0,0,1,0,1
Patch Antenna139
1,0,1,0,1,1,1,1,0,1
0,1,0,0,0,1,1,0,1,1
1,1,0,0,1,0,1,0,1,0
0,0,0,1,0,0,0,0,1,0
0,1,0,1,1,1,1,1,0,0
1,0,1,1,0,0,1,0,1,1
1,1,1,1,1,1,0,1,0,0
0,0,0,0,0,0,1,0,0,1
0,0,1,0,1,1,0,1,0,1
0,1,0,0,1,0,0,1,0,0
Patch Antenna140
1,0,0,1,1,0,0,1,1,1
0,1,0,0,1,0,1,1,0,1
0,0,1,0,1,1,1,0,1,1
1,0,1,0,0,1,0,0,0,1
0,1,0,0,0,0,1,0,0,0
1,0,0,1,1,0,0,0,0,0
0,0,1,0,1,0,1,0,0,1
0,1,0,0,1,1,0,1,1,1
1,1,0,1,1,0,1,0,0,0
0,0,0,0,0,0,0,0,1,1
Patch Antenna141
0,1,1,0,0,0,1,0,0,0
1,1,0,1,1,0,1,0,1,1
1,0,0,1,0,1,0,0,1,1
1,1,0,0,0,0,0,0,0,0
0,0,1,1,0,1,1,0,1,1
1,0,0,1,0,1,1,1,0,1
0,0,0,1,0,0,1,0,1,0
1,1,0,1,0,0,1,0,0,1
1,0,1,0,1,1,0,0,0,0
1,1,0,0,1,0,1,0,1,0
Patch Antenna142
0,0,0,0,0,1,0,1,1,1
1,0,1,0,0,1,1,1,1,1
0,1,0,0,1,0,0,1,1,1
1,0,1,1,1,1,1,0,0,1
0,1,1,1,1,1,0,0,0,0
1,0,1,0,1,1,0,0,1,1
1,1,0,1,1,1,0,0,0,1
1,0,1,0,1,1,1,0,0,1
0,1,0,0,1,0,0,1,1,1
0,1,0,0,1,1,1,0,1,1
Patch Antenna143
1,0,0,1,1,0,0,1,0,0
1,0,1,0,1,0,1,0,0,1
1,1,1,1,1,0,1,0,0,0
0,0,1,1,0,1,0,0,1,0
0,0,0,1,0,0,0,1,0,1
1,0,0,0,0,0,0,0,1,0
0,0,0,1,1,0,1,0,1,1
0,1,0,0,0,0,0,0,1,0
0,1,1,1,0,0,0,0,1,1
1,1,1,1,1,1,0,1,0,0
Patch Antenna144
0,1,1,1,0,1,1,1,1,0
0,0,1,1,1,0,0,1,0,1
0,1,1,0,1,0,1,1,1,1
0,1,1,0,1,1,1,0,1,0
0,1,1,0,0,0,0,0,0,0
0,0,0,1,0,1,1,0,1,0
0,1,1,0,0,0,1,1,0,1
0,1,1,1,0,1,1,0,1,1
1,0,1,1,1,0,1,1,0,0
0,0,0,0,1,1,0,0,0,1
Patch Antenna145
1,1,0,1,1,0,0,1,1,1
1,1,1,0,0,0,0,0,1,1
0,0,1,0,0,0,1,0,0,0
1,0,1,1,1,0,1,0,1,0
0,0,0,1,1,1,0,1,1,0
1,1,0,1,1,1,0,0,0,0
0,1,0,0,0,0,1,0,0,0
1,0,1,0,0,1,1,0,0,1
1,0,1,0,1,1,0,0,0,1
0,1,0,0,1,0,1,0,1,1
Patch Antenna146
0,1,0,0,1,0,1,1,0,0
0,0,1,0,0,1,1,0,0,1
0,0,1,1,0,1,0,1,0,0
1,1,0,0,0,0,1,0,0,0
0,1,0,0,0,1,1,1,0,1
1,1,0,1,1,0,1,1,1,0
0,0,1,0,1,1,0,0,1,1
1,0,1,1,0,0,1,1,0,1
1,1,0,1,0,0,0,0,1,0
1,0,1,0,1,1,0,0,0,0
Patch Antenna147
0,0,0,1,0,0,0,0,0,1
1,0,0,0,1,0,1,0,0,0
1,0,0,0,1,1,0,1,0,1
1,1,1,1,1,0,1,1,1,0
1,1,1,1,1,0,0,0,0,1
1,0,0,0,0,1,0,1,1,1
0,1,1,0,0,0,1,1,0,0
1,1,0,1,1,1,0,1,1,1
1,0,1,0,1,0,0,0,0,0
1,0,0,0,1,1,0,1,1,0
Patch Antenna148
0,0,1,1,0,1,1,1,0,1
1,0,1,0,0,1,1,0,0,0
1,1,0,0,0,0,0,1,0,1
1,0,0,0,0,1,1,1,0,1
0,1,1,0,1,1,0,0,0,1
1,1,0,1,0,0,0,0,0,1
1,1,1,1,1,1,1,0,0,1
0,1,0,0,0,1,0,1,0,1
0,0,0,0,1,1,0,0,1,1
0,1,1,0,0,1,0,0,0,1
Patch Antenna149
0,1,1,1,0,1,1,0,0,0
1,0,0,1,1,0,1,1,0,1
0,1,1,1,0,0,0,0,0,0
1,0,0,0,0,0,0,0,1,1
1,0,0,1,1,0,1,1,1,0
1,0,1,1,0,1,0,1,1,1
1,1,1,1,1,1,1,1,0,0
0,1,1,1,0,0,1,1,0,1
0,1,0,0,1,0,0,1,0,0
0,0,0,0,1,0,0,0,1,1
Patch Antenna150
1,0,1,0,1,1,1,1,0,1
0,0,1,0,0,0,1,1,0,0
0,1,0,1,0,1,1,0,1,1
1,1,1,0,1,0,1,1,0,0
1,0,0,0,0,1,1,0,1,0
0,0,0,0,1,1,0,0,1,1
0,0,0,1,0,0,0,0,1,0
0,0,1,0,0,1,0,0,0,1
0,1,0,0,1,0,1,0,0,1
1,1,1,1,0,1,0,0,1,1
Patch Antenna151
0,0,0,0,0,0,1,1,1,0
0,1,1,0,1,0,1,1,1,0
0,1,0,0,0,1,0,1,1,1
1,0,0,0,1,1,0,0,0,0
1,0,1,1,0,1,1,1,0,0
0,0,0,1,1,0,0,0,1,0
0,1,0,1,1,1,0,0,1,0
1,0,0,1,1,1,0,0,1,1
1,0,1,0,1,1,0,1,1,0
1,1,1,0,0,0,1,0,1,0
Patch Antenna152
1,1,0,1,0,0,0,1,0,1
1,1,0,1,0,1,0,1,0,0
1,1,0,1,0,0,1,0,1,0
1,1,1,0,1,1,0,0,0,1
1,1,1,1,0,0,1,0,0,1
1,1,1,0,0,1,1,1,1,1
1,0,1,0,1,1,0,0,1,0
0,0,0,1,0,0,1,1,0,0
0,0,1,1,1,1,1,1,1,1
1,1,0,1,1,1,1,1,1,1
Patch Antenna153
0,1,0,0,1,0,1,1,1,0
0,0,0,0,1,0,0,0,1,1
1,1,0,1,0,0,0,1,1,0
0,1,0,0,1,0,0,0,1,0
0,1,1,1,0,0,0,0,0,1
1,1,0,1,0,1,1,0,0,0
1,0,1,1,1,0,0,1,1,0
1,1,1,0,0,0,0,1,0,0
0,0,0,1,0,0,1,1,0,1
0,1,1,0,0,1,1,0,1,0
Patch Antenna154
0,0,0,0,1,1,0,1,1,1
1,0,0,0,1,1,0,0,1,0
0,1,0,0,0,0,1,1,1,1
0,1,0,1,1,1,1,1,0,1
1,1,0,0,0,0,1,1,0,1
1,0,1,0,1,0,0,0,0,0
1,0,0,0,1,0,0,0,0,0
0,1,1,0,0,1,0,0,1,0
0,0,0,0,0,1,0,1,0,1
0,1,0,0,0,0,1,1,1,0
Patch Antenna155
0,0,1,1,1,1,1,1,0,0
1,1,1,1,1,0,0,1,1,1
1,0,0,1,1,1,0,1,1,1
0,0,1,0,0,0,1,1,0,1
0,1,1,1,1,0,0,0,0,0
1,0,1,0,0,1,0,1,0,1
1,1,0,0,0,0,1,0,0,0
0,0,1,1,0,0,0,0,1,1
1,0,1,1,0,0,0,1,0,1
0,0,0,1,0,0,0,0,0,0
Patch Antenna156
0,1,1,0,0,0,1,1,0,1
1,0,0,1,0,1,1,0,1,1
1,1,1,0,1,0,0,0,1,0
0,1,0,0,1,0,1,1,0,0
0,1,0,1,1,0,0,1,1,1
1,0,0,1,1,1,1,1,1,0
1,0,0,1,0,0,1,0,1,1
1,0,0,1,0,1,0,0,1,0
1,0,0,1,0,0,0,0,1,0
1,1,0,0,0,1,1,1,1,1
Patch Antenna157
1,1,1,1,0,0,0,0,1,1
1,1,1,0,0,0,1,0,0,0
1,1,0,1,0,1,0,1,1,0
0,1,0,0,0,0,0,1,1,1
0,0,1,0,0,0,0,0,0,1
1,1,1,0,0,1,0,0,1,0
1,1,0,0,1,0,1,0,1,0
0,1,0,0,0,1,1,1,0,1
0,0,0,1,0,0,1,1,0,0
0,0,0,1,0,1,0,1,0,0
Patch Antenna158
1,0,1,1,0,0,1,0,1,1
0,1,1,0,0,1,0,0,1,0
1,0,1,0,1,1,0,1,0,1
0,1,0,0,1,1,0,0,0,1
0,1,1,1,0,0,0,1,0,1
0,1,0,1,0,1,0,1,0,1
0,0,0,1,1,1,1,1,0,0
1,1,1,1,1,1,0,1,0,1
1,1,0,1,0,1,1,1,1,1
1,0,0,1,1,0,1,1,0,1
Patch Antenna159
0,1,1,1,1,0,0,1,0,1
1,0,0,1,0,1,0,1,0,0
0,1,0,1,0,0,1,0,1,0
1,0,0,0,0,0,0,1,0,1
0,0,0,0,1,1,1,1,0,1
1,0,1,0,1,1,0,1,0,1
0,0,1,0,0,1,0,0,0,0
1,0,1,0,0,1,0,0,1,1
1,0,1,0,0,1,1,0,0,0
0,1,1,0,1,0,1,0,0,0
Patch Antenna160
0,1,0,0,1,1,1,1,1,1
0,1,0,1,1,1,0,1,0,0
1,0,1,1,0,0,0,0,0,1
0,0,0,1,1,0,0,1,1,1
1,1,1,0,0,1,1,1,1,1
0,0,0,1,0,1,1,0,1,1
0,1,1,0,1,1,1,0,1,1
1,1,0,1,0,0,0,0,0,1
0,0,1,0,0,1,1,0,0,1
1,1,1,1,0,1,0,1,1,0
Patch Antenna161
1,1,1,0,1,0,0,0,1,0
1,0,0,1,0,0,0,1,1,1
0,1,0,1,0,1,0,0,1,0
0,1,0,0,1,1,0,1,0,1
0,0,1,0,0,0,1,1,0,0
1,0,0,1,0,1,1,1,0,0
0,0,0,1,1,0,1,0,0,0
0,0,1,1,1,1,0,1,1,0
0,0,1,0,1,0,1,1,0,1
1,1,1,0,0,0,1,0,0,0
Patch Antenna162
0,1,1,0,1,1,1,0,1,1
0,1,0,0,0,0,1,1,0,1
1,0,0,0,0,0,1,0,0,0
1,0,0,1,0,1,1,0,0,1
0,1,1,1,1,1,1,0,1,1
1,0,0,0,1,0,0,1,1,0
0,0,0,1,0,0,0,1,0,1
0,0,0,1,0,0,0,0,1,0
1,0,0,0,1,1,1,0,1,1
1,1,0,0,1,0,1,0,0,0
Patch Antenna163
0,1,1,0,0,1,1,0,1,1
0,0,1,1,0,0,1,0,1,1
0,1,0,1,0,1,0,1,0,0
0,0,1,1,1,1,1,1,0,0
0,1,1,1,0,1,0,1,0,0
1,0,1,0,0,0,0,1,1,1
0,1,1,1,0,1,0,0,0,0
0,1,1,0,1,0,0,1,0,1
1,0,0,0,0,0,0,0,1,1
1,0,1,1,1,1,0,0,1,1
Patch Antenna164
1,1,1,1,1,0,0,1,0,1
1,1,0,1,0,0,0,0,0,0
0,1,0,0,1,1,1,0,0,1
1,0,1,1,1,0,0,0,0,0
1,1,0,0,0,0,0,0,0,0
0,1,1,1,1,1,0,0,0,0
0,0,1,0,1,1,0,0,1,1
0,0,1,0,1,1,0,0,0,1
0,1,0,0,1,0,1,0,0,0
1,0,0,0,1,0,0,0,0,1
Patch Antenna165
1,1,1,0,1,1,0,1,1,0
0,1,1,0,0,1,0,1,0,1
1,1,1,1,1,0,0,0,1,1
0,1,0,1,0,1,1,0,0,0
0,1,0,0,0,1,1,1,1,1
1,1,1,0,1,0,0,1,1,0
1,1,0,0,1,0,1,1,1,1
1,1,0,0,0,1,0,0,0,0
0,1,0,1,1,0,0,1,0,1
0,0,0,0,1,0,1,1,0,0
Patch Antenna166
1,0,0,1,1,0,1,0,1,0
1,1,1,1,0,0,1,1,0,0
1,1,1,1,0,0,1,1,0,0
1,0,0,0,1,1,1,1,1,1
0,1,0,0,0,1,1,1,1,1
0,0,0,0,0,1,0,1,1,0
0,1,1,0,1,1,0,1,0,1
0,0,1,1,0,0,0,0,1,0
0,0,0,1,0,0,1,1,0,0
0,1,1,1,1,1,1,0,1,0
Patch Antenna167
1,1,1,1,0,1,0,0,0,1
1,1,0,1,1,1,1,1,1,1
1,1,1,1,1,1,1,0,0,1
0,1,0,0,1,0,1,0,0,1
0,0,1,0,0,1,1,0,0,0
0,0,1,1,1,1,0,0,1,0
0,0,1,0,1,1,0,1,0,0
0,0,0,0,1,0,1,0,0,1
1,0,0,1,1,0,0,0,0,0
0,0,1,0,1,1,1,1,0,0
Patch Antenna168
1,0,0,1,0,1,0,0,0,1
0,0,0,1,0,1,0,1,0,1
1,0,0,0,1,1,0,0,1,0
1,0,0,1,1,1,1,0,0,0
0,1,0,1,0,1,1,1,1,0
0,0,1,0,1,1,1,0,1,0
0,1,0,1,0,0,1,0,0,1
1,1,0,0,0,0,1,1,0,0
1,1,1,1,1,1,0,1,0,1
1,0,0,0,0,1,0,0,0,1
Patch Antenna169
1,0,0,0,1,0,0,1,1,0
0,0,1,1,1,0,1,0,0,1
1,1,1,1,1,1,1,0,1,1
0,1,0,1,1,1,0,0,1,0
0,1,0,0,0,1,1,1,0,0
1,1,1,1,0,0,0,1,0,1
1,0,0,1,0,0,1,1,0,1
0,0,1,1,1,1,1,1,0,1
0,0,1,1,1,1,1,1,1,1
0,1,0,1,1,0,1,1,1,0
Patch Antenna170
1,0,0,1,0,1,1,1,0,0
1,0,1,0,1,1,0,1,0,0
0,1,0,0,1,0,1,1,0,0
0,1,1,0,1,0,0,0,0,1
1,1,0,0,0,0,1,0,1,0
0,0,0,1,0,1,0,0,1,0
0,1,0,1,0,1,0,0,1,1
1,0,1,0,1,1,1,1,0,0
0,0,0,1,0,1,0,1,0,0
1,1,0,1,0,1,0,1,0,0
Patch Antenna171
1,0,1,1,0,1,0,1,1,1
0,1,0,1,1,1,0,1,0,1
1,0,1,0,0,1,1,1,0,0
0,0,1,0,0,0,0,0,1,1
1,0,0,1,1,0,0,0,1,0
0,0,0,1,0,0,0,0,1,1
1,0,1,0,1,1,1,0,0,1
0,0,1,0,0,0,1,0,0,0
1,1,0,1,1,0,1,0,0,1
1,1,0,0,1,0,1,0,1,0
Patch Antenna172
1,1,0,1,0,0,0,0,1,1
1,1,1,1,1,0,0,0,0,1
1,1,1,1,1,0,1,0,0,1
0,0,1,1,0,0,1,0,1,1
1,1,0,1,1,0,0,0,0,0
1,1,1,1,1,1,1,0,1,1
0,1,0,0,0,0,1,0,0,1
0,1,0,1,0,1,1,1,0,0
0,0,1,1,0,1,0,1,1,0
1,0,0,1,1,1,0,0,1,1
Patch Antenna173
1,1,0,1,0,0,1,1,0,0
1,0,1,0,1,0,0,0,0,1
0,1,0,1,1,1,0,1,1,1
1,1,1,0,0,1,1,1,1,1
0,0,0,1,0,0,0,1,0,1
1,1,0,1,1,0,1,0,1,0
0,1,0,0,1,0,1,1,1,0
0,1,1,0,0,1,1,1,1,0
0,0,1,1,0,0,0,1,1,1
0,0,0,1,0,0,1,1,0,0
Patch Antenna174
1,1,1,1,0,0,1,1,0,1
1,1,1,1,0,0,0,0,1,1
1,0,1,1,1,1,1,1,0,0
1,1,1,1,1,1,0,1,1,0
0,1,1,1,1,0,0,1,0,1
1,1,0,0,1,0,1,0,0,1
1,0,0,0,0,1,1,0,0,0
1,1,0,0,1,0,1,1,0,1
1,0,1,0,0,0,0,0,0,0
0,0,1,1,1,0,1,1,1,1
Patch Antenna175
0,0,1,1,1,0,1,1,0,1
1,1,1,0,0,0,1,1,1,0
1,1,0,1,0,0,0,1,0,0
1,1,0,0,1,0,0,1,0,0
0,1,1,1,1,1,1,0,0,0
1,0,1,0,1,0,0,0,0,0
0,0,0,0,0,1,1,1,0,1
1,0,1,0,0,1,0,0,0,1
1,1,1,1,0,1,1,0,0,0
1,0,0,0,1,0,1,0,0,1
Patch Antenna176
1,1,0,0,0,1,1,1,0,1
1,1,1,0,1,1,0,0,1,0
1,1,1,1,1,0,0,0,1,0
1,0,1,1,0,0,1,0,1,0
0,1,1,1,0,1,0,1,1,0
1,1,0,0,1,0,1,1,0,0
1,1,0,1,1,0,1,0,1,0
1,0,1,0,0,0,0,0,1,1
0,1,0,1,0,0,1,1,0,0
0,1,1,0,0,1,0,0,1,1
Patch Antenna177
1,0,0,0,1,1,0,1,0,0
1,1,0,1,1,0,1,0,0,0
1,1,0,1,1,1,0,0,0,0
1,1,1,1,0,0,0,0,0,0
1,0,1,0,0,1,0,1,1,1
1,0,1,0,1,0,0,0,0,0
1,0,0,0,1,1,1,0,0,1
1,1,1,1,1,0,0,0,0,1
0,1,1,0,0,1,1,1,1,0
1,0,0,1,0,0,1,0,1,0
Patch Antenna178
1,0,1,1,1,1,1,1,0,0
0,0,0,1,0,1,1,0,1,1
1,0,1,0,1,1,0,0,0,1
1,1,1,1,0,1,1,0,0,1
0,1,1,1,0,1,0,0,0,1
0,1,1,1,1,0,0,1,1,0
0,0,0,0,0,1,0,1,1,0
0,1,1,1,0,1,1,0,0,1
1,1,1,1,0,1,0,0,0,1
0,1,1,0,0,1,0,1,1,0
Patch Antenna179
0,1,1,0,1,0,0,0,0,0
1,0,0,1,1,1,1,1,0,1
1,1,1,0,0,0,1,0,1,1
1,0,0,0,0,1,1,0,0,1
0,1,0,1,0,1,0,1,0,1
1,1,0,0,1,0,0,1,0,0
1,1,1,1,1,0,0,1,0,0
0,1,1,1,0,1,1,0,1,1
0,0,1,1,0,0,0,0,0,0
1,1,0,1,1,1,1,1,0,1
Patch Antenna180
1,0,0,0,1,1,0,0,1,1
0,1,0,1,0,1,0,1,1,1
0,1,0,1,0,1,0,1,0,1
0,0,0,0,1,1,1,0,1,1
0,0,0,1,0,1,0,0,0,0
1,1,0,0,1,1,1,1,1,0
0,0,1,1,1,0,0,0,1,0
1,0,0,0,1,1,0,0,1,0
1,1,0,0,1,0,1,0,1,1
0,1,0,0,0,1,1,0,1,1
Patch Antenna181
0,1,0,0,1,1,1,1,0,0
1,0,0,1,0,1,1,1,1,0
0,0,1,1,1,1,1,1,1,1
0,1,1,1,0,0,1,1,0,1
0,0,0,1,1,0,0,1,0,0
1,1,1,0,1,1,1,1,0,0
0,1,1,0,0,1,0,0,0,0
1,0,1,1,1,0,1,0,0,1
1,1,1,0,0,0,1,1,0,0
1,0,1,1,0,1,0,0,1,1
Patch Antenna182
1,1,0,1,1,0,0,1,1,1
0,0,0,0,1,1,1,1,0,1
0,0,0,1,0,1,0,0,1,1
0,1,1,0,1,0,0,1,1,1
0,1,1,0,1,1,1,1,0,0
0,0,0,0,1,1,0,1,1,0
1,0,1,1,1,1,1,1,0,1
1,0,0,1,0,1,1,1,1,1
1,1,0,0,0,0,0,1,1,1
0,1,1,0,1,0,1,1,0,0
Patch Antenna183
1,0,1,1,0,0,0,0,0,0
0,0,0,1,0,0,1,0,0,1
1,1,1,1,0,1,1,1,0,0
1,0,1,1,1,1,0,0,0,1
1,1,0,0,0,0,1,1,0,1
0,0,0,0,1,1,1,0,0,0
1,0,1,0,0,1,0,0,1,0
0,0,0,0,0,0,1,0,0,0
0,0,0,1,1,0,1,1,1,0
0,1,0,1,1,0,0,1,0,1
Patch Antenna184
1,1,1,0,1,1,1,0,1,1
0,0,1,0,0,1,0,1,0,0
0,1,0,1,1,1,0,0,1,1
1,1,0,0,0,1,0,1,1,0
0,1,0,0,1,1,0,0,1,0
1,1,1,0,0,1,0,1,0,0
0,0,0,0,0,0,1,0,1,1
0,1,0,0,1,1,0,1,1,1
1,0,1,0,0,1,1,1,0,0
1,0,1,1,1,1,0,0,1,1
Patch Antenna185
0,0,0,0,0,1,0,0,0,1
0,1,1,0,0,0,1,0,1,1
1,0,1,1,1,1,1,1,0,1
0,1,0,1,1,0,0,0,0,1
0,0,0,1,1,1,0,0,1,0
0,1,0,0,0,0,1,1,0,1
0,0,0,0,1,1,1,1,0,0
1,1,1,1,1,0,0,0,1,1
1,0,0,1,1,1,1,1,0,0
0,1,0,0,1,0,1,0,1,1
Patch Antenna186
1,1,1,1,1,0,0,1,1,0
1,0,0,0,0,1,0,0,0,1
0,0,1,1,0,1,0,1,1,1
0,0,1,1,0,1,1,0,1,0
0,0,0,1,1,0,0,1,1,0
0,0,0,1,0,0,1,0,0,1
1,1,1,1,0,1,1,1,0,0
1,1,1,1,1,1,1,0,1,0
1,1,1,0,1,1,1,1,1,1
1,1,0,0,1,1,1,1,1,1
Patch Antenna187
1,1,0,1,0,0,1,0,1,0
0,0,0,0,1,0,1,1,0,0
1,1,1,1,0,0,0,0,1,1
1,0,0,0,1,0,1,0,0,1
0,1,1,0,1,0,0,1,0,0
0,0,1,0,0,1,1,0,1,0
0,1,1,1,1,0,1,1,1,1
0,0,1,0,1,1,1,1,0,1
0,1,0,1,1,0,0,0,0,1
1,0,1,0,0,0,0,1,1,0
Patch Antenna188
1,1,0,1,0,0,0,0,1,1
0,0,1,1,1,1,0,1,1,0
0,0,1,0,1,1,1,1,0,1
1,0,0,0,1,1,0,1,0,1
1,0,1,1,0,1,1,1,0,1
0,0,0,1,1,0,1,1,1,0
1,0,1,1,1,0,0,0,1,1
1,0,1,1,0,0,1,1,0,1
0,0,0,1,0,0,0,1,1,1
1,0,1,0,0,1,1,0,1,0
Patch Antenna189
0,0,1,0,1,0,0,1,0,1
1,0,1,1,1,1,1,0,1,0
1,1,0,0,0,1,1,0,1,1
0,1,1,0,0,0,0,0,0,0
0,1,0,0,1,1,0,0,1,0
1,0,0,1,1,1,1,0,0,0
1,0,1,1,0,0,1,0,1,1
0,0,1,0,0,0,1,0,1,1
1,1,0,0,0,1,0,1,0,0
1,0,0,1,0,0,0,1,1,1
Patch Antenna190
1,0,1,1,0,1,0,0,1,0
1,0,1,1,0,1,0,1,1,1
0,0,0,0,1,0,0,1,1,1
1,0,1,1,0,0,1,1,1,1
1,0,1,1,0,1,1,0,0,0
0,0,0,0,0,1,1,1,0,0
1,1,0,1,1,1,1,0,1,1
0,1,1,1,0,0,0,1,1,1
0,0,1,0,1,1,1,0,1,1
1,0,1,0,1,0,1,1,0,1
Patch Antenna191
0,0,1,0,1,0,0,1,0,1
1,1,0,0,0,0,1,1,0,0
1,0,1,1,0,1,1,1,0,1
0,0,0,0,0,0,0,0,1,0
1,1,1,0,0,0,1,1,1,0
1,1,0,0,0,1,1,1,1,0
0,0,0,0,1,1,0,1,0,0
0,1,1,0,1,1,0,0,1,1
0,0,1,0,1,1,0,1,0,0
0,0,0,1,1,0,1,1,1,1
Patch Antenna192
0,1,0,0,0,0,1,1,1,0
1,0,1,1,0,0,0,1,0,0
1,0,1,1,0,0,1,0,0,0
0,0,1,0,1,0,0,0,1,0
0,0,0,1,0,1,1,1,1,0
0,1,0,0,0,1,1,0,0,1
1,1,0,1,1,1,0,0,0,1
0,1,1,1,1,0,1,1,0,1
0,1,1,1,1,0,0,1,1,0
0,0,0,1,0,1,1,1,0,1
Patch Antenna193
1,1,0,0,0,1,1,1,0,1
0,1,1,0,0,0,0,1,0,1
1,1,0,0,1,1,0,0,1,1
0,0,1,1,0,1,0,1,0,0
0,0,0,1,0,0,0,1,0,0
1,0,0,1,0,0,0,0,0,1
0,0,1,1,0,0,0,1,0,0
0,1,1,1,1,1,1,0,0,1
1,1,1,1,0,0,0,0,1,1
0,0,0,0,0,1,0,1,0,0
Patch Antenna194
0,0,0,1,1,0,0,1,0,0
0,1,0,0,1,0,1,1,0,1
0,1,0,0,1,0,0,0,1,1
0,1,1,0,1,1,0,0,0,0
1,0,0,1,1,1,1,0,1,1
1,0,1,1,1,0,1,1,1,1
1,0,1,1,0,0,1,0,0,1
1,1,1,1,0,0,1,0,1,1
1,0,0,1,0,1,1,0,1,1
1,0,1,0,1,0,0,0,0,1
Patch Antenna195
0,0,0,0,0,1,0,1,1,0
1,0,0,0,0,0,1,1,1,1
1,1,1,0,1,1,1,0,0,0
1,0,0,0,0,1,1,1,1,0
0,0,0,0,1,0,1,1,0,1
1,1,0,1,1,0,0,1,0,0
0,0,0,1,1,1,0,1,0,1
1,1,0,0,0,0,0,1,0,0
0,1,0,0,1,0,0,0,0,0
1,0,0,0,1,1,1,0,0,1
Patch Antenna196
0,1,0,0,0,0,1,0,1,0
0,1,0,0,0,1,0,0,1,1
0,1,1,0,0,0,1,1,0,1
0,0,0,1,1,1,0,0,1,1
0,0,0,1,0,1,0,0,0,0
1,1,0,1,0,0,1,1,1,1
1,0,0,1,1,1,1,0,1,0
0,0,1,0,0,1,0,0,0,0
1,1,0,1,1,0,1,0,0,0
0,0,1,0,1,0,0,0,0,0
Patch Antenna197
1,0,0,1,1,1,0,0,1,0
0,0,0,0,1,1,0,0,1,0
1,1,1,1,1,1,0,0,0,1
0,1,0,0,1,1,1,1,1,1
0,0,0,1,1,0,0,0,1,1
1,1,0,0,0,1,1,0,0,0
0,0,0,0,1,0,1,1,0,1
1,1,0,1,0,0,1,1,0,0
0,0,0,1,1,1,0,1,0,0
0,0,0,1,0,1,1,0,0,1
Patch Antenna198
1,0,0,1,1,1,0,0,1,0
0,1,1,0,0,0,1,0,1,0
1,0,0,1,1,1,1,1,1,0
1,0,0,1,0,1,1,1,1,1
0,1,1,0,0,0,1,0,1,1
0,1,0,1,1,1,0,1,0,1
0,1,0,1,1,1,1,1,0,1
1,1,1,0,0,1,1,0,1,1
1,0,0,1,0,0,0,1,1,1
0,1,0,1,1,1,0,1,1,1
Patch Antenna199
0,1,1,0,0,1,0,0,0,1
0,0,1,1,0,1,1,0,1,1
1,0,0,0,0,0,1,1,0,1
0,1,1,0,1,0,0,1,1,0
0,0,1,1,0,0,0,0,0,0
1,1,1,0,1,0,0,0,0,0
1,0,1,1,1,0,1,1,1,0
1,1,0,0,0,0,0,0,1,0
1,0,0,0,0,0,0,0,1,1
1,0,0,1,1,1,0,0,0,1
Patch Antenna200
0,0,1,1,1,0,1,0,0,0
1,1,1,0,1,0,1,0,0,0
1,0,1,0,0,0,0,0,0,0
1,1,1,1,0,1,1,0,0,0
1,1,1,0,0,0,1,0,0,0
0,1,1,1,0,0,1,0,0,0
1,1,0,0,1,0,0,1,1,0
1,0,0,1,0,1,1,1,0,0
1,1,1,0,0,0,0,0,1,1
0,0,0,0,1,1,1,1,0,1
Patch Antenna201
0,1,0,0,0,1,1,0,1,1
0,1,1,0,1,1,1,0,1,0
1,0,1,1,1,1,0,0,0,1
1,0,0,0,0,0,0,0,1,1
1,0,0,1,1,0,0,0,1,0
1,0,0,1,0,1,1,0,0,1
0,0,1,1,1,1,0,0,0,1
1,1,0,0,0,1,1,0,1,1
0,1,1,0,1,0,0,0,0,1
1,1,0,1,1,1,0,0,1,0
Patch Antenna202
1,0,1,0,1,0,1,1,1,0
0,0,1,1,1,1,0,0,0,1
0,0,1,0,0,1,0,0,0,1
0,1,0,1,0,0,0,0,1,0
0,0,0,0,0,1,0,0,1,1
0,1,0,0,1,1,0,1,0,1
1,1,0,0,1,1,0,0,1,0
0,1,1,0,1,0,1,1,0,1
1,1,0,1,1,1,0,0,1,0
1,1,0,1,0,1,1,0,1,0
Patch Antenna203
0,1,1,0,1,0,1,0,1,1
0,1,1,0,1,0,0,1,1,1
1,1,1,1,0,1,1,0,0,0
0,0,0,1,1,1,0,0,0,0
0,1,0,1,1,1,0,1,1,1
1,1,0,1,0,1,1,0,0,0
0,1,0,1,0,0,0,1,0,0
0,1,0,1,1,1,0,1,1,1
0,1,0,1,1,0,1,0,1,0
1,1,1,1,0,1,1,1,1,0
Patch Antenna204
1,0,1,1,0,1,0,0,0,1
0,1,1,1,0,1,1,1,1,1
1,1,0,1,1,1,0,1,1,0
1,0,1,0,1,1,1,1,0,1
1,1,0,1,1,0,1,0,0,1
0,1,1,1,0,1,1,1,1,1
1,1,1,1,0,1,0,0,1,0
0,1,0,1,1,1,0,1,0,0
1,0,1,0,0,0,0,1,1,1
0,1,1,0,0,1,0,1,1,0
Patch Antenna205
0,0,0,0,1,1,0,0,1,0
0,0,1,0,1,0,1,0,1,1
1,0,0,0,1,1,0,0,1,0
0,1,1,1,0,1,1,0,0,1
0,0,0,1,1,1,0,0,1,0
1,1,1,1,0,0,1,0,1,0
1,0,0,1,0,0,1,1,1,1
0,0,1,0,1,0,1,0,0,0
1,0,0,1,1,0,0,1,1,0
0,0,0,0,1,0,0,0,0,0
Patch Antenna206
0,1,1,0,1,1,1,1,1,1
1,0,0,1,0,1,1,0,1,0
0,0,0,0,0,1,1,0,1,1
1,1,1,1,0,0,0,1,1,1
0,0,0,0,1,0,1,1,1,0
1,0,0,1,1,0,0,1,1,0
0,1,0,0,1,1,1,1,0,1
1,0,1,0,0,0,0,1,0,1
0,1,0,0,1,0,1,0,1,1
1,1,0,1,0,0,1,0,1,1
Patch Antenna207
1,0,1,0,1,1,0,0,0,0
1,1,1,0,0,0,1,0,0,1
0,1,1,1,0,1,1,0,0,1
0,1,1,0,1,1,1,0,0,0
0,0,0,0,0,0,1,0,0,0
1,1,1,0,0,0,0,1,1,0
0,0,1,1,1,1,0,1,0,1
1,0,0,1,0,1,0,0,1,0
0,1,1,0,1,0,1,0,1,0
1,1,1,1,1,1,0,1,1,0
Patch Antenna208
0,1,0,1,0,1,1,1,1,1
1,0,0,1,0,1,0,0,0,0
0,0,0,0,0,0,0,1,1,1
1,1,1,0,0,0,0,0,0,0
1,1,1,0,1,0,0,0,1,0
1,0,1,1,1,1,0,0,0,1
0,0,0,0,0,0,1,1,0,0
1,1,0,0,1,1,1,0,0,0
0,0,1,0,0,1,0,1,1,1
0,1,0,1,1,1,1,0,0,0
Patch Antenna209
1,0,0,1,0,1,1,1,0,1
0,1,0,1,0,1,0,0,1,1
0,1,1,1,1,1,0,1,1,1
0,1,0,0,1,1,0,0,1,1
1,1,1,0,0,1,1,0,0,0
0,1,0,1,1,1,1,0,0,0
1,0,1,0,0,0,0,0,0,1
0,0,0,0,0,0,0,0,1,0
1,0,0,1,0,1,1,0,1,0
0,0,1,1,1,0,0,0,1,0
Patch Antenna210
0,0,1,1,1,1,1,1,1,1
0,1,0,1,1,1,0,0,1,1
0,0,0,1,0,0,0,0,1,0
0,0,0,1,0,0,0,0,1,1
1,1,1,0,1,1,0,0,0,1
0,1,0,0,1,1,1,0,0,0
0,1,1,1,1,1,1,0,1,1
1,0,1,1,1,1,0,0,0,1
0,1,0,1,1,0,1,1,1,0
0,1,1,1,1,1,1,0,1,1
Patch Antenna211
1,0,0,0,1,1,0,1,1,0
0,0,0,1,1,1,1,1,0,1
0,0,1,0,0,1,1,1,0,1
1,1,1,0,0,0,1,1,1,1
1,0,1,1,0,1,0,1,0,0
1,1,0,1,0,0,1,0,0,0
1,1,0,1,0,1,0,1,1,0
1,0,0,0,1,0,0,0,1,0
0,0,0,0,0,1,0,1,1,0
0,1,1,0,1,1,1,1,0,0
Patch Antenna212
0,0,0,1,1,0,0,1,0,0
0,1,0,1,1,0,0,0,0,0
0,0,1,1,1,1,0,0,0,1
1,1,0,0,1,1,0,0,0,0
0,1,1,1,1,1,0,0,0,1
1,0,1,0,0,0,0,0,1,0
0,0,1,0,1,1,0,1,0,1
0,0,1,1,0,1,0,0,1,1
0,1,1,0,1,1,1,0,1,0
0,0,0,1,0,1,0,0,0,1
Patch Antenna213
1,1,0,0,1,1,0,1,1,1
1,0,0,0,1,1,0,0,1,1
1,0,1,0,1,1,0,1,0,0
0,0,1,1,0,0,0,0,0,1
0,1,1,1,0,1,1,0,0,1
0,1,0,0,1,0,1,0,1,0
1,1,0,1,1,0,1,1,1,1
0,0,1,1,1,1,0,0,1,1
1,0,1,1,1,0,0,1,1,0
1,1,1,1,0,0,1,1,1,1
Patch Antenna214
1,0,0,0,1,1,1,1,1,0
0,1,1,0,1,1,0,1,1,0
0,0,1,1,0,0,1,0,0,0
1,1,0,0,0,0,1,1,1,1
1,0,0,1,1,1,0,0,1,0
1,1,1,0,1,0,0,1,1,1
1,0,1,1,0,1,1,1,0,1
1,0,1,0,0,0,1,1,1,1
1,1,0,0,0,0,1,0,0,0
0,1,1,1,1,1,0,0,1,1
Patch Antenna215
1,0,0,0,1,1,1,0,1,0
0,0,0,1,0,0,1,0,1,1
0,0,0,1,1,1,1,0,0,0
1,0,0,1,0,0,0,0,0,1
0,1,1,1,1,0,0,1,1,1
0,0,1,0,1,1,1,0,0,0
0,0,0,0,1,0,0,0,0,1
1,0,1,0,1,0,1,0,1,0
0,1,1,1,0,1,0,0,1,1
0,1,0,0,1,1,0,0,0,0
Patch Antenna216
1,1,0,0,1,1,0,0,1,0
0,0,0,0,1,0,1,0,0,1
1,1,1,0,0,0,1,1,1,0
1,0,0,0,1,0,1,0,0,0
0,0,0,1,0,1,0,0,0,0
1,0,1,0,1,1,1,1,0,0
1,0,1,1,0,0,1,1,0,1
1,1,0,1,0,0,0,0,1,1
1,0,0,1,1,1,0,0,0,1
0,1,0,1,1,0,0,1,1,0
Patch Antenna217
1,0,0,0,0,1,1,0,1,0
0,1,0,1,1,1,1,1,1,0
1,0,0,1,1,1,1,0,0,1
1,0,1,1,0,0,1,1,0,0
1,0,1,0,0,0,0,0,1,0
1,0,1,0,0,0,0,0,0,0
0,0,0,1,1,1,0,0,1,0
0,1,0,1,0,1,1,1,0,1
1,0,0,1,0,1,1,0,0,1
0,1,1,1,0,0,0,1,0,0
Patch Antenna218
0,1,0,0,0,1,0,0,1,0
0,1,1,1,1,0,0,0,1,1
1,1,1,0,0,0,0,1,1,1
1,1,1,0,1,1,1,1,1,1
1,0,1,1,1,0,0,0,1,1
0,1,0,0,0,1,1,0,0,0
1,1,1,0,1,1,0,0,1,1
0,0,1,0,1,0,0,1,0,1
1,0,1,1,1,1,0,0,1,0
1,1,0,0,0,1,1,0,0,0
Patch Antenna219
0,1,1,1,0,1,1,0,1,1
0,0,1,1,0,0,1,0,1,1
1,0,0,1,0,0,1,0,1,0
0,1,1,0,0,0,1,0,1,1
1,1,1,1,0,1,0,0,0,1
0,1,1,0,1,0,1,0,1,1
1,1,1,0,0,1,0,0,0,1
0,0,0,0,0,1,0,1,1,0
1,1,0,1,0,1,0,1,1,1
1,0,0,0,0,0,1,1,1,0
Patch Antenna220
0,0,0,1,0,0,0,0,1,0
0,1,1,0,0,0,1,1,1,0
1,1,0,1,0,1,1,1,1,1
0,0,1,1,1,1,0,0,0,1
1,1,0,1,0,0,1,0,0,0
1,0,0,0,0,1,0,0,1,1
0,1,1,0,1,1,0,0,0,0
1,0,0,0,1,0,1,1,0,0
1,1,0,0,0,1,1,1,1,1
1,0,0,1,1,1,1,1,1,1
Patch Antenna221
0,1,1,1,1,1,0,1,0,0
0,0,1,1,1,0,0,1,1,1
0,0,1,0,1,1,1,0,1,0
1,1,0,1,0,0,0,0,0,1
1,1,0,1,1,0,1,1,0,0
1,1,0,1,1,0,1,1,1,1
0,1,0,0,0,1,0,0,0,1
1,1,1,0,1,1,1,0,1,1
1,1,1,0,0,1,1,0,1,0
0,1,0,0,1,1,1,1,1,1
Patch Antenna222
1,1,0,1,1,0,0,1,0,1
0,0,1,1,0,0,0,1,0,0
1,0,1,1,1,1,1,0,0,1
0,0,1,1,0,1,0,0,0,1
1,0,0,0,0,1,1,0,1,0
0,0,1,1,0,0,0,1,0,1
0,0,1,1,0,1,0,0,0,0
1,1,1,0,1,1,1,1,1,1
1,0,1,0,0,0,1,1,0,1
0,0,1,0,1,1,0,0,1,0
Patch Antenna223
0,1,0,1,0,0,0,1,0,1
1,1,1,0,1,1,1,1,1,1
0,0,1,0,0,1,0,1,0,0
0,0,1,1,1,1,1,0,1,0
1,0,0,1,0,1,0,0,0,0
1,0,0,1,1,1,1,0,0,0
0,0,1,0,1,1,1,0,1,1
0,1,1,1,0,1,1,0,1,1
1,1,1,1,1,0,1,1,1,0
1,0,1,1,1,1,0,1,1,1
Patch Antenna224
1,1,1,0,1,1,1,0,0,1
1,0,1,0,1,1,0,1,1,0
0,0,0,0,1,1,1,1,0,1
1,0,1,0,1,0,0,0,0,0
0,1,1,0,0,1,1,1,0,0
0,0,1,1,1,1,1,0,1,1
0,0,0,1,1,1,1,1,1,1
0,0,1,0,0,0,1,0,1,0
0,1,1,0,0,0,1,0,1,1
1,1,0,1,1,1,1,1,1,1
Patch Antenna225
0,1,0,0,1,0,0,0,0,0
1,1,0,1,1,1,1,1,1,1
1,0,1,1,0,0,1,1,0,1
1,1,1,0,0,0,0,1,0,0
0,1,1,0,0,1,0,1,0,1
0,0,0,1,0,1,1,1,0,1
0,0,0,1,0,1,1,0,0,1
0,0,1,0,1,0,0,1,1,0
0,1,1,0,0,0,1,1,0,0
0,0,0,0,1,1,1,1,1,1
Patch Antenna226
0,1,1,0,1,0,1,0,1,0
0,0,1,0,0,1,0,1,0,0
1,0,0,0,1,1,1,0,1,1
0,1,0,0,1,1,1,0,0,1
0,0,0,1,0,0,1,0,1,1
0,1,1,1,1,0,0,0,0,0
1,1,1,0,0,1,1,0,0,0
1,1,1,1,1,1,1,0,0,0
1,1,0,0,1,0,0,1,0,0
1,0,0,0,1,1,0,1,0,1
Patch Antenna227
0,0,0,1,0,0,1,1,1,1
1,0,0,1,1,1,0,0,1,0
1,0,0,1,1,0,1,1,1,0
0,1,1,0,0,0,0,0,1,1
1,1,1,0,1,0,1,1,0,1
0,0,0,0,1,1,0,0,0,1
1,1,1,1,0,1,0,1,1,1
0,1,0,1,0,0,1,1,0,0
1,1,1,0,0,1,1,0,1,1
1,1,1,1,0,1,1,0,0,0
Patch Antenna228
0,1,1,0,1,0,1,0,1,0
1,0,1,1,1,1,1,0,1,0
0,0,0,1,1,0,1,1,0,1
0,0,0,1,1,1,0,1,1,1
0,1,0,1,1,1,0,0,1,1
1,1,1,0,1,1,1,1,1,1
0,1,0,0,1,0,1,0,1,1
1,0,0,1,0,0,0,1,1,1
1,1,1,1,0,0,0,0,1,1
1,0,0,0,1,0,1,1,0,0
Patch Antenna229
1,0,1,1,0,1,1,1,1,0
1,1,0,0,0,1,0,0,0,0
1,1,0,0,0,1,1,0,0,1
0,0,0,1,1,1,0,1,1,0
1,0,1,0,0,1,0,0,0,1
1,1,0,1,1,1,1,0,0,1
0,1,0,1,0,0,0,1,1,0
0,1,0,0,1,0,0,0,1,1
1,1,1,0,0,1,1,1,0,1
0,1,0,1,0,0,0,1,0,1
Patch Antenna230
0,0,0,0,0,0,1,0,0,1
1,1,0,0,0,0,1,0,0,1
1,1,1,1,0,1,1,1,0,0
1,0,1,0,0,0,0,0,1,1
1,0,1,0,1,0,0,0,0,1
1,1,1,1,1,1,1,1,1,1
1,1,0,0,1,0,1,0,1,0
1,1,1,1,0,0,1,1,0,0
0,0,0,1,1,1,1,1,1,0
0,1,0,1,1,0,0,0,0,1
Patch Antenna231
0,0,0,1,0,1,1,0,1,0
0,0,1,0,1,1,1,1,0,1
1,1,1,1,0,1,0,1,0,0
0,0,0,0,1,1,0,0,0,1
0,1,0,0,0,1,0,0,0,1
1,0,0,0,1,0,1,0,1,0
0,0,1,1,0,0,0,1,0,1
0,0,0,1,1,1,0,1,0,1
1,1,0,1,0,1,1,0,1,0
1,0,0,1,1,1,1,1,1,1
Patch Antenna232
1,1,1,0,0,0,1,1,1,0
1,1,1,1,1,0,1,1,0,0
0,0,1,1,0,0,1,1,1,0
0,1,1,1,0,1,1,0,1,1
0,0,0,0,0,0,0,1,1,0
1,1,1,1,1,0,0,1,0,1
0,0,1,0,0,0,0,0,0,1
0,0,1,0,1,0,1,1,0,0
0,1,1,1,1,1,0,1,1,0
1,1,1,1,1,1,0,1,0,0
Patch Antenna233
0,0,0,0,0,0,1,0,0,1
0,1,0,0,0,0,0,0,0,1
1,1,1,1,1,0,0,1,1,1
1,1,1,0,0,0,0,1,1,1
0,1,0,0,0,1,1,0,0,1
1,1,0,1,0,0,0,1,1,0
1,1,0,0,0,0,1,0,1,0
1,1,0,0,1,1,1,1,1,0
1,0,0,0,1,1,0,0,1,0
1,0,0,1,0,1,1,0,0,0
Patch Antenna234
0,1,0,1,1,1,1,0,0,0
1,1,0,0,0,1,1,1,0,1
0,0,0,0,1,0,0,1,1,1
1,1,0,1,0,0,0,1,1,1
0,0,0,1,1,0,0,0,1,0
0,1,0,1,1,0,0,1,0,0
0,0,0,0,0,1,1,0,1,1
1,1,0,1,0,0,1,0,1,0
0,0,1,0,1,0,1,0,1,0
0,1,1,1,0,0,0,0,0,0
Patch Antenna235
1,1,0,1,1,0,0,0,0,0
1,1,1,0,1,0,0,0,0,0
0,0,0,1,0,0,0,0,1,0
1,0,1,1,0,1,1,1,1,1
1,1,1,1,1,0,0,1,0,1
0,0,0,0,1,0,1,1,0,0
0,0,0,1,1,1,1,0,1,0
1,0,1,0,0,1,0,1,1,0
1,0,0,1,0,0,1,0,1,1
1,0,0,0,0,1,0,0,1,0
Patch Antenna236
0,1,1,1,0,0,0,0,1,1
0,1,1,0,1,0,0,0,0,0
0,0,1,0,0,0,1,0,1,0
1,0,1,1,1,1,0,0,0,0
0,0,0,0,0,0,1,1,0,0
0,1,1,1,0,0,0,0,1,0
1,0,0,0,0,1,0,0,1,1
0,1,0,0,1,0,0,1,1,0
0,0,1,0,0,1,0,0,0,0
1,0,0,1,1,0,1,1,1,1
Patch Antenna237
1,0,1,1,0,1,1,0,1,1
0,1,0,1,0,0,0,1,0,0
0,1,1,0,1,1,1,1,0,0
1,0,0,0,1,1,1,1,1,1
1,1,1,0,0,1,1,0,1,1
1,1,0,1,1,0,0,0,1,0
0,0,1,0,0,1,1,0,1,0
1,1,1,1,0,0,1,1,0,1
0,0,0,0,0,1,0,1,1,1
1,1,0,0,0,0,1,0,1,1
Patch Antenna238
0,0,0,1,0,0,1,0,1,1
1,1,1,0,0,0,1,0,1,0
0,0,0,0,1,0,0,1,0,0
1,1,1,0,1,1,0,0,0,1
1,1,1,1,1,0,1,0,1,1
1,1,0,0,0,0,1,1,1,0
1,1,0,0,1,0,1,1,0,0
1,0,0,1,0,0,0,1,0,1
0,1,1,0,1,1,0,0,1,1
1,0,1,0,1,1,1,1,0,1
Patch Antenna239
0,0,0,0,1,0,1,1,1,0
0,1,1,0,1,0,0,0,1,0
1,0,0,1,1,1,0,0,0,0
0,0,0,1,1,1,0,1,0,0
0,0,1,0,1,1,1,1,1,1
1,0,1,1,1,0,1,0,0,0
1,1,1,1,1,0,0,0,0,0
1,1,0,0,1,0,0,0,1,1
0,1,1,1,0,0,0,0,1,0
1,0,0,1,0,0,0,1,1,1
Patch Antenna240
0,1,1,1,1,0,1,1,0,0
1,1,1,0,1,1,1,1,0,1
0,1,0,0,0,1,1,1,1,0
1,1,0,0,1,1,0,1,1,0
1,1,0,0,0,1,1,1,0,0
0,1,1,1,1,1,0,0,1,0
0,0,1,1,0,1,0,0,0,0
0,0,1,1,0,1,0,0,1,0
0,1,0,1,1,0,0,0,1,0
1,0,0,1,0,1,1,0,0,0
Patch Antenna241
1,0,0,1,0,0,0,0,1,0
0,0,1,1,0,1,1,1,1,0
0,0,1,0,0,0,0,1,0,1
0,1,0,1,1,0,0,1,1,0
0,0,1,1,1,0,0,0,0,0
1,1,0,1,0,1,0,1,1,0
0,0,1,0,1,0,1,1,1,0
1,1,0,0,1,0,1,0,0,0
1,0,0,0,0,1,0,1,0,0
0,1,0,0,0,1,0,0,1,0
Patch Antenna242
0,1,0,1,1,1,1,1,0,0
1,1,0,1,1,0,0,1,0,0
1,0,1,1,1,0,0,0,0,0
1,0,1,1,1,0,1,1,0,0
0,1,1,0,0,1,0,0,0,1
1,0,1,1,0,1,1,0,0,1
1,0,0,0,1,0,1,1,0,1
0,1,1,0,0,0,1,1,0,0
1,0,1,0,0,0,0,0,0,0
0,0,1,1,0,1,1,1,0,1
Patch Antenna243
0,0,1,0,1,1,0,0,1,0
1,0,0,1,0,0,1,1,1,1
0,1,1,1,1,1,1,1,1,0
1,1,0,0,0,1,1,0,1,1
0,1,0,1,0,0,1,0,0,1
1,0,0,1,1,0,0,1,0,0
0,1,0,0,1,0,0,1,0,1
0,0,1,0,1,1,1,1,0,0
1,1,0,0,0,1,0,0,1,1
0,0,1,0,1,0,1,1,0,0
Patch Antenna244
1,1,0,1,1,0,1,1,1,1
1,0,1,1,1,0,0,0,0,0
1,0,1,0,1,0,1,1,1,1
1,0,0,1,1,0,0,1,1,0
1,1,0,0,1,0,0,1,1,0
1,1,0,1,1,1,1,1,1,1
1,0,0,1,1,0,1,0,1,1
0,0,1,1,0,1,1,0,1,0
1,1,0,0,0,0,0,1,1,0
1,1,1,0,0,0,1,0,0,1
Patch Antenna245
0,1,0,1,1,0,1,0,0,1
1,1,1,1,0,1,0,1,0,1
1,1,1,0,0,0,0,1,1,1
0,1,0,1,0,1,0,0,1,1
0,1,0,1,0,0,0,1,1,1
1,0,0,0,0,0,0,1,0,0
1,1,1,1,0,0,0,0,0,1
0,1,1,0,0,1,1,0,0,1
0,1,0,0,1,1,1,0,1,1
1,1,0,0,0,1,0,1,0,0
Patch Antenna246
0,0,0,1,0,0,1,0,1,0
0,1,0,1,1,0,1,1,0,1
1,0,1,1,0,0,0,0,0,1
0,0,0,1,0,0,0,0,1,1
1,0,0,1,0,0,0,0,0,0
0,1,1,1,0,1,1,1,0,1
0,0,0,0,0,1,1,0,0,0
0,1,1,0,0,1,1,1,1,0
1,0,1,1,1,0,1,0,1,1
0,1,1,1,0,1,1,1,1,0
Patch Antenna247
0,0,0,1,1,0,1,0,1,1
0,1,0,0,0,0,0,1,1,0
1,0,1,0,1,1,0,1,0,0
0,1,0,1,1,1,1,1,1,1
1,1,1,0,0,0,0,1,0,0
1,0,1,1,1,1,0,1,0,1
0,1,1,1,0,1,1,0,1,0
1,0,0,1,0,0,0,0,0,0
1,0,1,0,1,1,1,1,0,0
0,1,0,0,0,0,1,0,1,0
Patch Antenna248
0,0,1,0,0,1,1,0,0,0
1,0,0,0,1,1,1,0,0,0
0,0,1,0,0,0,1,1,1,1
1,1,1,0,0,0,1,1,1,0
0,1,0,0,0,1,0,0,1,1
1,0,1,1,1,0,0,0,1,0
0,1,1,1,1,0,0,0,1,1
1,1,1,0,0,0,1,0,1,1
1,0,1,0,0,0,0,1,1,0
0,1,1,0,0,0,1,1,1,1
Patch Antenna249
0,1,1,1,0,1,0,0,1,0
0,1,1,0,1,0,0,0,0,1
1,0,1,0,0,1,0,1,0,0
0,1,1,0,0,1,1,0,0,0
1,1,0,0,0,1,1,1,1,1
1,0,1,1,0,0,1,0,0,1
0,1,0,0,1,1,1,1,0,0
1,1,0,1,0,1,1,0,0,1
0,1,0,0,0,1,0,1,0,0
0,1,0,0,1,1,1,0,0,0
Patch Antenna250
1,1,0,0,1,0,1,1,1,0
0,1,0,0,0,1,0,1,1,1
0,0,0,1,1,1,1,1,1,0
0,1,1,1,0,0,0,0,0,0
0,1,0,0,1,0,1,0,0,0
1,0,1,1,1,1,0,0,1,1
0,0,1,0,1,1,1,1,0,1
0,1,0,0,1,0,0,1,0,1
0,1,0,1,0,0,1,1,1,1
1,1,1,1,1,1,0,0,0,0
Patch Antenna251
0,1,1,0,0,0,0,0,0,0
1,1,0,0,1,0,1,1,0,1
0,1,1,0,0,0,0,0,0,1
1,1,0,1,0,0,1,0,0,1
0,0,0,0,1,0,1,0,1,0
0,0,0,1,1,0,0,0,1,1
0,1,0,1,1,0,0,1,1,0
1,0,1,1,0,1,1,1,1,0
0,1,1,0,0,0,1,0,0,1
0,1,0,0,1,1,0,0,0,0
Patch Antenna252
0,0,1,1,1,0,1,0,1,0
1,0,0,0,0,0,0,0,0,1
1,0,0,1,1,0,1,1,0,1
1,0,0,0,0,1,0,0,0,1
0,0,0,0,0,1,0,1,1,0
0,1,1,1,0,0,1,0,0,1
0,1,1,0,0,1,0,0,0,1
1,0,1,0,1,0,0,0,0,0
1,1,1,1,0,1,1,0,1,0
0,0,1,0,0,1,1,1,1,0
Patch Antenna253
0,0,1,1,1,1,1,1,1,1
0,1,0,1,1,0,0,0,0,1
0,0,0,1,1,1,0,1,0,0
1,1,1,0,0,0,1,1,0,0
1,0,0,1,0,1,0,1,0,1
0,1,1,0,0,0,0,1,1,1
1,1,1,1,0,0,0,0,0,1
0,1,0,1,1,1,0,0,1,0
0,0,1,0,0,0,0,1,0,1
1,0,0,1,1,1,1,1,1,0
Patch Antenna254
1,1,0,1,0,0,0,1,1,1
0,1,1,0,0,1,0,1,1,1
0,0,0,0,1,0,1,0,0,0
1,1,1,0,0,1,1,1,0,0
0,1,0,0,0,1,0,0,0,0
1,1,0,1,1,1,1,1,0,1
0,0,0,1,1,0,1,0,0,0
1,1,0,1,1,0,0,1,1,0
1,0,1,0,0,0,1,1,1,0
1,0,1,1,1,1,0,1,1,0
Patch Antenna255
1,1,0,1,1,1,1,0,1,0
0,0,0,0,0,1,0,0,0,1
1,1,1,0,0,0,1,1,1,1
1,1,1,0,0,0,1,1,0,0
1,1,1,0,0,0,1,1,1,0
0,0,0,0,1,1,1,1,1,0
0,0,1,0,1,0,0,0,1,1
0,0,0,1,1,1,0,1,0,1
1,1,1,1,1,0,0,1,1,0
0,1,0,1,1,1,0,1,1,0
Patch Antenna256
1,0,1,1,0,0,1,0,0,0
1,1,0,0,1,1,0,1,1,1
0,1,1,0,0,0,1,1,1,0
1,1,0,1,0,1,0,1,1,0
0,0,1,0,1,0,0,1,0,0
0,1,0,1,1,0,0,1,1,1
1,1,1,0,1,0,0,1,0,0
1,0,0,0,0,0,0,1,0,0
0,0,0,1,0,1,1,1,1,1
1,1,0,0,1,0,0,0,0,1
Patch Antenna257
1,0,1,0,1,0,1,1,0,0
1,0,1,0,1,0,1,0,1,1
0,1,0,1,1,0,1,0,0,0
1,0,0,1,0,0,1,1,1,0
1,1,1,1,1,0,0,0,0,1
1,0,1,1,1,1,1,0,1,1
0,1,0,1,1,0,0,1,0,1
1,0,0,0,0,0,0,1,0,1
0,1,0,0,1,0,0,1,1,0
0,0,1,1,0,1,1,0,1,0
Patch Antenna258
0,0,1,1,0,1,1,1,0,1
0,0,1,0,0,1,1,0,0,0
0,0,0,0,1,0,1,0,0,0
0,1,1,1,1,1,1,0,1,1
1,1,0,1,0,1,1,0,0,0
1,1,1,1,1,0,1,1,1,1
1,0,0,0,0,0,1,1,1,0
1,0,0,0,0,1,0,0,1,1
1,0,0,1,0,0,0,1,0,0
0,0,1,0,1,1,1,0,0,1
Patch Antenna259
1,1,1,0,0,0,0,1,0,1
1,1,1,1,1,0,1,1,0,1
0,0,0,0,0,0,1,1,1,0
1,1,0,1,0,0,1,1,0,0
1,0,0,0,0,1,0,1,1,0
0,1,0,0,1,0,1,1,1,0
0,0,1,0,1,1,0,1,1,0
0,1,0,1,1,1,0,1,1,0
1,1,0,0,0,1,1,0,1,1
0,1,1,0,1,1,0,1,0,1
Patch Antenna260
1,0,0,1,1,1,1,1,0,1
0,0,1,0,0,0,1,0,0,0
0,0,1,0,0,1,0,0,0,0
0,1,1,0,0,1,1,0,1,0
1,1,0,0,0,0,0,0,0,1
0,0,1,1,1,1,1,0,1,1
1,0,1,0,0,1,1,0,0,0
0,1,0,0,1,0,0,0,1,1
0,1,1,0,0,1,0,0,1,0
1,1,1,0,1,0,1,0,1,1
Patch Antenna261
0,1,1,1,0,0,1,1,1,0
1,0,0,1,1,1,0,0,0,1
0,1,1,0,0,0,1,1,1,1
0,1,0,0,0,0,0,0,0,1
1,0,0,1,0,0,0,0,1,0
1,1,1,1,0,1,1,0,0,1
0,0,1,0,1,1,0,1,1,0
0,1,0,0,0,1,1,0,1,1
1,0,1,1,0,1,0,0,1,1
1,1,1,0,1,0,0,0,1,0
Patch Antenna262
0,1,1,0,0,0,1,1,0,0
0,1,0,0,1,0,1,0,1,1
0,0,0,1,0,1,0,1,0,0
0,1,0,0,1,1,1,0,1,1
0,0,1,1,0,1,0,1,0,1
1,0,1,0,1,1,1,0,0,1
0,1,0,1,1,1,1,1,1,0
1,0,1,0,0,0,1,0,0,1
0,0,0,0,1,0,0,0,0,1
0,0,0,0,1,0,0,1,1,0
Patch Antenna263
0,1,0,0,0,0,0,1,0,1
1,1,0,1,0,1,0,1,1,0
1,1,0,0,1,0,0,0,0,1
1,0,0,1,0,0,0,1,0,0
0,0,1,0,1,1,1,1,0,0
1,1,0,1,0,0,1,1,1,1
1,1,1,1,1,0,1,1,1,0
0,1,1,0,1,1,0,1,1,0
1,0,0,0,1,1,1,1,1,0
0,0,0,1,1,0,1,0,1,0
Patch Antenna264
1,1,0,0,1,0,1,1,1,0
1,0,0,0,1,1,0,1,1,1
0,1,0,0,0,1,1,0,0,0
1,0,1,0,1,1,0,0,0,1
0,1,1,1,1,1,0,1,0,0
1,0,0,0,0,1,0,1,0,0
1,0,1,1,1,1,1,0,0,0
1,1,1,0,1,1,1,1,0,1
0,0,0,0,0,1,1,0,0,1
1,1,1,0,1,1,0,0,0,1
Patch Antenna265
1,0,0,0,1,0,0,0,1,1
0,0,1,1,0,1,0,0,1,1
0,1,1,0,1,1,0,1,1,0
0,1,1,0,1,0,1,0,0,1
0,0,0,1,0,1,1,1,1,1
1,0,0,0,0,0,1,1,0,1
0,1,1,1,0,0,1,1,1,1
1,0,0,1,0,1,0,1,1,0
1,1,0,1,1,0,1,0,0,1
0,0,0,0,1,1,1,1,0,0
Patch Antenna266
0,1,0,0,1,1,1,0,0,0
1,0,0,1,0,1,0,1,0,0
0,0,0,1,0,1,1,1,1,1
0,1,0,1,1,1,0,0,1,1
1,0,1,0,0,0,1,0,0,1
0,0,1,0,1,1,0,1,1,1
0,1,1,0,0,0,1,1,0,1
1,1,1,1,0,0,0,0,0,0
1,1,1,1,1,1,0,1,1,0
1,1,1,1,1,1,0,0,0,0
Patch Antenna267
1,0,0,0,0,0,1,1,0,0
1,1,0,0,1,1,1,0,1,1
1,1,1,1,1,1,0,1,1,1
1,1,0,0,0,1,1,0,0,0
0,0,1,1,0,1,1,0,0,0
1,1,0,1,0,0,0,0,1,0
1,0,1,0,0,1,1,0,0,0
0,0,1,1,0,1,1,0,0,0
0,0,1,0,1,0,1,0,0,0
1,0,1,0,0,1,1,1,1,1
Patch Antenna268
1,1,0,1,0,1,1,1,0,1
0,1,1,0,0,0,1,0,1,0
1,0,1,1,1,0,0,1,1,0
0,1,1,0,1,1,0,0,1,0
1,1,0,1,0,0,1,0,1,0
0,1,0,1,0,0,0,1,0,1
1,0,0,0,1,0,0,0,0,1
1,1,1,1,1,1,1,1,1,0
1,0,1,0,1,0,1,0,1,1
1,0,1,0,1,1,0,0,1,1
Patch Antenna269
0,0,1,1,1,0,0,0,1,0
1,0,1,0,1,1,0,1,0,1
0,0,0,0,1,1,1,0,0,1
1,0,0,1,1,0,0,1,0,0
0,0,1,0,1,0,0,1,1,0
1,1,1,0,1,1,0,1,0,0
0,0,1,0,0,1,0,1,1,0
0,0,0,1,1,1,0,0,1,0
1,1,0,1,1,1,0,0,1,1
0,1,0,0,0,0,1,0,1,0
Patch Antenna270
1,1,1,1,1,0,1,1,0,1
0,0,1,0,0,1,0,1,1,0
0,0,1,1,1,0,0,0,1,0
1,1,1,0,0,0,0,1,0,0
0,0,0,0,0,0,1,0,0,1
1,1,1,1,0,1,0,1,1,0
1,1,0,0,0,1,0,1,0,1
0,0,0,0,0,1,1,0,0,0
1,0,1,1,1,1,0,0,0,0
0,1,1,0,1,0,1,1,0,0
Patch Antenna271
1,0,0,0,1,0,0,0,0,0
1,1,1,0,0,0,0,1,0,0
0,1,1,1,0,0,1,1,0,0
1,1,0,0,0,1,0,1,1,1
0,1,1,1,1,0,0,0,1,1
0,1,0,1,0,0,1,0,0,1
0,0,1,0,0,0,1,0,0,0
1,1,1,0,0,0,0,0,0,0
1,1,0,0,0,1,1,1,1,1
1,0,0,1,1,1,0,1,1,0
Patch Antenna272
1,0,0,1,1,0,1,0,1,1
1,1,1,1,0,0,0,1,0,1
1,0,0,0,1,1,1,0,0,0
1,0,0,0,1,1,0,1,1,0
0,1,1,0,0,0,1,1,1,0
0,0,1,1,0,0,1,0,1,0
0,1,0,0,0,1,0,1,0,0
1,1,0,1,0,0,0,1,0,0
1,0,1,0,0,0,1,0,0,0
1,0,1,1,1,0,0,1,1,0
Patch Antenna273
0,0,0,1,0,1,0,1,0,1
1,1,0,1,0,0,1,1,0,0
0,1,1,1,1,1,1,1,1,1
1,1,1,0,1,0,1,1,0,1
1,1,0,1,1,0,0,0,0,0
1,0,1,0,0,0,0,0,1,0
0,0,1,0,0,1,0,1,1,1
0,0,0,0,1,1,1,1,0,0
1,0,1,1,0,1,1,1,0,0
1,0,0,0,0,1,0,0,0,1
Patch Antenna274
0,0,1,1,1,0,0,0,0,0
0,1,1,1,1,0,0,1,0,1
0,1,1,0,0,0,1,1,0,0
1,0,0,0,0,1,0,1,0,0
0,0,1,1,0,0,0,0,0,1
1,0,0,1,0,0,1,0,1,1
0,0,1,1,0,1,1,1,0,0
0,0,0,0,0,1,1,0,1,1
0,1,0,1,0,0,0,1,1,1
0,0,0,0,1,1,1,1,0,1
Patch Antenna275
0,0,1,1,1,0,0,0,1,1
1,0,1,1,0,0,1,1,0,0
0,0,1,0,1,0,1,1,1,1
0,0,1,0,1,1,0,0,0,1
1,0,0,0,0,1,0,0,0,1
0,0,1,0,0,1,0,0,0,0
0,0,1,1,1,1,1,1,0,1
0,1,1,0,0,1,0,0,0,1
0,0,0,1,1,1,1,1,0,0
0,0,0,0,0,1,1,1,0,0
Patch Antenna276
1,1,0,0,1,0,1,1,1,0
0,0,1,0,1,1,1,1,0,1
0,0,1,0,1,1,0,0,0,1
1,0,0,1,0,1,1,0,1,0
1,0,1,1,0,1,1,0,0,0
0,0,1,0,0,1,0,1,1,0
1,1,1,0,0,1,1,1,1,0
1,0,0,1,0,0,1,1,0,0
0,1,0,0,1,0,0,1,0,1
0,1,0,0,0,1,1,1,0,0
Patch Antenna277
1,1,1,0,1,0,1,0,1,0
1,0,0,1,1,0,0,0,0,1
0,0,1,0,1,0,0,1,1,1
0,0,1,0,1,0,1,1,1,0
1,0,0,0,1,0,1,1,1,1
0,0,1,1,1,0,1,1,0,1
0,0,1,1,0,1,0,1,0,1
0,1,1,1,1,0,0,1,0,0
1,0,1,0,1,0,1,0,1,0
1,0,1,1,0,1,0,0,0,0
Patch Antenna278
1,1,0,0,0,1,0,0,1,1
0,0,0,0,1,1,1,1,0,1
0,0,0,1,1,1,1,1,0,1
0,1,1,0,1,0,0,0,1,1
1,1,1,0,0,1,0,1,0,0
1,0,1,1,0,1,0,1,1,1
0,1,1,0,0,1,0,1,0,1
1,0,1,0,0,0,0,1,1,0
1,1,1,1,0,1,0,1,0,0
0,0,0,0,0,0,0,1,0,1
Patch Antenna279
0,0,1,1,1,1,1,0,1,0
0,0,0,0,1,1,0,1,1,1
1,0,0,1,0,0,0,1,1,1
1,0,1,1,1,1,0,0,1,0
0,0,1,0,0,1,1,0,1,1
0,0,1,1,1,1,0,1,0,0
1,1,0,0,1,0,0,0,0,0
1,1,1,1,1,0,0,0,0,1
1,1,0,0,1,0,1,0,1,1
1,0,1,1,0,1,1,0,1,1
Patch Antenna280
0,1,0,0,1,0,0,0,1,1
1,0,1,0,1,1,1,0,0,1
0,1,0,0,0,0,0,0,1,1
1,1,0,1,1,0,0,1,0,1
0,0,1,1,0,0,0,0,1,1
0,0,1,1,1,1,1,1,1,0
0,0,1,0,1,1,1,0,0,0
0,1,0,0,1,1,0,0,0,1
0,1,1,0,1,1,1,1,0,1
0,0,0,1,0,1,1,0,0,0
Patch Antenna281
1,1,0,0,0,0,0,1,1,1
1,0,0,1,0,0,0,0,0,0
0,0,1,0,1,0,1,1,0,0
0,0,0,0,0,0,1,1,0,1
1,1,1,1,1,0,1,0,0,0
1,1,1,0,1,1,0,1,1,0
1,0,0,0,1,1,0,1,1,1
0,1,0,1,0,1,0,1,0,1
1,0,0,0,1,1,1,0,1,0
1,1,1,1,0,0,0,1,1,0
Patch Antenna282
1,0,0,0,0,0,0,0,0,0
1,0,0,1,1,1,1,0,0,1
1,1,0,0,0,1,0,0,1,1
0,0,0,1,1,1,1,1,0,0
1,0,1,0,1,0,1,1,0,0
1,1,1,1,1,0,1,1,1,1
0,0,1,1,0,0,1,0,1,0
1,0,1,1,1,0,0,1,0,0
1,1,0,0,0,0,0,1,1,1
1,0,0,1,1,0,1,0,1,0
Patch Antenna283
0,0,0,0,0,1,0,0,1,1
1,1,0,0,0,0,1,0,1,1
1,1,0,1,1,1,1,1,0,1
1,0,0,0,0,1,0,1,0,1
1,1,1,0,0,0,1,0,1,0
1,0,1,0,0,0,1,1,0,1
0,1,0,0,1,0,0,0,1,1
0,0,1,0,0,0,0,0,0,0
0,0,0,1,1,1,0,1,0,1
0,1,0,1,1,1,1,1,1,0
Patch Antenna284
0,1,1,1,1,1,0,1,1,0
1,0,1,0,0,0,0,0,1,1
1,0,1,0,0,1,1,1,1,0
0,1,1,1,1,0,1,1,0,1
0,0,1,1,0,0,1,0,0,1
0,0,1,1,0,0,0,0,0,1
0,1,0,1,0,1,0,1,0,1
1,1,0,0,1,1,1,0,1,0
0,0,1,0,1,0,0,0,0,0
1,1,1,0,1,1,1,0,0,1
Patch Antenna285
0,0,1,0,0,0,0,1,1,1
1,0,1,0,0,0,0,1,0,1
1,1,1,0,0,0,1,1,0,0
1,0,0,1,0,0,0,1,0,1
1,0,1,1,0,0,0,1,1,0
0,1,1,1,1,1,0,1,0,1
0,1,0,1,0,1,0,1,0,0
0,1,1,0,0,1,0,0,0,0
0,0,0,1,0,1,0,1,1,0
1,1,0,0,1,1,0,0,0,0
Patch Antenna286
1,0,0,0,0,1,0,1,1,1
1,0,0,0,1,0,0,0,0,1
0,0,1,0,0,1,1,0,1,1
0,0,0,0,0,1,0,1,0,1
1,1,0,1,1,1,1,1,1,0
1,1,1,1,1,1,1,0,0,0
0,0,0,1,0,1,0,1,1,0
0,0,1,1,0,0,0,0,1,1
1,0,1,1,1,0,1,0,0,1
1,0,1,1,1,1,1,0,1,1
Patch Antenna287
1,0,1,1,0,0,0,1,1,1
1,0,0,1,1,1,0,0,0,0
0,1,0,0,0,1,1,1,1,0
0,1,1,1,0,1,0,0,1,1
0,1,1,1,1,0,0,1,0,0
1,0,0,1,0,0,0,0,0,0
0,0,1,1,1,1,1,0,0,1
1,0,1,0,0,1,1,1,1,0
1,0,1,1,0,1,1,0,0,0
0,0,1,1,0,1,0,0,1,0
Patch Antenna288
1,0,0,1,1,1,1,1,0,0
1,0,0,0,0,0,1,0,0,0
1,0,0,0,1,1,1,1,1,1
0,0,1,1,1,1,1,0,0,0
0,0,1,0,1,1,1,1,1,1
0,1,0,0,0,0,0,1,0,0
1,0,0,1,1,1,1,0,1,1
1,1,1,0,0,1,0,0,0,0
0,0,0,0,0,1,1,0,0,1
1,1,0,1,0,0,0,1,1,1
Patch Antenna289
1,0,1,1,1,1,0,0,0,1
1,0,1,1,0,1,0,1,0,1
1,1,1,1,0,1,0,1,0,1
1,1,0,1,0,1,0,1,0,0
0,0,0,0,0,1,1,0,0,0
0,1,0,1,1,1,0,1,0,1
1,1,0,1,0,1,0,1,1,0
1,0,1,0,0,1,1,0,1,0
1,0,0,1,1,0,0,1,1,1
1,1,1,1,0,0,0,0,1,1
Patch Antenna290
1,0,1,1,1,1,0,0,0,1
1,0,1,1,0,0,0,1,0,0
1,0,0,1,1,1,0,0,1,0
0,1,1,0,0,1,1,1,0,0
0,0,1,1,1,1,0,1,0,1
1,1,1,1,0,0,1,0,0,0
0,1,0,0,1,1,0,0,0,1
0,1,0,0,0,1,0,1,1,1
0,0,1,1,0,1,1,0,1,0
0,1,0,1,1,0,1,1,1,1
Patch Antenna291
0,0,1,0,0,1,1,0,1,0
1,1,0,1,0,0,1,0,0,1
0,1,1,0,1,1,1,0,0,1
1,0,0,0,0,1,1,0,0,0
1,1,0,0,0,1,0,0,1,1
1,0,0,0,0,1,0,1,1,1
1,0,0,0,1,1,1,1,1,1
1,1,1,1,1,0,0,1,0,1
1,1,1,1,0,1,0,1,0,1
0,1,0,0,0,0,0,1,0,1
Patch Antenna292
1,0,0,0,1,0,0,0,1,1
0,0,0,1,0,0,1,0,1,1
0,1,0,0,0,1,0,0,1,0
1,0,1,0,1,0,1,1,0,0
1,0,0,1,0,0,1,1,1,0
0,1,1,1,0,1,0,1,0,1
0,1,0,0,1,1,1,1,0,0
0,0,0,0,1,1,0,0,1,1
1,1,0,1,1,1,1,1,1,0
0,0,1,0,1,0,0,0,0,1
Patch Antenna293
0,0,1,0,0,0,0,1,0,1
0,1,0,0,0,1,1,0,1,0
1,0,0,0,1,1,1,0,0,1
0,1,1,1,1,1,1,1,1,0
1,0,0,1,0,0,0,1,1,1
1,1,0,1,0,0,0,0,0,1
0,1,0,0,0,0,1,1,1,0
1,1,0,1,0,1,1,1,1,0
1,0,1,0,1,0,1,0,0,0
0,0,0,0,1,0,1,1,1,1
Patch Antenna294
0,1,1,1,0,0,1,0,1,0
0,1,1,0,0,1,1,1,0,0
0,0,1,0,1,1,0,0,1,1
1,0,1,0,1,0,0,1,1,1
1,0,0,1,0,0,1,0,1,0
0,1,0,0,1,1,0,0,0,0
1,0,0,1,1,0,1,0,1,0
0,0,1,1,1,1,1,1,0,0
0,1,0,0,0,1,1,0,1,1
0,1,1,0,0,1,0,1,0,0
Patch Antenna295
1,1,0,0,1,0,0,1,1,1
1,0,1,0,0,1,0,1,0,1
1,0,1,0,0,0,0,1,1,0
1,0,1,0,1,0,0,1,1,0
0,1,1,0,1,1,0,1,1,0
0,1,0,0,1,0,1,0,1,1
0,1,1,0,0,1,1,0,1,0
1,0,1,0,0,1,0,1,0,1
1,0,0,1,0,0,1,1,1,1
1,0,0,1,0,0,1,1,1,0
Patch Antenna296
0,0,1,0,0,0,0,1,1,0
0,0,1,1,0,0,0,1,0,1
0,0,0,1,0,0,0,0,1,0
1,0,0,1,0,0,0,0,1,1
1,0,1,1,0,0,0,0,1,0
0,1,1,1,0,0,0,1,0,0
0,0,1,1,1,1,0,0,1,1
0,0,0,0,1,0,1,1,0,1
1,0,1,0,0,0,0,1,0,0
0,0,0,1,0,0,0,0,0,0
Patch Antenna297
1,0,0,1,0,1,0,1,0,0
1,1,0,1,0,0,1,1,0,0
0,1,1,0,0,1,0,1,0,0
0,1,1,1,1,1,0,0,0,0
0,1,0,0,0,1,0,0,1,0
0,0,0,1,0,0,1,0,0,0
1,0,1,0,0,0,0,0,0,1
0,1,0,0,1,0,0,1,1,0
0,0,0,1,0,1,0,1,1,1
1,0,1,1,1,0,1,1,1,1
Patch Antenna298
0,1,1,0,1,1,0,0,0,1
1,1,1,0,0,1,1,1,1,1
1,0,0,0,0,0,1,0,1,0
1,0,1,1,1,1,0,1,1,0
1,1,1,0,0,1,0,1,0,0
0,0,1,0,1,0,1,0,1,1
0,1,1,1,1,0,1,1,1,0
0,1,1,1,1,1,1,1,0,1
1,1,0,1,0,1,1,0,0,1
1,1,1,0,1,0,0,0,1,1
Patch Antenna299
0,1,1,1,1,1,1,1,0,1
1,0,1,1,1,1,1,0,1,1
1,0,1,1,0,0,0,1,0,1
0,1,0,1,0,0,1,0,1,1
0,1,1,1,1,1,0,1,1,0
1,0,0,1,1,0,1,1,0,0
1,1,1,0,0,0,1,0,1,0
0,1,0,1,1,0,1,0,1,0
1,1,1,0,0,0,1,0,1,0
0,0,0,1,1,1,0,1,1,0
Patch Antenna300
0,1,1,1,1,0,0,1,1,0
1,1,0,0,0,1,0,1,1,1
1,1,1,1,0,1,0,0,1,0
1,0,0,1,1,0,0,0,0,0
1,1,1,1,1,0,1,1,1,0
1,0,0,0,1,0,0,0,0,1
1,0,1,0,1,1,1,0,0,0
1,0,0,1,1,1,0,0,1,1
0,1,0,1,0,0,1,0,1,1
1,1,0,0,0,1,1,1,0,0
Patch Antenna301
0,1,1,0,0,1,0,1,1,1
1,1,1,1,0,1,0,1,0,1
1,1,1,0,0,1,1,0,0,0
1,1,1,1,1,0,1,1,0,1
1,0,0,1,0,0,1,1,0,1
1,0,0,1,0,0,1,1,0,0
0,0,0,0,1,0,1,1,0,1
1,1,1,1,0,1,0,1,0,0
0,0,1,1,1,0,0,0,0,1
0,1,0,1,1,1,1,0,1,1
Patch Antenna302
0,0,1,1,1,0,0,0,1,1
0,0,0,0,1,0,1,1,1,0
1,1,0,0,1,1,0,1,0,0
1,0,1,1,1,0,0,1,0,0
1,0,1,1,0,1,0,1,1,1
1,1,0,1,1,1,1,1,0,0
0,1,0,0,1,0,1,0,1,0
0,0,0,1,1,1,1,0,1,0
1,1,0,1,0,0,0,1,0,1
0,1,0,1,1,0,1,0,1,0
Patch Antenna303
1,0,1,1,1,1,0,1,0,1
1,0,1,1,0,0,0,1,1,1
1,1,1,1,1,0,0,0,0,1
0,0,0,1,1,1,0,1,0,0
0,0,0,0,1,0,0,0,1,0
0,0,0,0,1,1,0,1,1,1
1,1,1,1,0,1,0,0,1,0
0,1,1,1,1,1,1,0,0,0
1,0,1,1,1,0,0,0,0,0
0,1,1,1,1,0,0,0,0,1
Patch Antenna304
0,0,0,0,1,0,0,0,0,1
1,1,0,1,0,0,0,1,1,1
1,1,1,0,1,1,0,1,0,1
1,0,0,0,1,0,1,1,0,0
0,0,0,0,1,0,1,0,0,1
0,1,1,0,1,1,1,0,1,0
1,0,1,1,0,1,0,1,1,1
0,1,0,1,1,1,1,0,1,0
1,1,0,0,1,0,1,1,1,0
1,1,0,1,0,0,0,0,1,1
Patch Antenna305
1,0,1,0,0,1,0,1,1,0
1,0,0,0,1,0,1,1,0,0
0,0,0,1,1,1,1,1,0,1
0,0,0,0,0,1,0,1,0,0
0,1,1,1,1,0,0,1,0,0
0,1,1,0,0,0,1,1,0,1
1,0,1,1,0,1,1,1,0,0
0,1,1,1,0,1,1,1,0,1
1,0,1,0,0,0,0,1,1,1
0,0,0,1,0,1,0,0,0,0
Patch Antenna306
0,1,1,0,0,0,1,1,0,0
0,0,0,1,1,0,1,0,0,1
0,0,0,0,1,1,0,1,0,1
1,1,1,1,1,1,0,1,1,0
1,1,1,0,0,0,1,0,0,0
1,1,1,1,1,0,1,0,1,1
1,1,0,0,0,0,0,0,1,0
0,0,1,1,0,1,1,0,0,0
1,0,0,1,1,1,0,1,0,0
0,1,0,0,0,0,1,1,0,0
Patch Antenna307
0,0,1,0,0,0,1,1,1,1
1,0,0,0,0,0,0,0,0,0
1,0,0,1,1,0,0,0,0,1
0,1,1,0,0,0,1,0,1,0
1,1,1,0,0,1,1,1,0,1
1,1,1,1,0,0,0,1,1,1
1,1,1,0,0,1,0,0,0,0
1,1,1,0,0,1,1,1,1,1
1,0,1,0,0,1,1,1,1,1
0,1,1,1,0,0,1,0,0,0
Patch Antenna308
0,1,1,0,1,0,1,1,1,0
0,1,1,1,1,0,1,0,1,1
1,1,0,0,1,1,1,0,0,1
1,0,0,0,0,1,0,0,0,0
1,0,1,1,0,1,0,0,0,1
0,0,0,0,1,0,1,1,0,0
0,1,1,1,1,0,1,1,1,1
0,0,1,0,0,0,0,1,1,0
0,0,0,0,1,1,0,0,1,0
0,0,0,1,0,1,1,1,1,0
Patch Antenna309
1,1,0,1,1,1,1,1,1,0
0,1,0,1,1,0,1,0,1,1
1,0,0,0,1,0,1,0,1,0
0,0,0,1,0,0,0,0,1,0
0,1,1,0,1,1,0,1,1,1
0,1,0,1,0,0,0,1,0,0
1,0,0,0,1,1,1,1,1,1
0,1,1,1,1,0,1,1,1,0
0,1,1,0,1,1,0,1,0,1
0,1,1,1,1,1,1,0,0,0
Patch Antenna310
1,0,0,0,1,0,0,0,0,0
0,1,1,0,0,1,0,1,1,1
0,1,1,0,0,1,1,0,1,1
0,1,1,1,0,1,0,0,1,0
0,0,1,1,0,0,0,0,0,0
0,0,1,1,1,1,1,1,1,0
0,1,1,0,0,1,0,1,1,1
1,0,1,1,1,0,1,1,1,1
1,1,1,0,1,0,0,1,0,0
0,1,1,1,1,1,0,0,1,0
Patch Antenna311
1,0,0,1,0,1,1,0,1,0
0,0,0,0,0,0,1,1,0,0
1,0,1,1,0,0,1,1,1,1
0,0,0,0,0,0,0,1,1,1
0,0,1,0,0,0,1,1,0,0
0,1,0,0,1,0,0,1,1,0
1,1,1,0,0,0,0,0,1,1
1,0,0,0,1,1,1,0,0,0
0,0,1,1,0,1,1,1,1,1
0,1,0,0,1,0,1,1,1,0
Patch Antenna312
1,0,0,1,1,0,1,0,1,1
1,1,0,0,1,0,0,0,0,0
0,1,0,0,1,1,0,0,1,1
0,1,1,0,1,0,0,0,0,0
1,1,1,0,1,1,0,0,1,1
1,1,1,1,0,1,1,0,1,1
0,0,1,0,1,0,0,0,0,0
0,0,1,0,1,1,1,1,1,1
0,0,1,1,1,0,0,1,0,1
0,1,0,0,0,1,1,0,1,1
Patch Antenna313
1,1,0,0,0,1,0,1,1,1
1,1,1,0,1,1,1,1,0,1
1,0,0,1,1,1,0,1,1,1
1,0,0,1,1,0,0,1,1,0
1,1,1,0,0,0,0,0,1,0
1,0,1,1,1,1,1,1,1,0
1,0,0,1,1,1,0,1,0,1
0,1,0,0,1,1,0,0,0,0
1,1,1,1,0,1,0,1,1,0
0,1,0,0,1,0,1,0,1,1
Patch Antenna314
0,0,1,1,0,0,1,1,0,0
0,0,0,1,0,1,1,1,1,0
1,1,1,0,1,0,1,1,0,1
1,0,1,1,1,1,0,0,1,1
0,1,0,1,1,0,1,1,0,0
1,1,1,0,1,0,1,1,1,0
1,0,0,1,0,0,0,1,1,1
0,0,0,1,0,1,1,1,1,0
0,0,0,1,0,1,1,0,0,1
1,0,0,0,0,0,1,1,0,1
Patch Antenna315
1,0,0,1,0,1,1,1,1,0
0,1,0,1,0,1,1,1,1,0
1,0,1,1,1,0,0,0,0,1
1,0,0,1,0,0,0,1,1,1
1,1,0,0,0,0,0,1,0,0
1,0,0,0,0,0,0,0,1,0
0,0,1,1,1,0,0,0,1,0
0,1,1,1,0,1,0,1,0,1
0,0,1,1,1,1,0,1,0,1
1,0,0,0,0,0,1,0,1,1
Patch Antenna316
0,0,1,0,0,1,0,0,0,0
0,1,1,0,0,1,1,1,0,1
1,0,1,0,1,0,0,0,1,0
0,0,1,0,0,0,0,1,0,1
1,0,1,0,1,0,1,1,0,1
1,1,0,1,0,0,1,0,0,0
1,0,1,0,0,0,1,0,0,1
0,1,1,0,1,0,0,0,1,1
0,0,1,1,0,0,0,1,1,0
0,0,0,1,1,1,0,0,1,1
Patch Antenna317
1,0,0,1,0,0,0,0,1,0
0,0,1,0,0,0,1,0,0,0
1,0,0,1,0,1,0,1,0,1
1,1,0,1,0,1,1,1,1,0
0,1,0,0,0,0,0,0,1,0
1,1,0,1,0,1,1,1,1,0
0,1,1,0,1,0,0,1,1,0
1,0,1,0,1,0,0,0,0,1
0,0,1,1,1,0,1,1,1,1
0,1,1,0,1,0,1,0,0,1
Patch Antenna318
0,0,1,1,1,1,0,0,0,0
1,0,0,1,1,1,0,1,1,0
1,1,0,1,0,0,0,0,1,1
1,1,0,0,0,1,0,0,1,1
0,0,1,0,1,0,1,0,0,0
0,1,1,0,0,1,1,0,0,1
0,1,1,0,1,0,0,0,1,0
1,0,0,1,0,1,1,0,1,0
0,0,0,1,0,0,1,0,0,1
0,1,1,1,0,0,0,0,0,1
Patch Antenna319
1,0,0,0,1,0,1,0,1,0
0,1,0,1,0,1,1,0,1,0
1,1,0,1,0,1,1,0,0,0
0,0,0,0,1,0,1,0,0,0
1,1,1,0,0,0,0,1,1,0
1,0,0,1,0,0,0,1,0,1
0,0,0,1,1,0,1,1,0,0
0,0,0,1,0,1,1,0,1,0
0,1,0,1,1,1,0,1,1,1
1,0,0,0,1,1,1,0,1,1
Patch Antenna320
1,0,0,0,1,1,0,1,1,1
0,1,1,1,1,1,0,1,0,0
0,0,0,1,1,1,1,1,1,1
1,0,0,0,1,0,1,1,0,0
0,0,1,0,1,1,1,0,1,1
1,0,1,1,0,1,1,0,1,0
1,1,1,0,0,1,1,0,1,1
0,0,0,0,1,0,1,0,1,1
1,0,0,1,0,1,1,0,1,0
1,1,0,0,1,0,1,0,0,0
Patch Antenna321
1,0,0,1,1,1,0,0,1,0
0,1,0,1,0,1,0,0,1,1
1,0,1,1,0,1,0,1,1,1
0,1,1,1,0,0,0,1,0,0
0,0,0,0,1,1,0,1,0,1
1,0,1,1,1,0,1,0,0,1
0,0,0,1,0,0,1,1,1,0
1,0,0,1,0,1,0,1,0,0
0,0,1,1,1,1,1,1,0,1
1,1,1,0,1,0,1,1,1,1
Patch Antenna322
0,1,0,0,0,0,1,0,1,0
0,0,0,0,0,0,1,1,0,1
0,1,1,1,1,0,0,1,0,1
0,0,1,0,1,1,1,0,0,1
0,0,0,1,0,1,1,0,1,1
0,1,0,0,0,1,1,1,0,1
1,0,0,1,1,1,0,0,1,0
1,0,0,1,0,0,0,0,1,1
1,0,0,0,0,1,0,1,1,0
0,0,0,1,1,1,0,0,0,0
Patch Antenna323
1,0,0,0,0,1,1,1,0,1
0,0,0,1,0,0,0,0,0,0
0,1,0,1,1,1,0,0,1,1
1,0,1,1,0,0,1,1,0,1
0,1,1,0,0,0,0,1,1,0
1,1,1,0,0,1,1,1,1,0
0,0,1,1,0,1,1,0,0,0
0,0,0,1,0,0,0,1,0,1
0,1,1,1,0,1,0,0,1,1
1,0,1,0,0,1,0,1,0,1
Patch Antenna324
0,1,0,0,0,0,1,0,1,1
0,1,1,1,0,1,0,1,1,1
0,0,1,0,1,0,1,1,0,1
0,1,1,1,0,0,0,0,0,0
1,1,0,1,0,0,0,1,1,1
1,1,0,0,0,0,0,1,1,1
0,0,0,0,0,1,0,1,0,1
0,1,1,1,1,0,0,1,0,1
0,1,1,1,1,1,0,0,1,1
0,1,0,1,0,1,0,1,1,0
Patch Antenna325
0,0,0,0,0,1,0,0,0,1
1,0,1,0,0,0,0,1,0,0
0,0,1,0,1,1,0,1,0,0
1,0,1,1,0,0,0,1,0,1
0,0,1,0,0,0,0,0,1,0
0,0,1,0,0,1,1,0,1,0
1,1,1,1,1,0,0,0,0,1
0,0,0,1,1,1,0,0,1,0
1,0,1,1,1,0,1,1,0,1
1,1,0,0,1,0,1,1,0,1
Patch Antenna326
0,0,1,0,0,1,1,0,1,0
0,1,1,1,1,0,1,1,0,0
0,0,0,1,1,1,1,0,1,0
0,1,1,1,0,0,0,0,1,1
1,1,1,0,0,0,1,0,1,0
0,0,0,0,1,0,1,0,0,1
0,0,0,1,1,1,1,1,1,0
0,1,1,0,1,0,0,1,0,1
1,1,0,0,0,0,0,1,0,1
1,1,0,0,1,1,0,1,1,0
Patch Antenna327
0,0,1,0,1,1,1,1,1,0
0,0,1,1,1,0,1,0,1,1
0,1,1,1,1,1,0,1,1,0
0,1,0,1,0,1,0,1,0,0
0,1,0,0,0,0,1,0,1,0
1,1,0,1,0,1,0,0,1,0
0,1,0,1,0,1,1,1,1,0
1,0,0,0,1,0,0,0,0,1
1,0,0,0,0,1,0,0,1,0
0,0,0,0,1,1,1,0,1,1
Patch Antenna328
1,1,0,0,1,0,0,1,1,1
0,0,1,0,1,0,1,1,1,0
1,1,1,1,0,1,1,0,0,0
0,1,1,0,0,1,0,0,0,1
1,1,1,0,1,0,1,0,0,0
0,0,1,1,1,0,0,1,1,1
1,1,1,0,0,1,1,1,0,1
1,1,0,0,1,0,1,1,1,0
1,1,0,0,0,1,0,0,0,0
1,1,1,1,1,0,0,0,1,0
Patch Antenna329
0,1,0,0,1,1,0,0,1,1
1,0,0,1,0,0,1,0,0,1
0,0,0,0,1,1,0,1,0,1
0,0,1,1,0,1,0,0,0,0
0,1,0,0,0,0,1,1,0,1
0,0,1,0,0,1,0,1,1,1
0,1,1,1,0,0,0,0,0,1
1,1,0,1,0,0,0,0,0,0
0,0,1,0,0,1,0,1,0,0
1,0,1,1,0,0,0,1,0,1
Patch Antenna330
1,1,1,0,0,1,1,0,0,0
1,0,1,1,1,0,1,1,0,1
1,1,1,1,0,0,0,1,0,0
0,1,0,0,0,0,1,0,0,0
0,1,0,1,0,0,1,0,0,1
1,0,1,0,0,1,1,1,1,1
0,1,0,0,0,0,1,0,1,0
1,0,1,0,0,0,1,1,0,0
0,1,0,1,1,0,0,0,1,0
0,0,0,0,0,0,1,1,0,0
Patch Antenna331
0,1,0,1,0,0,1,1,1,1
1,1,0,1,0,0,0,0,1,1
0,0,1,1,0,0,0,1,0,0
1,1,0,0,1,0,1,0,1,1
1,0,0,0,0,1,1,1,1,0
1,1,0,1,1,1,1,1,1,1
1,0,1,1,1,0,1,0,1,1
0,1,1,0,0,0,0,1,0,1
1,0,0,0,0,0,1,0,0,0
0,0,1,1,0,1,0,0,1,0
Patch Antenna332
0,0,1,0,0,0,0,0,1,1
1,1,0,1,1,1,0,0,1,0
0,0,1,0,1,1,1,0,1,1
1,1,1,0,0,0,1,1,1,0
0,0,0,0,1,0,0,1,0,0
0,0,0,1,0,0,0,1,1,0
1,1,1,0,0,1,1,1,1,0
1,0,0,0,0,1,1,1,1,0
0,1,1,1,1,0,1,0,0,0
0,1,1,1,0,0,1,0,1,0
Patch Antenna333
0,0,0,0,1,1,0,0,1,1
1,1,0,0,1,1,1,1,1,0
0,1,0,1,0,1,0,1,0,0
0,1,1,1,1,1,0,1,0,1
0,0,1,1,0,0,1,1,1,1
1,1,0,1,0,1,0,1,1,0
0,0,1,0,0,1,1,1,1,0
1,1,0,0,0,1,0,0,0,1
1,0,0,1,0,0,1,1,1,0
0,0,0,1,1,0,0,0,0,1
Patch Antenna334
0,1,0,0,1,1,0,1,1,0
1,0,1,1,1,0,1,0,0,0
0,0,0,1,0,0,0,1,1,1
1,1,0,0,1,0,1,0,1,1
1,1,1,1,0,0,1,1,0,1
1,1,1,1,0,1,0,1,1,1
0,0,0,0,0,0,1,0,0,0
1,0,0,0,1,0,0,0,0,1
0,0,0,0,0,0,1,1,0,1
1,1,0,0,0,1,1,0,1,1
Patch Antenna335
1,1,1,1,1,0,0,0,1,1
1,1,1,0,1,1,0,0,0,0
1,0,1,0,1,1,1,1,1,0
0,0,1,1,0,0,1,1,0,0
1,1,0,1,1,1,0,0,1,1
1,0,0,1,1,1,1,0,0,0
1,1,0,1,0,1,0,1,0,1
1,1,0,1,1,0,0,0,0,0
0,1,0,0,1,1,0,1,1,0
0,0,1,1,1,1,0,1,1,0
Patch Antenna336
1,1,1,1,1,0,0,0,0,1
0,1,1,0,0,1,0,1,0,1
1,1,0,1,1,1,0,1,1,0
1,0,1,0,1,0,1,1,0,1
1,1,1,0,1,0,0,1,1,1
0,1,0,0,0,1,0,0,1,1
1,0,1,1,1,0,0,1,0,1
0,0,1,1,0,0,1,0,0,1
0,0,0,0,0,1,1,0,0,1
1,1,0,1,1,0,1,0,1,0
Patch Antenna337
1,1,0,1,1,0,1,0,1,0
0,1,0,0,0,1,1,1,0,1
0,1,1,1,1,0,0,0,0,0
1,0,1,0,0,0,0,1,0,0
1,0,1,1,0,0,1,1,1,1
1,1,1,0,1,0,1,0,1,0
0,0,1,1,1,1,0,0,0,1
1,0,1,0,1,0,0,0,1,0
1,0,1,0,1,0,1,0,1,0
0,0,0,1,0,0,1,1,0,0
Patch Antenna338
0,0,0,1,1,1,1,1,0,1
1,1,0,0,1,1,1,0,1,0
1,0,0,1,1,1,0,1,0,0
1,1,0,1,1,0,1,0,1,1
1,0,0,0,1,1,1,0,0,0
0,0,0,1,0,0,1,1,1,1
1,0,0,0,0,1,1,1,0,1
0,0,1,0,1,0,0,0,1,0
1,1,0,0,0,0,0,1,1,0
0,1,0,0,1,0,0,1,1,1
Patch Antenna339
1,1,0,1,0,0,0,1,0,1
0,0,0,1,0,0,1,1,1,1
1,0,0,0,1,1,1,1,0,1
1,0,1,1,1,0,1,0,0,0
1,1,1,1,0,0,0,1,0,0
1,1,1,1,0,0,0,0,0,0
0,0,1,1,0,0,0,0,1,1
1,0,1,1,1,0,1,1,0,1
0,1,1,1,1,0,0,1,0,1
1,0,0,1,0,1,1,0,0,0
Patch Antenna340
0,1,0,0,0,0,1,1,1,0
0,0,0,1,1,1,0,0,0,0
1,1,1,1,1,1,1,1,1,0
1,1,0,1,0,0,0,0,0,1
1,1,0,1,1,1,0,1,0,1
0,1,1,1,0,1,0,0,1,1
1,1,1,0,1,1,1,0,1,1
0,1,0,1,1,0,0,1,1,1
0,0,1,0,0,1,0,1,1,1
1,1,0,1,0,0,0,1,0,0
Patch Antenna341
1,1,0,1,1,1,1,0,0,0
1,0,1,0,0,1,1,0,0,0
1,1,0,1,1,0,1,1,1,1
1,1,0,0,1,0,0,0,1,1
1,1,0,1,0,1,0,0,0,0
1,1,0,1,1,1,1,1,1,1
1,0,1,1,1,1,0,1,0,0
0,1,0,0,0,1,1,0,1,0
1,0,0,0,0,1,0,0,1,0
1,0,1,0,0,0,0,1,1,1
Patch Antenna342
0,0,1,0,1,0,0,0,0,1
0,1,0,1,0,0,0,0,1,1
0,0,1,0,0,1,1,1,0,1
0,1,1,0,1,1,0,1,1,0
1,0,0,1,1,0,0,1,1,0
1,1,0,0,0,1,1,0,0,0
1,1,0,0,1,0,1,1,1,1
0,0,1,1,1,1,0,0,0,0
1,0,0,0,1,0,1,1,1,1
0,1,0,0,1,0,0,0,1,1
Patch Antenna343
0,1,0,1,1,1,0,0,1,0
0,0,0,0,1,0,0,1,0,1
0,0,1,0,1,0,1,0,0,0
1,1,0,0,0,1,1,0,1,0
1,1,1,1,0,1,0,0,1,0
1,0,1,1,0,0,1,0,0,1
1,0,0,1,1,0,0,0,0,1
0,1,0,1,1,0,0,0,1,0
1,0,0,1,0,0,1,1,1,0
1,0,0,0,0,0,0,1,1,1
Patch Antenna344
0,1,1,0,0,1,1,1,1,0
1,1,1,0,1,1,0,1,0,1
1,0,0,0,1,1,1,1,0,1
1,0,0,0,0,1,0,0,0,1
1,0,1,0,1,0,0,1,0,1
1,1,1,1,0,1,0,0,0,1
0,0,1,0,0,0,0,0,0,1
0,1,0,0,1,1,0,1,0,1
0,1,1,0,0,0,0,1,1,0
1,1,0,0,0,0,1,0,1,1
Patch Antenna345
1,0,1,1,0,0,1,0,0,0
1,0,1,0,1,1,0,1,1,1
1,0,1,1,1,0,1,0,0,1
0,0,0,0,0,1,0,0,1,0
1,0,0,0,0,0,0,0,1,0
0,1,0,0,1,1,0,1,1,1
0,1,1,0,0,1,1,0,1,1
1,0,1,1,0,0,1,0,0,1
1,0,0,1,0,0,0,0,0,0
0,0,1,0,0,0,0,1,1,0
Patch Antenna346
1,0,0,0,0,0,0,1,1,1
1,1,0,0,1,0,0,0,1,1
1,1,1,1,0,1,1,1,1,1
0,0,1,0,0,1,0,1,0,1
0,0,1,0,1,0,0,0,0,1
0,0,1,1,0,1,0,0,0,0
0,1,0,0,0,1,1,1,0,0
0,1,0,0,1,0,1,1,0,0
1,1,1,1,1,0,1,0,1,1
1,1,0,0,0,1,1,0,1,1
Patch Antenna347
1,0,1,0,0,1,1,1,1,1
1,0,0,1,0,0,1,1,1,1
1,0,1,0,1,1,1,0,1,0
0,0,0,1,1,0,0,0,1,1
0,1,0,1,1,0,1,0,1,1
0,0,0,0,1,0,1,0,1,0
1,1,0,1,0,0,1,0,0,1
1,1,0,1,0,1,1,1,0,0
0,0,1,1,1,0,1,1,1,0
1,1,0,0,0,1,0,0,1,0
Patch Antenna348
0,1,1,1,1,1,1,1,1,1
1,0,1,0,0,1,1,1,0,0
0,1,1,0,1,0,1,0,1,1
0,0,1,1,0,1,0,1,1,1
0,0,0,0,1,0,1,0,0,0
0,0,1,0,0,0,0,1,0,0
1,1,1,0,0,1,0,1,1,0
1,0,1,0,0,1,0,0,0,1
0,1,0,0,0,1,0,0,0,1
1,1,1,1,0,0,1,1,1,1
Patch Antenna349
1,0,1,0,0,1,0,1,0,1
0,0,0,1,0,0,0,0,1,0
1,0,0,0,1,1,0,0,0,1
0,0,0,0,1,1,0,0,1,1
1,0,1,1,1,1,1,0,1,0
0,1,1,0,1,0,1,0,1,1
0,1,1,0,0,1,0,1,1,0
0,0,1,0,1,1,0,0,1,0
0,1,0,0,0,1,1,0,1,0
1,0,0,1,1,0,1,0,0,1
Patch Antenna350
0,1,1,1,1,0,0,0,1,1
0,0,0,1,0,0,0,0,0,1
1,1,0,0,1,0,1,0,0,1
1,1,0,1,0,1,1,1,1,0
1,0,0,0,1,1,1,0,0,1
1,1,0,1,1,0,1,0,0,1
0,0,1,1,0,0,0,0,1,1
1,0,1,0,1,1,1,1,0,0
0,1,0,0,1,1,1,1,0,1
0,0,1,0,1,0,1,1,0,1
Patch Antenna351
0,1,1,1,0,1,0,1,0,0
1,0,0,1,0,1,1,0,0,0
0,0,0,0,1,0,0,0,1,1
1,0,0,0,1,0,0,1,0,0
0,0,1,0,1,1,1,1,1,0
0,0,0,0,1,1,0,0,1,1
0,1,0,1,0,0,1,1,0,0
1,0,1,1,0,1,1,1,0,1
1,1,1,0,1,1,1,1,0,0
0,0,0,0,1,0,1,1,0,0
Patch Antenna352
0,1,1,0,0,0,1,0,0,1
1,1,0,0,1,1,1,1,1,1
1,1,0,0,1,0,1,1,0,0
1,1,0,0,1,0,0,1,0,1
0,1,0,0,0,1,0,0,0,0
1,0,0,1,1,1,0,0,0,0
0,0,0,1,1,0,0,0,1,1
0,1,1,1,0,1,0,1,1,0
0,0,1,1,0,1,0,1,0,0
0,0,0,1,1,1,0,1,0,1
Patch Antenna353
1,0,1,1,1,1,0,0,0,1
1,1,0,0,0,0,1,1,1,1
0,1,1,1,1,1,1,0,1,0
0,1,1,1,1,0,1,0,0,0
1,1,0,0,0,1,1,1,1,1
1,1,0,1,0,1,1,1,0,1
0,1,0,1,0,1,0,0,0,1
0,0,1,0,0,0,1,0,0,1
1,0,1,0,0,1,1,0,0,1
0,1,1,1,1,0,0,1,0,1
Patch Antenna354
1,0,1,1,0,1,0,0,1,0
1,1,1,1,0,1,0,1,1,0
1,0,1,0,1,0,1,1,0,1
1,0,1,0,1,1,1,1,0,0
1,0,1,1,0,0,1,0,0,1
1,0,1,0,1,0,0,1,0,0
1,0,1,1,1,0,0,0,1,0
1,0,0,1,0,1,0,1,0,1
0,0,0,1,1,0,1,1,0,1
0,0,1,0,1,1,1,0,0,1
Patch Antenna355
0,1,0,0,0,0,0,0,0,1
0,1,1,0,0,1,1,0,1,1
1,0,0,1,0,0,1,1,1,1
1,1,0,0,0,1,0,0,1,0
1,1,1,0,1,0,1,0,1,0
1,0,1,1,0,1,1,1,0,1
1,1,0,0,1,1,1,1,1,0
1,0,0,1,0,1,0,0,0,0
0,1,1,0,1,1,1,1,0,0
1,1,0,0,0,1,1,0,1,0
Patch Antenna356
0,0,0,1,0,0,1,0,0,0
0,0,1,1,0,0,0,1,1,0
1,0,0,1,1,1,0,1,1,0
0,1,0,1,0,0,1,1,0,0
1,1,1,1,1,1,1,0,1,0
1,0,1,1,1,1,0,1,1,0
1,0,0,0,0,1,0,0,1,1
0,0,1,1,1,0,1,1,1,1
1,0,0,1,1,1,1,0,1,0
0,0,0,0,1,0,1,0,0,0
Patch Antenna357
1,0,0,1,1,0,1,0,1,0
1,1,0,1,0,0,0,1,0,1
1,0,1,1,1,1,1,0,1,0
1,1,0,1,1,0,0,0,0,0
1,0,1,1,0,0,0,1,1,1
0,0,1,0,0,0,0,1,0,1
0,1,1,0,1,1,1,0,1,1
0,0,0,1,0,1,1,0,0,1
0,1,1,0,0,1,1,0,0,1
0,1,1,1,0,1,1,1,1,0
Patch Antenna358
0,1,1,1,1,0,0,1,0,1
1,1,1,0,1,1,0,1,1,1
1,0,0,0,0,0,1,1,0,0
0,0,1,1,1,1,0,1,0,0
0,1,0,1,1,0,1,0,0,1
0,0,1,0,0,0,0,0,1,0
0,1,1,1,0,0,1,0,1,0
0,1,1,0,1,0,0,1,0,0
0,0,0,1,0,1,0,1,1,0
1,1,0,0,0,1,1,0,0,0
Patch Antenna359
0,0,1,0,1,1,1,0,1,1
0,0,1,0,0,0,1,1,1,0
0,0,0,0,1,0,1,1,1,1
0,0,1,1,1,1,1,1,0,0
1,1,1,0,0,1,1,0,0,0
0,0,0,1,1,1,0,1,1,1
1,1,0,1,0,1,1,0,0,0
1,1,0,0,1,0,1,0,0,0
0,1,0,1,0,0,1,0,0,1
0,0,0,0,1,0,0,1,1,0
Patch Antenna360
0,0,0,0,1,0,1,1,0,0
0,0,0,0,1,1,1,1,0,1
0,1,0,0,1,0,0,1,1,0
0,1,0,0,0,0,1,1,1,1
1,1,0,0,1,0,0,1,0,0
0,1,1,0,0,1,1,0,1,1
1,0,1,1,1,1,1,1,0,0
0,1,0,1,1,0,1,1,0,0
0,1,1,0,1,1,0,1,1,0
1,1,1,0,1,1,0,1,1,1
Patch Antenna361
1,1,1,0,1,0,0,0,1,1
1,0,1,1,1,1,1,1,0,1
0,1,1,1,0,1,1,1,0,1
0,1,1,0,0,0,0,1,1,0
1,1,1,1,0,0,1,1,0,1
1,0,0,1,1,0,1,0,1,0
1,1,0,0,1,1,1,0,1,1
1,0,0,0,1,1,0,1,0,1
1,1,1,1,1,0,0,1,1,0
1,0,1,0,0,0,1,0,0,0
Patch Antenna362
1,0,1,1,1,1,0,1,0,1
1,1,0,1,0,0,1,0,1,1
0,0,1,1,0,0,0,1,0,1
1,0,1,1,1,0,0,0,1,1
0,1,1,0,1,1,1,1,0,1
0,0,1,0,0,0,0,0,1,0
0,0,1,1,1,1,1,1,1,1
1,0,0,0,0,1,1,0,1,0
0,0,0,0,0,0,0,0,1,0
0,1,1,0,1,0,0,1,0,1
Patch Antenna363
0,1,0,0,0,0,0,0,0,0
1,0,0,1,1,1,1,1,0,0
0,1,0,1,0,0,0,1,0,0
1,0,1,1,0,1,1,0,0,0
0,0,1,0,1,1,1,1,1,1
0,0,1,1,1,1,0,1,1,1
0,1,1,1,1,0,0,0,0,1
0,0,0,0,1,0,1,0,1,1
1,0,1,1,0,1,1,0,1,1
1,0,1,0,0,0,1,1,0,1
Patch Antenna364
1,1,0,1,1,1,1,1,1,0
1,0,0,0,1,0,1,0,1,1
0,1,1,0,1,1,0,0,1,1
0,0,0,1,0,1,1,0,1,1
1,1,0,1,0,1,1,0,1,1
0,0,0,1,1,0,1,1,1,1
1,1,0,0,1,1,0,1,0,1
1,0,0,1,0,1,1,1,1,1
0,1,1,0,0,0,1,1,0,0
1,1,0,1,1,0,0,1,0,0
Patch Antenna365
1,0,1,0,1,0,0,1,0,1
0,1,0,0,0,1,0,0,0,0
1,1,1,1,1,0,1,1,0,0
0,1,0,0,0,0,1,0,0,0
0,0,0,0,0,1,0,1,0,0
1,0,1,1,0,1,0,1,1,1
0,1,0,1,1,0,0,0,0,0
0,0,0,1,1,0,0,0,1,0
0,0,0,0,0,1,0,1,1,1
1,0,1,1,0,0,1,0,0,0
Patch Antenna366
0,1,1,0,0,1,0,1,1,1
0,0,1,0,0,0,0,0,0,0
0,1,1,0,1,1,0,0,1,0
1,0,0,0,1,1,1,1,1,1
1,0,0,0,0,0,0,1,1,1
0,0,0,1,0,0,1,1,0,1
1,0,1,0,0,1,0,0,0,0
1,0,1,0,1,0,0,1,1,0
0,1,1,0,1,0,0,0,1,1
0,1,0,1,0,0,1,1,0,1
Patch Antenna367
0,1,1,1,0,1,0,1,1,0
0,0,0,1,1,1,0,1,0,0
1,0,0,0,0,0,0,1,1,1
0,0,1,1,0,0,0,1,0,1
0,1,0,1,0,1,0,0,0,1
0,0,0,1,1,1,1,0,0,1
1,0,0,0,0,1,0,1,1,1
1,0,0,0,1,1,1,0,1,0
1,1,0,0,1,1,1,0,0,0
1,0,0,0,0,1,1,1,1,0
Patch Antenna368
1,1,0,1,0,1,0,1,0,0
1,1,1,0,0,1,0,1,0,0
1,1,0,1,0,0,1,0,1,0
1,0,1,0,1,1,0,0,0,1
1,0,0,1,1,1,0,1,1,0
0,1,0,0,0,1,0,0,1,0
1,0,0,0,0,0,1,0,0,1
1,1,1,0,1,0,1,0,1,1
0,0,1,1,0,0,0,0,0,0
1,1,0,1,0,1,0,1,1,0
Patch Antenna369
1,0,1,0,1,0,0,0,0,0
0,1,0,0,1,1,0,1,1,1
1,1,1,1,1,0,0,1,1,1
0,0,1,1,0,0,1,1,0,0
1,0,1,0,0,1,0,0,1,0
1,1,1,1,0,0,1,0,1,0
1,1,1,0,0,1,1,0,0,1
0,1,1,1,0,1,1,0,1,1
1,0,1,1,1,1,0,1,0,1
1,1,0,0,1,1,1,1,0,0
Patch Antenna370
0,0,1,1,1,0,1,0,1,1
1,1,1,0,1,1,0,0,0,1
1,0,0,0,0,1,1,1,1,1
0,1,0,0,1,0,0,0,1,1
1,0,0,0,0,1,0,1,0,0
1,0,1,0,0,1,1,0,1,1
1,0,1,1,1,0,0,0,1,1
0,1,0,0,0,0,0,1,1,1
1,1,1,0,0,1,1,0,1,1
0,1,0,1,1,0,1,1,1,1
Patch Antenna371
1,0,1,1,0,1,0,1,1,1
0,1,0,1,0,1,1,1,0,0
0,0,0,1,0,0,1,1,0,1
0,0,0,1,1,1,1,1,0,1
0,0,0,0,1,1,1,0,0,0
0,0,0,1,1,0,0,1,0,0
1,1,1,1,0,1,1,0,0,1
1,0,1,1,0,0,1,1,1,0
0,0,0,0,0,1,1,1,0,0
0,1,0,1,1,0,1,0,1,1
Patch Antenna372
1,1,0,1,1,0,0,1,1,0
1,0,0,1,1,1,1,1,1,0
0,1,0,1,0,0,0,1,0,1
1,0,0,1,0,1,0,0,1,0
1,1,1,1,0,0,1,1,0,1
1,1,0,0,0,0,1,0,0,1
0,0,0,1,0,0,0,0,0,0
1,0,0,1,1,1,0,0,0,1
0,0,1,0,0,0,1,0,1,1
0,1,1,1,0,0,1,0,1,1
Patch Antenna373
0,1,0,1,1,1,0,1,1,1
0,0,1,1,0,0,1,0,0,0
1,0,1,0,1,0,0,0,0,0
0,1,1,1,0,1,0,1,1,0
1,1,0,1,1,0,0,0,1,1
1,0,1,0,1,0,1,0,1,1
1,0,1,1,1,0,0,1,1,0
1,1,0,1,1,1,0,0,0,0
0,1,1,1,0,1,0,0,0,0
0,1,0,0,0,0,1,1,0,1
Patch Antenna374
1,1,0,0,1,0,1,1,1,0
0,0,0,0,1,0,1,0,1,0
1,1,0,1,0,0,1,0,0,1
0,1,1,1,1,1,1,1,1,1
0,1,0,1,0,0,0,0,0,1
0,0,1,1,1,1,0,1,1,0
1,1,1,1,1,1,1,1,1,1
1,0,0,0,1,1,0,1,0,1
0,1,0,0,1,0,0,1,1,1
0,1,1,0,0,1,1,0,0,0
Patch Antenna375
1,0,0,0,0,0,1,0,1,1
1,0,0,0,1,0,0,0,1,0
0,1,1,0,0,1,1,1,0,1
1,0,1,0,0,1,0,1,0,0
1,1,1,1,0,1,1,0,1,0
1,0,1,0,0,0,1,1,0,0
0,0,1,0,0,1,0,1,0,0
1,0,0,1,1,1,0,0,0,0
0,1,1,0,1,0,0,1,1,1
0,0,0,0,0,1,0,0,0,1
Patch Antenna376
0,1,1,0,0,1,1,1,0,0
0,1,1,1,1,1,0,1,0,1
0,0,1,0,1,0,0,1,0,1
0,0,0,0,0,1,0,1,1,0
0,1,1,0,1,1,0,1,1,1
0,1,0,1,0,1,1,1,1,0
0,1,0,0,0,0,1,1,1,0
0,1,0,1,1,0,0,1,1,0
0,0,0,1,1,0,0,1,1,1
1,1,1,1,1,1,1,0,0,1
Patch Antenna377
1,0,0,0,1,1,0,1,1,1
1,1,0,0,1,0,1,1,0,0
0,1,1,0,0,0,1,0,1,0
0,1,1,0,0,0,0,0,1,0
0,1,0,0,1,1,0,0,0,1
0,0,0,1,0,0,1,1,0,0
0,0,0,1,1,1,1,0,0,0
1,0,1,1,0,1,1,0,0,0
0,0,0,0,0,0,1,0,1,0
0,1,0,0,1,1,0,1,0,1
Patch Antenna378
0,1,0,1,0,0,0,1,1,0
0,0,0,0,1,0,1,1,1,1
1,0,1,0,1,1,1,0,0,1
1,0,0,0,0,1,0,0,1,1
0,0,1,0,0,1,1,1,0,1
1,1,0,0,0,0,0,0,0,1
1,0,1,0,0,1,1,0,1,0
1,0,1,1,1,1,0,1,1,1
1,1,1,1,0,1,0,1,0,1
1,1,1,0,1,1,1,0,0,0
Patch Antenna379
0,1,1,1,0,1,1,0,0,1
1,0,1,1,1,1,0,0,0,1
1,0,1,1,0,1,1,1,0,1
1,1,0,0,0,1,0,1,0,0
0,1,1,1,1,1,0,0,1,1
0,1,0,0,1,1,1,0,1,0
1,0,1,0,1,0,1,1,1,1
0,0,0,0,1,0,0,1,1,0
0,0,1,1,0,0,0,1,1,0
0,1,1,0,1,0,1,1,1,1
Patch Antenna380
1,1,1,1,1,0,1,0,1,0
1,1,0,0,1,0,0,1,0,0
0,1,0,0,0,1,0,0,0,0
0,0,1,1,0,1,0,1,1,0
1,0,1,1,1,0,1,0,0,0
0,0,0,0,1,0,0,1,0,1
0,1,1,1,1,1,1,1,0,0
1,0,0,1,0,1,0,1,0,0
1,0,1,0,1,1,0,1,0,0
0,0,0,0,0,0,1,0,0,1
Patch Antenna381
1,0,0,1,1,0,0,1,0,0
0,1,1,0,0,1,0,1,1,1
0,0,1,1,1,0,0,0,1,1
0,1,1,0,0,0,0,1,0,1
1,1,1,0,0,1,0,0,1,1
1,1,0,1,0,1,0,0,1,0
0,0,0,0,1,0,1,1,0,0
1,1,1,1,0,0,1,0,0,0
1,0,0,1,0,0,0,1,0,1
1,1,0,1,0,0,0,1,1,1
Patch Antenna382
0,1,0,0,0,0,0,0,1,1
0,0,0,1,1,1,1,1,1,1
0,0,0,1,0,0,1,0,1,1
1,1,1,1,0,1,0,1,0,1
0,0,0,0,0,0,0,0,1,1
0,0,0,1,0,1,0,0,1,0
1,1,0,0,1,1,0,1,1,1
1,0,1,1,0,1,1,1,0,1
1,1,1,0,0,1,1,0,1,1
0,0,0,1,0,0,1,1,1,1
Patch Antenna383
0,0,0,1,0,0,1,0,1,1
1,1,0,0,1,0,1,1,1,1
0,1,0,0,0,0,1,0,0,0
0,1,0,1,0,0,0,1,0,1
0,1,0,0,0,1,0,0,1,1
1,1,1,0,0,1,0,0,1,1
0,0,1,0,1,0,0,0,1,1
0,0,1,0,0,1,1,1,1,1
0,1,1,0,1,1,0,1,1,0
0,0,1,0,0,1,0,1,0,0
Patch Antenna384
1,1,0,0,1,1,0,0,1,0
1,1,0,1,0,0,0,0,0,1
0,1,0,0,0,1,0,0,1,0
1,1,1,0,0,1,1,0,0,0
0,0,0,0,0,1,0,0,1,0
1,0,1,1,1,0,0,1,0,0
1,1,1,0,0,1,0,1,1,1
0,0,1,1,1,1,1,0,0,0
1,0,1,0,0,0,0,0,1,1
0,1,1,0,0,0,0,1,0,0
Patch Antenna385
0,0,1,1,1,0,1,0,0,1
1,1,0,1,0,0,0,1,0,0
0,1,1,1,0,1,0,0,0,1
0,0,0,0,1,0,1,0,0,1
1,1,1,0,0,1,1,0,0,0
1,1,0,0,0,0,0,0,1,0
0,1,0,1,0,0,1,0,0,0
1,0,0,0,1,0,1,0,1,0
0,1,1,1,0,1,0,1,0,0
0,1,1,0,0,1,0,0,1,1
Patch Antenna386
0,0,0,0,1,1,0,1,0,1
1,1,1,0,0,1,0,0,0,0
0,0,1,1,0,0,1,1,1,1
1,0,1,0,1,0,0,0,0,0
1,1,0,0,0,1,1,1,0,0
1,0,0,0,0,1,0,0,0,1
1,1,1,0,0,1,1,0,1,1
1,0,1,1,0,0,1,1,1,1
1,1,0,1,0,0,1,0,1,1
1,1,1,1,0,0,0,1,1,0
Patch Antenna387
0,0,0,1,1,0,0,0,0,1
0,0,0,0,1,0,1,0,1,0
1,1,1,0,0,1,0,0,1,1
1,1,0,0,1,0,0,1,1,0
0,0,0,1,0,0,0,0,0,0
1,1,0,1,0,1,0,0,1,0
0,1,1,1,1,1,0,0,1,0
1,0,1,0,0,0,1,0,0,0
0,1,1,0,0,1,1,0,1,1
1,1,1,0,0,0,1,0,0,0
Patch Antenna388
1,1,0,1,1,1,0,1,1,0
0,1,0,1,0,1,0,1,1,0
1,0,1,1,1,0,1,1,1,1
0,1,0,1,0,1,0,1,0,1
1,1,0,1,0,0,0,1,0,1
0,1,1,1,0,1,0,0,0,1
0,1,0,1,0,1,1,1,0,0
1,0,1,0,0,0,1,0,0,0
1,1,1,1,1,0,0,0,0,0
1,0,1,1,1,1,0,1,1,0
Patch Antenna389
0,0,1,0,1,1,1,0,0,0
1,1,1,0,0,1,0,0,0,1
1,1,1,0,1,0,0,1,0,0
1,1,1,0,0,1,1,0,0,1
1,0,1,1,0,0,1,0,1,1
1,1,0,0,0,1,0,0,1,1
1,1,0,1,1,0,1,0,0,0
1,1,1,0,1,0,1,1,1,1
0,0,0,0,0,1,1,1,1,0
0,1,0,0,1,0,1,1,1,1
Patch Antenna390
1,1,0,1,1,1,0,0,0,0
1,1,0,0,1,1,1,0,1,0
1,0,1,0,0,0,1,1,1,0
1,1,0,1,0,1,0,1,0,0
0,0,1,0,1,0,0,1,0,1
1,0,1,0,0,1,0,0,1,1
1,1,1,0,1,0,1,1,1,1
1,0,1,1,1,1,0,0,0,1
1,1,0,0,1,0,1,1,1,0
0,0,1,1,0,1,0,1,0,1
Patch Antenna391
1,1,1,0,1,1,0,1,0,1
0,1,0,1,1,1,1,0,1,0
0,1,0,1,0,0,0,0,1,0
1,1,1,0,1,1,1,1,0,1
1,1,1,0,1,1,1,0,0,1
0,1,0,1,0,0,0,0,1,0
1,1,1,1,1,1,1,0,1,0
0,0,1,0,1,1,0,0,0,0
1,1,1,1,1,1,1,0,1,0
1,1,0,0,0,1,0,1,1,1
Patch Antenna392
0,0,0,1,0,0,1,1,0,1
1,1,0,0,0,1,1,1,0,0
0,0,1,0,1,1,1,1,0,0
0,0,1,1,1,0,0,1,0,1
0,0,0,0,1,1,1,0,0,1
0,0,0,1,1,0,0,0,1,1
0,0,0,0,1,0,0,0,1,1
1,1,1,1,0,1,1,0,1,0
0,1,0,1,1,0,0,0,1,0
0,1,0,1,0,1,1,1,1,0
Patch Antenna393
1,1,1,1,0,0,1,0,0,1
1,0,1,0,1,0,0,1,1,1
1,1,0,1,1,0,1,1,0,1
1,0,0,0,1,0,1,0,1,0
1,1,0,0,0,0,0,1,0,1
1,0,0,0,1,1,1,0,1,0
0,1,0,0,1,0,0,0,0,1
1,1,0,0,0,1,0,0,1,1
0,1,1,0,0,0,0,1,1,1
0,1,0,1,0,0,1,0,0,1
Patch Antenna394
1,0,0,1,0,0,1,1,0,1
0,1,0,1,0,1,0,0,0,1
0,0,0,0,1,0,1,0,1,1
1,0,0,1,1,0,0,0,0,0
0,1,0,1,0,1,0,1,1,1
0,0,1,1,0,0,1,1,1,1
0,1,1,1,0,0,0,0,1,1
0,0,1,0,1,1,0,0,0,1
1,1,0,1,0,1,1,0,1,1
0,1,0,1,1,1,1,0,0,0
Patch Antenna395
0,0,1,1,1,1,0,0,1,0
1,1,1,1,1,0,1,0,1,0
1,0,0,0,0,0,1,1,1,0
1,1,1,1,1,1,0,0,1,0
0,0,0,1,0,0,1,0,0,1
1,0,0,0,0,0,0,0,1,1
1,0,0,1,0,1,1,1,0,1
0,1,1,0,1,1,0,0,0,0
0,1,1,0,0,0,1,0,0,1
1,0,0,0,1,0,1,1,0,1
Patch Antenna396
0,0,0,0,0,0,0,0,1,0
0,0,0,0,1,0,1,1,0,0
1,1,0,1,0,1,1,1,1,1
0,1,0,1,1,1,0,0,0,1
1,0,1,1,0,0,0,0,1,0
0,1,1,0,1,1,0,1,1,0
0,1,0,1,0,1,1,1,1,0
0,0,1,0,1,1,1,1,0,1
0,0,0,0,0,0,0,0,0,0
0,0,0,1,1,1,1,0,0,0
Patch Antenna397
0,1,1,1,0,1,1,0,0,0
0,1,1,0,1,1,0,0,1,0
0,0,1,0,1,1,1,1,0,1
0,0,1,1,0,1,1,1,1,0
1,0,0,1,0,0,0,1,0,1
1,1,0,1,1,1,0,1,1,0
0,0,0,0,1,1,0,0,0,1
1,1,1,0,0,0,0,1,1,1
1,1,1,1,1,1,1,0,0,0
0,1,0,1,1,1,0,0,1,0
Patch Antenna398
1,0,0,1,0,1,0,1,1,1
0,0,1,1,0,0,0,0,1,1
1,0,0,0,1,0,0,1,0,1
1,1,0,0,0,1,1,1,1,1
0,0,1,0,1,1,0,1,1,1
1,1,1,1,1,0,0,0,0,0
0,0,1,1,1,1,1,0,0,0
0,0,1,1,1,0,0,1,0,1
1,0,0,1,0,0,0,1,0,0
1,0,1,0,0,0,1,0,1,0
Patch Antenna399
0,1,1,1,1,0,0,1,0,1
0,0,1,1,0,1,1,0,1,0
0,1,1,0,0,1,1,0,0,1
0,1,1,1,0,0,0,0,0,1
0,0,1,1,0,0,1,0,0,1
0,0,1,0,1,1,1,0,1,0
1,1,1,0,1,1,1,1,0,0
1,1,0,0,0,0,1,1,1,1
1,1,0,0,0,1,0,1,0,0
0,1,1,1,0,0,0,0,1,0
Patch Antenna400
0,1,0,1,1,1,0,0,1,1
0,0,0,1,1,0,0,1,1,0
0,0,1,1,1,0,1,0,1,0
0,1,1,1,0,1,0,1,0,1
1,1,1,0,0,0,0,1,0,1
0,1,0,0,0,1,0,0,0,0
1,0,1,1,1,0,0,0,1,0
1,0,0,0,0,0,0,1,1,0
0,0,0,0,1,0,1,1,1,1
1,1,1,1,0,0,0,0,1,1
Patch Antenna401
1,1,1,1,1,0,0,1,0,1
0,1,1,0,0,0,0,1,1,1
1,0,1,0,1,0,0,0,1,0
0,0,0,1,0,1,0,1,1,1
1,0,0,1,1,0,1,1,0,1
1,0,0,0,1,1,0,0,0,0
0,0,0,1,0,1,0,1,0,1
1,1,1,1,0,0,1,1,1,0
0,0,0,0,0,1,0,0,1,1
1,0,0,1,1,0,1,0,0,0
Patch Antenna402
1,0,0,0,0,1,0,1,1,1
0,0,1,0,1,0,0,0,1,1
1,0,1,1,1,0,1,0,1,1
0,0,0,1,0,1,0,0,0,1
0,0,1,0,0,0,1,1,1,1
0,1,1,0,0,0,1,1,0,0
0,0,1,0,1,0,1,1,0,0
1,0,0,1,0,1,0,1,1,0
0,0,0,1,0,1,1,1,1,1
0,1,1,0,1,1,0,1,0,0
Patch Antenna403
0,0,1,0,0,0,1,1,1,0
1,1,1,1,0,1,1,0,1,1
1,1,1,1,1,0,0,1,1,1
1,1,0,1,1,0,0,1,0,1
1,1,1,0,0,1,0,1,0,1
0,1,1,1,0,0,0,1,0,1
0,0,1,1,1,0,0,1,1,0
0,1,0,1,0,0,1,1,0,1
0,0,1,0,1,0,1,0,1,0
0,1,0,1,1,1,1,1,0,1
Patch Antenna404
0,0,0,0,0,1,0,0,1,0
0,0,1,1,1,0,0,1,1,1
1,1,0,0,1,1,0,1,0,0
0,0,1,1,0,0,0,0,0,0
0,1,1,1,0,1,0,1,1,1
0,1,0,0,1,0,1,0,1,0
0,0,1,0,1,1,1,0,1,0
0,0,1,1,1,1,1,0,1,1
0,0,1,0,1,0,1,0,0,1
0,1,0,1,1,0,1,0,0,0
Patch Antenna405
0,1,1,1,1,0,0,1,0,1
0,1,1,1,0,0,0,0,0,0
1,0,0,0,0,0,0,0,1,1
1,1,0,0,1,0,1,1,1,0
0,1,1,1,1,1,1,0,0,0
1,0,1,1,0,1,1,1,0,1
0,0,0,0,1,1,0,1,0,0
0,1,0,0,0,0,1,1,1,1
1,0,1,1,1,1,1,1,0,1
0,1,1,0,0,1,1,0,1,0
Patch Antenna406
1,1,1,1,1,0,1,0,1,0
1,1,1,1,1,1,1,1,0,1
1,0,1,1,1,0,1,0,1,0
0,1,0,1,1,1,1,1,1,1
0,1,0,0,0,1,0,0,1,0
1,0,1,0,1,0,0,1,0,1
1,1,1,1,0,0,1,1,1,1
1,1,1,0,0,0,0,0,1,1
1,0,0,1,1,0,0,0,0,0
0,1,0,0,0,0,0,0,0,0
Patch Antenna407
1,1,0,1,0,0,1,1,0,0
1,1,1,0,0,1,0,1,1,1
1,0,1,0,1,0,0,1,1,0
0,0,0,1,1,1,1,1,0,0
1,1,1,0,0,0,0,1,1,1
1,0,0,1,1,1,1,0,0,1
0,1,0,0,1,0,1,1,1,1
0,0,1,1,0,0,1,1,0,1
0,0,1,1,0,0,1,0,0,0
0,0,0,0,0,0,0,0,0,1
Patch Antenna408
1,0,0,1,1,0,0,0,0,0
1,0,1,1,0,0,0,1,1,1
1,1,0,0,1,1,0,1,1,0
0,1,0,0,1,0,0,1,1,0
1,0,0,0,0,1,1,0,1,1
0,0,0,1,0,1,0,0,1,0
0,0,0,0,1,1,0,1,1,0
1,1,0,0,1,1,1,0,1,0
1,0,0,0,0,1,1,0,0,0
1,0,1,1,1,0,0,0,0,1
Patch Antenna409
1,0,1,1,0,1,0,0,1,0
0,0,0,1,0,0,0,0,0,0
1,0,1,1,1,1,1,0,1,1
1,1,1,1,0,1,0,1,1,0
0,1,1,0,1,0,1,0,0,0
1,0,1,0,1,1,1,0,0,0
0,1,1,0,1,0,0,1,0,1
1,1,0,1,1,1,0,0,0,0
0,1,1,1,1,1,1,0,1,1
1,0,1,0,0,0,0,1,1,0
Patch Antenna410
1,1,0,0,0,0,0,0,0,1
1,1,1,0,0,1,1,1,0,0
1,0,1,0,1,0,0,0,1,0
1,0,1,0,0,1,0,1,1,1
0,0,1,1,1,1,0,0,0,1
0,1,0,0,0,0,1,1,1,0
1,1,1,0,1,0,0,1,1,0
1,0,1,0,1,0,1,1,1,1
0,1,0,0,0,0,0,1,1,1
0,1,1,1,1,0,0,1,0,0
Patch Antenna411
1,1,0,0,0,1,0,0,0,1
1,0,0,0,0,1,1,1,0,1
0,1,1,1,1,0,1,0,0,0
0,0,0,0,0,0,1,1,1,1
1,0,0,0,1,0,1,1,0,1
0,1,0,1,1,1,0,0,0,1
1,1,1,1,1,1,0,1,1,1
1,0,0,0,0,1,0,0,1,1
1,0,0,1,1,0,0,0,0,0
1,1,1,0,1,1,0,1,1,1
Patch Antenna412
0,0,0,0,1,1,1,0,0,0
0,0,0,0,0,1,0,1,0,1
1,1,0,1,1,1,0,0,0,0
1,0,0,0,1,0,1,1,1,0
1,1,1,0,0,0,0,1,1,0
1,0,0,0,1,0,0,0,1,0
1,1,1,0,1,1,1,0,1,1
0,1,0,1,1,0,0,0,1,0
1,1,0,0,0,1,1,0,1,0
1,1,0,0,0,1,0,1,1,0
Patch Antenna413
0,0,0,1,1,0,1,1,1,0
1,1,1,0,0,1,0,0,1,1
1,1,1,0,0,1,0,1,0,0
1,1,1,0,0,1,1,0,0,1
1,0,1,1,0,0,0,1,0,0
1,1,1,0,1,0,0,1,1,1
1,0,1,0,0,1,1,1,1,0
1,1,0,1,0,1,0,1,1,1
1,0,0,0,1,1,0,1,0,1
1,1,1,0,0,1,0,1,1,1
Patch Antenna414
0,0,0,0,0,1,1,1,0,1
0,1,0,0,1,0,1,0,1,0
0,1,0,0,0,1,1,1,0,1
1,0,0,0,0,0,1,0,1,1
0,0,0,1,0,0,1,0,1,0
0,1,0,1,0,1,1,1,0,1
0,1,1,1,1,0,0,0,0,0
0,0,0,0,0,1,1,1,1,1
1,0,1,1,0,0,1,0,1,1
1,1,0,0,1,0,0,0,1,1
Patch Antenna415
1,0,1,1,0,1,1,0,0,1
0,1,0,1,0,1,1,1,1,1
0,1,1,1,0,1,1,1,0,0
0,1,1,1,1,0,1,1,0,1
0,0,1,1,1,1,0,1,1,0
0,0,0,0,0,0,1,1,0,0
1,1,1,0,0,0,0,0,0,1
1,0,0,1,1,0,0,0,1,0
0,1,0,1,0,0,0,1,1,0
0,1,1,0,1,0,0,1,1,1
Patch Antenna416
1,1,1,0,0,1,0,0,1,1
1,1,0,0,1,1,0,0,0,1
1,1,1,1,0,0,0,1,1,1
0,0,0,1,0,1,1,0,0,1
0,0,0,1,1,0,0,1,0,0
0,0,1,1,1,1,0,0,0,1
0,1,0,0,0,1,1,1,0,0
0,1,1,1,1,1,1,0,0,0
0,1,0,0,1,0,1,0,0,0
1,1,1,0,0,1,0,1,1,1
Patch Antenna417
0,1,1,1,0,0,0,1,1,0
0,0,1,1,1,0,0,0,1,1
1,1,0,1,0,0,1,1,0,1
1,0,1,1,0,0,1,1,1,0
0,1,1,1,0,0,0,1,0,0
0,0,0,1,1,1,0,1,1,0
1,1,1,1,1,0,0,1,0,0
1,1,1,1,1,1,1,0,1,1
1,0,1,0,1,1,0,0,1,1
1,0,0,0,1,1,1,0,1,1
Patch Antenna418
1,1,0,0,1,0,0,1,0,0
0,1,0,1,1,1,1,0,0,1
0,1,1,0,1,1,1,1,1,1
1,1,1,1,0,0,1,0,0,1
1,1,0,0,0,1,1,1,1,1
1,0,0,0,1,1,0,1,0,1
1,0,0,1,0,0,0,0,0,0
1,1,1,0,1,0,1,1,0,0
0,1,1,0,0,0,1,1,1,0
1,1,0,0,1,0,1,0,0,1
Patch Antenna419
0,0,1,1,1,0,1,1,0,1
1,1,1,1,0,1,0,1,0,1
1,0,1,0,1,0,1,0,1,0
0,0,1,1,1,1,1,0,1,0
0,0,1,1,0,1,1,1,0,0
1,1,0,1,1,1,1,1,1,1
1,0,0,0,1,0,0,1,1,1
0,1,1,0,0,0,1,1,1,0
0,0,1,1,0,0,0,0,1,1
0,0,0,1,0,1,0,1,1,1
Patch Antenna420
1,0,0,0,1,0,1,1,0,0
1,1,1,1,1,0,1,1,1,1
1,1,0,1,0,1,0,0,0,0
0,0,0,0,1,0,1,1,1,0
0,0,1,0,0,1,1,0,0,1
0,1,1,1,0,1,0,0,0,1
0,0,0,0,1,1,0,0,1,0
1,1,0,1,0,0,1,1,1,1
1,1,0,1,0,0,1,1,0,1
0,1,1,1,1,0,1,1,1,1
Patch Antenna421
1,0,0,1,0,0,1,0,0,0
0,0,0,0,0,0,1,1,1,1
0,0,0,1,1,1,1,0,0,0
0,1,0,0,1,0,0,0,0,0
1,0,1,0,0,1,1,0,0,0
0,1,1,1,1,1,0,0,0,0
0,0,1,0,1,0,1,0,0,0
0,0,0,1,1,1,0,1,0,0
1,0,1,1,1,0,0,1,1,0
1,1,1,0,1,1,1,0,1,1
Patch Antenna422
1,0,1,1,0,0,0,0,1,0
1,0,0,1,0,1,1,0,0,0
1,0,0,1,1,0,1,0,0,1
0,0,1,0,0,1,0,1,1,0
0,1,1,1,0,0,1,1,1,1
1,1,0,1,1,0,0,0,1,1
0,1,0,0,1,0,0,0,0,0
0,1,1,1,1,1,1,1,0,1
0,1,1,1,0,0,0,0,0,1
0,0,0,1,0,0,1,1,1,1
Patch Antenna423
1,0,1,0,0,1,1,1,0,0
0,0,1,1,0,1,1,1,1,0
1,0,1,1,1,0,0,1,0,1
0,0,0,1,0,0,1,0,0,1
0,0,1,0,1,1,1,1,1,1
0,0,1,1,0,1,0,1,1,0
1,0,0,1,1,1,1,1,0,0
1,1,0,1,0,1,0,0,1,0
0,1,1,1,0,0,1,0,1,1
1,1,1,0,1,0,1,0,0,0
Patch Antenna424
1,0,0,0,1,1,1,0,1,1
1,1,0,1,1,0,0,1,1,0
1,1,1,1,1,1,0,0,0,0
1,0,1,1,1,0,0,1,0,1
0,1,0,0,1,1,0,1,0,0
0,0,0,1,0,1,1,0,0,0
1,1,1,1,1,1,1,0,1,1
1,1,1,1,0,0,1,1,0,1
1,1,0,1,0,0,1,0,1,0
0,0,0,1,0,1,0,0,1,0
Patch Antenna425
1,0,0,0,0,1,0,1,0,1
1,1,1,0,0,0,0,0,1,0
0,1,1,1,0,0,0,1,1,0
1,0,1,0,0,0,0,0,1,1
1,0,1,0,0,1,0,0,0,0
1,0,0,0,0,1,0,1,1,1
1,0,0,1,0,1,0,0,0,1
0,1,0,1,1,1,0,0,0,1
0,1,0,0,0,0,0,0,0,0
1,0,1,0,0,1,1,1,0,0
Patch Antenna426
1,0,0,0,1,1,1,0,0,0
1,1,1,0,1,1,0,1,1,0
0,0,1,1,1,1,1,0,0,0
1,1,0,1,0,0,0,1,1,0
0,0,0,1,0,1,0,1,0,1
1,0,0,0,1,1,1,1,1,1
1,1,1,1,1,0,0,0,0,0
0,0,1,0,0,0,0,0,1,1
1,0,1,1,1,0,0,1,0,1
1,1,1,0,0,0,0,0,1,0
Patch Antenna427
0,0,1,0,0,0,0,0,0,0
0,1,1,0,0,0,1,0,1,0
1,1,0,1,1,0,0,1,0,1
0,0,0,1,0,0,1,0,0,1
0,0,0,0,1,0,1,1,0,1
1,1,1,0,1,0,0,1,1,1
0,1,0,1,1,1,0,1,1,1
0,1,1,0,1,1,0,0,0,1
1,1,1,0,0,0,0,1,0,1
0,0,1,1,0,1,1,1,1,1
Patch Antenna428
0,1,1,1,1,0,1,0,1,0
0,1,1,0,0,0,1,0,1,0
0,1,1,1,1,0,1,1,0,1
0,1,0,0,0,0,1,1,1,0
0,1,1,0,1,1,0,0,1,1
1,0,0,1,0,1,0,1,1,0
0,1,1,0,0,0,0,1,0,0
1,0,1,1,1,0,1,0,1,0
0,1,1,1,0,0,0,0,0,1
1,0,1,0,1,1,1,0,1,0
Patch Antenna429
1,1,1,0,0,0,0,0,0,1
0,0,1,0,0,1,1,0,0,0
0,1,1,0,0,1,1,1,1,1
0,1,0,0,0,0,0,0,0,0
1,1,1,1,0,0,1,1,1,0
1,0,0,0,0,1,1,0,0,0
0,1,0,0,1,0,0,0,1,0
1,0,0,0,0,1,0,0,0,1
0,1,1,1,0,0,1,0,1,1
0,0,1,0,1,1,0,0,1,0
Patch Antenna430
1,1,0,0,0,0,0,1,0,1
0,1,1,0,1,1,1,0,0,1
0,1,0,1,0,0,0,1,0,0
1,0,0,1,1,1,0,1,0,1
0,1,1,0,0,1,0,1,0,1
1,0,0,0,0,0,0,0,0,1
1,0,1,1,1,0,1,1,0,1
1,0,0,1,0,1,0,1,1,0
0,1,0,1,1,0,0,0,0,0
0,0,1,0,1,1,1,1,0,0
Patch Antenna431
1,1,1,1,0,1,1,1,1,0
0,0,1,0,1,0,0,1,1,0
1,0,1,1,1,1,1,0,0,0
1,0,0,0,1,0,0,0,0,0
0,1,1,1,1,0,0,1,0,0
0,0,1,0,0,0,1,1,0,0
1,1,1,1,0,0,0,0,0,1
1,1,0,0,1,0,0,1,0,1
1,0,1,0,1,0,0,0,1,1
1,0,0,1,1,1,1,0,1,0
Patch Antenna432
0,0,1,0,1,0,0,0,0,0
0,1,1,1,1,1,1,1,0,1
0,1,1,1,1,1,0,1,1,1
1,1,1,0,1,0,1,0,1,1
0,1,0,1,0,1,1,1,1,0
1,0,0,0,1,1,0,0,0,1
1,0,1,1,0,0,1,0,0,1
0,0,1,0,0,1,0,1,0,1
1,1,1,1,1,0,0,0,1,0
1,0,1,1,0,0,1,1,1,0
Patch Antenna433
1,0,1,0,1,1,1,0,0,1
0,0,1,1,1,1,1,1,0,1
1,1,0,0,1,1,0,0,0,1
1,1,0,0,0,0,1,0,0,1
1,1,0,0,0,1,0,0,1,1
1,1,0,1,0,1,1,1,0,0
0,1,1,0,1,1,1,0,1,0
0,1,0,1,0,0,0,0,1,1
0,1,1,0,0,0,1,1,0,0
0,1,1,0,0,0,1,0,0,1
Patch Antenna434
0,0,0,0,0,0,1,0,0,1
0,0,1,1,1,1,0,0,1,0
1,0,1,1,1,1,1,0,1,0
0,1,0,0,1,1,1,0,1,0
0,0,1,1,0,1,0,1,1,1
1,1,1,0,0,0,0,0,0,1
1,1,0,1,0,0,1,1,0,1
1,1,0,0,0,1,0,0,0,0
0,1,0,0,1,0,1,0,0,0
1,0,1,1,1,0,0,1,0,1
Patch Antenna435
0,1,1,0,0,1,0,1,1,1
0,0,1,0,0,0,1,0,0,0
0,1,1,0,1,0,1,0,1,1
0,0,1,1,0,0,0,0,0,1
1,0,0,1,0,0,1,0,1,1
1,0,0,0,0,1,1,1,0,1
0,1,0,1,0,0,1,1,1,1
1,1,1,0,1,1,1,1,0,1
1,1,1,0,1,1,1,0,1,0
1,0,0,1,0,0,0,1,0,1
Patch Antenna436
0,0,0,0,1,0,0,0,1,0
0,1,1,0,0,0,0,1,1,0
0,1,1,0,0,1,0,0,1,1
1,0,1,1,1,1,1,1,1,0
0,1,1,1,0,0,1,0,0,0
1,1,1,1,0,0,1,1,0,0
1,0,1,0,0,1,0,1,0,0
0,1,0,1,0,1,1,1,1,0
1,1,1,0,1,1,0,1,0,0
0,1,1,0,1,1,1,0,0,1
Patch Antenna437
0,1,0,0,1,0,0,1,0,0
0,0,1,0,0,1,0,1,1,0
0,1,1,1,1,0,1,0,0,0
1,1,0,1,1,1,1,0,1,0
1,1,0,1,1,0,1,1,1,1
1,0,1,1,1,1,1,0,0,1
0,0,0,0,1,0,1,1,1,0
0,0,1,1,0,0,0,1,0,0
0,0,1,1,0,1,0,1,1,0
0,0,0,0,0,0,1,0,1,0
Patch Antenna438
1,1,1,1,1,0,0,1,1,1
1,0,1,0,0,1,1,1,0,1
0,0,0,0,1,0,1,0,0,1
1,1,1,0,0,0,1,1,0,0
0,0,0,1,0,1,0,1,0,0
0,0,0,0,1,0,0,0,0,0
1,0,1,0,1,0,0,0,1,1
0,0,1,0,1,0,0,1,1,0
0,1,0,0,1,0,0,0,1,1
1,1,1,1,1,1,1,1,1,1
Patch Antenna439
1,1,0,0,1,1,0,1,0,0
1,1,0,1,0,1,1,1,1,0
0,0,0,1,0,1,1,0,1,0
0,0,1,0,0,0,1,0,1,1
0,0,0,1,1,0,1,0,1,1
1,0,1,1,1,0,1,0,0,0
1,0,1,0,1,1,0,1,1,0
1,0,1,0,1,0,1,0,1,1
1,1,0,1,1,1,1,0,1,0
0,1,1,1,0,0,0,0,0,1
Patch Antenna440
1,1,0,1,1,0,1,0,0,0
1,0,1,0,1,1,0,1,1,1
0,1,1,1,1,0,1,1,1,0
1,1,0,1,0,1,0,0,0,1
1,1,1,0,0,1,0,0,1,0
1,0,1,0,0,0,0,0,1,0
1,1,0,0,0,1,1,1,0,1
0,1,1,0,0,0,1,0,1,0
0,0,1,0,0,1,0,1,0,0
1,0,0,1,1,1,1,0,0,1
Patch Antenna441
0,1,1,0,0,1,0,1,1,1
0,1,0,0,0,1,0,0,1,0
1,1,1,0,1,1,0,1,0,1
0,0,1,1,1,0,0,0,0,0
0,1,1,1,1,1,1,0,0,0
0,1,1,1,1,0,1,1,1,0
1,0,1,1,1,1,0,1,1,0
1,1,1,1,0,0,0,0,0,0
0,0,0,1,1,0,0,1,0,0
0,0,1,0,1,1,1,1,1,1
Patch Antenna442
1,0,0,0,1,0,1,1,1,0
1,0,1,0,1,0,0,1,1,0
0,1,0,1,1,0,0,0,1,0
1,0,0,0,0,0,1,0,1,1
1,1,0,1,0,0,1,0,0,1
0,0,0,1,1,0,0,1,0,0
0,1,1,1,0,0,1,1,1,0
0,1,1,1,1,1,0,1,0,0
1,0,1,0,0,0,0,0,0,0
1,0,1,1,0,1,0,0,0,1
Patch Antenna443
1,0,0,1,1,0,0,0,0,1
0,0,1,1,1,1,1,1,1,1
0,1,1,0,0,0,1,0,0,0
1,0,1,1,0,1,0,0,0,1
0,0,0,0,0,1,1,1,0,1
0,0,1,0,0,1,1,0,0,1
1,1,1,0,1,1,0,0,0,1
0,0,1,1,0,0,0,1,0,0
1,0,1,1,1,1,1,1,0,0
0,1,0,1,0,0,0,0,0,0
Patch Antenna444
1,1,1,0,1,0,1,0,1,0
1,0,1,0,1,0,0,1,0,1
1,0,1,1,1,1,0,1,0,0
1,0,0,0,1,0,0,0,1,0
1,1,1,0,1,0,0,1,1,1
1,0,0,1,1,0,1,0,1,1
1,1,0,0,1,0,0,1,0,1
1,0,0,1,1,0,0,0,1,0
1,1,1,1,1,1,0,0,1,1
1,0,1,0,0,0,1,0,1,1
Patch Antenna445
1,0,0,0,0,0,0,1,0,0
0,0,1,0,0,1,0,1,0,0
0,0,1,0,0,0,0,0,1,1
0,1,0,1,1,1,1,1,0,1
1,0,0,1,1,1,0,1,1,0
0,0,1,1,1,1,1,0,1,0
0,0,0,0,0,0,1,0,0,0
0,0,1,0,1,0,1,1,1,0
0,0,0,0,0,1,1,0,0,1
0,0,1,0,1,0,1,0,0,0
Patch Antenna446
0,1,0,0,0,1,1,1,1,1
0,1,1,1,1,0,0,0,0,0
0,0,1,1,0,1,1,0,0,0
0,1,0,1,0,0,1,0,1,0
1,1,1,1,1,1,1,1,1,0
0,0,1,1,1,0,0,1,1,0
0,0,0,0,1,1,0,0,1,0
1,0,1,0,0,0,0,0,1,1
1,1,0,0,1,1,0,1,1,0
1,1,0,0,1,0,1,0,1,1
Patch Antenna447
0,0,1,0,0,1,1,0,0,0
0,1,1,0,1,0,1,0,0,0
0,0,0,1,1,0,1,0,1,1
0,0,0,1,0,0,0,1,1,0
0,1,0,0,0,1,0,0,0,0
0,0,0,0,1,0,1,1,1,1
0,1,1,1,0,1,0,0,0,1
1,1,1,0,0,0,0,1,1,0
1,0,1,0,0,1,0,0,1,1
0,0,1,0,1,0,1,1,1,1
Patch Antenna448
0,1,0,0,1,0,0,0,1,0
1,1,0,1,0,0,1,1,1,1
1,0,0,0,0,1,1,1,1,0
0,0,0,0,1,1,1,1,0,1
1,0,0,1,0,1,0,1,1,0
0,1,0,0,1,1,0,1,0,1
0,0,0,1,1,1,0,0,0,0
1,0,1,0,1,0,1,1,1,1
0,1,0,0,1,1,1,0,1,1
0,0,0,1,1,1,1,1,0,0
Patch Antenna449
1,0,1,0,1,0,1,1,0,0
1,1,0,1,0,0,1,1,0,1
0,0,0,0,0,1,0,1,0,1
0,0,0,1,0,1,0,0,1,1
1,1,1,1,0,1,1,1,1,1
0,1,1,1,1,1,1,1,0,0
1,1,0,0,1,0,1,1,0,1
0,1,1,0,0,1,0,1,1,0
1,1,1,1,0,1,0,0,1,1
0,0,1,1,1,0,1,0,0,1
Patch Antenna450
0,1,0,0,1,1,1,0,0,1
0,1,0,1,0,1,1,1,1,1
0,0,0,0,1,0,1,1,0,0
1,1,0,0,0,0,1,1,0,1
0,0,0,0,1,0,0,1,0,1
0,1,0,1,1,0,0,0,0,0
1,1,1,0,1,1,0,0,0,1
1,0,1,1,0,1,0,0,1,1
0,1,1,1,1,1,1,1,0,1
1,1,0,0,1,1,1,1,1,0
Patch Antenna451
1,0,1,0,0,0,1,1,0,0
1,1,1,0,0,1,0,1,0,1
1,1,1,1,0,1,0,1,1,1
1,1,0,0,0,0,0,0,1,1
0,0,1,1,0,0,1,0,1,0
0,0,1,0,0,1,1,0,0,1
0,0,0,1,0,0,0,1,0,0
1,0,0,1,0,0,1,1,1,1
1,0,1,1,0,0,0,0,1,0
0,1,1,1,0,0,1,0,1,1
Patch Antenna452
0,1,1,0,0,0,0,1,1,1
0,0,0,0,1,1,1,0,0,1
1,0,1,1,1,0,1,1,1,0
1,1,0,0,0,1,1,0,1,1
1,1,0,0,0,0,1,0,1,0
1,1,0,0,0,1,0,0,1,1
1,0,1,1,1,0,1,0,1,0
1,1,1,1,0,0,1,1,1,1
0,0,1,1,1,0,0,1,1,0
1,0,0,0,0,1,0,1,0,1
Patch Antenna453
1,0,0,0,0,1,0,0,1,1
1,0,1,1,1,1,1,0,1,0
1,0,0,1,0,0,1,0,1,0
0,1,1,1,0,0,0,0,1,1
0,1,1,0,1,0,1,0,0,0
1,1,1,1,1,0,0,1,0,0
1,1,0,1,1,0,0,1,0,0
1,0,1,0,1,0,1,0,0,0
1,1,1,0,0,0,1,1,0,1
1,1,0,0,1,1,0,1,0,0
Patch Antenna454
0,0,0,0,1,1,1,1,1,0
1,0,1,0,0,0,1,1,1,0
0,1,1,0,0,0,0,0,0,1
1,0,1,0,0,1,0,0,0,0
1,1,0,1,0,1,1,0,0,1
0,1,1,0,1,0,0,0,0,0
0,1,0,1,0,1,0,0,0,0
0,0,0,0,0,1,1,0,0,0
1,1,1,1,1,0,1,0,1,1
0,0,1,0,0,1,1,0,1,1
Patch Antenna455
1,0,0,1,1,0,1,1,1,0
0,1,0,1,1,0,1,0,0,0
1,1,0,1,0,0,1,0,0,1
0,0,1,0,0,0,1,1,0,1
0,0,1,1,0,0,1,0,1,0
1,1,1,1,1,0,0,0,1,0
0,0,0,1,0,0,0,0,1,0
0,1,0,1,1,0,1,1,1,1
0,1,0,1,1,1,1,0,0,0
0,1,0,0,0,1,1,1,0,1
Patch Antenna456
1,1,0,1,0,0,0,1,1,1
0,0,0,0,1,0,1,1,1,1
0,0,1,0,0,0,0,0,1,1
0,1,1,0,1,0,0,1,1,1
1,0,1,1,0,0,1,0,1,0
1,1,0,0,0,1,1,0,1,1
0,0,1,1,1,1,1,0,0,1
0,1,0,0,1,1,0,0,1,0
0,1,0,1,1,0,1,1,0,0
1,0,1,0,1,1,1,0,0,1
Patch Antenna457
1,1,1,1,1,1,1,0,1,0
0,1,0,0,1,0,0,1,0,1
0,0,1,1,1,0,1,1,0,1
1,1,0,1,0,1,1,0,1,0
1,1,1,0,0,1,1,0,1,1
0,1,0,1,1,1,0,0,0,1
0,0,1,0,0,1,1,1,1,1
1,0,0,0,1,0,1,1,0,1
0,0,1,1,0,1,1,0,1,1
1,0,0,1,1,1,1,1,0,0
Patch Antenna458
1,0,1,1,0,1,0,1,1,1
1,0,0,0,0,0,0,1,1,0
1,0,1,0,0,1,1,0,1,1
0,1,1,0,1,1,0,0,1,0
1,1,1,0,1,0,1,0,1,0
0,1,0,1,1,0,1,1,0,0
1,0,0,0,1,1,0,0,1,1
0,0,1,1,1,0,0,0,0,1
0,0,1,1,1,0,1,1,0,0
0,1,0,1,0,0,0,0,0,1
Patch Antenna459
0,0,0,1,0,0,1,1,1,1
1,0,1,0,1,1,1,0,1,0
0,0,0,0,1,1,1,0,1,1
0,1,1,0,1,1,0,1,1,0
0,0,0,0,0,1,1,1,0,0
0,0,1,0,0,0,0,0,1,0
0,0,0,1,1,0,0,1,1,0
0,1,1,1,0,0,1,1,1,1
1,0,1,1,1,0,0,0,0,1
1,1,1,0,1,1,0,1,0,0
Patch Antenna460
0,0,0,1,0,1,0,1,0,0
1,1,1,1,0,0,1,0,1,0
1,0,1,0,1,1,1,0,0,1
0,0,1,0,0,0,0,0,1,0
0,1,1,1,0,0,1,1,1,0
1,1,1,0,1,0,1,1,0,1
1,0,0,1,1,1,1,1,1,0
0,1,0,1,0,0,1,0,0,1
0,0,1,1,1,0,1,1,0,1
0,1,1,0,0,1,0,1,0,0
Patch Antenna461
0,0,0,1,1,0,1,1,1,0
1,1,1,1,0,0,0,0,0,1
0,0,1,0,1,1,0,0,1,1
0,0,1,0,1,0,1,1,1,1
0,1,0,1,0,0,0,0,0,0
1,1,1,1,0,0,1,0,1,1
0,0,0,1,1,1,0,0,1,1
0,0,0,0,0,1,0,0,0,0
0,0,1,0,0,0,0,1,0,0
1,0,0,1,1,1,0,0,1,1
Patch Antenna462
1,1,0,0,1,1,0,1,0,1
0,1,0,1,0,0,1,1,1,0
1,1,1,0,1,1,1,0,0,1
1,1,0,1,1,1,0,1,1,1
0,1,0,0,0,1,1,0,1,1
0,0,1,0,0,0,0,0,1,1
1,0,0,0,1,0,0,0,1,1
1,0,1,0,0,0,0,1,1,1
1,0,1,0,1,1,0,0,0,1
1,1,1,1,1,0,0,1,1,0
Patch Antenna463
0,0,1,1,0,0,0,0,0,1
1,1,0,1,1,0,1,1,1,0
0,1,0,1,1,1,1,0,0,0
1,1,1,1,0,1,1,0,0,1
1,0,1,1,0,0,0,0,0,0
1,1,0,0,0,1,0,1,0,1
0,1,0,1,0,1,0,1,1,1
1,0,0,1,0,1,1,0,1,0
1,0,0,0,1,1,1,0,1,0
1,0,1,1,0,1,0,0,1,1
Patch Antenna464
1,0,0,1,0,1,0,1,1,0
0,1,1,1,1,0,1,1,0,0
0,0,1,1,1,1,1,1,1,0
0,0,0,1,0,1,1,1,0,1
0,0,0,1,0,0,1,0,0,1
0,0,0,1,0,0,1,1,1,1
0,0,0,0,0,0,1,0,0,0
1,0,0,1,0,0,0,1,1,0
0,1,0,1,1,0,1,1,1,1
1,1,0,1,1,1,0,1,1,0
Patch Antenna465
1,1,1,0,1,0,1,1,1,1
1,1,1,0,1,0,1,1,0,1
0,1,0,0,0,0,1,0,1,1
1,0,1,0,0,0,0,0,1,0
0,1,0,0,0,1,0,0,1,0
0,1,0,0,1,0,1,1,0,0
0,1,1,1,1,0,0,1,0,1
0,0,1,1,1,1,0,1,0,0
1,0,1,1,0,0,1,0,1,0
0,1,1,1,0,0,0,1,0,0
Patch Antenna466
0,1,1,0,0,1,1,1,0,1
1,1,1,1,1,1,0,1,1,0
1,0,1,1,1,0,0,1,0,0
0,1,1,0,1,1,1,0,0,0
0,1,0,0,0,0,1,0,0,1
0,0,0,0,1,1,1,1,1,1
0,0,0,0,0,0,1,0,0,0
1,0,1,1,0,1,1,0,1,0
0,1,1,0,0,0,1,0,1,0
0,0,1,0,0,0,1,1,1,0
Patch Antenna467
0,1,0,0,0,0,1,0,1,0
1,0,1,0,0,1,0,0,1,1
1,0,0,0,0,0,0,0,0,1
0,1,0,0,0,1,0,1,1,1
0,0,1,0,1,0,1,1,0,1
0,1,0,1,1,0,0,0,1,0
0,0,0,0,0,0,1,0,1,1
0,0,0,1,1,1,1,0,1,1
0,0,0,1,0,0,0,1,1,1
1,1,1,0,0,1,0,0,0,1
Patch Antenna468
0,1,1,1,0,1,1,0,0,1
1,0,0,1,1,1,1,0,1,1
0,0,1,0,0,0,1,1,1,1
1,1,0,0,1,0,0,0,0,1
0,1,1,0,0,1,0,1,0,1
0,0,1,1,0,0,0,1,0,1
1,1,1,1,0,0,1,1,1,0
0,0,0,0,1,0,1,0,1,1
0,1,0,1,1,1,1,1,1,0
1,1,0,1,0,0,1,0,1,1
Patch Antenna469
0,0,0,0,1,0,1,1,0,1
1,0,1,0,0,1,1,0,0,0
1,0,0,1,0,0,0,1,0,0
1,0,0,0,1,1,0,1,0,0
0,1,1,0,0,0,0,1,0,1
1,0,1,0,0,1,0,0,0,0
0,0,0,0,0,1,0,1,1,1
0,1,1,0,0,0,1,0,1,1
1,1,0,0,1,0,1,0,0,0
1,1,1,1,0,0,0,0,0,0
Patch Antenna470
1,0,1,1,0,0,0,1,0,0
0,1,1,1,0,1,0,0,1,1
1,0,1,0,1,0,1,0,1,1
0,0,0,0,0,1,0,1,1,0
0,0,1,0,0,0,1,1,1,0
1,0,0,0,0,0,0,1,0,0
1,0,1,1,0,0,1,0,0,0
1,0,1,1,0,0,0,0,0,0
1,1,1,1,0,0,1,0,1,0
0,0,1,0,1,0,0,0,1,0
Patch Antenna471
0,1,0,0,1,0,0,0,1,0
0,0,1,1,0,0,0,1,1,0
1,1,1,1,0,1,0,0,0,0
0,1,1,0,0,0,1,1,0,1
1,1,1,1,0,1,0,0,1,1
1,0,1,0,0,0,0,1,0,0
1,0,1,0,0,1,0,0,0,1
0,0,1,0,1,1,1,1,1,1
0,1,1,1,1,1,1,1,1,0
0,1,0,1,1,1,1,1,0,1
Patch Antenna472
0,0,0,0,0,1,0,0,0,0
0,1,1,1,1,1,0,0,1,1
0,0,0,0,1,1,1,1,1,0
1,0,1,1,0,1,1,0,1,1
1,0,1,1,0,0,1,0,1,1
1,0,0,0,1,1,0,0,1,0
1,1,0,0,1,0,1,0,0,0
1,0,0,0,0,0,0,1,1,1
1,0,0,0,0,1,0,1,0,0
0,1,1,0,0,1,1,0,1,1
Patch Antenna473
0,1,1,0,0,1,1,0,0,0
1,1,0,1,0,0,1,0,1,0
1,0,1,0,0,1,0,1,0,0
1,0,1,0,1,1,1,0,0,0
1,1,0,1,0,1,0,0,1,0
1,1,0,0,1,0,1,0,0,0
1,0,0,0,0,1,0,0,0,1
0,0,1,0,0,1,0,1,0,0
1,0,1,1,1,0,0,1,0,0
1,0,1,0,0,0,1,1,1,1
Patch Antenna474
1,0,1,0,0,0,1,1,0,0
1,0,1,1,0,0,1,1,1,0
1,0,0,1,1,1,0,1,1,0
0,0,0,0,1,1,1,0,1,0
0,0,0,0,0,1,0,1,0,0
1,0,1,1,0,0,0,0,1,0
0,1,0,0,1,0,0,1,1,1
1,0,0,0,1,1,1,0,1,0
0,1,0,0,1,0,1,1,0,0
1,1,1,0,1,0,1,0,1,0
Patch Antenna475
0,1,1,0,0,1,1,0,1,1
0,1,0,0,1,1,0,1,0,0
0,1,0,1,1,0,0,0,1,0
1,1,1,1,0,1,1,1,1,0
0,0,1,0,0,0,1,1,0,0
1,1,1,0,0,1,1,0,1,0
1,1,1,1,1,0,0,1,0,1
1,1,1,1,1,1,1,1,0,1
1,0,0,0,0,1,0,1,0,1
1,0,1,0,1,0,0,1,1,0
Patch Antenna476
1,1,1,1,1,0,0,1,0,0
0,0,0,1,0,1,1,0,1,1
1,1,1,0,0,1,0,0,1,1
0,0,0,0,1,1,0,1,1,0
0,0,0,0,1,0,0,1,1,1
1,0,1,1,1,1,0,1,0,1
1,1,1,0,1,0,0,0,0,0
1,1,0,0,1,0,0,1,1,0
1,1,0,1,0,1,1,1,1,1
0,0,1,1,1,1,0,0,0,1
Patch Antenna477
1,1,0,0,1,0,1,0,0,1
1,1,0,1,1,1,0,0,1,0
1,0,0,0,1,0,1,0,1,0
1,1,0,1,0,1,1,1,0,1
0,0,1,0,0,0,0,1,1,0
0,0,0,0,1,1,0,0,1,0
1,0,0,0,1,0,1,1,1,1
0,1,0,0,0,1,0,0,0,1
0,1,1,1,0,0,0,1,0,0
1,0,0,1,1,1,1,1,1,0
Patch Antenna478
0,1,1,0,0,0,1,1,0,0
1,0,0,0,1,1,0,1,1,1
0,0,0,1,0,0,1,0,1,1
0,1,1,0,1,0,1,0,0,1
0,0,0,1,0,0,1,1,0,0
0,1,0,1,0,1,0,0,1,0
1,1,0,0,1,0,0,0,1,1
0,1,1,1,0,0,0,1,0,0
1,1,1,0,0,1,0,1,1,0
1,0,1,0,1,0,0,1,0,1
Patch Antenna479
0,0,0,0,0,0,1,0,1,0
0,0,1,1,1,0,0,0,0,1
0,0,1,1,0,1,1,0,0,0
0,0,1,0,0,1,1,0,1,1
0,0,1,0,0,0,1,1,0,0
1,0,0,0,0,1,1,1,1,0
0,1,1,1,0,1,1,0,0,0
1,1,0,1,0,0,1,1,1,1
0,0,1,1,1,1,1,1,0,0
0,1,0,0,1,1,0,0,1,0
Patch Antenna480
1,0,1,0,0,0,0,1,0,0
0,1,1,0,0,0,0,0,0,1
0,0,0,1,1,1,1,0,0,0
0,1,1,1,0,1,1,0,1,0
1,0,1,0,1,0,1,1,0,0
1,1,0,1,1,1,0,1,0,1
0,1,1,1,1,1,0,1,1,0
0,1,0,0,0,0,1,0,1,1
0,0,0,0,1,0,1,1,0,0
0,1,1,1,1,1,1,0,0,0
Patch Antenna481
0,1,1,0,0,0,0,0,0,1
1,0,0,1,0,1,0,1,1,0
0,0,1,1,0,1,1,1,0,1
1,0,0,0,1,0,0,0,1,1
0,1,1,0,0,1,0,1,0,0
0,0,0,0,1,0,1,0,0,1
0,0,1,0,0,1,0,0,1,0
1,0,1,0,0,0,0,0,0,1
1,1,0,1,1,1,1,0,0,1
0,0,1,0,1,0,0,0,0,1
Patch Antenna482
1,1,1,1,0,1,1,1,0,0
0,0,1,0,1,0,0,1,1,1
1,0,1,0,1,1,1,0,1,0
0,0,1,1,0,1,0,1,1,1
1,0,1,0,0,0,1,0,0,1
1,0,1,1,0,0,1,1,0,0
0,0,1,1,0,0,1,1,0,1
1,1,1,0,1,1,0,1,0,1
1,1,1,0,0,0,1,1,0,0
0,1,1,1,1,0,0,0,0,0
Patch Antenna483
0,1,1,1,1,0,1,0,1,0
1,1,1,1,0,0,1,1,1,0
0,1,0,1,0,1,1,0,1,1
1,0,0,1,1,0,1,1,0,1
0,0,1,1,1,0,1,0,1,1
1,1,0,1,1,0,1,0,1,1
1,1,0,0,1,1,0,0,0,0
0,0,0,0,0,1,1,0,0,0
1,1,1,1,0,1,1,0,1,0
1,1,0,1,1,1,1,1,1,1
Patch Antenna484
1,0,0,0,1,1,1,0,1,1
1,1,1,1,0,0,0,1,0,0
1,0,1,0,0,0,1,1,1,1
0,1,1,1,0,1,1,1,0,1
1,1,0,0,0,0,0,0,1,1
1,1,1,0,1,1,1,1,0,1
0,1,1,1,1,0,0,1,0,0
0,0,1,1,0,1,1,1,0,0
0,0,1,0,1,0,0,0,0,1
0,0,1,1,1,0,0,1,0,1
Patch Antenna485
0,1,0,0,0,0,0,0,0,1
1,1,0,0,0,1,0,0,0,0
1,0,1,1,0,1,1,1,0,0
1,0,0,1,1,0,1,0,1,0
0,1,1,0,0,0,1,0,1,0
1,1,1,1,0,0,1,0,0,1
0,0,0,0,1,0,0,0,0,1
0,0,1,0,1,1,1,0,0,0
1,1,0,1,0,1,0,1,0,1
1,0,0,1,1,1,0,1,1,1
Patch Antenna486
0,1,1,1,0,0,1,0,0,0
0,1,1,1,0,0,1,1,0,1
0,0,0,1,1,0,1,0,1,0
0,0,1,1,1,0,0,1,1,1
0,0,1,1,1,1,1,0,1,1
0,1,0,0,0,0,1,1,1,1
0,1,1,1,1,0,1,0,1,1
1,0,1,0,1,0,0,1,0,1
0,0,1,0,0,1,0,1,0,0
1,1,0,0,1,0,1,1,0,1
Patch Antenna487
1,0,1,0,1,0,0,1,1,0
0,0,0,0,0,0,1,1,0,0
0,0,1,0,0,0,1,1,0,1
0,1,1,1,0,0,0,1,1,0
0,1,0,0,0,1,1,1,0,1
0,1,0,1,1,0,1,1,1,0
0,1,0,0,1,1,1,1,0,0
1,0,0,1,0,1,0,1,1,1
0,1,0,0,0,0,1,1,0,0
0,1,0,0,1,1,1,1,0,0
Patch Antenna488
0,0,0,0,1,1,1,0,1,0
1,1,0,0,0,1,1,0,0,1
0,1,1,1,1,0,1,1,1,1
1,1,1,0,0,0,1,0,1,1
1,0,0,0,1,0,0,0,1,0
1,1,0,0,0,1,1,1,0,1
1,0,1,1,1,1,0,1,1,0
0,1,0,0,0,0,0,0,0,0
1,0,1,1,1,1,0,1,1,0
0,1,1,0,1,1,0,0,1,0
Patch Antenna489
1,0,1,0,1,0,0,0,0,0
1,1,0,0,1,1,1,0,1,0
1,1,1,0,1,0,1,0,1,1
0,0,1,0,0,1,1,0,1,1
1,1,0,0,0,1,0,1,0,0
0,0,1,1,0,1,1,1,1,1
0,0,0,0,0,0,1,0,1,1
0,0,1,1,0,1,0,1,0,1
0,0,0,1,1,0,0,0,0,1
1,0,0,0,0,1,1,0,1,0
Patch Antenna490
1,0,1,1,0,0,0,0,1,1
1,0,1,1,0,1,0,0,0,1
1,0,1,1,0,1,1,1,0,1
1,0,1,1,0,0,0,0,1,1
1,1,1,0,0,1,1,1,0,0
1,0,1,1,1,0,1,1,0,0
0,0,0,1,1,1,1,0,0,0
0,0,0,0,1,0,0,1,1,1
1,0,0,1,0,1,1,0,1,1
0,0,1,0,0,0,0,1,0,1
Patch Antenna491
0,1,1,1,1,0,1,0,0,1
1,0,1,0,0,0,1,1,1,0
1,0,1,0,1,1,1,1,1,0
1,0,1,0,1,1,1,0,1,0
1,1,0,1,0,1,1,0,1,1
1,0,1,0,0,1,0,1,1,0
0,1,1,0,1,1,0,0,1,0
0,1,0,1,0,0,1,0,0,0
0,1,1,1,0,1,0,0,1,0
1,1,1,0,0,0,1,0,1,0
Patch Antenna492
0,1,0,1,0,0,1,0,1,1
1,0,1,0,1,1,1,0,0,1
0,1,1,1,0,0,0,0,0,1
1,0,0,0,1,0,0,1,0,0
0,0,0,1,0,0,0,1,1,0
1,0,1,0,0,0,0,0,0,1
1,0,0,0,1,1,1,1,1,0
1,1,1,1,0,0,0,0,0,1
1,1,1,0,0,0,1,0,1,1
0,1,0,1,0,1,1,0,1,0
Patch Antenna493
0,1,0,0,0,0,0,1,1,1
0,0,1,0,0,0,0,1,0,0
0,1,1,1,1,1,0,0,0,1
1,0,0,1,1,1,0,1,0,1
1,0,0,0,0,0,1,1,0,1
0,1,0,0,0,0,1,0,1,0
1,0,0,0,1,1,1,1,0,1
0,1,1,0,0,1,0,1,0,0
0,0,0,0,0,0,0,0,1,0
1,1,0,1,1,0,0,0,0,1
Patch Antenna494
0,1,0,1,1,1,1,1,0,0
0,1,1,0,0,0,1,1,1,1
0,1,1,1,1,1,1,1,1,0
1,0,0,1,0,0,1,0,1,1
1,0,1,1,1,0,1,1,0,0
1,0,1,0,0,0,0,0,1,0
1,0,0,1,0,0,1,0,0,1
0,0,1,1,0,1,0,0,0,1
0,1,0,0,1,0,0,0,1,1
0,0,1,0,1,1,1,0,1,1
Patch Antenna495
0,0,0,0,1,1,1,0,0,1
0,0,0,0,1,0,1,1,0,0
1,1,0,0,0,0,1,1,1,0
1,1,0,1,0,0,0,0,0,0
0,0,0,1,1,0,1,1,1,0
1,0,0,0,1,0,0,0,0,1
0,0,0,0,0,0,1,1,1,0
1,0,0,1,0,0,1,1,0,1
1,1,0,0,0,0,1,0,1,1
1,0,0,1,1,0,1,1,0,0
Patch Antenna496
1,0,0,0,1,0,0,0,0,0
0,0,0,0,1,1,0,1,0,0
0,0,0,0,0,1,0,0,1,0
1,0,1,0,1,1,1,1,1,0
0,0,0,0,0,0,1,0,1,1
1,0,0,0,1,0,1,0,1,1
0,0,0,0,0,0,0,1,1,0
0,0,0,1,1,1,1,1,1,0
0,1,0,0,1,0,0,0,0,1
1,1,0,0,1,0,1,1,1,0
Patch Antenna497
1,1,0,0,0,1,1,1,0,0
0,0,1,1,0,0,0,0,1,1
0,1,0,1,0,0,1,0,1,1
0,1,1,1,0,0,0,0,0,0
0,1,1,0,1,1,0,1,0,1
0,0,0,0,1,0,1,1,0,0
0,0,1,1,1,0,0,1,1,1
1,0,0,0,0,0,1,0,0,1
0,0,1,1,0,0,1,0,0,0
0,1,1,1,0,0,0,1,1,0
Patch Antenna498
1,1,0,0,0,1,1,1,0,0
1,1,0,1,0,1,0,1,0,0
0,1,0,1,1,1,1,1,1,1
1,1,1,0,1,1,0,1,1,0
0,0,1,1,1,1,1,0,0,1
0,0,0,0,0,0,1,0,1,1
1,1,1,0,1,0,1,1,1,1
1,0,1,1,0,0,1,0,0,0
1,0,1,0,0,0,0,1,1,0
1,1,1,0,1,0,1,1,0,0
Patch Antenna499
0,1,0,1,0,0,1,0,0,1
1,1,0,0,0,1,1,0,1,0
0,1,1,1,1,1,0,1,1,0
0,1,1,0,1,1,0,0,0,1
0,0,0,0,0,1,0,0,0,0
1,0,1,0,1,0,1,1,0,1
1,0,1,0,0,0,0,0,0,0
0,1,1,0,1,0,0,0,1,0
0,0,0,1,1,0,1,1,1,1
1,1,1,0,1,0,1,1,0,0
Patch Antenna500
0,1,0,1,1,0,0,1,0,0
0,0,1,1,0,0,1,0,1,0
0,0,0,1,0,0,1,1,0,1
1,0,0,1,1,1,0,1,1,1
0,0,0,1,1,0,0,0,1,0
0,0,0,1,1,0,0,0,1,1
1,1,1,1,0,1,1,1,0,1
1,1,0,1,1,1,1,0,0,1
0,1,0,1,0,1,0,0,0,1
1,1,1,1,0,0,1,0,1,1
Patch Antenna501
1,0,1,0,0,0,0,0,1,0
0,1,0,0,1,0,0,1,1,0
0,0,0,0,0,1,1,1,1,1
0,1,1,1,0,1,0,0,0,0
1,1,1,0,0,0,0,1,1,0
0,0,0,1,0,0,0,0,1,0
0,0,0,0,1,1,1,0,0,1
1,0,0,1,1,0,0,1,0,1
0,1,1,0,1,0,0,1,1,0
1,1,1,0,0,0,0,0,0,1
Patch Antenna502
0,1,0,0,0,1,1,0,0,0
0,0,1,1,1,1,1,1,1,0
0,0,1,1,1,1,1,0,0,0
1,1,1,1,0,0,0,0,0,1
1,1,1,0,0,1,0,0,1,0
1,1,0,1,0,0,0,1,1,1
1,1,1,1,0,1,0,0,1,0
1,0,0,1,0,0,1,0,1,0
1,1,1,1,0,1,0,0,1,1
0,0,0,0,1,0,1,0,0,1
Patch Antenna503
1,1,0,0,1,1,0,0,0,0
0,1,1,1,0,1,0,0,1,0
0,0,0,1,0,0,0,0,0,0
0,0,1,1,0,0,1,0,1,0
0,0,1,0,0,0,1,1,1,1
0,0,0,0,1,0,1,1,1,0
0,0,1,1,1,0,1,1,0,1
1,1,1,0,1,1,0,1,0,1
1,0,1,1,0,1,1,1,0,0
1,1,0,1,1,0,1,0,0,1
Patch Antenna504
1,0,1,1,0,1,1,0,0,1
0,0,0,0,0,1,1,0,1,0
1,0,1,0,0,0,1,1,0,0
0,0,0,0,0,0,1,0,1,1
1,1,1,0,0,0,0,1,1,0
1,0,0,0,1,1,0,0,1,0
1,0,0,1,0,0,0,1,0,1
0,1,1,1,1,0,1,1,0,1
0,1,0,1,0,0,0,0,0,1
1,1,0,1,0,1,0,1,1,0
Patch Antenna505
1,1,0,0,1,1,1,0,0,0
0,0,1,1,1,0,1,1,1,0
0,1,1,0,0,0,0,1,0,0
1,1,0,1,1,1,0,1,0,0
1,0,0,0,1,1,1,1,1,1
0,0,1,0,0,0,1,0,1,1
1,0,1,0,1,0,0,0,1,0
0,0,0,1,0,1,0,1,0,0
1,0,1,0,1,1,0,1,0,1
1,0,1,0,0,0,1,0,0,1
Patch Antenna506
0,1,1,1,0,1,0,0,0,1
1,0,1,0,0,0,1,1,1,0
1,0,1,1,1,1,0,1,0,1
1,0,0,0,1,1,0,0,1,1
0,1,1,1,0,1,1,0,1,0
0,0,0,0,1,1,0,0,1,1
1,1,0,0,1,0,1,1,1,0
0,1,1,1,0,0,0,1,1,1
0,0,1,1,0,0,1,1,0,0
0,1,1,1,0,1,1,1,1,1
Patch Antenna507
1,1,1,0,0,1,1,1,1,1
1,1,1,0,1,1,0,1,0,1
0,1,0,1,0,1,0,0,0,0
1,0,0,0,1,0,0,0,0,0
0,0,1,1,0,0,1,1,0,1
1,1,0,0,0,1,0,1,1,1
1,1,1,1,1,0,0,0,0,1
1,0,0,0,1,1,0,1,1,0
1,0,1,1,1,1,1,0,0,1
1,0,0,0,0,0,0,0,1,1
Patch Antenna508
1,0,0,0,0,0,0,0,0,1
1,0,0,1,1,1,1,1,1,0
1,0,1,1,0,1,0,1,0,0
1,0,1,0,1,0,1,1,1,0
1,0,0,0,1,1,0,0,0,1
0,0,1,0,1,1,1,1,1,0
1,0,1,1,0,1,1,0,1,1
0,1,0,1,0,1,0,0,1,0
0,0,1,0,0,0,0,0,1,1
1,0,1,1,1,0,1,1,1,0
Patch Antenna509
1,1,1,0,0,0,0,0,0,0
1,0,0,0,0,1,0,0,0,0
0,1,1,1,1,1,1,0,0,1
1,0,0,0,1,0,1,1,0,1
1,1,1,1,0,1,0,0,1,1
1,1,1,1,0,1,1,1,0,1
1,0,0,0,1,1,0,0,1,0
0,0,0,0,0,1,1,0,1,0
1,1,1,1,1,1,1,0,1,1
0,1,1,1,0,1,0,0,1,0
Patch Antenna510
0,1,0,0,1,1,1,1,0,0
0,1,0,1,0,0,0,1,0,0
0,0,0,1,1,0,1,1,1,1
0,1,0,0,1,1,1,0,0,0
0,1,1,1,1,0,0,0,0,1
1,0,0,1,0,1,0,0,0,0
0,1,1,0,1,1,1,0,1,0
1,1,0,1,1,1,1,1,1,1
1,1,1,0,1,1,1,1,0,0
1,0,0,0,1,1,0,1,0,1
Patch Antenna511
1,0,0,0,0,1,1,1,1,1
0,0,1,1,0,1,1,0,1,1
1,1,0,0,1,1,1,0,1,0
1,0,1,0,0,1,1,1,1,0
1,0,0,1,0,0,1,0,1,0
0,0,0,1,0,0,1,0,1,0
0,1,1,0,1,0,1,1,0,1
1,0,1,0,1,1,1,1,1,0
0,1,1,0,0,1,1,1,0,1
0,1,0,0,0,0,1,1,0,0
Patch Antenna512
0,1,0,1,0,1,0,1,0,0
1,0,0,1,1,0,1,0,0,0
0,1,0,0,1,0,0,1,1,1
0,1,1,0,1,1,0,0,0,0
1,1,0,1,1,0,1,0,1,0
0,0,1,1,0,0,1,1,1,1
1,0,0,0,0,1,1,1,1,1
0,1,0,0,1,1,1,0,0,0
0,0,1,1,0,1,0,1,0,0
0,0,1,1,0,1,1,0,0,0
Patch Antenna513
0,1,0,1,1,1,1,1,0,0
1,0,1,1,1,1,1,1,0,0
0,1,1,0,1,0,0,1,0,0
0,0,0,1,1,0,0,0,1,1
1,0,1,1,0,1,1,0,1,1
0,1,0,0,0,1,0,1,0,1
1,0,0,1,1,1,1,1,1,0
1,1,1,0,1,1,0,1,0,1
0,0,0,0,0,0,0,0,1,0
0,0,1,1,1,0,0,1,1,0
Patch Antenna514
0,0,0,1,1,1,0,0,1,1
1,0,1,1,0,1,0,1,1,0
1,0,0,1,0,0,0,0,0,1
1,1,0,0,0,0,0,1,1,1
0,0,1,1,0,0,0,0,0,0
1,1,1,0,1,0,0,0,1,1
1,1,1,1,1,1,0,0,1,1
0,1,1,1,1,0,0,1,0,0
0,0,0,0,1,0,1,1,1,1
1,1,1,1,1,0,0,1,0,0
Patch Antenna515
1,1,1,1,1,0,1,0,1,0
0,0,1,1,1,1,1,0,0,0
1,0,0,1,0,0,1,1,0,0
0,1,1,0,1,1,1,0,1,1
0,1,0,1,1,0,0,1,0,0
1,1,0,0,1,0,0,0,1,1
0,1,1,0,1,1,0,1,1,0
0,1,0,0,1,1,1,1,0,0
0,1,0,1,0,1,1,1,0,0
1,0,1,0,0,1,0,0,1,0
Patch Antenna516
0,1,1,0,0,0,0,1,1,0
1,0,1,1,1,0,1,0,0,1
0,1,1,1,0,0,1,0,0,1
1,0,1,1,0,0,0,0,1,1
1,1,1,1,1,1,0,0,1,1
1,0,1,1,1,1,0,0,1,1
0,1,0,1,1,1,0,1,1,1
1,0,1,0,0,1,0,1,1,1
1,0,0,0,0,1,0,1,1,0
1,0,0,0,1,1,0,1,1,1
Patch Antenna517
0,0,1,1,1,1,1,0,1,1
0,0,0,0,0,1,0,1,1,1
0,1,0,1,0,0,0,0,1,0
0,0,0,1,1,0,0,0,0,1
1,0,0,0,0,0,1,0,1,0
0,0,1,1,0,0,1,1,0,1
0,0,1,1,1,1,1,0,1,0
0,1,0,1,1,0,0,1,1,1
0,0,1,1,0,0,0,1,0,0
0,1,0,1,0,1,0,1,0,1
Patch Antenna518
1,1,1,0,1,0,0,0,0,1
1,0,1,1,0,1,1,1,1,1
1,1,1,1,1,0,0,0,1,1
1,0,0,1,1,0,1,1,1,0
1,0,1,0,0,0,1,0,0,0
1,1,0,0,0,1,1,0,1,0
0,1,1,0,1,0,1,0,0,1
1,0,1,1,0,0,1,1,0,0
0,0,1,1,1,1,0,0,1,0
0,0,0,1,1,1,0,0,1,0
Patch Antenna519
0,0,0,1,1,1,1,1,0,1
0,0,0,0,1,0,1,0,1,0
1,1,0,0,1,0,1,0,0,0
1,0,1,0,1,0,1,0,1,0
1,0,0,1,1,0,0,0,0,1
1,1,0,1,0,1,1,1,0,0
0,0,0,1,0,0,1,0,1,1
1,1,1,1,1,1,0,1,1,0
1,1,0,1,0,1,0,1,1,0
1,0,1,0,0,0,0,0,1,0
Patch Antenna520
0,1,1,1,1,1,1,1,0,1
0,0,1,0,1,1,0,0,0,1
0,0,0,1,1,0,1,1,1,0
1,0,1,0,0,0,0,1,0,1
1,0,1,0,1,0,0,1,1,1
1,0,0,1,0,0,0,0,1,1
1,1,0,0,0,0,0,0,1,0
0,1,0,1,0,1,1,1,1,0
0,0,0,0,0,1,0,1,0,0
0,1,1,0,0,1,1,0,1,1
Patch Antenna521
1,1,1,0,0,1,1,0,1,1
0,0,1,0,0,1,0,1,1,0
0,0,1,1,0,0,1,0,1,1
1,1,1,0,1,1,1,1,0,1
1,0,0,0,1,1,1,1,0,1
1,1,0,1,0,0,0,1,1,0
0,1,1,1,0,0,1,1,0,0
1,0,1,0,1,0,1,1,1,1
1,1,0,1,0,0,1,1,0,0
0,1,1,0,1,0,1,0,0,0
Patch Antenna522
1,1,1,1,0,0,0,1,0,0
0,0,0,0,0,0,0,1,1,0
0,0,0,1,0,1,0,0,1,0
0,0,0,1,1,0,1,0,0,1
0,0,1,1,0,1,0,0,1,1
0,0,0,0,1,0,1,1,0,0
1,0,0,1,1,1,0,0,1,1
0,0,1,1,1,1,0,0,1,1
0,1,0,1,0,0,1,0,1,0
0,0,1,0,0,0,1,0,1,0
Patch Antenna523
1,0,1,0,1,1,0,0,1,0
1,0,1,1,1,1,0,1,0,1
1,1,1,1,0,1,1,0,1,1
1,1,1,1,1,1,0,0,1,0
0,0,0,1,1,0,1,0,0,0
0,0,1,1,1,1,0,1,1,0
1,1,1,0,1,0,1,0,1,1
0,1,0,1,0,0,0,1,0,0
1,1,1,0,1,1,1,0,0,1
1,0,0,0,1,1,0,1,1,1
Patch Antenna524
0,1,0,1,0,1,0,1,0,0
0,1,1,0,1,0,0,0,0,0
0,1,0,1,0,0,0,1,0,0
0,1,0,0,0,1,0,1,0,0
1,1,1,1,1,1,0,0,0,0
1,1,1,1,1,0,0,1,0,0
1,1,0,1,1,0,1,0,0,1
1,1,0,0,1,1,0,1,1,0
0,0,1,0,1,1,1,0,0,0
1,1,0,0,1,0,1,0,1,1
Patch Antenna525
0,0,1,1,0,1,0,0,1,1
0,1,0,0,1,0,1,1,0,0
1,1,1,0,0,0,1,1,0,0
1,1,0,1,0,1,0,1,0,0
1,1,0,1,0,1,1,0,1,1
1,1,0,0,0,1,0,1,0,1
0,0,0,0,0,0,1,1,0,0
0,0,0,1,0,1,1,1,1,1
1,1,0,0,0,1,1,0,1,1
1,1,0,1,0,1,0,0,0,0
Patch Antenna526
1,1,0,1,0,1,1,0,0,1
1,1,0,1,1,0,0,1,1,1
0,1,1,1,0,0,0,1,0,1
0,1,0,1,1,0,0,1,0,1
1,0,0,1,1,0,0,1,1,0
0,0,1,0,0,1,1,0,1,1
0,1,1,0,1,0,1,1,1,1
1,1,0,0,1,1,1,1,0,1
1,0,0,1,1,1,1,1,0,0
1,1,0,1,0,0,1,1,0,1
Patch Antenna527
1,0,0,0,1,0,0,0,1,0
1,1,1,0,0,1,0,0,1,1
0,1,0,0,0,1,0,1,0,0
0,0,1,0,0,1,0,0,1,1
0,1,1,1,0,0,0,0,1,0
0,0,1,1,0,0,1,1,0,1
0,1,0,1,0,0,0,0,1,0
1,0,0,0,1,1,1,1,0,0
1,1,0,1,0,0,1,0,1,1
0,1,0,1,0,1,0,1,1,1
Patch Antenna528
0,0,1,0,1,0,0,1,0,0
1,0,0,1,1,0,0,1,1,0
1,0,1,0,0,1,1,1,1,0
0,1,0,1,1,1,1,1,0,0
1,1,1,0,0,1,0,0,1,0
0,1,0,1,1,1,0,0,0,0
0,0,1,0,1,0,1,1,1,1
1,0,1,1,1,1,0,1,0,0
1,0,1,1,1,1,0,0,0,0
0,1,1,0,0,0,0,0,0,1
Patch Antenna529
1,0,0,0,1,0,0,0,0,1
1,1,0,0,1,0,0,0,1,1
0,1,0,0,0,0,1,1,0,1
0,1,1,1,0,1,0,1,1,1
0,1,1,0,1,1,1,1,1,0
0,0,0,0,1,1,1,1,1,1
1,1,1,0,0,0,1,0,1,0
0,0,0,1,0,0,0,0,1,0
0,0,1,1,0,0,1,0,1,1
0,1,0,1,0,0,1,0,1,1
Patch Antenna530
1,0,1,1,0,0,1,1,0,0
0,0,0,0,1,1,1,1,1,0
0,0,0,1,0,1,1,1,1,1
0,0,0,0,0,0,0,1,0,0
0,0,1,1,1,0,1,1,0,0
1,1,1,1,0,0,1,0,1,1
0,0,1,1,0,0,0,0,1,1
0,0,0,1,1,1,0,1,0,1
0,0,1,0,1,1,1,1,0,1
0,0,1,1,1,0,1,0,1,1
Patch Antenna531
1,1,0,1,1,0,1,0,1,1
0,0,0,0,1,0,1,1,1,0
0,0,0,1,0,1,0,0,0,1
0,0,1,1,1,1,0,1,1,0
1,1,1,1,0,0,1,0,0,0
0,0,1,1,1,1,0,1,1,1
0,0,0,1,1,0,1,1,0,0
1,0,0,0,1,1,1,1,0,0
1,0,1,0,0,0,1,0,1,1
0,0,1,0,0,1,1,1,1,1
Patch Antenna532
1,0,1,1,1,1,0,1,0,1
1,0,0,1,1,1,1,1,1,1
0,0,0,0,0,1,1,0,0,1
0,1,1,1,1,0,1,1,0,0
0,0,1,1,1,1,0,0,1,1
1,1,1,1,0,1,0,1,1,0
1,0,1,0,1,0,0,0,0,1
0,0,1,1,0,1,1,1,1,1
0,1,0,0,1,1,0,1,0,1
1,0,1,0,0,0,0,1,0,0
Patch Antenna533
0,0,1,0,1,1,1,1,1,0
1,0,1,0,0,1,1,0,1,1
0,1,0,0,0,0,1,1,1,1
0,0,0,0,1,0,0,1,1,1
1,0,0,0,1,0,1,0,0,0
1,1,1,1,1,0,1,0,0,1
1,1,1,1,1,0,1,0,1,1
0,1,0,0,1,0,0,1,1,0
1,0,1,0,1,0,1,1,1,1
0,1,1,0,1,0,0,0,1,1
Patch Antenna534
1,1,0,1,1,1,1,0,1,1
0,1,1,1,1,0,0,0,1,0
0,1,0,0,1,1,0,0,1,1
0,0,1,0,0,1,1,1,1,1
1,1,0,0,0,1,0,1,0,0
0,1,0,1,0,1,0,1,1,1
1,0,1,0,1,0,1,0,0,0
1,0,0,1,1,1,1,0,1,0
1,0,1,0,1,1,0,0,1,1
1,1,0,0,0,0,0,1,1,0
Patch Antenna535
1,1,0,1,0,1,1,1,0,1
1,0,0,0,1,1,1,0,1,1
0,1,1,1,0,0,0,0,0,0
0,1,1,0,0,0,0,0,0,1
1,0,1,0,1,1,0,1,1,1
0,1,0,0,1,0,0,0,1,1
0,0,0,0,0,0,0,1,0,0
0,1,0,0,1,0,1,1,1,0
0,1,0,0,0,1,1,1,0,1
0,1,0,0,1,1,1,1,0,1
Patch Antenna536
1,0,1,0,1,0,0,1,0,1
1,1,1,1,1,0,0,0,1,0
1,0,1,0,1,1,1,1,1,0
0,0,1,0,0,1,1,0,1,0
1,1,0,1,0,1,1,1,1,0
0,1,0,0,0,0,1,0,1,1
1,1,1,1,1,1,1,0,1,1
1,0,1,0,0,1,1,0,0,1
0,1,1,0,0,1,1,1,1,0
1,0,1,1,0,1,1,0,0,1
Patch Antenna537
0,0,0,0,1,0,1,0,1,0
0,1,0,0,1,1,1,1,1,0
1,0,1,0,0,0,0,0,0,1
1,1,0,0,0,0,1,1,0,0
0,1,1,0,0,1,1,0,1,0
0,0,1,1,0,1,1,0,1,1
1,0,1,0,1,1,0,0,0,0
0,0,0,1,1,1,0,0,0,1
1,0,0,0,0,0,1,1,1,1
0,0,1,0,1,0,0,0,0,1
Patch Antenna538
1,0,1,1,0,1,0,1,1,0
0,1,0,0,0,1,1,1,1,0
0,1,0,1,1,0,1,0,0,1
1,0,0,0,0,0,0,1,1,1
1,1,1,1,1,1,1,0,1,0
1,0,0,0,1,1,1,1,1,1
0,0,0,1,1,1,0,0,0,1
1,1,0,0,1,1,1,1,1,0
0,1,0,1,0,0,0,0,0,1
0,0,0,1,1,1,1,0,1,0
Patch Antenna539
0,1,0,1,1,1,0,0,1,1
1,1,1,0,1,0,1,0,1,0
0,0,1,1,0,0,1,0,0,0
1,0,1,1,1,0,0,1,1,0
0,1,0,0,0,1,1,0,1,1
0,1,0,1,0,1,0,0,0,1
0,0,1,1,1,0,1,1,1,1
1,0,1,1,0,1,0,0,0,1
0,0,0,0,1,1,0,1,1,1
1,0,0,0,0,0,0,0,0,0
Patch Antenna540
0,0,1,1,0,0,0,0,0,1
1,0,0,1,1,0,1,0,0,0
0,0,0,1,1,1,1,0,1,1
1,1,0,1,0,1,0,0,0,0
1,1,1,0,0,1,1,1,1,0
0,0,0,0,0,1,1,1,0,1
0,1,1,0,0,0,1,0,0,1
0,0,0,1,0,0,1,1,0,1
0,0,1,1,0,0,0,1,1,1
0,1,1,1,1,1,0,1,1,0
Patch Antenna541
1,0,1,0,1,0,1,0,0,1
0,0,1,0,1,0,0,0,1,0
0,1,0,1,1,0,0,0,1,1
0,0,1,1,1,1,1,1,0,1
1,0,0,1,0,0,1,1,0,1
0,0,1,1,0,1,0,1,1,0
0,0,1,1,1,0,0,1,0,1
0,1,1,1,0,0,1,1,1,1
1,0,0,1,0,0,0,1,0,0
1,1,0,0,1,1,1,1,0,0
Patch Antenna542
1,1,1,0,0,0,0,1,1,1
1,0,1,0,0,0,0,1,0,1
0,1,1,0,0,1,0,0,0,1
1,1,0,0,1,1,1,0,0,0
1,0,0,0,1,0,0,0,1,1
0,0,0,1,1,0,0,1,1,0
0,1,1,0,1,0,0,1,1,1
1,0,1,1,0,0,0,0,1,1
0,0,0,0,0,0,0,1,0,0
1,1,0,1,1,1,0,1,0,1
Patch Antenna543
0,0,1,0,0,0,0,0,0,1
1,1,1,0,0,1,1,0,0,1
1,1,1,0,1,1,0,1,0,0
1,1,1,1,0,1,0,1,1,1
1,1,0,0,1,1,0,1,1,1
1,1,1,1,1,0,1,1,0,1
1,1,0,1,1,0,1,0,0,0
1,0,1,0,0,0,0,1,0,0
1,1,1,1,1,1,1,1,0,1
1,0,0,1,1,0,0,0,1,1
Patch Antenna544
1,0,0,1,1,0,1,1,1,1
0,0,1,1,1,0,0,1,0,0
0,1,1,1,0,1,1,1,1,1
1,0,0,0,0,1,1,0,1,0
0,0,1,1,1,1,1,0,1,1
0,1,0,0,1,0,1,0,0,0
1,0,0,1,0,1,0,0,1,1
1,0,1,1,1,0,1,1,1,1
1,1,0,0,1,1,1,1,1,0
1,1,1,1,0,0,1,0,1,1
Patch Antenna545
1,1,1,1,1,1,0,0,1,0
1,1,1,1,0,1,0,1,0,1
0,1,0,1,1,0,1,0,1,1
0,0,0,0,0,1,0,0,1,0
0,1,0,1,1,1,1,0,1,1
1,0,0,1,1,1,1,0,0,1
0,0,0,1,0,0,1,0,0,1
1,0,0,1,0,0,0,0,0,0
1,1,1,1,1,0,1,0,1,1
1,1,0,0,0,0,1,1,0,0
Patch Antenna546
0,0,1,1,1,1,1,1,0,0
0,0,0,1,0,0,0,0,0,1
0,1,1,0,0,0,1,1,0,0
0,1,1,1,0,0,0,0,0,0
0,1,1,0,0,1,1,0,0,0
0,1,0,1,0,1,1,0,0,1
0,1,1,1,1,0,1,1,1,1
1,1,1,0,0,1,0,0,0,0
0,1,1,1,1,0,1,0,0,0
1,0,0,0,0,0,1,1,0,0
Patch Antenna547
0,0,0,0,0,1,0,1,0,1
0,1,1,0,0,0,0,1,0,1
0,0,1,1,0,1,0,0,1,0
1,1,1,1,0,0,1,1,1,0
0,1,1,0,1,0,1,0,1,0
0,0,1,0,1,0,0,1,1,1
1,1,1,0,1,1,0,0,0,1
1,0,1,0,0,0,0,1,1,0
0,0,1,1,1,1,1,1,0,0
1,0,1,1,0,0,1,0,0,1
Patch Antenna548
0,1,1,1,0,1,1,1,1,0
1,1,0,0,1,0,0,0,1,1
0,0,1,0,1,1,1,0,0,0
0,0,0,1,1,1,1,0,1,1
1,0,0,1,1,1,0,0,1,1
1,1,1,0,1,1,1,0,1,0
1,0,1,0,0,0,1,0,1,0
0,1,1,1,1,1,0,1,0,1
0,1,1,0,1,1,0,1,1,0
1,0,0,0,0,0,0,0,0,1
Patch Antenna549
0,0,0,1,1,0,0,0,1,1
0,0,0,1,0,0,1,1,1,1
1,0,0,1,1,1,1,1,0,0
1,1,0,0,0,0,1,0,1,0
1,1,1,1,1,1,0,1,1,0
1,0,0,1,0,1,1,1,0,0
0,0,1,1,0,1,1,1,0,0
1,1,1,0,1,0,0,1,1,1
1,0,0,1,0,0,1,0,0,0
0,0,1,1,1,0,1,1,1,0
Patch Antenna550
1,0,1,1,1,1,0,0,0,1
1,0,0,1,0,1,0,1,1,0
0,0,0,0,1,0,0,1,1,1
0,1,1,1,1,0,0,1,0,1
1,0,0,0,1,0,0,0,0,1
0,0,1,1,1,1,0,0,0,1
1,0,1,0,1,1,0,0,1,0
0,1,1,1,0,0,1,1,1,1
1,0,0,0,1,0,1,1,1,1
1,0,0,1,0,1,1,1,0,1
Patch Antenna551
1,1,1,0,0,0,1,1,0,0
1,0,1,1,0,0,0,0,0,0
0,0,1,0,0,0,0,1,1,1
1,1,0,1,0,0,1,1,1,1
0,1,0,0,0,0,1,0,0,1
1,0,1,0,0,0,1,1,1,0
0,0,0,1,1,1,1,0,1,1
0,1,1,1,1,1,0,0,1,1
0,0,0,0,1,0,1,0,0,1
0,1,0,0,1,1,0,0,1,1
Patch Antenna552
1,1,1,1,0,0,0,0,1,1
0,0,0,1,1,0,1,1,1,1
0,1,1,0,1,0,1,0,1,0
1,1,1,0,1,0,0,0,1,1
1,0,0,1,0,0,1,0,0,1
0,1,1,0,0,0,0,0,0,0
1,1,1,1,1,0,0,0,1,0
0,0,1,1,0,1,1,0,1,1
1,0,0,0,1,1,0,1,0,0
0,1,0,1,1,1,1,1,0,1
Patch Antenna553
1,1,0,1,1,0,1,0,0,1
0,0,1,1,1,0,0,0,1,1
0,0,0,1,1,0,1,1,1,1
1,0,0,0,1,0,1,1,0,0
0,0,1,0,0,1,1,0,0,0
1,1,0,0,1,1,1,1,1,1
1,0,0,1,1,0,1,0,0,0
0,0,1,0,0,1,1,1,0,1
0,0,0,1,0,1,1,1,1,1
0,0,1,0,0,1,0,1,1,1
Patch Antenna554
0,0,0,0,0,0,0,1,1,0
0,0,1,1,1,0,0,0,1,1
0,0,1,1,0,0,0,0,0,0
0,0,0,1,0,0,0,1,0,0
1,0,1,0,1,0,0,0,0,0
1,1,1,1,0,1,1,0,1,1
1,0,1,1,0,0,0,1,1,0
1,1,1,0,0,1,0,1,0,1
0,1,0,1,1,0,0,0,0,0
0,0,1,0,0,0,0,1,0,1
Patch Antenna555
1,0,0,1,0,1,0,1,1,0
0,1,1,1,0,0,1,1,0,1
0,1,0,1,0,1,0,1,0,1
0,0,1,0,0,1,0,0,1,1
1,1,0,1,0,1,0,1,1,0
1,1,1,1,0,0,0,1,1,0
1,0,1,0,1,1,0,1,1,0
1,1,1,1,0,1,0,0,0,1
0,1,0,1,1,1,0,1,0,0
0,0,0,1,0,1,0,1,0,1
Patch Antenna556
1,0,1,0,0,0,1,0,1,1
1,0,0,0,1,1,1,0,0,0
1,0,0,0,0,1,0,1,1,1
1,1,0,1,0,1,1,1,1,0
0,0,0,1,1,1,1,0,0,1
0,1,1,0,0,0,1,0,0,1
1,1,0,0,0,1,1,0,0,1
1,1,1,1,0,0,1,0,0,0
1,0,0,0,0,0,0,0,0,1
0,0,0,0,0,1,1,1,0,1
Patch Antenna557
1,0,1,0,1,0,0,0,0,0
0,0,0,1,1,1,1,0,1,0
0,1,1,1,1,1,0,0,0,1
1,0,0,1,1,1,1,0,0,0
0,0,0,1,0,1,0,1,1,1
0,1,1,0,1,0,0,1,1,1
0,0,1,0,1,1,1,0,1,0
0,0,0,0,0,0,1,1,1,0
0,0,1,0,1,0,1,1,1,1
1,1,1,0,0,1,0,0,0,0
Patch Antenna558
1,0,1,0,1,1,0,0,0,0
0,1,0,1,1,0,0,1,1,1
1,0,1,0,0,1,1,1,1,1
1,0,0,1,1,0,0,1,1,1
1,0,0,0,0,1,1,1,1,0
1,0,0,0,0,1,1,1,0,1
0,1,0,0,1,0,0,0,1,1
1,1,1,0,0,1,0,0,0,1
1,0,0,1,1,1,1,0,1,1
1,0,1,0,1,1,0,0,1,1
Patch Antenna559
1,1,0,0,0,0,1,0,0,0
0,0,0,0,0,1,0,0,0,0
0,1,1,1,1,0,0,1,1,0
1,0,1,1,1,1,0,0,1,1
1,1,1,0,0,1,1,1,0,1
1,0,0,0,1,1,1,0,1,0
1,0,1,0,0,1,1,1,0,0
0,1,0,0,1,1,0,1,1,0
1,0,0,0,1,1,1,0,0,1
0,0,0,0,0,1,1,0,0,0
Patch Antenna560
0,0,1,0,1,0,1,1,1,0
0,0,1,0,1,0,0,0,1,0
0,1,1,1,1,0,1,1,0,0
0,0,1,0,0,0,1,0,0,0
0,1,1,1,0,1,1,0,1,1
0,1,0,0,0,0,0,0,1,0
0,1,1,0,1,0,1,0,0,1
1,0,1,1,0,0,0,1,1,0
0,1,1,1,1,1,1,1,0,1
1,0,1,1,0,0,0,0,0,0
Patch Antenna561
0,0,1,0,0,0,0,0,0,1
0,0,1,1,1,1,1,0,1,1
1,0,0,0,0,1,1,1,1,1
1,0,0,1,0,0,0,0,0,1
1,1,1,1,0,0,1,1,0,1
0,0,1,0,0,0,1,1,1,0
1,1,0,0,1,1,1,0,0,0
0,1,1,0,0,1,1,0,1,1
1,0,0,1,0,1,1,1,1,1
0,0,1,0,0,0,1,1,0,1
Patch Antenna562
1,0,1,1,0,1,1,1,1,1
0,1,0,1,1,0,1,0,1,0
0,0,0,0,1,1,0,1,0,1
0,0,0,1,1,0,0,0,1,1
1,0,1,1,0,0,1,0,1,0
1,1,0,1,1,0,0,1,1,1
1,1,1,0,1,0,0,0,1,1
0,1,1,0,0,1,1,1,0,1
1,1,0,0,1,0,0,0,0,1
1,0,1,1,0,0,0,1,1,0
Patch Antenna563
0,1,0,0,0,0,1,1,0,1
0,0,0,1,0,1,1,1,1,1
0,1,0,1,1,0,1,0,0,1
0,1,1,0,1,1,1,0,0,1
1,1,0,0,1,1,1,0,0,1
0,1,0,1,1,1,0,1,1,1
1,0,1,1,1,0,1,0,1,0
0,1,0,0,1,0,1,1,1,1
0,0,1,1,0,1,1,1,0,1
1,0,0,0,1,0,0,1,0,0
Patch Antenna564
1,0,0,0,1,0,1,0,0,1
1,1,0,0,1,0,1,0,0,0
0,0,1,1,1,1,1,0,1,0
1,0,0,1,0,1,1,0,1,1
0,1,0,1,1,1,0,0,0,1
1,0,0,0,0,0,0,1,1,0
1,0,1,1,1,0,0,0,1,0
1,1,0,0,1,0,0,0,1,0
1,0,1,0,1,0,0,0,0,0
1,0,1,0,1,1,1,1,1,0
Patch Antenna565
0,1,1,1,0,1,1,0,1,0
1,1,1,1,0,0,1,1,1,1
0,0,1,0,0,1,0,0,1,1
1,1,1,1,1,0,1,1,0,1
1,0,0,0,1,0,1,1,0,1
0,0,1,0,0,0,1,1,1,1
1,0,0,0,0,1,0,0,0,1
1,1,1,0,1,1,1,1,0,0
0,1,0,0,1,1,1,1,1,1
1,1,0,1,1,1,1,1,1,1
Patch Antenna566
0,1,0,0,1,0,0,0,0,1
1,0,1,0,0,0,1,1,0,0
1,0,1,0,1,1,1,0,0,0
0,0,1,0,1,0,0,1,1,1
1,0,0,1,0,0,0,0,0,0
1,0,1,0,0,0,0,0,0,1
0,0,0,1,0,1,0,1,0,1
0,1,0,0,1,0,0,1,0,1
1,0,1,1,0,1,0,0,0,1
0,1,0,1,1,1,1,1,1,1
Patch Antenna567
0,0,0,1,1,1,0,1,1,1
0,1,0,0,1,1,0,1,1,0
1,1,1,1,1,1,0,0,1,0
1,1,0,1,0,1,0,0,0,1
0,1,0,1,1,1,1,0,1,0
0,0,0,1,1,0,0,1,0,0
1,0,0,0,1,1,1,1,0,0
0,1,0,1,1,1,1,0,1,1
0,1,0,0,0,0,1,1,0,1
0,1,1,1,0,1,0,1,1,0
Patch Antenna568
1,0,1,1,1,1,1,1,1,0
0,0,0,1,1,0,0,0,0,1
0,1,1,1,0,1,0,0,0,0
0,1,0,1,1,0,1,1,0,1
1,0,1,1,1,1,0,0,1,0
1,0,0,1,0,1,0,0,0,1
1,0,1,0,0,1,1,1,0,0
1,1,0,0,0,0,1,1,0,0
0,0,0,1,0,1,1,0,1,1
1,1,0,1,0,0,0,1,0,0
Patch Antenna569
0,1,1,1,0,0,1,1,0,0
0,0,1,1,0,1,0,1,0,1
1,1,1,1,1,0,0,1,1,1
0,1,0,1,1,0,1,1,1,0
0,0,0,1,0,1,0,0,0,1
1,0,1,1,1,0,1,1,1,0
1,1,1,0,1,0,0,0,0,0
0,0,1,1,1,1,1,1,1,1
1,0,0,1,0,1,0,1,0,1
0,1,0,1,0,0,1,0,1,1
Patch Antenna570
0,0,0,0,0,1,0,0,0,0
0,0,0,1,1,1,1,1,0,0
1,1,0,1,0,0,1,1,0,1
1,0,0,0,0,1,1,0,1,1
0,0,1,0,0,1,1,0,0,1
1,0,0,1,0,1,1,0,1,1
0,0,0,0,0,1,1,0,0,0
1,0,0,0,0,1,0,0,0,1
1,0,1,0,1,0,0,0,0,0
0,1,1,0,0,1,0,0,1,1
Patch Antenna571
1,0,0,1,1,0,0,0,1,0
1,0,0,1,0,1,0,0,1,1
0,0,0,1,1,0,0,0,0,1
0,1,1,0,0,0,0,1,1,1
0,1,1,0,1,0,0,1,1,0
0,0,0,1,0,1,1,1,0,1
1,0,1,1,0,1,0,0,1,0
1,1,1,1,0,1,0,0,0,1
0,0,1,1,0,1,0,1,0,1
0,1,1,0,1,1,0,0,0,1
Patch Antenna572
0,1,0,0,0,1,1,1,0,0
0,1,0,1,0,0,0,0,1,1
1,1,0,0,0,1,0,0,1,0
1,0,0,1,0,0,0,1,1,0
0,0,1,1,0,1,0,1,1,1
0,1,1,0,0,0,0,1,0,0
0,0,0,1,1,1,0,1,1,0
1,1,0,0,0,1,0,0,1,1
0,0,0,0,1,1,1,0,1,0
1,0,0,1,0,0,1,0,1,1
Patch Antenna573
0,0,1,0,1,1,0,0,1,0
1,1,0,0,0,1,1,1,0,1
0,0,1,1,1,0,1,1,1,0
1,0,1,1,1,1,1,1,0,1
0,0,0,0,1,0,1,0,1,1
0,0,0,0,0,0,0,0,1,0
1,0,1,0,1,1,0,0,1,0
1,1,1,0,0,0,1,0,1,1
0,0,1,0,1,1,1,0,0,1
0,0,0,1,1,0,0,0,1,0
Patch Antenna574
1,0,0,1,0,1,0,1,1,0
0,1,1,1,1,0,1,1,1,0
1,0,1,0,0,0,0,0,0,1
1,0,1,0,1,0,1,1,1,1
0,1,1,1,1,0,1,1,1,0
0,0,0,0,1,1,0,1,1,0
0,1,0,1,0,0,0,0,0,0
1,0,1,0,0,0,1,0,1,0
1,1,1,0,1,0,0,1,1,1
1,1,0,1,0,0,0,0,1,1
Patch Antenna575
1,1,0,1,0,0,0,1,1,0
0,1,1,1,1,0,1,0,1,1
1,1,1,0,1,1,1,0,1,1
1,1,0,0,0,1,1,0,1,1
1,0,0,0,1,0,1,1,1,0
1,1,0,0,1,1,1,0,1,1
0,0,0,0,0,0,1,0,0,1
0,0,1,0,1,0,0,1,1,0
0,1,1,1,1,0,0,0,0,1
1,1,0,1,0,1,1,1,1,1
Patch Antenna576
1,0,1,1,1,1,1,0,1,0
0,0,0,0,1,1,0,0,0,1
1,1,0,1,1,0,0,1,1,1
0,0,1,1,0,0,0,1,0,0
1,1,0,0,0,1,0,0,0,1
1,1,0,0,0,1,0,0,0,0
1,1,1,0,0,1,1,0,1,0
0,1,1,1,1,0,0,0,1,0
1,1,1,1,1,1,1,0,1,1
0,1,1,1,1,1,0,0,0,0
Patch Antenna577
0,1,1,1,1,1,1,1,1,1
0,1,0,1,0,0,1,0,0,1
0,0,1,1,1,1,0,1,0,0
1,1,1,1,1,0,0,0,1,1
1,0,1,1,0,1,1,0,1,1
1,0,1,0,0,1,0,1,0,1
1,0,1,0,1,1,0,0,0,0
1,0,1,1,1,0,1,0,1,1
1,0,0,0,1,0,0,1,0,1
1,1,0,0,0,1,0,1,1,0
Patch Antenna578
1,1,1,0,0,1,0,0,0,1
1,1,0,0,0,1,0,1,0,1
0,0,1,0,0,0,0,1,0,1
0,1,1,1,1,1,0,0,1,1
0,1,1,1,0,0,1,1,1,1
0,0,0,1,1,0,1,1,0,0
0,1,1,1,0,1,1,1,1,1
1,1,1,1,0,1,1,1,0,1
0,1,1,0,1,0,1,1,0,0
0,1,0,0,0,0,1,0,0,0
Patch Antenna579
1,0,1,0,1,1,1,0,1,0
1,1,1,0,1,0,1,0,0,1
1,1,1,0,1,0,0,1,1,1
0,0,0,0,1,0,1,1,1,0
0,1,0,1,1,1,0,1,1,0
1,0,1,1,1,0,1,0,1,0
1,0,1,1,0,0,1,1,1,0
0,1,0,1,0,0,0,1,0,1
0,0,1,1,0,1,0,1,1,0
1,0,1,0,0,1,1,0,0,0
Patch Antenna580
0,1,0,0,1,1,1,0,1,1
0,0,0,1,0,1,0,1,0,0
1,1,1,1,1,1,1,1,0,0
0,1,0,0,1,1,0,0,0,0
0,0,1,1,1,0,1,1,1,1
0,0,1,1,1,1,0,0,0,1
1,1,1,1,1,1,1,0,1,0
0,0,1,1,1,0,1,1,0,0
0,0,0,1,0,1,0,0,1,0
1,1,0,0,1,1,0,1,1,0
Patch Antenna581
0,0,1,0,0,1,0,0,1,1
0,0,1,0,0,0,0,0,1,0
0,0,1,1,0,0,1,0,1,1
0,0,1,1,0,0,1,0,0,1
0,0,0,0,1,0,0,0,1,1
0,0,1,1,0,1,1,1,1,1
1,0,1,1,1,0,1,0,0,0
1,1,0,0,0,0,0,1,1,1
0,0,1,0,0,0,1,1,1,1
1,1,0,1,1,0,0,0,1,0
Patch Antenna582
1,0,0,0,1,1,1,0,0,0
0,1,1,0,1,1,1,1,0,0
1,0,0,0,1,0,1,1,0,1
0,1,0,0,1,1,1,1,1,1
0,1,0,0,0,1,0,0,0,0
1,0,1,0,1,0,1,0,1,0
0,0,0,1,1,0,1,0,0,1
0,0,0,1,0,1,1,1,1,1
0,0,1,1,0,1,0,0,0,0
0,0,1,0,1,1,0,0,0,1
Patch Antenna583
0,0,0,0,0,0,0,1,1,1
0,1,0,0,1,0,0,1,0,0
1,1,0,0,0,0,0,0,1,1
0,1,0,0,1,1,0,1,0,1
1,0,0,0,0,1,0,1,0,1
0,1,0,1,1,0,0,1,0,1
0,0,0,0,1,1,0,0,0,1
0,1,0,0,1,0,1,1,0,0
1,1,0,1,0,1,0,1,1,0
1,1,1,1,0,0,1,0,1,0
Patch Antenna584
1,0,0,0,0,0,1,1,1,1
1,1,1,0,0,1,1,0,0,1
0,1,0,0,1,1,1,1,1,0
1,1,1,0,1,0,0,0,1,1
0,1,0,1,1,0,1,1,1,1
1,0,0,0,0,1,0,1,1,1
0,1,0,1,1,1,1,1,1,1
0,1,1,1,0,1,0,1,1,0
0,1,0,1,1,1,1,0,1,0
0,0,1,1,0,0,0,1,0,1
Patch Antenna585
1,1,0,1,1,1,1,0,0,1
1,0,0,0,0,0,1,1,0,1
1,1,0,0,1,1,1,0,1,1
1,0,0,0,1,1,0,0,0,1
1,1,0,1,0,0,1,0,1,0
1,0,0,0,1,0,0,1,0,1
0,1,0,0,1,0,0,1,1,0
0,1,1,1,1,1,1,0,0,1
1,0,1,0,1,0,0,1,0,1
1,0,1,0,1,1,0,1,1,1
Patch Antenna586
1,0,1,1,1,1,0,0,0,0
1,0,0,1,1,1,1,1,1,0
1,1,1,1,1,1,0,1,0,1
0,0,1,0,0,0,1,1,1,0
1,0,0,0,0,0,1,0,0,1
1,1,0,1,1,0,0,0,1,0
0,1,0,0,1,1,0,0,1,1
0,0,1,0,1,0,0,0,0,1
1,0,1,0,1,0,1,0,0,1
0,1,1,1,0,1,1,1,1,0
Patch Antenna587
1,1,1,0,0,1,1,0,1,1
1,0,0,1,1,1,0,0,0,0
0,0,1,1,0,0,0,0,1,0
0,1,0,1,1,0,1,0,0,1
1,0,1,0,1,0,1,1,1,0
1,0,1,0,0,1,1,0,1,1
1,1,1,0,1,0,1,1,1,0
0,0,0,1,0,0,0,0,1,1
1,0,1,1,0,0,0,1,0,0
0,0,1,0,0,1,0,0,1,0
Patch Antenna588
0,1,1,0,1,0,0,0,0,0
1,1,0,1,1,0,1,0,0,1
0,0,1,1,1,0,0,0,1,0
0,0,1,0,1,0,0,1,1,0
0,0,0,0,0,0,0,0,1,0
1,1,0,0,0,1,0,0,1,1
0,0,0,0,0,0,0,1,1,1
1,1,1,1,0,1,0,1,1,1
1,1,0,1,1,0,1,0,0,0
1,1,0,0,0,0,0,1,1,0
Patch Antenna589
0,1,0,0,1,1,1,1,0,0
0,0,0,0,0,1,1,1,1,1
1,1,0,1,0,1,1,0,1,1
1,0,0,0,0,1,0,0,1,1
0,1,1,1,1,0,1,0,1,1
0,1,1,0,1,1,1,1,1,0
0,1,1,1,0,0,0,0,1,1
1,1,0,1,0,1,0,1,0,0
0,0,1,1,0,0,0,1,0,1
0,1,0,0,1,0,0,0,0,0
Patch Antenna590
0,1,0,0,0,1,1,0,0,1
1,0,0,1,0,0,1,0,0,0
0,0,0,0,1,0,1,1,0,1
1,1,1,1,0,0,0,1,0,1
1,1,0,1,0,1,0,1,0,1
1,1,1,1,1,0,0,0,0,0
0,0,1,1,1,1,0,1,1,1
1,1,1,1,1,0,0,0,0,0
0,0,0,0,1,1,0,0,0,0
0,0,1,1,1,0,1,1,1,1
Patch Antenna591
1,1,1,0,0,1,1,0,0,1
0,1,0,1,0,1,0,0,1,0
1,1,1,1,1,0,0,0,1,0
0,1,1,1,1,1,0,0,1,0
1,0,0,0,1,0,1,1,0,0
0,0,0,0,1,0,0,0,1,1
0,1,1,1,0,0,1,1,1,1
1,1,1,1,1,0,1,0,1,0
1,1,1,0,0,0,1,1,1,0
0,1,1,0,0,1,1,1,1,1
Patch Antenna592
1,1,0,1,1,0,0,1,1,1
1,0,0,1,0,1,1,0,1,1
0,0,1,1,1,0,0,1,0,1
0,0,0,1,0,1,0,0,0,0
0,1,1,1,0,1,0,0,1,0
0,1,0,0,1,1,1,0,0,1
0,1,1,0,0,0,1,0,0,1
1,0,1,0,0,0,0,0,0,1
1,1,1,1,1,1,1,1,0,0
0,1,0,1,1,0,0,1,0,0
Patch Antenna593
1,0,1,0,0,0,1,1,0,1
0,1,1,0,1,1,0,1,0,0
1,0,1,1,1,1,1,0,0,1
1,1,1,1,0,1,1,0,0,0
1,1,0,0,0,0,0,1,0,0
0,1,0,0,0,1,1,1,1,0
1,0,0,1,0,0,1,1,1,1
0,0,1,1,1,1,1,0,1,0
1,0,1,0,1,1,0,0,1,0
1,0,0,0,1,0,0,1,1,0
Patch Antenna594
0,1,0,0,1,0,1,0,1,0
1,1,0,1,0,0,1,1,1,0
1,0,1,0,0,1,0,0,0,0
1,1,1,1,1,1,1,1,0,1
0,1,1,0,0,0,1,0,0,1
1,1,0,1,1,0,0,0,1,1
1,1,0,1,0,1,0,1,0,1
1,0,1,0,0,1,1,0,0,0
1,0,1,0,1,0,1,1,1,1
1,0,1,1,1,1,1,1,0,1
Patch Antenna595
1,1,0,1,0,1,1,1,0,1
0,1,1,0,0,0,1,0,0,1
0,0,1,0,1,0,1,1,0,1
0,1,1,1,0,0,1,1,0,1
0,1,0,0,0,0,1,1,1,1
1,0,1,0,0,0,1,0,1,1
1,1,1,1,0,0,1,0,0,1
1,0,1,0,0,1,0,1,1,1
0,0,1,0,1,1,1,0,1,1
0,1,0,0,0,1,1,1,1,0
Patch Antenna596
1,0,1,1,0,1,1,1,1,1
1,1,1,0,0,0,0,1,0,1
0,0,0,0,0,1,0,0,1,0
0,1,0,1,1,0,1,0,1,1
1,1,1,1,1,0,1,1,1,0
0,1,0,1,0,1,1,1,1,1
0,1,1,1,0,0,0,1,0,1
1,0,0,0,1,1,1,0,0,0
1,1,0,0,0,0,1,1,0,1
1,0,0,0,1,0,1,1,1,0
Patch Antenna597
1,0,1,0,1,0,0,1,0,0
0,0,0,0,1,1,0,0,1,1
0,1,0,0,0,0,1,0,1,0
0,0,1,0,1,1,1,1,1,1
1,1,1,1,0,1,0,1,0,1
1,1,1,0,1,0,0,0,1,1
0,0,1,1,0,1,1,1,0,0
0,1,0,1,1,1,1,1,1,0
0,1,1,0,0,0,1,1,1,1
1,0,1,0,1,1,1,1,1,1
Patch Antenna598
0,1,0,1,0,1,1,1,1,0
1,1,1,0,1,0,1,1,1,0
0,0,0,1,0,0,0,1,0,1
0,1,1,0,0,0,0,1,0,0
0,0,1,0,0,1,1,1,0,0
1,1,0,1,0,1,1,1,0,0
1,0,1,1,0,1,1,1,0,1
0,0,0,1,0,1,1,0,0,1
0,1,1,1,0,1,1,1,0,1
0,0,1,1,1,1,0,1,1,1
Patch Antenna599
0,1,1,1,0,1,1,1,0,1
1,1,0,0,1,0,0,1,1,0
1,0,0,0,1,1,0,0,0,1
0,0,1,0,0,0,1,0,1,0
0,1,1,1,1,0,1,1,0,1
0,1,1,0,0,1,1,0,0,1
0,0,0,0,0,1,1,1,1,0
0,1,0,1,1,1,1,1,0,0
0,1,0,0,1,0,1,0,0,1
0,0,0,1,1,1,1,0,0,0
Patch Antenna600
1,1,1,1,1,1,0,1,0,0
1,1,1,1,0,0,0,1,1,0
0,1,0,1,1,0,0,1,0,1
0,1,1,0,0,0,1,1,0,1
1,1,1,1,0,0,0,1,0,1
1,1,1,0,1,0,1,0,0,0
1,0,0,0,1,0,1,1,0,0
0,1,1,1,1,1,0,1,0,1
1,1,1,0,0,1,0,0,1,1
0,1,0,1,1,1,1,1,1,1
Patch Antenna601
0,1,1,1,0,0,1,0,1,0
1,0,0,0,1,1,1,0,0,0
0,0,0,1,1,1,0,0,1,0
1,1,0,0,1,1,0,0,0,1
1,1,1,1,1,1,1,0,0,0
0,0,0,0,0,1,1,1,1,1
1,1,0,1,1,1,0,1,0,0
0,1,0,1,1,1,1,0,1,1
1,1,0,1,0,0,0,0,0,0
1,0,1,0,0,1,1,1,0,0
Patch Antenna602
0,1,0,1,0,1,0,0,0,0
0,0,1,1,1,0,0,0,1,0
0,0,1,1,0,1,1,0,0,0
1,1,0,0,0,0,0,1,1,0
0,0,0,0,0,1,0,1,1,1
1,1,1,0,1,1,1,1,1,1
1,1,0,0,0,0,0,0,0,1
0,1,0,1,1,1,0,1,0,0
1,0,1,1,1,0,1,1,1,0
1,0,0,1,0,1,0,1,1,1
Patch Antenna603
1,1,0,1,0,1,1,1,0,0
1,1,1,1,1,1,1,0,0,1
0,0,1,0,1,0,1,1,1,1
1,1,1,1,1,1,1,1,0,1
1,1,0,0,1,0,0,0,1,0
1,0,1,1,0,0,0,0,0,0
0,0,0,0,1,1,0,0,1,1
0,0,1,1,0,1,0,0,1,1
1,0,1,1,1,0,1,0,1,1
0,0,1,0,0,1,1,1,1,1
Patch Antenna604
0,0,1,0,1,0,1,0,0,0
1,1,0,0,0,1,0,1,0,1
1,1,1,1,1,1,1,0,0,0
1,0,0,0,0,0,1,0,0,1
0,0,1,0,0,1,1,0,1,1
1,1,0,0,0,0,0,0,1,0
0,1,1,1,0,0,0,1,0,0
1,1,1,1,0,0,1,1,1,1
1,0,0,1,1,0,0,0,1,1
0,0,0,0,0,0,0,0,0,0
Patch Antenna605
1,1,0,0,0,0,1,0,1,0
1,0,0,0,1,1,1,0,1,0
0,0,1,1,1,0,0,1,1,1
0,0,1,0,0,1,0,1,0,1
0,0,1,0,0,0,1,1,0,0
1,0,1,1,1,0,1,1,1,1
1,0,1,1,1,1,0,0,0,1
1,1,0,1,0,0,0,1,1,1
1,0,0,1,1,1,1,0,0,0
0,1,0,0,0,0,1,1,0,0
Patch Antenna606
0,0,0,0,0,0,1,0,0,1
1,1,0,0,0,0,0,1,1,1
1,1,0,0,1,1,0,0,1,0
0,0,1,0,1,1,1,1,1,0
1,1,1,0,1,0,1,0,1,1
1,0,0,0,0,0,1,0,1,1
0,1,1,0,1,1,0,0,0,0
0,0,1,0,0,0,1,0,0,1
0,1,1,0,1,0,1,0,0,1
0,1,1,0,1,1,0,0,0,1
Patch Antenna607
0,0,0,1,1,1,1,0,1,0
0,0,1,0,0,0,0,0,0,1
1,0,0,1,1,0,0,1,0,1
0,0,1,0,1,1,0,0,0,1
0,0,0,1,0,0,1,0,1,0
1,0,1,0,0,0,1,0,0,1
1,1,1,0,0,0,1,1,0,0
1,1,0,1,1,1,0,0,1,1
1,1,1,1,1,0,1,1,1,1
0,1,0,0,0,0,1,1,0,1
Patch Antenna608
1,0,1,0,1,1,1,0,1,1
1,0,1,0,0,1,1,1,0,1
0,1,1,1,1,1,0,0,1,1
1,0,0,1,0,0,1,1,0,1
0,0,0,0,0,1,1,1,1,1
0,0,1,0,1,1,1,1,0,1
1,0,1,0,0,1,0,1,0,1
0,1,1,1,1,0,0,1,1,1
0,0,1,1,1,0,0,0,0,1
1,1,0,1,1,0,1,0,0,1
Patch Antenna609
1,1,1,1,0,0,0,0,1,0
0,1,0,0,0,1,0,1,1,1
1,1,0,1,0,0,0,0,0,1
0,0,1,1,1,0,1,0,0,0
0,1,0,1,1,0,1,0,1,1
1,0,0,1,0,0,0,1,0,0
0,0,1,1,0,0,0,0,1,1
1,0,0,0,1,0,1,1,0,1
1,0,0,1,1,1,0,1,0,1
1,1,1,1,1,1,1,0,0,1
Patch Antenna610
1,1,0,0,1,0,1,1,1,0
1,1,1,1,1,0,1,1,0,1
0,0,1,1,1,0,1,1,1,1
0,0,0,0,1,0,0,0,1,0
1,1,0,0,0,0,0,0,0,0
1,0,1,0,0,0,0,1,0,1
0,1,1,1,0,1,0,1,1,1
0,1,1,0,1,0,0,1,0,0
0,0,1,0,0,1,1,1,0,0
1,1,0,0,1,1,1,0,0,0
Patch Antenna611
0,1,0,0,1,1,1,0,1,0
0,0,0,0,1,0,0,0,1,1
1,0,1,0,1,0,1,1,1,0
0,0,1,0,0,1,1,0,1,0
0,0,0,0,0,1,1,1,0,1
1,1,0,1,1,0,0,1,1,1
0,0,0,0,0,0,1,0,0,0
0,0,1,0,0,1,1,0,0,1
0,1,0,0,1,1,1,1,1,1
1,1,1,0,0,0,0,0,0,0
Patch Antenna612
0,0,0,1,0,0,1,1,0,0
1,1,1,1,1,1,0,1,0,0
1,0,1,0,1,1,1,1,1,0
0,0,1,1,1,0,0,1,1,0
1,0,1,1,1,1,1,0,0,0
0,1,1,0,0,0,0,0,0,0
0,1,0,0,1,1,1,1,0,0
0,0,1,0,1,1,1,0,0,1
1,1,1,1,0,0,1,0,1,1
0,1,1,0,1,0,0,1,0,0
Patch Antenna613
1,1,1,0,0,0,0,0,1,1
1,0,0,1,0,0,1,0,0,0
1,0,0,1,0,1,1,0,1,0
1,1,1,1,1,0,1,1,0,0
1,0,1,1,1,0,1,1,1,1
1,0,0,1,1,1,1,1,1,1
0,1,1,0,0,0,0,0,0,1
0,1,0,0,0,0,0,0,0,0
0,0,0,0,1,1,1,1,1,0
0,1,1,1,0,1,1,1,0,0
Patch Antenna614
1,0,0,1,1,0,0,1,1,0
1,1,0,0,1,0,1,0,1,0
0,0,1,0,1,0,0,0,1,1
0,0,0,1,0,1,0,1,0,1
1,1,0,0,1,1,1,1,1,0
0,1,0,1,0,1,0,1,0,0
0,0,0,0,0,1,0,0,0,1
0,0,1,0,0,1,0,1,0,1
0,1,0,0,0,0,0,1,0,1
1,0,1,0,1,0,1,1,1,0
Patch Antenna615
1,1,0,1,0,1,1,0,1,1
0,1,1,1,0,1,0,1,0,0
0,0,0,1,0,0,0,0,1,0
0,1,1,1,1,1,0,1,0,0
1,0,0,1,0,1,0,1,1,0
1,0,1,0,0,1,0,0,0,0
1,1,1,0,0,0,0,0,0,0
0,1,1,0,0,0,1,0,0,1
1,0,1,1,1,1,0,0,1,1
1,1,0,1,1,0,1,0,1,0
Patch Antenna616
1,0,1,1,0,1,1,1,1,0
1,0,0,0,0,0,0,1,0,1
1,1,0,1,0,1,1,1,1,1
0,1,0,0,0,1,0,1,1,0
1,1,0,0,1,1,1,1,0,0
0,0,1,0,0,0,0,1,1,0
1,1,0,1,1,1,1,1,0,1
0,1,1,0,1,1,1,0,1,0
0,0,0,1,1,0,1,1,0,1
0,1,1,1,1,1,0,0,1,1
Patch Antenna617
0,1,1,0,1,1,0,1,1,1
1,0,0,0,1,1,1,1,0,0
0,1,0,1,0,1,1,1,1,1
1,1,0,1,0,0,1,0,0,1
0,0,0,0,0,0,1,0,1,1
1,0,1,0,1,1,0,0,1,0
0,1,0,1,0,0,0,1,1,1
1,0,1,0,0,0,1,0,0,0
0,1,0,1,0,0,1,1,1,0
0,1,0,1,0,0,1,1,0,0
Patch Antenna618
1,1,1,0,0,1,0,1,0,1
1,0,0,0,0,0,0,0,0,0
0,0,1,0,0,1,1,1,1,0
1,0,0,0,0,1,0,0,1,1
0,1,1,1,0,1,0,1,1,1
0,0,0,1,1,1,1,1,0,1
0,1,1,1,0,0,0,1,0,0
1,1,1,1,0,1,0,0,1,1
0,1,0,1,1,1,1,0,1,1
1,0,0,0,1,1,0,1,1,1
Patch Antenna619
0,1,1,0,1,0,1,1,1,1
0,1,1,1,0,1,0,0,1,0
0,1,0,1,1,0,0,1,1,1
0,1,1,0,1,0,1,0,0,1
1,0,1,0,1,0,1,0,0,0
0,1,1,1,0,1,1,1,0,0
0,1,1,0,0,1,1,1,1,0
1,1,1,1,0,0,1,0,0,1
1,1,1,1,1,0,0,0,0,0
1,1,0,1,0,0,0,1,1,1
Patch Antenna620
1,0,1,0,1,0,0,1,1,1
1,1,0,1,0,1,1,1,1,1
1,1,0,0,0,0,0,1,1,1
1,0,1,0,1,0,0,1,1,1
1,0,0,0,1,0,1,0,1,1
0,0,1,0,1,1,1,1,0,1
1,0,0,0,1,0,0,1,1,1
0,1,1,1,0,1,1,0,0,0
0,1,1,0,0,0,0,1,1,1
1,1,1,1,1,0,0,0,1,0
Patch Antenna621
1,1,0,1,0,1,0,1,0,1
0,0,1,0,0,1,1,0,0,0
0,1,0,1,1,1,1,0,0,1
0,1,1,1,0,0,0,0,0,1
0,0,0,1,0,0,1,0,1,1
0,1,0,0,1,1,0,0,0,0
0,1,1,1,1,1,1,1,0,0
0,0,1,0,1,1,1,0,1,0
1,1,1,1,0,0,1,0,1,1
0,0,1,1,1,0,0,1,1,0
Patch Antenna622
1,0,0,1,1,1,1,0,0,0
1,1,0,0,0,1,1,0,0,1
1,0,1,0,0,0,0,0,0,1
0,1,1,0,1,0,1,0,0,1
1,1,0,0,1,1,0,1,1,1
1,0,0,0,1,0,0,0,0,1
0,0,0,0,1,1,0,1,1,0
0,1,0,1,0,1,0,0,1,0
0,0,0,1,1,0,0,0,0,1
0,1,1,0,0,0,0,1,0,1
Patch Antenna623
0,1,0,1,1,0,0,0,0,0
1,1,1,1,1,1,0,0,1,1
1,0,0,1,0,0,0,0,1,0
1,0,0,1,1,1,0,0,1,0
1,1,1,1,0,1,0,1,0,0
0,1,0,1,1,1,1,1,1,0
1,0,0,1,0,1,0,0,0,0
0,1,0,0,0,0,1,0,1,1
1,1,0,0,1,1,1,1,0,0
1,1,0,1,1,1,0,0,0,0
Patch Antenna624
0,1,0,1,1,1,0,1,0,0
1,0,1,1,1,1,0,1,1,1
1,0,0,1,0,1,1,1,0,0
0,1,1,1,1,0,0,1,0,1
1,0,0,1,0,0,1,0,1,0
1,0,1,1,1,0,1,0,1,1
0,0,1,0,0,0,1,0,1,1
1,1,0,0,1,0,0,1,1,1
0,1,1,1,0,0,0,0,0,1
1,1,0,1,0,1,0,0,1,1
Patch Antenna625
0,0,1,1,1,1,0,1,1,0
0,1,1,0,1,0,0,0,1,0
1,0,1,0,0,0,1,1,0,0
1,1,1,0,1,1,0,1,1,1
1,1,0,0,1,1,1,1,1,1
0,1,1,0,0,1,0,1,1,1
0,0,1,0,0,1,0,0,1,0
0,0,0,0,1,0,0,0,0,1
1,0,0,0,0,1,1,0,1,0
0,1,0,1,0,1,0,0,0,1
Patch Antenna626
1,1,1,0,0,1,0,0,0,1
0,0,1,1,1,1,0,1,1,0
0,1,1,0,1,1,1,0,1,1
0,1,1,1,1,1,1,1,0,0
0,1,1,0,1,0,1,1,1,0
0,1,1,1,1,1,1,0,0,0
1,0,1,1,1,1,1,1,1,1
1,1,0,1,0,1,0,1,0,0
0,1,1,0,1,1,1,1,1,0
0,1,1,0,0,1,1,1,1,1
Patch Antenna627
1,1,0,0,0,0,0,0,0,1
1,1,0,1,0,0,0,0,1,1
1,1,0,0,1,0,0,0,1,1
0,1,1,0,0,0,0,0,0,1
0,0,1,1,0,1,1,0,0,0
1,0,1,1,1,1,0,0,0,0
0,1,1,0,1,0,0,0,1,1
0,1,1,1,0,0,1,1,0,0
1,1,1,0,1,1,0,1,1,1
0,1,0,0,0,0,1,1,1,0
Patch Antenna628
1,1,0,0,0,0,1,0,1,0
1,0,1,1,0,1,0,0,1,1
0,0,1,1,0,1,1,0,1,1
1,0,1,0,0,0,0,0,1,1
0,1,1,1,0,1,0,0,1,0
0,1,0,1,0,0,0,0,1,1
0,0,1,1,1,0,1,0,0,1
1,0,1,0,0,1,0,0,1,1
1,1,0,0,0,0,0,0,0,0
1,1,1,0,1,1,1,0,0,1
Patch Antenna629
0,1,0,0,1,0,1,1,0,0
1,0,1,1,1,1,0,1,1,0
1,1,1,1,1,0,1,0,1,0
1,1,1,0,0,1,0,0,1,1
0,0,0,0,1,1,0,0,0,1
1,0,0,0,1,0,1,0,1,1
1,0,1,1,1,1,0,0,0,0
1,0,0,0,1,1,0,0,0,1
0,0,1,0,0,0,1,1,0,0
0,0,1,1,1,1,0,0,0,0
Patch Antenna630
1,1,1,1,1,1,0,1,1,1
1,1,1,1,0,1,0,1,0,0
0,1,0,0,0,0,0,1,1,1
1,0,0,1,1,1,1,1,1,0
0,0,1,1,1,0,0,0,1,0
1,1,1,1,0,1,0,1,1,0
1,0,0,0,0,0,1,0,1,0
0,1,0,0,0,0,0,1,1,0
0,0,0,0,1,1,1,0,0,0
1,0,1,0,0,0,0,0,0,1
Patch Antenna631
0,1,1,0,0,0,0,1,1,0
1,1,0,0,1,0,0,0,0,1
1,1,1,0,0,0,0,1,1,0
1,1,0,1,1,1,0,1,0,1
1,0,0,0,0,1,0,1,0,1
0,0,1,1,1,0,0,0,1,1
0,1,0,1,1,0,0,1,1,0
1,1,1,0,1,1,1,1,1,0
1,1,1,1,0,0,0,1,1,0
1,0,1,1,1,0,0,0,1,1
Patch Antenna632
0,1,1,0,0,1,1,1,0,1
0,1,1,1,1,1,1,1,1,0
0,0,1,0,0,0,1,0,1,0
0,0,1,0,0,0,0,1,1,0
0,1,1,0,1,0,0,1,0,0
1,1,1,0,1,1,1,1,0,0
0,1,1,1,0,1,1,0,0,1
0,1,1,1,1,1,0,0,0,0
0,0,1,1,1,1,1,0,1,0
1,1,1,0,0,1,1,1,0,0
Patch Antenna633
0,1,0,0,0,0,1,1,0,0
0,0,1,0,1,1,1,0,1,0
1,0,1,1,1,1,1,0,0,0
1,1,0,1,1,1,1,0,1,0
1,1,1,1,1,1,0,1,0,1
0,1,1,1,1,1,0,1,0,1
1,0,1,1,0,0,0,0,0,0
1,1,0,1,1,1,1,0,0,1
1,0,0,1,0,1,1,0,0,0
1,1,1,0,0,1,0,0,0,1
Patch Antenna634
0,1,1,0,0,1,0,1,1,1
1,0,0,1,0,1,0,1,1,1
0,1,0,0,0,1,1,1,1,0
0,1,0,0,0,0,1,1,1,0
1,0,0,1,0,0,1,1,0,1
0,0,1,0,0,0,1,1,1,0
1,1,1,1,0,1,0,0,1,1
1,1,0,1,0,1,1,1,1,0
1,1,0,0,1,1,1,0,1,0
1,1,0,1,0,0,0,1,0,0
Patch Antenna635
1,0,1,0,1,0,1,1,1,1
1,1,0,1,1,1,1,1,0,1
0,1,0,0,0,0,1,0,0,0
1,0,1,0,1,1,0,0,0,0
1,1,1,0,1,1,1,0,1,1
0,1,0,1,1,0,0,1,0,0
0,1,0,1,1,0,0,1,0,1
0,0,1,0,1,0,1,0,1,0
0,1,0,0,0,0,0,0,0,1
0,0,0,0,0,1,0,1,0,1
Patch Antenna636
1,1,1,1,1,1,1,0,0,1
1,0,1,0,1,1,1,0,1,1
1,0,1,1,1,1,1,0,1,0
1,1,0,1,1,1,0,0,1,1
1,1,0,0,0,1,1,1,0,0
0,0,0,1,1,1,0,1,0,1
1,0,1,1,0,0,1,1,1,0
1,1,1,1,0,1,0,0,0,0
0,0,1,1,0,1,1,0,1,1
0,1,0,0,1,0,1,1,1,0
Patch Antenna637
1,0,0,0,1,1,1,1,0,1
1,0,1,1,0,1,1,0,1,0
0,0,1,1,0,1,0,0,1,1
1,0,1,0,1,0,0,1,0,1
0,0,0,1,1,0,1,1,0,1
0,1,0,0,1,1,1,0,1,0
1,1,1,0,0,1,1,1,1,1
0,0,1,1,1,0,1,0,1,1
0,0,0,1,0,0,0,1,0,1
0,1,1,1,0,0,0,0,0,1
Patch Antenna638
1,1,1,1,0,0,0,0,1,1
1,0,1,1,0,0,1,0,1,1
1,0,1,0,1,1,1,1,0,0
0,0,1,0,1,1,1,1,1,1
0,0,1,0,1,0,1,1,1,0
1,1,0,1,0,0,1,1,1,0
1,1,1,1,0,1,0,0,1,0
0,1,1,0,1,0,0,0,0,0
0,0,0,0,1,1,0,0,0,0
1,1,0,0,0,0,0,0,1,0
Patch Antenna639
1,1,1,1,1,1,0,1,1,1
1,0,1,1,0,0,1,1,1,1
0,0,1,1,1,1,0,1,0,1
0,1,1,0,1,1,0,1,1,1
0,0,1,0,0,0,1,1,0,1
0,0,0,0,1,0,1,0,1,0
0,1,0,1,0,0,1,1,0,0
0,1,0,0,1,0,0,1,1,1
0,1,1,0,1,0,1,0,0,1
1,0,1,0,0,0,1,1,0,1
Patch Antenna640
1,1,1,0,0,1,0,0,0,1
1,1,1,1,0,0,0,0,0,1
1,1,1,0,1,1,1,0,0,1
0,1,1,0,0,1,1,1,0,0
0,0,0,1,1,1,0,0,1,1
1,1,1,0,1,1,1,0,1,0
1,1,1,0,1,0,0,1,1,1
1,1,1,1,0,0,1,1,1,0
1,1,0,1,0,0,0,1,0,0
1,1,0,0,1,1,0,0,1,1
Patch Antenna641
0,1,1,1,0,0,0,1,0,1
1,1,1,1,1,0,0,1,0,0
0,1,0,0,0,0,0,0,1,0
0,0,1,0,0,1,0,1,0,1
1,0,1,1,0,1,0,0,1,1
1,0,1,1,1,1,1,0,0,1
1,0,0,1,0,1,1,0,1,0
1,0,0,0,0,1,0,1,0,0
1,1,1,1,0,0,0,1,0,1
0,0,1,0,0,1,0,0,1,1
Patch Antenna642
1,1,0,1,0,0,0,1,1,1
0,1,1,1,1,1,0,0,1,0
1,1,1,0,0,0,1,1,1,1
1,1,0,0,0,1,1,1,1,0
1,0,1,1,0,0,1,1,1,1
0,1,0,0,1,0,0,0,0,0
1,1,1,0,0,0,0,1,1,1
1,0,1,0,1,1,0,0,1,1
0,1,1,0,0,0,1,0,0,0
1,0,1,0,1,0,1,0,0,1
Patch Antenna643
0,1,1,1,1,0,0,1,0,0
0,1,1,0,1,0,1,1,1,0
1,0,1,0,1,0,0,1,0,0
0,1,1,0,0,1,0,1,1,1
1,0,0,0,1,1,0,1,1,0
1,0,1,0,1,0,1,0,0,1
0,0,0,1,0,1,0,0,0,1
0,1,0,1,0,1,1,1,1,0
1,0,0,0,0,1,0,1,0,0
0,0,0,0,1,0,1,1,0,1
Patch Antenna644
0,1,1,1,1,1,1,0,1,0
0,1,1,0,1,0,0,0,0,0
0,1,1,1,1,1,0,1,1,0
1,1,1,1,1,0,1,1,1,1
0,1,0,0,0,1,1,1,0,1
1,1,0,1,0,1,0,1,0,1
1,0,1,0,1,1,1,1,0,1
1,0,0,1,1,1,1,1,0,1
1,0,0,1,1,1,0,1,0,1
1,1,0,1,0,1,0,1,1,1
Patch Antenna645
0,0,0,1,0,0,0,0,0,1
0,0,0,0,0,1,1,1,1,1
1,0,1,0,1,0,1,0,0,1
1,0,1,1,1,0,1,1,0,0
0,0,0,1,0,0,1,1,0,1
0,0,0,0,0,1,0,1,0,0
0,0,0,1,0,1,0,0,0,0
1,1,1,0,1,0,1,0,1,0
1,1,0,1,0,1,0,1,0,0
0,0,0,1,1,0,0,0,1,0
Patch Antenna646
1,1,0,0,1,0,0,1,0,0
0,0,1,0,1,1,1,1,0,1
0,1,1,0,1,1,0,1,1,0
1,1,0,0,1,1,0,0,1,1
1,1,1,0,0,1,1,0,0,0
1,1,0,0,0,1,1,0,0,1
0,1,0,0,1,0,0,0,0,0
0,1,0,0,0,0,0,0,1,0
0,1,0,0,1,0,0,0,1,0
0,0,1,0,0,0,0,0,1,0
Patch Antenna647
1,1,0,1,1,0,1,1,1,1
1,1,1,1,1,0,1,0,1,1
0,0,1,0,0,0,1,1,0,1
0,1,0,0,0,1,0,0,0,0
1,1,1,1,0,1,1,1,1,1
1,1,1,1,1,0,1,0,1,0
0,1,1,1,0,1,0,0,1,1
1,1,1,0,0,0,0,1,1,0
1,1,1,0,0,1,0,0,1,1
0,1,0,1,1,1,1,0,0,1
Patch Antenna648
1,0,0,1,0,0,1,0,0,0
1,0,0,1,0,0,0,0,1,1
0,1,1,1,1,1,0,1,1,0
1,0,1,0,1,0,0,0,1,1
1,0,1,1,0,1,0,0,0,0
0,1,1,0,1,1,1,1,1,0
1,1,1,1,1,0,1,0,0,1
0,1,0,1,0,1,0,1,1,1
1,1,1,1,0,1,1,0,0,0
0,0,1,1,1,0,1,1,1,0
Patch Antenna649
0,1,1,0,1,0,0,1,1,1
0,1,0,1,0,1,1,0,0,0
1,0,1,1,0,0,0,0,1,1
1,0,0,0,0,1,1,0,0,1
0,0,0,1,1,0,0,0,0,0
1,0,0,1,1,1,1,1,1,1
0,1,1,0,0,0,1,0,1,1
0,1,1,1,0,1,1,1,0,1
0,1,1,1,1,1,0,1,1,0
0,1,1,1,0,0,1,1,1,0
Patch Antenna650
1,0,1,0,1,1,1,1,1,0
1,1,0,0,1,1,0,1,1,0
0,1,1,0,1,1,1,1,0,0
0,0,1,0,1,1,0,0,0,0
0,0,0,1,0,1,0,1,1,0
1,0,0,0,1,0,0,0,1,1
0,1,1,0,0,0,1,1,1,1
0,0,1,1,0,0,0,0,1,1
0,1,0,1,0,1,0,0,0,1
0,0,1,1,1,0,0,0,1,0
Patch Antenna651
0,1,1,0,0,1,0,1,1,0
0,0,1,1,1,0,1,0,1,0
0,1,1,1,1,0,0,0,1,0
1,1,1,1,1,1,0,0,0,1
0,1,0,1,1,0,0,1,1,0
1,0,0,1,0,0,1,1,0,0
1,0,1,0,0,1,0,0,0,1
0,1,0,0,1,1,0,1,1,1
1,0,1,1,0,1,0,1,1,1
1,1,1,0,1,1,1,0,0,0
Patch Antenna652
0,1,1,1,0,1,1,1,1,0
1,1,1,0,0,0,1,1,1,1
0,1,0,0,1,1,1,0,0,1
0,0,0,0,0,1,0,1,1,1
0,0,1,1,0,1,0,1,0,0
0,1,1,0,0,0,1,1,1,1
0,1,1,0,1,1,0,0,0,1
1,0,1,1,0,1,0,0,0,0
0,1,1,0,1,1,0,0,0,1
0,0,0,1,1,1,0,1,1,0
Patch Antenna653
0,1,1,0,1,1,0,1,1,0
0,0,1,1,0,1,0,0,0,0
0,0,1,1,1,1,0,1,0,1
0,0,0,1,1,1,1,0,0,0
0,0,1,1,0,1,0,1,0,0
1,0,1,0,1,1,0,0,1,1
1,1,1,0,0,1,0,0,0,1
1,1,0,0,1,1,1,0,0,0
0,0,0,1,1,0,0,0,1,1
1,0,0,0,0,1,0,0,1,1
Patch Antenna654
1,0,0,1,1,0,0,1,0,0
1,0,0,1,1,1,1,1,0,1
1,0,0,1,0,1,1,0,0,1
1,0,0,0,0,0,0,0,1,1
0,1,1,1,1,0,0,1,1,0
0,1,1,0,1,0,1,1,1,0
1,1,1,0,1,1,0,0,0,1
0,1,1,0,0,0,0,0,0,0
1,1,0,0,0,0,0,1,1,1
0,0,0,1,0,1,1,1,0,1
Patch Antenna655
0,1,0,1,1,0,1,1,0,0
0,0,0,1,1,1,0,1,0,1
1,0,1,1,0,0,1,1,1,1
0,1,0,0,0,0,1,1,0,1
1,0,1,1,1,0,1,0,1,1
1,1,0,1,1,0,1,1,1,1
1,0,1,0,1,0,0,0,1,1
1,1,0,1,1,1,1,0,1,1
1,0,1,1,0,1,1,0,0,0
0,1,0,0,1,0,0,1,0,1
Patch Antenna656
1,0,1,1,1,1,0,0,1,1
0,1,1,1,1,1,1,1,0,0
0,1,1,1,1,1,0,1,1,0
1,0,1,1,0,1,0,0,0,0
1,1,0,1,0,1,0,1,0,1
1,0,0,0,0,0,1,1,0,1
0,0,0,0,1,1,0,0,0,1
0,0,0,1,1,1,1,0,0,0
1,1,0,1,0,1,0,1,0,0
1,1,1,1,1,0,0,0,0,1
Patch Antenna657
1,0,0,1,0,0,1,1,0,1
1,0,0,1,1,0,1,1,0,1
1,0,1,1,1,0,1,1,0,1
0,0,0,0,1,0,0,0,1,1
1,0,0,0,1,0,1,0,1,1
0,0,1,0,0,1,1,1,0,1
0,1,1,0,0,1,0,1,1,0
1,0,1,0,1,1,1,1,1,0
1,1,1,0,0,0,0,1,1,0
0,0,1,0,0,1,1,1,1,0
Patch Antenna658
0,0,1,1,1,0,0,0,0,0
0,1,0,0,1,1,1,0,1,0
0,1,0,0,1,1,0,0,1,0
0,1,0,0,1,1,0,0,0,1
1,0,0,1,1,0,1,1,1,0
0,1,0,1,0,1,1,1,0,0
1,0,0,0,1,0,0,0,0,0
0,0,0,0,1,0,1,1,0,1
0,0,0,0,1,0,0,1,0,0
1,1,1,1,1,0,1,0,1,0
Patch Antenna659
1,0,1,1,0,0,1,1,1,1
0,0,1,0,0,0,0,0,0,1
0,0,1,1,1,1,1,1,0,0
0,1,1,1,0,0,0,0,1,0
1,1,0,0,1,1,1,1,1,1
0,0,1,1,1,0,0,0,0,0
0,1,0,0,0,0,0,1,0,1
0,0,1,1,0,1,0,1,1,1
0,1,0,1,1,0,0,1,0,0
0,0,1,0,0,0,0,0,0,0
Patch Antenna660
0,0,0,1,1,1,0,0,0,0
1,0,0,1,1,1,1,1,1,1
1,1,1,1,1,0,1,0,0,0
1,1,0,0,0,0,1,0,1,0
0,1,1,0,0,1,0,1,1,0
0,0,1,0,0,0,1,1,0,1
0,0,0,0,1,0,1,1,1,0
1,1,1,0,0,1,1,0,1,0
1,0,1,0,1,0,0,1,1,1
0,1,0,1,1,0,0,0,0,0
Patch Antenna661
0,1,1,1,1,0,0,0,1,1
0,0,1,0,1,0,1,0,0,0
0,0,0,1,1,0,0,0,1,0
1,0,1,0,1,0,1,1,0,1
0,0,0,1,0,1,1,0,1,1
0,0,0,0,0,1,1,0,1,0
1,0,0,0,1,0,1,0,1,1
0,0,1,1,0,0,0,0,0,1
0,1,1,0,1,1,1,0,1,0
0,1,0,0,1,1,0,1,0,1
Patch Antenna662
1,0,1,0,0,0,1,1,1,1
1,0,1,1,1,1,1,0,1,1
1,1,1,1,1,1,0,1,1,0
1,1,1,0,0,0,0,1,0,0
0,1,0,1,0,0,1,0,1,0
0,1,0,0,0,1,1,1,0,1
1,0,0,1,0,1,1,0,1,0
0,1,1,1,0,1,0,0,1,1
1,1,0,1,1,0,1,0,0,1
0,1,1,1,0,1,1,1,0,1
Patch Antenna663
0,0,1,0,1,1,1,1,1,1
1,0,0,0,1,1,0,0,1,0
0,0,0,0,1,0,0,1,0,1
1,1,1,0,0,1,0,1,0,1
1,1,1,1,0,1,1,1,1,0
1,1,0,0,0,1,1,0,0,1
1,0,0,1,1,0,0,1,1,0
1,1,1,0,1,0,1,1,0,0
0,1,1,0,1,1,1,1,0,1
0,1,1,1,0,0,0,0,0,0
Patch Antenna664
1,0,1,1,1,1,0,1,1,1
1,0,0,0,1,1,0,0,0,0
0,0,0,1,1,1,0,1,0,1
0,1,0,1,0,0,1,1,0,1
1,0,0,1,1,0,1,1,0,0
1,1,1,1,1,1,0,1,0,0
1,1,0,1,1,0,0,0,1,1
0,0,1,1,0,1,1,1,0,1
0,0,1,1,1,0,1,0,0,0
1,0,0,1,1,1,1,0,0,1
Patch Antenna665
0,1,0,1,0,0,0,1,1,1
0,0,1,1,0,1,1,0,1,1
1,0,0,0,1,1,0,1,0,0
1,1,0,0,0,1,1,0,1,1
0,1,1,0,1,1,0,1,0,0
0,0,0,0,1,1,0,0,1,0
0,1,0,0,0,1,1,0,1,1
1,0,1,1,0,1,1,0,1,1
1,0,0,1,1,1,1,0,0,1
0,0,1,0,1,0,0,0,0,0
Patch Antenna666
1,0,1,1,1,0,0,0,1,0
1,0,1,0,0,1,0,0,1,0
0,1,0,0,1,0,0,0,1,1
1,0,0,0,0,1,0,1,0,0
1,0,0,1,1,0,0,1,1,0
0,0,0,0,1,1,1,1,0,0
0,1,1,1,1,0,0,0,1,1
1,0,1,0,1,0,1,1,0,0
1,0,0,0,1,0,1,1,1,0
0,1,0,0,0,1,0,1,1,1
Patch Antenna667
1,0,0,1,0,0,0,0,0,1
0,1,1,1,1,1,0,1,1,1
1,1,1,0,1,1,1,1,1,0
0,1,0,1,1,0,0,1,0,0
1,1,1,1,0,0,0,0,1,1
0,0,1,0,1,0,0,0,0,0
0,1,1,1,1,0,1,0,1,0
1,0,1,0,0,0,1,0,1,1
0,1,1,1,0,0,0,1,1,0
0,1,0,0,1,0,0,0,1,1
Patch Antenna668
0,0,1,1,1,1,0,0,0,0
0,0,1,0,1,0,1,1,1,1
1,0,0,0,1,0,0,1,0,0
1,0,0,1,0,1,0,1,1,0
1,0,0,0,0,0,0,1,0,0
0,1,1,0,1,1,0,0,0,1
0,0,1,0,1,1,1,1,0,1
1,0,1,1,1,1,1,0,1,0
0,0,1,0,1,1,0,0,0,0
0,1,0,0,0,1,0,0,1,1
Patch Antenna669
0,1,0,1,0,0,0,0,1,0
1,0,0,1,1,0,0,1,1,0
0,0,1,1,1,1,1,1,0,1
0,0,0,0,0,0,0,0,0,1
0,1,1,0,0,0,0,0,1,1
1,0,1,1,1,1,1,1,1,1
1,1,1,0,1,0,1,1,0,0
0,1,0,1,1,1,0,0,0,0
0,1,0,1,1,1,1,1,0,0
0,1,0,0,0,1,0,1,0,0
Patch Antenna670
1,1,0,1,1,0,1,0,0,0
0,1,0,1,1,0,1,0,1,1
1,1,1,0,0,1,0,0,1,1
1,1,0,1,1,1,0,0,0,1
1,1,1,1,0,1,0,1,0,0
0,1,1,1,0,1,1,1,1,0
1,1,0,0,0,0,1,1,0,1
0,0,0,0,0,1,0,1,0,0
1,0,1,1,1,1,1,0,1,1
0,0,0,1,0,0,0,1,1,0
Patch Antenna671
0,0,1,0,0,0,1,1,0,0
1,0,1,1,0,0,0,0,1,0
0,1,0,1,0,0,1,1,1,0
0,0,1,1,0,1,1,1,1,1
1,0,0,0,1,1,0,0,0,1
0,0,1,1,0,0,0,1,1,0
0,1,1,0,1,0,1,1,0,1
1,1,0,1,1,0,0,1,1,0
0,1,0,1,0,0,0,0,0,1
0,0,1,1,1,1,1,1,1,0
Patch Antenna672
0,1,0,1,1,1,1,0,0,0
0,0,0,0,0,1,1,0,0,0
1,1,1,0,0,0,0,1,0,0
1,0,0,1,0,1,0,1,1,0
1,0,0,1,0,1,0,0,1,1
0,1,0,1,1,0,0,0,0,1
1,0,0,0,0,1,1,0,1,1
1,0,1,1,0,0,1,0,0,0
1,1,1,0,1,0,0,1,1,1
0,1,0,1,0,1,0,0,0,1
Patch Antenna673
1,0,1,1,1,1,0,0,1,1
0,0,0,0,0,0,1,1,1,0
0,1,1,1,1,0,0,0,1,1
1,1,0,0,0,1,1,0,1,1
0,0,0,0,1,1,0,1,0,1
1,0,0,1,0,0,1,1,1,0
1,0,1,1,1,0,1,1,1,0
1,1,1,1,1,1,0,1,1,1
0,0,0,0,0,1,1,1,1,0
0,1,0,1,0,0,0,0,0,0
Patch Antenna674
1,0,1,1,1,0,1,0,0,0
1,1,1,0,0,1,0,1,0,1
1,1,1,1,0,1,0,1,0,1
1,1,0,1,1,0,1,0,0,0
1,0,0,1,0,1,1,0,1,1
1,1,1,1,0,0,0,1,0,1
1,1,1,0,0,1,1,1,1,0
0,0,1,0,1,0,1,0,0,1
1,0,1,1,0,1,0,1,1,1
1,1,1,1,1,1,0,1,0,1
Patch Antenna675
1,0,0,1,0,0,0,1,1,0
0,1,0,0,0,1,1,0,1,0
1,0,0,0,1,0,1,0,0,0
0,0,0,0,0,1,0,0,1,0
0,1,0,0,1,0,1,1,0,0
0,1,0,1,1,1,0,0,0,1
0,1,1,0,1,1,0,0,1,1
0,1,1,0,1,1,1,0,0,0
1,1,0,1,1,0,1,1,0,1
0,0,0,0,1,0,0,1,1,0
Patch Antenna676
0,1,1,0,1,0,1,0,1,1
1,0,0,1,0,0,0,0,1,1
0,1,1,1,1,0,1,0,0,1
1,1,1,1,0,0,0,1,1,0
0,1,0,1,1,1,0,0,0,0
1,0,0,1,0,0,0,0,0,1
1,0,1,1,0,1,0,0,1,0
0,0,1,0,1,1,0,0,1,1
0,0,1,1,0,0,0,0,0,0
0,1,1,0,0,1,0,0,0,0
Patch Antenna677
1,0,0,1,0,1,1,0,0,0
0,0,1,0,1,1,1,0,1,0
0,1,0,1,1,1,0,1,0,1
1,0,1,1,0,0,0,1,1,1
0,1,0,1,1,1,0,0,0,1
0,1,0,1,1,0,0,1,1,0
0,1,1,0,1,0,1,1,0,0
0,1,1,0,1,1,1,1,0,0
0,0,1,0,1,0,1,1,0,0
1,1,0,1,0,0,0,1,0,1
Patch Antenna678
0,0,0,1,0,0,1,0,0,1
0,1,0,1,0,0,1,0,0,0
0,0,0,1,0,1,0,0,1,0
1,1,0,1,1,0,1,1,1,0
0,0,0,0,0,0,1,1,1,1
0,1,0,1,0,0,1,0,0,0
1,0,0,0,1,0,1,0,1,0
0,0,0,1,0,1,1,0,0,1
0,1,1,1,0,1,1,1,0,1
1,0,0,1,1,0,1,1,0,1
Patch Antenna679
0,1,0,1,1,0,1,1,1,1
0,1,0,1,0,1,1,1,0,0
1,1,1,1,0,0,1,1,0,1
0,1,1,0,1,0,0,1,0,1
1,0,0,1,0,1,0,0,1,0
0,1,0,0,0,1,1,0,1,0
1,1,0,1,0,1,1,0,1,0
0,0,0,1,1,1,1,1,1,0
0,1,0,1,0,1,0,0,0,0
0,0,1,1,1,0,1,0,1,0
Patch Antenna680
1,0,1,0,0,0,1,1,0,1
0,1,0,0,0,0,0,1,0,0
0,0,1,0,1,0,0,1,0,1
0,1,0,1,0,0,1,0,0,0
0,0,1,0,1,1,0,1,1,1
0,0,0,0,0,1,1,1,1,1
0,1,0,0,0,1,1,0,0,0
0,0,1,1,0,0,0,1,0,0
1,0,0,1,0,0,0,1,0,1
1,1,1,0,0,1,0,0,1,1
Patch Antenna681
1,1,0,1,1,1,0,1,1,1
0,1,1,0,1,1,0,0,1,1
0,0,1,0,1,0,1,1,1,0
1,1,1,0,0,1,1,1,1,0
1,0,1,0,1,0,0,0,0,0
0,1,1,1,1,1,0,1,1,1
1,0,0,1,0,1,0,1,1,1
1,1,1,0,0,0,0,1,0,0
1,0,1,0,0,0,0,1,1,1
1,1,0,0,0,0,1,0,0,0
Patch Antenna682
1,1,1,1,0,0,0,1,1,0
1,0,1,1,1,0,1,0,1,0
1,1,0,1,0,0,0,0,0,1
0,1,0,1,1,1,1,1,0,1
1,1,1,1,0,1,0,1,0,1
1,1,1,1,1,0,0,1,0,1
1,0,0,1,0,0,0,0,0,0
0,0,1,0,1,1,1,1,0,1
1,0,0,1,1,0,1,1,1,0
1,0,1,0,0,1,1,0,0,1
Patch Antenna683
1,1,0,0,1,0,0,0,0,0
0,0,0,0,0,0,1,0,1,0
0,0,1,0,0,1,0,0,0,0
0,0,0,1,1,1,1,1,0,0
0,0,0,1,0,0,1,1,0,0
0,1,1,1,0,0,1,0,1,1
0,1,0,1,0,0,1,1,0,1
1,1,1,1,0,0,0,0,0,0
1,0,1,0,1,1,0,1,0,1
1,1,0,0,0,1,1,1,1,0
Patch Antenna684
1,0,1,1,1,1,0,1,0,1
1,1,0,0,0,1,1,1,1,1
0,1,1,0,1,0,1,1,1,0
0,1,1,1,1,0,1,1,0,0
1,0,0,1,1,1,1,0,1,1
0,0,1,1,0,1,1,1,1,1
1,0,1,1,1,1,0,0,0,0
0,1,0,0,1,0,0,1,1,1
1,0,1,1,1,0,1,0,1,0
0,1,0,1,1,1,0,1,1,1
Patch Antenna685
0,1,0,1,1,1,0,1,1,0
0,1,1,1,1,0,0,0,0,1
0,0,0,0,0,1,0,0,0,0
0,0,1,0,1,1,1,0,0,0
0,1,0,0,1,1,1,1,0,1
0,0,1,1,1,0,0,0,1,0
0,1,1,0,1,0,1,0,0,1
1,0,0,1,1,0,0,1,0,1
1,1,0,0,0,0,1,1,1,1
0,1,0,0,1,0,1,1,0,0
Patch Antenna686
0,0,0,1,1,1,0,1,1,1
1,1,0,1,0,0,0,1,1,0
0,0,0,0,1,0,1,0,1,1
0,0,0,1,1,1,1,1,1,0
1,1,0,0,1,0,0,0,0,1
1,0,0,0,0,0,1,0,1,0
1,0,1,0,1,0,0,0,1,0
1,1,1,0,1,1,0,1,1,0
1,1,1,0,0,0,1,0,1,0
1,0,0,1,1,1,0,0,1,1
Patch Antenna687
1,1,0,1,1,0,1,0,0,0
1,0,1,0,0,1,1,1,0,1
1,0,1,0,0,1,0,0,1,1
1,1,0,1,0,0,0,1,0,1
0,0,1,1,0,1,1,1,0,0
1,1,1,0,0,1,0,0,0,0
1,0,0,0,1,1,1,1,1,1
0,0,0,0,0,1,0,1,1,1
0,1,0,0,1,0,1,0,0,0
0,1,0,1,0,0,1,1,1,1
Patch Antenna688
1,1,0,1,0,0,1,1,1,0
1,1,1,0,0,1,1,0,0,1
0,1,1,0,1,0,0,1,0,0
0,0,0,1,1,0,1,0,0,0
0,1,1,1,1,1,1,1,0,0
0,0,0,0,1,0,0,0,0,1
0,0,1,0,1,0,1,1,0,1
0,1,1,1,0,1,1,0,0,0
0,1,1,0,1,0,0,1,0,0
0,0,1,0,0,1,0,0,1,1
Patch Antenna689
1,0,1,1,0,0,1,1,1,1
0,0,1,0,0,1,0,0,1,1
0,1,0,0,1,0,0,1,1,1
1,1,0,0,0,0,1,0,0,0
1,1,1,1,1,1,0,1,1,1
1,0,1,0,1,1,0,1,0,0
1,1,0,1,1,1,0,0,0,0
1,1,0,1,1,1,0,1,1,1
1,0,1,0,0,1,1,1,1,1
0,1,0,1,0,0,1,1,1,0
Patch Antenna690
1,0,1,0,1,1,1,0,0,0
1,0,0,1,0,0,1,0,0,1
1,0,0,1,0,0,1,0,1,0
1,1,0,0,0,1,0,1,1,0
0,0,0,0,0,1,1,0,1,1
1,0,0,0,0,0,0,0,0,1
0,0,0,1,0,0,0,1,0,1
1,1,0,1,1,0,1,1,0,0
1,0,1,1,0,0,1,0,1,1
1,0,1,1,1,0,0,1,0,0
Patch Antenna691
0,1,0,0,1,1,1,1,1,1
0,1,0,1,1,0,1,0,1,0
1,1,0,1,1,1,0,0,1,1
1,1,0,1,1,1,1,0,1,1
0,0,0,0,0,1,1,1,1,0
0,0,1,1,0,1,1,1,0,0
0,0,1,0,1,1,1,1,1,0
1,0,1,1,0,1,1,1,1,1
0,0,0,1,0,0,0,1,1,0
0,1,0,1,0,1,1,1,1,1
Patch Antenna692
1,1,0,1,0,0,1,0,0,1
0,0,0,0,0,1,1,0,1,1
0,0,1,1,0,1,0,0,1,1
0,0,0,1,1,0,0,1,0,1
1,0,0,0,0,0,1,0,1,1
1,0,0,1,1,0,0,1,1,1
1,0,0,1,1,1,0,0,0,1
1,0,0,0,1,0,1,1,0,1
1,1,1,0,0,1,1,1,1,0
1,1,0,0,0,0,1,1,1,0
Patch Antenna693
1,0,0,1,0,1,1,0,0,0
0,0,1,1,0,1,0,1,1,0
0,1,1,1,0,1,0,1,0,1
1,1,1,1,1,1,0,0,1,1
1,0,0,0,1,1,1,0,0,1
0,0,0,1,1,1,0,1,1,0
1,1,0,1,1,0,1,1,1,1
1,0,0,0,0,1,1,1,1,0
1,1,0,1,1,0,0,0,0,1
1,0,1,1,0,0,0,0,0,0
Patch Antenna694
0,1,1,0,0,0,1,1,0,1
0,1,1,0,0,1,0,1,1,1
1,0,1,0,0,0,0,1,0,0
0,0,0,1,1,1,0,1,0,1
1,1,1,0,0,1,1,1,0,0
1,1,1,0,1,1,0,0,1,1
1,1,1,1,1,0,0,1,1,0
1,1,0,0,1,0,1,0,1,0
0,0,0,0,0,1,1,1,1,1
0,1,1,1,1,0,1,1,1,1
Patch Antenna695
1,1,1,0,1,0,1,0,1,1
0,1,1,1,1,1,1,1,1,1
0,0,1,0,1,0,0,0,0,1
0,1,1,1,1,1,1,0,1,0
0,0,1,0,0,1,1,1,0,0
0,1,1,1,0,0,1,0,0,0
1,0,0,0,0,1,1,0,0,1
0,1,1,0,0,1,1,1,1,1
1,1,0,0,1,0,0,1,0,0
1,1,1,1,1,0,0,0,1,0
Patch Antenna696
0,1,1,1,0,1,1,0,0,1
1,0,0,0,1,0,0,1,1,0
1,1,0,1,1,1,0,0,1,1
0,0,0,1,1,1,1,1,1,1
0,0,0,1,0,1,1,1,1,0
1,0,0,1,1,0,1,1,1,1
0,1,0,1,0,1,1,1,0,1
1,1,1,0,0,1,0,0,0,1
0,1,1,0,0,0,0,0,1,0
0,0,1,0,1,0,1,0,1,0
Patch Antenna697
0,1,1,0,1,1,0,1,1,0
0,0,1,1,0,1,0,0,0,1
0,1,1,1,0,1,0,1,1,1
1,0,1,1,0,0,1,1,0,1
1,1,1,1,0,1,1,0,1,1
0,0,1,1,0,1,0,0,1,0
0,1,1,0,0,0,0,1,1,1
0,0,0,1,1,1,1,0,0,1
0,0,1,1,0,1,0,0,1,0
1,0,0,0,1,1,1,1,1,1
Patch Antenna698
1,1,1,0,0,1,0,1,1,1
1,0,0,1,0,0,1,1,0,1
0,1,0,1,1,1,0,0,0,1
1,1,1,1,0,1,0,0,0,0
0,0,1,1,1,1,1,1,0,1
1,1,1,1,0,1,1,1,0,1
1,0,0,1,1,0,0,1,0,1
1,0,0,0,1,0,1,0,0,0
1,0,0,0,0,0,1,1,1,1
0,1,0,1,0,0,0,0,1,0
Patch Antenna699
0,1,1,0,0,0,0,0,1,0
0,0,0,1,1,1,1,0,0,1
1,1,1,1,1,0,1,0,1,1
1,0,1,1,0,1,0,0,1,0
1,1,0,1,1,1,1,1,1,0
0,0,1,0,0,0,1,0,1,0
0,0,0,1,1,1,0,0,1,0
0,1,0,0,1,0,0,0,0,1
0,0,1,1,1,1,1,0,1,1
0,0,1,0,0,1,1,1,0,0
Patch Antenna700
1,1,0,1,0,1,1,0,0,1
1,1,1,1,0,0,0,1,0,0
1,0,0,1,0,0,1,0,0,0
1,0,0,1,0,1,1,1,1,0
0,1,0,1,1,0,1,0,0,1
1,1,1,0,0,1,0,1,0,1
0,1,0,1,1,0,1,0,0,1
0,1,1,0,1,0,0,1,1,1
1,0,1,1,0,1,1,0,1,0
0,1,0,0,1,0,0,1,0,0
Patch Antenna701
1,1,0,0,0,1,0,0,0,1
1,1,0,1,1,0,1,1,0,0
0,0,0,1,1,1,0,0,0,1
1,1,1,1,1,1,1,0,1,0
0,1,1,1,0,1,1,1,0,0
0,1,1,0,1,1,0,0,0,0
0,0,1,1,1,0,1,0,0,1
1,0,0,0,0,1,1,1,0,1
0,0,0,0,0,0,1,0,1,1
1,1,0,0,1,1,0,0,0,1
Patch Antenna702
1,0,0,1,1,0,1,1,1,0
0,0,1,0,0,0,0,0,1,1
1,0,0,0,0,0,0,1,0,1
1,0,0,1,1,1,1,1,0,0
1,0,1,1,0,1,1,0,0,1
0,0,0,1,1,0,1,0,0,0
1,1,1,1,1,0,1,0,1,1
0,1,1,1,1,0,1,0,0,1
0,1,0,1,1,0,0,0,1,0
1,0,1,1,0,0,1,1,0,1
Patch Antenna703
0,1,0,1,0,1,0,1,1,0
0,0,1,0,1,1,0,0,1,0
1,0,1,1,0,1,1,1,0,0
0,1,0,1,0,0,1,0,1,0
0,0,0,1,0,0,1,0,1,0
0,0,1,1,0,1,0,0,0,0
1,0,1,0,0,0,1,0,1,0
1,0,1,1,1,0,0,0,0,1
1,1,1,1,0,1,1,1,1,0
1,1,0,1,1,1,1,0,0,1
Patch Antenna704
0,0,1,0,0,0,1,0,1,1
0,0,0,1,1,1,1,0,1,1
1,0,0,0,0,0,0,1,1,1
1,0,1,0,0,1,0,1,0,1
1,0,0,0,0,0,1,1,1,1
0,1,0,1,0,0,0,0,1,0
0,1,0,0,0,0,1,0,0,0
0,0,0,0,1,0,0,0,0,0
1,0,1,1,0,1,1,0,0,0
0,0,1,0,0,0,1,0,0,1
Patch Antenna705
0,0,1,1,1,1,1,1,0,0
1,0,0,1,0,1,0,0,0,0
1,0,0,0,0,1,0,1,0,1
1,1,0,0,0,1,1,0,1,0
0,1,1,0,1,1,0,1,0,1
1,1,0,1,0,1,1,0,0,0
1,1,0,1,1,0,1,0,0,1
1,0,0,0,1,1,0,1,1,1
1,0,1,1,1,1,1,0,0,0
1,1,1,1,0,0,1,0,1,0
Patch Antenna706
0,0,0,1,0,0,0,1,0,1
1,0,0,1,0,1,1,1,0,1
0,0,0,1,0,0,1,0,0,1
1,0,1,1,0,0,1,1,1,1
1,0,1,1,0,0,1,1,1,1
0,1,1,0,0,0,0,0,0,1
1,0,1,1,0,0,1,1,0,0
1,0,0,0,1,0,1,1,0,0
1,1,0,1,1,0,0,0,0,1
1,0,1,0,0,1,0,0,0,0
Patch Antenna707
0,0,1,1,1,0,1,1,0,1
1,1,1,0,0,1,0,0,0,1
0,1,0,1,1,0,1,0,0,1
0,1,0,0,1,0,0,1,1,1
1,0,0,1,1,1,1,0,0,1
1,0,1,0,1,1,0,0,0,1
1,1,0,0,1,1,0,0,1,0
0,1,1,0,0,0,0,1,0,0
1,0,0,1,1,1,0,1,1,0
1,1,0,0,1,0,0,1,1,0
Patch Antenna708
0,0,0,1,0,1,1,1,0,0
0,0,0,1,0,1,0,0,0,0
1,0,1,1,1,0,0,0,1,1
1,1,0,0,1,1,1,1,1,1
0,1,1,1,0,0,1,1,0,1
1,1,0,1,1,1,0,1,1,1
1,1,0,1,1,1,1,1,0,0
0,0,0,1,0,0,0,1,1,1
1,0,0,1,0,0,0,0,0,1
0,0,0,0,0,0,0,1,1,1
Patch Antenna709
0,1,0,1,0,0,1,0,1,1
0,1,1,1,0,1,1,1,0,1
0,0,0,1,1,0,0,0,0,0
1,0,1,0,1,1,1,0,1,0
1,0,0,1,1,0,1,1,0,1
1,0,0,1,0,1,1,0,0,1
1,1,0,1,0,0,1,1,1,1
1,1,1,0,1,1,1,1,0,0
1,0,1,0,1,1,0,0,1,1
1,0,1,0,0,1,1,1,0,0
Patch Antenna710
0,0,1,0,0,1,0,0,0,0
0,0,1,1,1,0,1,0,0,0
1,0,1,0,0,1,0,0,0,1
1,1,1,1,0,1,1,1,0,0
1,0,1,1,0,0,1,1,0,1
0,1,1,1,0,1,1,0,1,0
0,0,1,1,1,1,1,1,0,0
1,0,1,0,1,0,0,0,0,0
0,1,1,1,1,1,1,1,0,0
0,0,0,1,0,0,0,1,0,1
Patch Antenna711
1,0,0,0,1,1,0,0,0,1
0,1,0,0,0,1,1,1,1,1
1,1,1,0,0,0,1,0,0,0
0,0,0,1,0,1,0,0,0,0
0,1,0,0,1,1,1,0,0,1
0,0,1,0,1,0,0,0,1,1
1,1,0,1,0,1,0,0,0,0
1,1,1,0,1,0,0,0,0,1
1,0,0,0,1,0,0,1,0,1
1,1,1,0,1,1,1,1,1,0
Patch Antenna712
0,0,0,0,1,0,0,0,0,1
0,1,0,1,0,0,0,0,1,1
0,1,0,1,0,1,1,0,0,1
0,0,1,1,1,1,1,0,0,0
1,1,1,1,0,1,1,0,1,0
0,1,1,0,0,0,1,1,0,0
0,1,0,1,1,0,0,0,1,1
0,0,0,1,1,1,1,1,0,0
1,1,1,0,1,0,1,0,1,1
1,1,1,1,1,1,1,1,1,0
Patch Antenna713
0,0,1,0,0,0,0,0,0,1
1,1,0,1,0,0,1,1,1,1
0,1,1,1,1,0,1,0,1,0
0,0,0,0,0,0,0,1,0,0
1,0,0,1,0,1,1,1,0,1
1,1,0,1,0,1,0,1,1,1
1,0,0,1,0,0,1,1,1,0
0,0,0,1,1,1,0,1,1,1
0,0,1,0,1,0,0,0,0,0
1,1,1,0,0,0,1,1,1,0
Patch Antenna714
0,0,1,0,0,1,1,1,0,1
1,0,1,1,1,1,0,1,0,0
1,0,0,0,0,0,0,1,1,1
0,0,1,0,0,0,1,0,0,1
0,1,1,0,0,1,1,1,1,1
1,0,1,0,0,0,0,1,1,1
1,1,0,1,0,0,0,0,1,0
0,0,0,1,0,0,1,1,1,1
1,1,0,1,0,1,1,0,1,1
0,0,1,0,1,1,0,0,1,0
Patch Antenna715
0,1,0,1,0,1,1,0,0,1
0,0,0,1,0,0,1,1,1,0
0,1,1,1,0,0,1,0,0,1
1,0,1,1,1,0,1,0,0,1
1,1,0,0,1,0,1,1,1,1
0,0,1,1,0,1,1,0,0,1
1,0,1,0,0,1,1,0,1,0
0,0,1,0,1,1,0,0,1,0
0,1,0,1,1,0,0,0,0,0
1,0,1,1,0,1,0,0,0,1
Patch Antenna716
0,1,1,0,0,0,0,0,1,1
1,1,1,1,0,1,1,1,1,0
0,1,1,0,1,0,1,1,1,1
1,0,1,0,0,0,0,1,0,1
1,1,0,0,1,1,1,0,0,0
0,1,0,0,0,1,0,1,1,0
1,0,0,0,0,1,1,1,0,0
1,1,0,0,1,1,1,0,0,1
0,1,1,0,1,1,1,0,1,1
1,0,0,1,0,1,1,0,1,1
Patch Antenna717
1,1,1,1,0,1,1,1,1,1
0,1,0,0,1,0,0,0,1,1
1,1,1,1,1,1,0,1,0,0
1,0,1,1,1,1,0,0,1,1
1,1,1,0,0,1,1,0,0,1
0,0,0,0,1,0,0,1,0,0
1,1,0,0,0,1,0,1,1,1
1,0,0,1,1,0,1,1,1,1
0,0,1,0,0,0,0,0,1,1
1,1,0,1,1,0,1,1,0,1
Patch Antenna718
1,0,0,0,1,1,0,0,1,0
0,1,1,1,1,1,0,0,0,1
1,0,1,0,0,1,0,0,1,1
1,0,0,0,1,1,0,1,1,1
1,0,1,0,0,0,0,1,0,0
1,0,0,1,1,0,0,0,0,0
1,0,1,0,0,0,0,1,1,1
0,0,0,1,1,0,1,1,1,0
1,1,1,0,0,0,0,1,1,1
0,1,1,0,1,0,0,0,0,0
Patch Antenna719
0,0,0,1,1,1,0,0,0,0
1,0,0,1,1,0,1,1,1,1
0,1,0,0,0,1,0,0,1,0
1,1,0,0,0,0,1,0,1,0
0,0,0,0,0,1,1,1,0,1
0,0,0,1,1,1,1,1,0,1
1,1,1,1,0,0,1,0,1,1
0,0,1,0,0,0,0,0,0,0
0,0,1,0,1,1,1,1,1,1
1,0,0,1,0,0,1,1,0,1
Patch Antenna720
1,0,0,1,0,1,0,1,1,1
0,1,1,0,0,1,1,0,0,1
0,0,1,1,0,1,0,0,1,0
1,0,1,1,0,1,1,0,0,0
0,1,0,0,0,0,1,0,0,0
1,0,0,1,1,1,0,1,1,0
0,1,1,0,1,1,1,0,1,1
1,1,1,0,1,0,1,0,0,1
1,1,0,1,0,0,1,1,0,1
1,1,0,1,1,0,0,1,0,0
Patch Antenna721
0,0,1,0,1,1,0,1,1,0
0,1,1,0,0,0,0,0,1,1
0,1,0,1,1,1,1,1,0,0
0,0,0,0,1,1,0,1,1,1
0,0,0,1,0,0,1,0,1,1
1,1,0,1,1,1,0,0,0,1
0,1,1,0,0,0,1,0,1,0
0,0,0,1,0,0,0,1,0,1
0,1,1,0,1,1,0,0,1,0
0,1,1,0,1,1,0,0,0,1
Patch Antenna722
1,0,0,1,0,1,0,1,1,0
0,1,1,1,1,0,1,0,0,1
1,1,1,0,0,0,0,0,0,0
1,1,1,1,1,1,0,0,1,0
1,0,1,1,0,0,0,1,1,1
1,0,1,1,0,1,1,0,1,1
0,1,1,1,0,0,0,1,1,0
1,0,1,0,0,0,1,1,0,0
1,0,0,1,0,1,0,1,1,1
0,1,0,0,0,0,0,1,1,0
Patch Antenna723
0,0,1,0,1,1,1,1,0,1
0,1,1,0,0,0,1,0,0,0
0,1,1,1,0,1,0,1,0,1
1,0,1,0,0,0,1,1,1,0
1,0,0,0,1,0,1,1,0,1
0,1,1,0,1,0,0,0,1,1
0,0,1,0,1,1,0,0,0,1
0,0,0,0,1,1,0,0,0,1
0,0,0,0,0,0,1,1,0,0
1,0,1,1,0,0,0,1,1,1
Patch Antenna724
1,1,0,1,0,1,1,0,1,0
0,0,1,1,0,1,0,1,0,0
1,1,0,1,1,1,1,0,1,0
1,0,1,0,0,1,1,0,0,1
0,1,1,1,1,1,1,0,1,0
0,1,1,0,1,1,1,1,1,1
0,1,1,1,0,0,0,1,0,1
0,1,1,0,0,1,0,1,1,0
0,0,0,0,1,1,1,0,0,1
1,1,0,1,0,0,0,0,0,1
Patch Antenna725
0,0,0,0,0,0,0,1,1,0
1,0,0,0,0,0,1,0,1,0
0,0,0,1,0,1,1,0,0,1
1,1,0,1,0,1,0,1,0,1
0,1,1,1,0,1,1,1,1,0
1,0,0,0,1,1,0,0,1,1
1,1,0,0,0,0,0,0,1,1
1,0,1,0,1,1,0,1,0,0
1,0,0,0,1,0,1,0,0,0
1,1,0,0,0,0,1,1,0,1
Patch Antenna726
0,0,1,1,1,1,0,1,0,1
0,1,0,0,0,0,0,1,0,0
1,1,1,1,1,0,0,1,0,1
0,1,0,0,1,0,1,0,0,0
1,0,1,0,1,1,0,1,0,1
0,0,0,0,1,0,0,0,1,1
1,1,0,1,1,0,1,0,1,1
0,0,1,1,1,1,1,0,0,1
1,1,0,0,0,1,1,1,1,0
0,0,0,0,1,0,0,1,0,1
Patch Antenna727
0,1,1,1,0,0,1,1,1,0
1,1,1,0,0,0,1,1,1,0
1,0,0,0,0,0,1,0,0,1
0,1,0,0,0,0,0,0,1,1
1,1,0,0,0,0,0,1,1,0
0,1,0,1,1,1,0,1,0,1
0,1,1,1,0,1,1,1,0,0
1,0,0,0,0,0,1,1,1,0
1,1,0,0,0,1,1,0,0,1
0,1,1,0,0,1,0,1,0,1
Patch Antenna728
1,0,0,1,0,0,0,0,1,0
1,1,1,1,0,1,1,0,0,0
0,0,0,1,0,0,0,1,1,0
1,1,1,0,1,1,1,0,0,1
0,0,1,0,1,1,0,0,1,0
1,1,0,1,0,1,0,1,1,1
0,1,0,1,0,1,1,0,0,0
1,0,1,1,1,0,1,1,0,1
0,1,0,1,0,0,1,1,1,1
0,1,0,1,0,0,0,0,0,0
Patch Antenna729
0,1,1,0,1,1,0,1,1,1
1,0,1,1,1,0,1,1,1,0
1,1,1,1,0,0,0,1,1,1
0,0,0,0,1,0,1,0,1,0
0,0,0,1,1,0,1,1,0,0
0,1,1,1,0,1,1,0,1,0
1,1,1,1,0,0,1,0,1,0
0,1,1,1,0,0,0,0,0,0
1,0,1,1,0,1,0,0,1,0
1,1,0,1,1,1,1,1,1,0
Patch Antenna730
0,1,1,0,0,1,0,1,0,1
1,1,1,0,1,0,0,0,1,0
1,0,1,1,1,0,1,1,1,1
0,1,0,0,1,0,1,0,0,0
1,1,0,1,1,1,0,1,0,0
0,1,0,0,1,1,0,0,0,0
0,1,1,1,1,1,1,1,0,0
0,1,0,1,1,0,0,0,0,1
1,0,0,1,0,1,1,1,0,0
0,0,1,1,0,1,0,0,0,0
Patch Antenna731
0,1,0,1,1,1,1,1,0,0
0,0,0,0,1,0,0,1,0,1
1,1,1,1,0,0,0,1,1,0
1,0,0,1,0,1,1,1,0,0
1,1,1,1,1,1,1,1,1,1
0,0,1,0,0,1,0,1,1,0
1,0,0,1,0,0,1,0,1,1
0,1,0,0,0,0,0,0,0,0
0,1,0,0,1,1,1,0,0,0
1,0,1,0,1,0,1,0,1,0
Patch Antenna732
0,0,0,1,0,0,0,0,0,1
0,0,1,0,0,1,1,0,0,0
0,1,1,0,1,1,1,1,0,1
0,1,0,1,0,1,1,1,1,1
0,0,1,1,1,1,0,0,1,1
0,1,0,0,0,1,0,0,0,0
0,1,1,0,0,1,1,0,1,0
1,1,0,1,1,1,0,0,0,0
0,1,0,1,0,1,1,1,1,0
1,0,0,0,1,1,1,0,0,0
Patch Antenna733
1,0,1,1,1,1,0,1,1,0
1,0,0,0,0,1,1,1,1,1
1,1,1,0,0,0,0,1,1,0
1,1,1,0,0,1,1,0,1,1
1,1,0,0,0,0,1,1,1,0
1,1,0,1,1,0,1,1,0,0
1,1,0,0,1,0,1,0,0,0
0,1,1,0,1,1,1,1,1,0
1,0,1,1,1,0,1,0,0,0
0,1,1,0,1,0,1,1,1,0
Patch Antenna734
0,1,0,0,0,0,0,1,1,0
1,0,0,0,0,0,0,1,1,1
1,1,0,1,1,0,0,0,0,1
0,0,0,1,1,0,1,0,0,1
1,1,0,1,1,0,0,0,1,1
1,0,1,0,0,0,1,0,0,0
0,1,1,1,1,0,0,1,0,0
0,1,1,1,1,1,1,1,0,0
1,0,1,1,0,1,1,0,1,1
0,0,0,0,0,1,1,0,1,1
Patch Antenna735
0,0,0,0,1,1,1,1,1,1
1,0,1,1,0,0,0,0,0,1
1,0,1,1,1,1,0,1,0,1
0,1,0,0,1,0,0,1,1,0
0,1,1,0,1,0,1,0,1,0
1,1,1,0,1,1,1,0,0,0
0,1,1,1,0,1,0,0,1,1
1,0,0,1,1,1,0,0,1,1
0,0,0,1,1,0,0,1,0,1
1,0,1,1,0,0,0,1,0,1
Patch Antenna736
1,1,0,1,0,1,0,1,1,0
1,0,1,0,1,0,0,1,0,0
1,1,0,0,1,0,0,0,1,0
0,1,1,0,1,1,0,0,1,0
0,1,1,1,0,0,0,0,0,1
1,0,0,1,1,1,0,0,0,1
0,0,1,1,0,0,0,0,1,1
0,1,0,1,0,0,0,1,0,0
1,1,1,0,0,0,1,1,1,0
1,0,1,1,1,0,1,1,1,0
Patch Antenna737
1,1,0,0,1,1,0,0,0,0
0,0,1,1,0,1,0,1,1,0
0,0,1,0,0,1,0,1,1,0
0,0,0,1,0,0,1,0,1,0
1,0,1,0,0,1,1,0,1,1
0,0,0,0,1,1,0,1,1,0
1,0,1,0,1,1,0,1,1,0
0,1,0,0,0,0,1,0,1,0
0,0,0,1,0,0,1,0,1,0
1,1,1,0,0,1,1,0,0,1
Patch Antenna738
0,1,0,1,0,0,1,0,0,1
1,1,0,1,1,0,0,0,1,0
0,0,1,1,1,0,0,1,1,0
1,1,1,0,1,0,1,1,0,1
0,1,1,0,0,0,1,0,1,0
0,0,1,0,0,0,1,0,0,1
1,1,1,0,0,0,0,1,1,1
0,1,1,0,0,0,0,1,1,1
1,0,0,0,0,0,1,1,1,1
0,0,1,1,1,0,1,0,0,0
Patch Antenna739
0,1,0,0,0,0,1,1,0,1
1,0,1,1,1,1,1,0,1,0
1,0,0,0,0,0,0,0,0,0
1,0,0,1,1,0,0,0,1,0
0,0,0,0,1,1,0,1,1,0
0,1,1,1,1,0,0,1,1,1
0,0,0,1,0,0,1,0,0,1
0,1,0,0,0,1,1,1,0,0
0,0,0,1,0,0,1,1,0,0
1,1,0,1,0,0,1,0,0,1
Patch Antenna740
0,1,1,0,1,0,1,1,0,0
1,0,1,0,0,1,1,0,0,0
1,0,0,1,1,1,1,0,1,0
0,1,0,0,0,1,0,0,1,0
1,1,0,1,1,0,0,0,0,1
1,0,0,1,0,1,0,1,1,1
0,0,0,1,0,0,1,1,0,0
0,0,1,0,0,0,1,0,0,1
0,0,1,1,0,0,1,0,1,1
1,0,0,0,0,1,0,1,1,1
Patch Antenna741
1,1,1,1,0,1,1,0,1,1
1,0,0,1,0,1,0,1,1,1
0,0,1,0,1,1,0,0,1,0
0,1,0,1,0,1,1,1,1,0
1,0,1,0,0,1,1,1,1,0
1,1,1,0,1,1,1,0,1,0
0,1,0,0,1,1,1,0,1,1
1,0,1,1,0,0,0,0,1,0
0,0,0,1,0,1,1,1,0,1
1,0,0,0,1,0,1,1,1,0
Patch Antenna742
0,0,0,0,1,0,0,1,1,1
0,0,1,0,1,1,1,1,0,0
0,1,1,1,1,0,0,1,1,1
0,1,0,0,0,1,1,0,0,1
1,0,0,0,0,1,1,1,0,0
0,0,1,0,0,0,1,0,0,1
0,0,1,1,0,0,1,1,1,0
1,0,1,0,1,1,1,0,1,1
0,0,1,1,1,0,0,1,0,1
1,1,1,0,1,1,0,0,1,1
Patch Antenna743
1,0,1,0,1,0,0,0,1,0
1,0,0,1,1,1,0,1,0,0
0,1,0,0,0,0,1,1,1,0
1,0,1,0,1,0,0,0,0,1
0,1,0,0,0,0,0,1,1,1
1,1,1,1,0,0,1,1,0,1
1,0,0,1,0,1,0,1,1,1
1,0,1,1,1,0,1,0,0,0
0,0,1,0,0,1,0,0,0,0
0,0,0,0,1,1,1,1,1,0
Patch Antenna744
0,0,1,1,0,1,0,0,0,1
0,1,1,0,0,1,1,1,0,0
1,1,0,1,0,1,1,1,0,1
0,1,1,0,1,1,0,1,0,1
0,0,1,0,1,0,1,1,0,0
1,0,0,0,1,0,0,1,0,1
1,0,1,0,1,0,1,1,1,0
1,1,1,1,1,1,1,1,0,1
1,1,0,1,0,0,1,1,0,1
0,0,0,1,0,0,0,0,1,0
Patch Antenna745
0,1,0,0,1,1,0,0,0,0
1,0,0,1,0,1,0,1,0,0
1,1,0,1,0,0,0,1,0,0
1,1,1,1,1,0,1,0,0,1
0,0,1,1,1,1,1,0,0,1
0,0,1,1,0,1,0,1,1,1
0,0,0,1,0,0,1,0,1,1
0,1,1,1,0,1,0,1,1,0
0,0,1,0,0,0,0,1,0,0
0,1,0,1,1,0,0,0,0,1
Patch Antenna746
0,1,0,1,0,0,0,1,1,1
1,0,0,0,1,0,1,1,0,0
1,1,1,1,0,0,0,1,1,1
1,1,0,0,0,1,0,1,1,1
0,1,1,1,0,0,1,0,1,1
1,1,1,0,0,0,1,1,0,0
1,0,0,1,1,1,0,0,1,1
1,0,1,1,1,0,0,1,0,0
1,1,0,1,1,1,1,1,0,0
1,1,0,0,1,0,0,1,0,0
Patch Antenna747
0,1,1,1,1,1,0,1,1,1
0,0,0,1,0,0,1,0,0,0
1,0,0,0,0,0,0,0,0,0
1,1,0,1,0,1,0,1,0,0
0,1,1,1,1,1,1,0,1,0
0,1,1,1,1,1,0,1,0,1
1,1,0,0,0,0,1,0,0,0
1,0,1,0,0,0,0,0,1,1
0,1,0,0,0,1,0,0,1,1
0,0,0,0,0,1,1,0,1,1
Patch Antenna748
1,0,0,1,1,0,0,0,1,1
1,0,0,0,1,0,1,1,1,0
0,0,1,1,0,0,0,0,1,0
0,1,1,0,1,0,1,0,1,0
1,0,1,1,1,1,1,0,1,1
0,0,1,1,0,1,0,1,1,1
1,1,1,1,0,0,0,1,0,1
0,1,1,1,1,0,1,0,0,0
0,0,0,1,0,1,1,1,1,1
0,1,1,1,1,0,1,0,1,0
Patch Antenna749
0,1,0,1,0,1,0,1,1,0
0,1,0,0,1,0,1,0,0,1
0,1,0,1,1,0,0,1,1,0
0,0,0,0,1,0,1,0,0,0
0,1,1,0,0,1,1,1,0,1
1,1,0,0,1,1,0,1,1,1
0,1,1,0,0,0,1,1,1,0
1,0,1,1,1,1,0,0,1,1
1,0,1,1,1,1,1,0,0,0
1,0,1,0,1,0,1,0,1,1
Patch Antenna750
1,1,1,0,0,0,0,0,0,0
0,1,0,1,1,0,1,1,1,0
0,0,0,1,0,0,0,0,1,0
1,1,1,1,0,1,0,0,0,0
1,0,1,0,0,0,0,1,0,0
1,1,0,0,0,1,0,0,0,1
1,1,0,0,1,0,1,0,0,1
1,0,1,0,1,0,0,1,0,1
1,0,1,1,0,0,0,0,0,1
1,1,0,0,1,0,0,1,1,0
Patch Antenna751
0,1,1,1,0,1,1,0,0,0
1,1,1,1,0,1,0,1,1,0
0,0,1,1,0,1,1,0,1,0
0,0,0,0,0,1,0,1,0,0
1,1,0,0,0,1,1,0,1,1
0,0,0,0,1,1,0,0,1,0
0,1,0,0,0,0,0,0,1,1
1,0,1,0,1,0,0,1,0,1
1,1,1,0,1,0,0,0,1,1
0,0,0,0,0,0,1,0,1,1
Patch Antenna752
1,0,1,0,0,0,0,0,1,0
0,0,0,0,1,0,0,1,0,0
1,1,1,0,0,1,1,0,1,1
1,1,0,1,0,0,0,0,1,0
0,0,1,1,1,0,0,1,0,1
0,0,0,1,0,0,0,0,1,0
0,1,0,0,0,1,1,0,1,0
1,0,1,1,0,0,1,0,1,1
0,1,0,0,0,1,1,1,0,0
0,0,0,0,1,1,0,1,0,1
Patch Antenna753
0,0,0,1,0,1,0,1,0,1
0,0,0,1,0,0,1,0,1,0
0,1,0,1,0,0,1,1,1,0
0,1,1,1,0,0,0,1,0,1
0,0,1,0,0,1,0,1,0,0
1,1,0,0,0,0,1,0,0,1
0,1,0,1,0,0,1,1,0,1
1,1,1,0,0,0,0,1,0,0
1,1,0,1,1,1,0,0,1,0
1,1,1,1,1,1,0,1,1,1
Patch Antenna754
1,0,0,1,1,1,1,1,0,0
0,1,0,1,1,1,1,1,1,1
0,0,0,1,1,0,1,0,1,1
0,1,0,0,0,1,0,1,0,1
0,0,0,1,1,0,0,0,0,0
1,0,0,0,1,0,1,1,1,1
1,0,0,1,0,0,0,0,1,0
1,1,0,0,1,1,0,0,0,1
1,0,0,0,0,0,0,0,1,0
0,0,0,1,1,0,0,1,1,1
Patch Antenna755
1,1,0,1,0,1,1,0,1,1
0,1,0,0,0,0,0,1,0,0
1,0,0,0,1,0,0,1,0,1
0,0,1,0,0,0,0,1,1,1
1,1,1,0,1,0,0,0,1,1
1,0,1,1,0,0,0,1,1,0
1,0,0,1,0,1,0,0,1,0
0,1,0,0,0,1,0,1,0,1
0,1,0,1,1,0,1,1,0,0
0,0,0,1,0,0,0,0,1,1
Patch Antenna756
0,0,1,0,1,0,1,1,0,1
0,1,1,1,1,0,0,0,0,1
0,1,1,1,1,1,0,1,0,1
1,0,1,1,1,1,1,0,0,0
0,0,0,0,0,0,0,0,0,0
0,0,0,1,1,1,1,1,0,1
1,1,0,0,1,1,1,0,1,0
1,1,1,1,1,0,0,1,1,0
1,0,1,0,0,0,1,1,1,0
1,1,1,1,0,0,0,0,1,0
Patch Antenna757
1,1,0,1,0,1,0,1,0,0
0,0,1,0,1,0,0,1,1,1
0,0,1,1,1,0,1,1,1,0
1,0,1,0,0,0,1,1,1,1
0,0,0,0,1,0,0,0,1,0
0,0,1,1,0,1,1,0,1,1
1,0,0,1,1,1,1,1,1,0
0,1,1,1,0,1,0,0,0,1
1,1,0,0,1,0,1,1,1,0
1,1,0,0,1,0,1,0,0,0
Patch Antenna758
0,0,0,1,0,1,0,0,1,0
1,0,1,0,0,0,0,0,0,1
0,1,0,1,1,0,1,1,1,1
1,0,1,0,0,1,1,0,1,0
1,1,0,0,1,0,0,0,0,0
0,0,0,0,1,0,0,0,1,0
1,1,1,1,0,1,0,0,1,0
1,1,0,1,1,0,1,1,0,1
1,0,1,1,0,0,1,0,1,1
1,1,1,1,1,1,0,1,1,1
Patch Antenna759
0,0,1,0,1,0,0,1,0,0
0,0,0,0,0,1,1,1,0,0
0,1,1,1,0,1,1,1,1,1
1,0,0,1,1,1,0,0,1,0
1,1,0,0,0,0,0,0,1,0
0,0,1,1,0,1,1,1,1,1
1,0,1,1,0,1,1,0,1,0
1,0,1,0,1,1,1,0,0,1
0,0,1,1,1,0,0,1,1,0
0,0,0,0,1,0,1,0,0,0
Patch Antenna760
0,1,0,0,0,1,0,1,0,1
0,1,1,0,0,1,1,0,0,1
0,0,1,1,1,0,0,0,1,0
0,1,1,1,1,0,0,1,0,0
1,1,1,0,1,1,1,1,1,0
1,0,0,0,0,1,1,1,1,0
0,0,0,0,0,0,1,1,1,0
1,0,1,0,0,1,0,1,0,1
0,0,0,0,0,1,1,1,0,1
1,0,0,1,1,1,0,0,1,0
Patch Antenna761
1,0,0,0,0,0,0,1,1,1
0,0,1,1,0,1,0,1,0,1
0,1,0,0,1,0,1,0,1,1
0,0,0,1,0,0,1,1,1,1
0,1,1,1,0,0,1,1,0,0
0,1,0,1,0,0,1,1,1,0
0,0,0,1,0,1,1,0,1,0
0,1,1,0,0,1,1,1,0,0
1,1,1,0,1,0,1,1,1,0
1,1,1,1,1,1,0,1,0,1
Patch Antenna762
1,1,0,1,0,0,1,0,0,1
0,0,1,1,0,0,1,0,0,0
0,1,0,0,1,1,0,1,1,1
1,1,0,1,0,1,0,0,0,0
0,0,0,1,0,0,1,1,1,0
1,1,1,0,0,1,0,1,0,1
1,1,1,0,0,0,0,1,1,0
1,1,0,1,1,1,1,1,1,1
1,0,1,0,0,0,0,0,0,0
1,0,1,1,0,0,0,0,0,0
Patch Antenna763
0,1,0,1,0,0,0,0,0,0
0,0,0,1,1,0,0,1,0,1
0,1,1,0,0,0,1,0,1,1
0,0,1,1,0,0,0,0,0,1
1,0,1,0,0,0,1,1,0,0
1,0,1,0,1,0,0,0,0,1
1,0,0,0,1,0,0,0,0,0
1,1,1,1,1,1,0,1,0,0
0,0,1,1,1,0,0,0,0,1
0,1,0,0,1,1,0,0,0,1
Patch Antenna764
1,1,1,0,1,1,1,0,0,0
0,0,0,1,0,1,1,1,1,1
0,0,0,1,0,0,0,1,1,1
1,0,0,1,0,0,0,1,0,0
0,0,0,1,0,1,0,1,0,0
1,1,0,0,1,1,0,0,0,0
0,1,0,1,0,0,1,1,0,1
0,1,1,0,1,1,0,0,0,1
0,1,0,0,1,1,0,0,1,1
0,0,0,1,0,0,1,1,0,0
Patch Antenna765
0,0,0,1,1,0,0,1,0,0
1,0,0,1,1,1,0,1,1,1
0,0,0,0,0,0,1,0,1,1
1,1,1,0,0,0,1,0,0,0
0,0,1,0,1,1,1,1,0,0
1,1,0,0,0,1,0,1,1,0
0,0,0,1,1,0,0,1,1,0
0,1,1,1,1,1,0,1,0,0
0,1,1,1,0,0,0,1,1,1
1,1,1,0,0,1,0,0,1,0
Patch Antenna766
0,0,1,0,1,0,0,1,1,1
0,1,0,1,0,0,0,0,1,1
0,1,0,1,0,0,1,1,1,0
0,0,0,1,1,1,1,1,0,1
1,1,1,0,1,1,1,0,1,0
0,0,0,0,1,1,0,0,1,0
1,1,0,0,1,1,1,0,0,1
1,0,0,0,1,0,0,0,1,1
1,1,1,0,1,1,0,0,0,1
1,0,0,1,1,1,0,1,1,0
Patch Antenna767
1,0,1,0,0,0,0,1,1,1
1,0,1,1,0,0,0,0,0,0
1,1,0,1,1,1,1,0,1,0
0,1,0,1,0,1,0,0,1,0
0,0,0,1,0,1,0,0,0,1
0,0,0,1,1,1,1,0,1,1
0,1,0,0,1,1,0,0,1,1
0,0,0,1,0,1,0,1,1,1
0,0,0,1,1,1,1,0,0,1
0,0,1,0,0,0,1,0,1,0
Patch Antenna768
0,0,1,0,1,1,0,1,1,0
1,1,0,0,0,0,0,0,1,1
1,1,0,0,0,1,0,1,1,0
0,1,0,0,0,0,0,1,0,1
0,0,0,1,0,0,1,0,1,1
1,1,1,0,1,1,0,0,0,0
1,1,0,0,1,0,1,0,1,0
1,0,0,0,0,0,1,0,0,1
1,1,0,0,1,0,1,0,1,0
1,0,0,1,1,0,0,1,0,1
Patch Antenna769
1,1,0,1,0,1,1,0,1,1
1,0,0,0,0,0,0,0,1,1
0,0,1,1,0,1,1,0,1,1
0,0,1,1,0,1,1,0,1,1
0,0,1,0,0,1,1,0,0,0
0,0,1,0,1,1,1,1,1,0
0,0,0,0,1,1,0,1,0,0
1,1,1,1,1,1,0,1,0,0
0,0,0,1,1,0,0,1,0,0
0,1,0,0,0,1,0,0,1,0
Patch Antenna770
0,0,0,0,1,0,1,0,1,1
0,1,0,0,0,0,0,0,0,0
1,1,1,0,0,1,0,0,0,0
0,1,0,0,0,0,1,0,1,0
0,1,0,0,0,1,1,1,0,0
0,0,0,1,0,0,0,0,0,1
0,1,0,1,1,0,0,1,1,0
1,0,0,0,1,0,1,0,1,0
0,0,1,1,0,0,0,1,1,0
0,1,1,0,1,1,0,0,0,0
Patch Antenna771
1,1,1,1,0,0,0,1,0,1
0,1,1,0,0,0,0,1,1,1
0,1,1,0,0,0,0,0,1,1
0,0,0,0,1,0,1,0,1,1
1,0,1,1,1,1,1,1,1,0
0,0,1,1,0,1,0,1,1,1
1,0,1,1,1,1,1,0,0,1
1,0,1,1,1,0,0,1,1,1
0,0,1,0,0,1,0,1,1,1
0,0,0,1,0,0,1,1,0,1
Patch Antenna772
1,0,1,0,1,0,0,0,0,1
1,0,1,1,1,1,0,1,1,0
0,0,1,1,0,0,0,0,0,0
1,0,0,1,1,1,1,1,0,0
1,1,0,0,1,0,0,1,1,0
1,0,0,0,1,0,0,1,0,1
0,0,0,1,0,1,0,0,1,1
1,1,0,0,0,1,1,0,0,1
0,0,0,0,1,1,0,0,1,1
1,1,1,1,0,0,0,1,1,1
Patch Antenna773
1,0,1,0,1,1,0,0,1,0
0,1,1,1,0,1,0,1,1,0
0,1,0,0,1,0,0,1,1,0
0,1,0,1,1,1,1,0,1,0
0,0,0,1,0,0,1,1,0,1
0,0,1,1,0,0,0,1,1,0
1,0,1,0,0,0,0,0,1,0
0,1,0,1,1,0,1,0,0,0
0,0,1,0,0,1,0,0,1,0
1,0,0,0,0,1,0,1,0,1
Patch Antenna774
1,0,0,1,0,0,0,0,0,1
1,1,1,0,1,0,1,0,0,1
1,1,1,1,1,1,1,0,1,0
0,1,0,1,0,1,0,0,1,1
1,1,1,1,0,1,1,0,1,0
1,0,1,1,1,1,0,0,1,0
0,0,1,0,0,0,0,0,1,1
0,0,0,0,1,0,1,1,0,1
1,1,1,0,1,0,1,0,1,1
0,1,0,0,0,0,0,0,0,1
Patch Antenna775
1,1,1,1,1,0,1,1,0,1
0,1,0,0,0,1,0,1,1,0
0,1,1,1,1,0,1,1,1,0
0,0,1,0,0,1,1,0,0,1
0,1,1,1,0,0,0,0,0,0
1,1,0,1,1,1,0,0,0,0
1,1,1,0,1,1,1,0,0,0
0,1,0,0,0,0,1,1,0,1
0,1,1,0,0,1,1,1,1,1
0,0,0,0,1,0,1,0,1,1
Patch Antenna776
1,0,0,0,0,0,1,0,0,0
1,1,1,0,1,0,0,0,1,0
0,1,0,0,0,1,0,1,0,1
0,1,0,0,1,0,0,1,1,1
0,0,0,1,0,0,1,0,1,0
0,1,0,1,1,0,0,0,1,1
1,0,1,0,1,1,0,1,0,1
0,1,0,1,0,0,1,0,0,1
0,1,0,0,1,0,1,0,1,0
1,0,0,1,0,1,0,1,0,0
Patch Antenna777
1,1,1,1,1,0,0,0,0,0
0,1,1,0,1,1,0,1,1,0
1,0,1,1,0,0,1,0,0,0
0,1,0,1,0,1,1,0,1,1
0,1,0,1,0,1,1,0,0,0
0,0,0,0,0,0,0,1,1,0
1,1,1,0,0,1,0,0,1,1
1,0,0,0,1,0,1,1,1,1
0,1,1,0,0,0,1,1,1,0
0,0,0,1,0,1,1,0,0,0
Patch Antenna778
1,0,1,1,1,1,1,1,0,0
0,1,1,1,0,1,0,0,0,0
0,1,1,1,1,0,0,0,0,1
0,1,1,0,0,1,0,0,0,1
1,0,1,0,1,1,0,0,0,0
0,1,1,0,0,1,1,0,0,1
0,1,1,0,1,1,0,0,0,1
0,1,1,1,1,0,0,0,0,0
1,0,1,0,0,1,1,0,1,1
1,0,1,1,1,1,0,0,0,0
Patch Antenna779
0,0,0,1,1,0,1,0,1,0
1,0,1,0,1,1,0,0,0,1
1,0,0,0,0,1,1,1,1,1
0,0,0,0,1,1,0,0,0,1
1,0,0,1,1,1,1,1,0,0
1,1,0,1,0,0,1,1,1,1
0,0,1,1,0,1,1,1,0,0
0,1,1,1,1,1,1,1,0,0
1,1,0,1,1,1,0,1,0,1
0,1,1,0,0,1,0,1,0,1
Patch Antenna780
0,1,1,0,1,1,0,1,1,0
0,1,0,0,0,0,0,1,1,0
0,1,1,1,0,0,0,0,1,0
1,0,0,1,1,0,0,1,1,0
1,0,1,0,0,0,0,0,0,1
0,1,0,1,0,0,0,0,1,1
0,1,1,1,0,0,1,1,0,1
1,1,0,0,0,1,0,0,1,0
0,1,1,0,1,0,1,1,1,0
1,0,1,1,1,0,1,0,1,0
Patch Antenna781
0,1,1,1,1,0,0,0,0,0
1,1,1,1,0,0,1,0,0,0
0,1,1,1,1,0,1,1,0,1
0,1,0,0,0,1,0,1,1,0
0,1,1,0,0,1,0,0,0,0
0,0,0,0,0,1,1,0,0,1
1,0,0,0,0,0,0,1,1,0
0,1,0,1,0,1,1,0,1,1
0,0,0,1,1,0,1,0,0,1
1,0,1,0,0,1,1,0,1,1
Patch Antenna782
1,0,1,1,0,0,1,0,1,0
1,1,1,1,0,1,0,0,0,1
1,0,0,1,0,1,1,0,1,0
0,0,0,0,1,1,1,1,1,0
0,0,1,1,0,0,1,0,1,1
0,1,0,0,1,1,1,1,0,0
0,0,0,0,0,1,1,1,0,0
0,1,1,0,1,1,1,1,0,1
0,1,1,1,0,1,1,0,0,0
0,0,0,1,0,1,1,1,0,1
Patch Antenna783
1,1,0,0,0,1,0,1,0,0
0,1,1,1,0,0,1,1,1,0
0,1,0,0,1,1,0,0,0,1
0,0,0,0,1,1,0,0,0,0
0,0,1,1,1,1,0,1,0,0
1,1,1,0,1,0,1,1,1,1
1,1,0,1,1,1,1,1,1,1
0,1,0,1,1,0,1,1,0,1
0,0,0,0,0,0,1,0,1,1
1,0,0,1,1,0,1,1,0,0
Patch Antenna784
1,1,0,1,1,1,0,0,1,0
1,1,1,0,1,0,1,1,0,1
1,1,1,1,1,1,1,1,1,1
0,1,0,1,0,0,0,0,0,1
0,0,0,1,0,1,1,1,0,1
0,0,1,1,0,0,1,1,1,1
1,0,1,1,0,1,1,1,0,1
1,0,1,1,1,0,1,0,0,0
1,0,0,1,1,0,1,0,0,0
1,0,1,1,0,0,1,1,0,1
Patch Antenna785
0,0,1,0,0,1,1,0,0,1
1,1,0,0,0,0,0,0,1,1
0,0,1,0,0,1,0,1,1,1
1,1,1,0,1,0,1,0,0,0
1,1,0,1,1,0,0,1,0,1
0,1,1,0,0,1,0,0,1,1
1,0,1,0,1,0,1,1,0,0
1,0,1,1,0,1,0,0,1,1
0,0,0,1,0,0,1,0,0,1
0,0,0,0,1,0,0,1,1,0
Patch Antenna786
1,0,1,1,1,0,0,0,1,1
1,0,1,1,1,0,1,1,0,0
0,0,1,1,1,0,0,0,1,1
0,1,1,1,0,0,1,0,1,1
1,1,0,0,0,1,1,1,0,1
1,0,1,1,0,0,1,0,1,1
1,1,0,0,0,1,0,1,1,0
0,1,0,1,1,1,1,0,1,0
1,0,1,1,1,0,1,1,0,0
0,1,1,1,0,0,1,0,1,1
Patch Antenna787
0,0,0,1,1,0,1,1,0,1
1,0,1,1,0,0,1,0,1,0
1,1,0,1,1,1,1,1,0,0
0,0,1,0,1,1,1,0,0,1
1,1,1,1,1,0,1,1,0,0
0,1,1,1,1,0,0,0,1,1
1,0,1,1,1,1,0,1,0,0
1,0,0,0,0,0,1,1,1,0
0,1,0,0,1,0,0,0,0,0
0,0,1,0,1,1,1,0,0,0
Patch Antenna788
1,0,0,1,1,0,1,1,1,1
1,0,1,0,1,1,0,0,0,0
1,1,1,0,1,1,0,0,0,1
1,0,0,1,0,0,0,0,0,1
1,0,0,1,0,1,0,0,1,0
1,1,1,1,1,0,0,1,0,0
1,0,1,0,0,1,1,0,1,0
0,0,0,1,1,0,1,1,0,1
1,1,1,1,0,1,1,0,0,1
1,0,1,1,1,0,0,1,0,0
Patch Antenna789
0,0,1,1,0,1,0,1,0,0
1,1,0,0,1,1,0,0,1,0
0,0,1,0,0,0,1,1,0,1
1,0,1,1,0,0,1,1,1,1
0,1,0,1,1,1,0,0,0,0
0,0,1,0,1,0,1,1,0,0
1,0,1,1,0,0,0,0,1,1
1,0,1,1,0,1,1,1,0,1
0,1,0,1,0,1,0,0,0,1
0,0,1,0,0,1,1,0,0,1
Patch Antenna790
1,1,1,1,1,1,1,1,0,1
0,1,1,0,0,0,0,1,0,1
1,1,0,0,0,0,0,1,0,1
0,1,1,0,1,1,1,0,1,1
0,0,0,0,0,0,1,0,1,1
0,0,1,0,1,0,1,1,0,0
1,1,1,1,0,1,1,0,0,0
1,0,1,0,0,0,1,0,1,1
0,1,0,1,1,1,0,0,0,0
0,1,0,0,0,1,1,1,0,0
Patch Antenna791
0,1,0,1,1,0,0,1,0,0
0,1,1,1,1,1,0,1,0,1
1,0,0,0,0,1,1,0,1,0
0,1,0,0,1,0,1,1,0,1
1,1,0,0,1,0,0,0,0,1
0,1,0,1,1,0,0,1,1,1
1,1,0,1,1,1,1,1,0,1
1,1,0,1,0,0,0,1,1,0
0,0,1,1,1,0,0,0,0,0
1,1,0,0,1,0,0,0,0,1
Patch Antenna792
0,0,0,1,0,0,0,0,1,0
0,1,0,1,0,0,0,1,0,1
0,0,1,1,1,1,1,0,0,0
0,0,0,1,1,0,1,0,0,0
0,1,1,0,1,1,0,1,0,1
1,1,1,0,1,1,0,0,0,0
0,1,1,1,1,1,1,0,0,1
1,0,0,1,0,0,0,1,0,0
0,1,0,0,0,0,0,0,1,0
0,0,0,0,0,0,0,0,1,1
Patch Antenna793
0,1,0,1,0,1,1,0,0,0
0,1,1,1,0,0,1,1,1,1
0,0,1,1,0,0,1,1,1,0
0,1,0,1,0,1,1,1,1,0
0,1,0,0,1,1,0,0,0,0
1,1,0,1,0,0,1,0,1,0
1,1,0,0,0,1,0,0,0,0
1,0,1,0,0,0,0,0,1,0
0,1,0,1,0,1,1,0,1,0
1,1,0,0,1,1,0,1,1,0
Patch Antenna794
1,0,1,1,1,0,1,1,1,1
1,0,0,0,1,1,0,0,0,1
0,0,0,1,1,0,1,0,1,0
1,0,1,0,0,1,0,0,1,1
1,0,0,0,0,0,0,0,0,1
1,0,0,1,0,1,0,1,0,1
0,1,0,1,0,1,1,1,0,1
1,0,1,0,0,0,0,1,0,1
0,0,1,1,0,0,1,1,0,0
0,1,1,0,1,0,0,0,0,0
Patch Antenna795
1,0,1,1,1,1,1,0,0,0
0,1,1,1,0,0,0,1,0,1
1,1,1,1,1,1,1,1,1,1
1,1,0,1,0,1,1,0,0,1
0,0,0,0,1,1,1,0,1,1
0,1,0,1,1,1,1,0,1,1
0,1,1,0,0,1,1,0,0,1
0,1,0,1,1,1,0,1,0,0
0,1,1,1,1,1,1,0,1,1
0,1,0,1,0,0,0,0,0,1
Patch Antenna796
1,1,1,1,0,0,1,1,1,1
0,0,0,1,1,1,0,1,0,1
1,0,0,1,0,0,1,1,1,1
1,1,1,0,0,1,0,1,0,0
1,1,1,1,1,0,0,0,0,1
1,1,0,1,1,0,1,0,1,0
0,0,1,0,1,0,0,0,0,1
0,1,0,0,0,0,1,0,0,0
1,0,1,1,1,1,1,1,0,0
0,0,0,1,1,0,1,0,0,0
Patch Antenna797
0,0,0,1,1,0,1,0,0,0
1,0,1,1,1,1,1,0,0,0
1,1,1,0,1,1,0,0,0,0
1,1,1,0,0,1,1,1,1,0
0,1,0,1,0,0,1,1,1,0
0,1,1,1,0,0,1,1,0,1
1,0,1,1,1,1,0,1,1,1
1,1,1,1,0,1,1,0,0,1
1,0,0,0,0,0,0,1,0,0
1,1,0,1,1,1,1,0,1,1
Patch Antenna798
1,0,1,0,0,1,0,1,1,0
0,0,1,1,1,1,0,1,0,0
1,1,1,1,0,0,1,1,1,0
0,0,0,0,1,1,0,0,1,0
0,0,1,0,0,0,0,1,0,0
1,1,0,1,0,1,1,0,1,1
1,1,1,1,1,0,1,0,0,1
0,1,1,0,1,1,1,1,1,1
0,1,0,1,0,1,1,0,1,0
0,0,1,1,0,1,1,0,1,0
Patch Antenna799
0,1,0,1,1,0,1,0,0,0
0,1,0,0,0,0,1,0,0,1
0,1,1,1,1,0,0,1,0,1
0,1,0,0,1,1,0,1,0,1
0,1,0,1,1,0,1,1,1,1
0,1,0,1,0,0,1,1,0,1
0,1,1,0,0,0,1,1,0,1
1,1,1,0,0,1,1,0,1,1
0,0,0,1,0,0,0,1,1,0
1,1,1,1,0,0,1,0,0,1
Patch Antenna800
1,0,0,0,1,0,1,1,0,0
0,1,1,1,1,0,1,0,0,0
0,0,0,0,0,0,0,1,0,0
0,1,1,0,1,0,0,1,1,1
1,0,1,1,1,1,1,0,1,0
1,1,0,1,1,1,0,1,1,0
1,1,0,0,0,0,0,1,0,0
0,1,1,1,1,1,1,0,0,0
0,0,0,1,0,1,0,1,0,0
0,0,1,0,1,0,0,0,0,0
Patch Antenna801
0,1,1,1,1,0,1,0,1,1
1,0,0,0,1,1,0,1,1,1
1,1,1,0,1,1,0,1,0,1
1,0,1,0,1,0,1,0,0,1
1,1,0,1,0,1,0,0,1,0
0,1,0,0,1,1,0,0,1,1
1,0,0,0,0,0,1,1,0,1
1,1,0,1,1,1,0,0,0,0
0,1,1,1,1,0,1,0,0,1
1,1,1,1,1,1,0,1,0,1
Patch Antenna802
1,1,1,0,0,0,1,1,0,1
0,1,1,1,0,1,1,0,0,0
0,0,0,0,0,1,0,0,1,1
0,0,1,0,1,0,0,0,0,0
1,1,0,1,1,1,0,0,0,1
0,0,0,1,1,1,0,1,0,1
0,1,0,0,0,1,1,0,0,1
0,0,1,0,0,1,1,0,1,0
0,0,1,1,1,0,0,0,0,1
1,1,0,0,1,0,0,1,1,1
Patch Antenna803
0,1,1,1,0,1,1,0,0,1
0,0,1,1,0,0,0,1,1,1
1,0,0,1,1,0,0,1,1,1
0,0,1,0,1,0,1,0,1,1
0,1,1,0,1,0,0,1,0,0
0,1,0,0,0,1,1,1,1,0
1,0,1,0,0,1,1,1,1,1
1,1,0,1,1,0,0,1,1,0
0,1,0,0,0,0,0,0,1,0
0,0,1,1,1,1,0,0,1,1
Patch Antenna804
1,0,1,1,0,1,0,1,1,0
0,1,1,0,1,0,0,1,0,1
1,1,0,0,1,1,1,1,1,0
1,1,1,1,1,1,1,1,0,1
0,1,1,0,0,1,1,1,1,0
1,0,0,1,1,0,1,1,0,0
1,1,0,1,0,1,1,0,1,0
1,1,0,0,0,0,0,1,1,1
0,1,0,0,0,0,1,1,1,1
1,0,1,1,1,0,1,0,1,0
Patch Antenna805
0,0,1,0,0,0,1,1,1,1
1,0,0,1,0,1,0,1,1,0
0,1,1,1,1,0,0,0,0,1
1,0,0,0,1,0,1,1,1,0
1,0,0,1,1,0,0,1,0,0
1,0,1,0,0,0,0,1,0,1
0,1,1,1,0,1,0,1,1,1
0,0,1,0,1,0,0,0,1,1
1,0,1,0,1,0,0,1,1,0
0,1,0,1,1,0,1,0,0,0
Patch Antenna806
1,0,0,0,0,1,1,0,1,1
1,1,1,0,0,0,0,0,1,1
1,0,0,1,0,0,1,1,1,0
0,0,0,1,1,1,1,0,0,1
0,0,0,0,0,0,1,0,0,0
0,0,1,0,1,0,1,0,1,1
0,1,1,1,0,0,0,0,0,1
0,1,1,0,0,0,0,1,1,1
1,1,0,1,0,0,1,0,0,0
0,0,0,1,0,1,1,0,0,0
Patch Antenna807
1,1,0,0,1,1,1,0,1,0
0,1,0,0,0,0,1,1,1,1
0,1,0,0,0,1,0,0,0,1
1,1,0,1,1,1,1,1,1,0
1,1,0,0,1,0,0,0,1,1
0,1,0,0,0,1,0,1,1,0
1,1,0,0,0,0,1,0,1,0
0,1,0,1,1,0,1,1,0,1
0,0,0,0,1,1,0,1,1,0
1,1,1,0,1,0,1,1,0,0
Patch Antenna808
1,1,1,0,0,1,0,1,0,0
0,1,1,1,1,1,0,1,0,0
1,1,1,1,0,0,1,1,1,1
1,1,0,1,0,1,1,0,0,1
0,0,0,0,0,1,1,1,1,1
0,1,0,1,0,1,0,1,0,1
0,1,1,0,1,0,1,1,1,0
1,0,0,0,1,1,1,1,1,0
0,1,1,0,1,1,1,0,1,1
0,1,0,1,0,1,0,0,0,0
Patch Antenna809
0,0,0,0,0,1,0,1,0,1
0,0,0,1,0,1,1,1,0,1
0,1,1,0,0,0,1,1,1,0
0,1,0,1,0,0,0,0,1,0
0,1,1,1,0,1,0,0,0,1
1,0,1,0,0,0,1,0,0,0
1,1,0,0,0,1,1,0,0,1
0,1,0,1,1,1,0,1,1,1
0,1,1,1,1,0,1,0,0,0
0,1,1,1,1,0,1,0,1,0
Patch Antenna810
1,0,0,0,1,1,0,0,1,0
0,1,1,0,0,1,1,0,0,1
0,1,1,1,0,0,0,1,0,1
0,0,0,1,0,0,0,1,0,1
0,1,1,0,1,0,0,1,1,0
1,0,1,1,0,0,0,1,0,0
1,0,0,1,1,0,1,1,0,0
0,0,0,1,1,0,1,0,0,1
0,1,1,1,1,0,0,0,1,1
0,0,1,1,0,1,0,1,1,1
Patch Antenna811
0,0,1,1,0,0,0,1,0,0
1,1,0,0,0,0,0,0,0,0
1,1,1,1,1,0,0,0,1,0
1,1,1,1,0,1,1,1,0,1
0,1,0,1,1,1,1,1,1,1
0,0,0,0,1,0,0,1,0,0
0,0,0,1,0,1,0,0,1,0
1,1,0,1,0,1,1,1,0,0
1,0,1,1,1,1,0,1,0,0
0,1,0,1,1,0,0,1,1,1
Patch Antenna812
0,1,1,0,1,1,1,1,1,1
1,1,1,1,1,0,0,0,1,0
1,1,1,1,0,0,0,0,1,1
1,0,1,0,0,0,0,1,0,0
0,1,1,0,1,1,0,1,1,1
1,1,1,0,1,0,0,0,1,1
1,1,1,0,1,1,1,1,1,0
1,1,0,0,1,1,1,1,0,0
0,1,0,1,0,1,0,1,1,0
0,1,0,0,0,0,0,1,0,1
Patch Antenna813
1,0,0,0,0,0,1,1,1,1
0,0,1,0,0,1,0,1,1,1
1,1,0,0,0,0,1,0,1,1
1,1,1,1,0,1,1,1,1,1
1,1,0,1,0,0,0,1,0,0
1,0,0,0,0,0,1,1,1,1
0,0,1,0,1,0,1,0,0,0
0,1,1,0,0,1,0,1,1,1
1,1,1,0,1,0,0,0,0,1
1,1,1,0,1,1,0,1,1,1
Patch Antenna814
1,1,0,1,0,0,1,0,1,1
1,0,0,0,1,0,1,1,0,0
0,0,0,1,0,0,1,1,1,0
0,1,1,1,0,0,0,0,0,1
1,0,1,0,0,0,0,1,0,1
0,1,0,1,0,0,0,1,0,0
0,1,1,0,0,0,0,1,1,0
1,1,1,1,1,0,1,1,1,0
1,0,1,0,0,1,1,1,0,1
0,1,0,0,1,0,0,1,1,0
Patch Antenna815
1,0,1,1,1,1,1,1,0,0
1,0,0,1,0,1,0,0,1,0
1,1,0,0,0,0,0,0,1,0
1,1,0,1,1,1,0,1,1,1
1,1,1,0,1,1,1,1,1,1
1,1,0,0,0,1,0,1,0,1
0,1,0,1,1,1,0,1,0,0
0,1,1,1,0,0,0,1,0,1
0,0,0,0,1,1,0,0,0,0
0,0,1,0,0,1,1,0,0,1
Patch Antenna816
0,1,0,1,1,0,1,0,1,1
0,1,0,1,1,1,1,1,1,0
0,0,0,1,0,1,0,0,0,0
1,0,0,0,0,0,1,1,0,1
1,1,1,1,1,1,0,1,0,1
0,0,1,0,1,0,1,0,0,1
1,0,0,0,1,1,0,1,0,1
1,1,1,1,1,0,0,0,0,1
1,0,1,1,0,0,1,0,1,1
1,0,0,1,0,1,1,0,1,1
Patch Antenna817
1,1,0,0,1,1,0,0,1,1
0,1,0,1,1,1,0,0,0,0
0,1,0,1,1,0,1,0,1,1
0,1,0,0,1,1,0,0,1,0
0,1,0,1,1,0,0,1,1,1
0,0,1,0,1,0,1,0,0,1
0,1,1,0,1,0,1,0,1,0
1,1,0,0,0,1,1,0,1,1
1,1,0,0,0,1,0,1,0,0
1,1,1,1,1,0,1,0,1,0
Patch Antenna818
1,0,1,0,1,0,0,0,0,1
1,1,1,1,1,1,0,0,1,1
1,0,1,0,1,1,0,0,1,0
1,1,0,1,0,1,1,1,1,1
1,0,0,0,1,0,0,1,1,1
0,0,0,0,0,0,0,1,0,1
1,1,1,1,0,1,0,0,1,1
1,0,0,0,1,1,1,0,1,1
1,0,1,0,1,1,1,1,0,0
0,0,1,0,1,1,1,0,1,0
Patch Antenna819
0,1,1,0,0,0,1,0,0,1
0,1,1,0,1,1,1,0,0,1
1,1,1,0,0,1,0,1,1,1
0,0,0,0,1,1,1,0,1,0
1,1,1,1,0,1,0,1,0,0
1,0,1,0,1,1,0,0,0,1
0,0,0,1,0,1,1,0,1,1
0,0,0,1,1,1,1,1,1,1
1,1,0,1,1,0,1,0,1,0
1,0,0,0,1,0,0,0,0,1
Patch Antenna820
1,1,0,1,0,1,1,0,0,1
0,0,1,0,0,0,0,0,1,1
0,1,0,0,0,1,0,1,1,0
0,1,0,0,1,1,0,1,1,1
0,0,0,1,0,1,1,0,0,0
0,1,0,1,0,0,0,0,0,1
1,0,1,0,0,1,0,1,1,1
0,1,1,0,1,0,1,1,1,1
0,1,1,1,0,0,0,0,1,1
1,0,0,0,0,0,1,0,1,0
Patch Antenna821
0,0,0,1,1,1,1,0,0,1
0,0,0,0,1,0,0,1,1,0
0,0,0,0,1,1,0,1,0,0
1,0,0,1,1,0,1,0,0,0
0,1,0,1,0,1,1,1,1,0
1,0,1,1,0,1,0,0,1,0
0,1,1,0,1,0,1,0,1,1
1,0,0,0,0,0,1,0,0,0
0,1,1,1,0,1,0,1,0,1
0,0,1,0,0,0,1,0,0,1
Patch Antenna822
1,0,1,1,1,0,1,1,1,0
0,0,1,1,1,0,0,0,0,1
0,1,0,1,0,1,0,1,1,0
0,1,1,1,1,0,0,1,0,1
0,0,0,0,0,1,1,1,0,1
0,0,1,1,1,1,0,0,0,1
1,1,1,0,1,0,0,1,0,1
0,0,0,1,1,0,0,0,1,0
0,1,0,1,0,0,1,1,1,1
0,1,1,1,1,1,0,1,1,0
Patch Antenna823
1,0,0,0,0,0,0,1,1,1
1,1,1,1,1,0,0,0,1,0
0,0,0,0,1,1,0,0,0,1
1,1,0,0,0,0,1,1,1,0
0,0,0,1,1,1,1,1,1,1
0,0,0,1,1,0,0,0,0,1
0,1,1,1,0,1,0,1,0,1
0,1,0,1,0,0,0,0,1,1
0,0,0,0,0,1,0,1,1,0
0,0,1,0,1,0,1,1,1,1
Patch Antenna824
1,1,0,1,0,1,1,1,0,1
1,1,0,1,1,1,1,1,0,1
1,1,1,0,0,0,0,1,1,1
1,0,0,1,1,0,0,1,0,0
1,1,1,1,0,0,1,1,0,1
0,1,0,1,0,1,1,1,1,0
0,1,0,0,1,0,0,0,1,0
1,1,0,1,0,0,0,1,0,0
0,0,0,0,1,0,1,1,0,1
0,1,0,0,1,0,0,1,1,1
Patch Antenna825
0,1,0,0,0,0,1,1,1,0
0,0,1,0,0,1,0,1,1,1
1,1,0,1,1,0,0,0,1,1
1,1,0,1,0,1,0,1,0,0
0,0,1,1,1,0,1,1,0,0
1,0,0,0,1,1,0,1,0,0
1,1,1,0,0,1,1,1,1,0
0,0,0,1,1,0,0,0,1,0
1,1,1,1,0,1,1,1,1,0
0,0,1,0,1,0,1,1,0,0
Patch Antenna826
0,0,1,0,0,1,1,1,0,0
0,1,1,0,1,1,1,0,1,0
0,1,0,0,0,0,0,0,1,0
1,0,1,1,0,1,0,1,1,1
1,1,0,1,1,0,0,1,0,0
0,1,0,1,0,0,1,0,1,1
1,1,0,1,0,1,1,0,1,1
1,0,0,1,1,1,1,0,0,1
0,1,1,1,1,1,0,1,0,1
1,0,0,1,1,1,0,0,0,1
Patch Antenna827
1,0,0,1,1,0,0,1,1,1
1,1,1,1,0,0,1,1,1,0
1,1,1,1,0,1,1,0,1,0
1,1,0,1,0,1,0,1,0,0
1,1,0,1,0,0,0,1,0,0
1,1,1,1,0,0,0,0,0,0
1,1,0,0,1,0,1,0,1,0
1,0,1,1,1,0,1,1,0,0
0,0,0,0,0,1,1,0,0,0
0,0,1,0,1,1,1,1,1,0
Patch Antenna828
1,1,1,0,1,0,1,0,1,1
0,1,0,0,1,1,0,1,1,0
1,0,0,0,1,1,0,0,1,1
1,0,1,0,0,0,0,0,1,0
1,0,1,0,0,0,1,1,0,0
1,0,1,0,1,1,0,0,1,0
1,0,1,1,1,0,1,1,0,1
1,1,0,1,1,0,1,1,1,1
1,1,0,0,1,0,1,0,1,0
1,1,1,0,1,0,0,1,1,1
Patch Antenna829
1,0,0,0,1,1,0,0,1,1
1,0,1,1,1,0,1,1,0,0
1,0,1,1,1,0,1,1,0,1
1,1,1,1,1,1,0,0,1,0
0,0,1,1,0,1,1,1,1,1
0,1,0,0,1,0,0,1,0,0
0,1,1,1,1,1,0,1,1,0
0,0,1,0,0,1,1,1,0,1
0,0,1,1,0,0,1,0,1,0
0,0,0,0,1,1,0,0,1,1
Patch Antenna830
1,1,1,0,0,0,1,0,0,0
1,0,1,0,0,0,0,0,0,1
0,1,1,0,0,0,1,1,1,0
1,1,0,0,1,1,0,1,1,0
1,0,1,1,0,1,0,1,1,1
0,1,1,0,0,1,1,0,0,0
1,1,1,1,0,1,1,0,0,0
0,1,1,0,1,0,0,1,1,0
1,1,0,0,0,0,0,0,1,0
1,1,0,1,0,1,0,0,1,1
Patch Antenna831
1,0,1,0,1,1,0,1,1,1
1,1,0,1,1,1,0,1,1,1
1,0,0,1,0,1,0,1,0,0
0,1,0,1,0,0,1,1,0,0
0,0,0,1,1,1,1,1,0,0
0,1,0,0,1,0,0,0,0,0
0,0,0,1,0,1,0,1,1,1
0,1,1,1,0,0,1,1,1,1
0,1,0,0,1,1,0,0,0,0
0,0,1,0,1,1,0,0,1,0
Patch Antenna832
1,0,1,0,1,1,0,0,0,1
0,1,1,1,1,0,0,0,0,1
0,1,1,0,1,0,0,0,1,1
0,0,1,1,0,1,1,0,0,0
0,0,1,0,1,0,1,0,1,0
0,1,0,0,0,1,0,1,0,0
1,1,1,0,0,1,1,0,1,0
1,0,1,0,1,0,1,1,1,0
1,0,0,1,0,1,1,1,0,1
0,0,0,1,1,1,0,0,0,0
Patch Antenna833
1,0,0,0,1,1,1,0,0,0
1,1,1,1,1,0,0,1,1,1
1,0,0,1,1,1,0,0,0,0
1,0,1,1,0,1,1,0,1,0
1,1,1,1,0,0,0,1,1,0
0,1,0,1,1,0,0,0,1,0
0,0,1,0,1,0,1,1,1,0
0,0,0,1,1,1,1,0,1,0
0,0,1,0,1,1,1,1,1,1
1,0,0,1,0,1,1,1,0,1
Patch Antenna834
1,0,1,1,0,1,1,0,1,1
1,1,1,1,0,0,0,0,0,1
1,0,1,0,1,0,0,1,1,0
0,0,1,0,1,0,1,1,1,1
1,1,0,1,0,0,0,0,0,1
0,0,1,0,1,1,0,1,0,0
0,1,1,1,1,1,0,1,0,1
1,1,0,1,1,0,0,0,1,1
0,1,1,1,0,0,0,0,1,1
0,0,0,1,1,1,0,0,0,1
Patch Antenna835
0,0,1,1,0,0,1,1,1,1
1,1,0,1,0,0,1,0,0,0
0,1,0,1,0,0,1,0,1,1
1,0,0,0,0,0,0,0,0,1
1,0,1,1,0,0,0,0,0,1
1,1,0,0,1,0,0,1,0,1
1,1,1,1,0,0,0,1,0,0
0,1,1,1,1,1,0,0,0,1
0,1,0,0,0,1,0,0,1,0
0,1,1,1,0,0,0,1,0,0
Patch Antenna836
0,1,1,1,1,0,0,1,0,1
0,1,0,1,1,0,0,0,0,0
1,1,0,0,1,1,0,0,0,1
0,1,0,1,1,0,0,0,1,0
1,0,0,1,0,1,1,0,0,0
1,0,1,0,1,0,0,1,1,1
0,0,0,0,0,0,0,1,0,1
0,1,0,0,1,0,0,0,1,1
1,1,1,1,0,0,1,0,1,0
0,0,0,0,1,0,1,0,1,1
Patch Antenna837
0,1,1,1,0,0,0,1,0,1
0,1,1,1,0,1,0,0,1,1
0,0,1,0,0,0,0,1,0,1
0,0,1,1,0,0,0,0,1,1
0,1,1,1,1,0,0,0,0,0
1,1,0,0,1,1,0,0,0,0
0,0,1,0,0,0,0,1,1,0
1,1,1,1,1,0,0,1,1,0
0,1,1,0,0,0,1,0,1,0
0,1,1,1,1,1,1,1,1,1
Patch Antenna838
1,0,1,1,0,1,0,1,0,1
1,0,0,1,1,1,0,1,1,1
1,0,0,1,1,1,1,0,1,1
0,0,1,1,0,1,1,1,1,1
1,1,1,1,1,0,0,0,0,0
1,0,0,0,1,1,1,1,1,0
1,0,1,0,0,0,1,0,1,1
0,0,0,0,1,0,0,0,0,1
0,0,0,0,1,1,0,1,1,1
1,0,0,0,1,0,1,1,1,1
Patch Antenna839
1,0,0,0,0,0,1,0,0,1
1,0,0,1,1,0,1,0,0,1
0,1,0,0,1,0,1,0,1,0
0,0,0,0,0,0,1,1,1,1
1,0,1,0,0,0,1,1,0,1
0,0,0,0,0,1,0,0,1,1
0,1,0,1,0,1,1,0,0,1
1,1,1,0,1,0,0,1,1,1
0,1,0,0,0,0,0,1,0,1
1,0,0,1,1,1,0,0,1,1
Patch Antenna840
0,0,1,1,1,1,1,1,1,1
1,1,1,1,0,1,1,1,1,1
0,1,0,0,0,1,1,0,1,0
1,1,1,1,1,1,1,0,0,0
1,1,1,0,0,0,0,1,0,0
1,1,1,0,1,1,1,0,1,0
1,1,0,1,1,1,1,1,1,1
1,0,0,0,1,0,1,0,0,1
1,1,0,0,1,1,0,0,0,1
0,0,0,1,0,1,0,0,0,1
Patch Antenna841
0,1,1,1,0,0,0,1,0,1
1,1,1,0,1,0,0,0,0,1
0,0,1,0,1,1,1,0,1,0
0,0,1,0,1,1,1,0,0,0
0,1,0,1,0,0,0,1,1,0
0,1,0,0,0,0,0,1,1,0
0,1,0,1,0,0,1,1,0,0
1,1,0,1,0,0,0,0,0,0
1,1,1,0,1,0,1,0,1,1
1,1,0,0,1,0,0,0,0,0
Patch Antenna842
1,1,1,0,0,1,0,1,0,0
1,1,0,0,1,1,0,1,0,0
0,1,0,1,0,0,0,0,1,1
0,0,1,0,0,1,1,1,1,1
1,1,1,1,0,1,0,1,1,1
0,0,1,0,1,1,0,1,1,0
1,1,1,1,1,1,0,0,1,1
0,0,1,0,1,0,1,1,1,0
1,0,0,0,1,1,1,0,0,0
0,1,1,1,1,1,1,1,0,1
Patch Antenna843
1,0,0,0,1,0,0,1,1,0
0,0,1,1,0,1,0,1,0,0
1,1,1,1,1,1,0,1,1,1
0,0,0,0,1,0,1,1,0,0
1,1,0,0,0,1,1,1,0,1
0,1,0,0,1,0,1,0,0,1
0,1,1,1,1,1,0,1,1,0
0,0,1,1,0,0,0,0,1,1
1,0,1,1,0,1,0,0,1,1
0,0,0,1,1,0,1,0,0,0
Patch Antenna844
1,0,0,1,0,1,0,0,0,0
1,1,0,1,1,0,1,0,1,0
0,0,1,1,1,0,1,1,0,0
0,0,0,0,0,0,0,1,1,0
1,0,0,0,0,1,0,0,1,1
1,0,0,0,1,0,1,1,0,0
1,0,1,0,1,1,1,1,1,0
1,1,1,1,0,0,0,0,0,1
1,0,1,1,1,1,0,1,0,0
0,0,0,0,0,1,1,1,0,1
Patch Antenna845
0,1,0,0,0,1,1,1,1,1
1,1,1,0,0,1,0,0,1,1
0,0,1,1,0,0,1,0,0,1
1,1,1,0,1,0,0,0,0,0
0,1,1,1,1,0,0,1,0,1
1,0,1,0,0,0,1,1,1,1
0,0,1,0,1,1,0,0,0,0
0,0,0,0,0,0,0,1,0,1
1,0,0,1,1,1,1,0,0,1
1,0,0,0,1,1,0,0,1,1
Patch Antenna846
1,1,1,1,1,1,1,1,1,0
0,0,1,1,0,1,1,0,1,0
1,1,1,1,0,1,0,1,1,0
1,0,1,1,1,0,1,1,1,1
0,0,1,0,1,0,0,1,1,1
0,0,1,1,0,1,0,0,0,0
0,1,1,0,1,1,1,1,1,1
0,1,1,1,1,0,1,0,1,1
0,0,1,0,0,1,0,1,0,0
0,1,1,1,0,0,0,0,1,1
Patch Antenna847
1,1,1,0,0,1,1,1,1,0
1,1,0,0,0,0,0,0,0,0
1,0,1,0,0,1,0,0,1,1
1,0,1,0,1,0,1,1,0,1
1,1,0,1,0,1,1,1,1,0
1,1,1,1,1,0,1,0,0,0
0,1,1,1,0,0,0,1,1,1
1,1,0,0,0,1,1,1,1,0
0,0,0,0,1,1,1,0,0,1
0,1,0,0,1,0,1,0,1,1
Patch Antenna848
0,0,1,0,0,0,0,1,0,1
1,0,1,0,0,0,0,1,1,0
0,0,0,0,0,0,0,0,0,0
1,0,1,1,1,0,1,0,0,0
0,0,1,0,0,0,1,1,1,0
1,1,1,0,1,0,1,1,1,1
1,0,1,0,1,1,1,0,1,0
0,0,0,1,0,1,0,0,0,1
1,0,0,1,0,1,1,0,0,0
1,0,0,0,1,0,1,1,0,0
Patch Antenna849
0,1,1,1,1,0,0,1,1,1
0,0,0,1,0,1,0,0,0,0
0,0,0,1,0,0,1,1,0,0
0,0,1,0,1,0,0,0,1,0
0,0,0,0,0,0,1,0,1,0
1,1,0,1,0,1,1,0,1,0
1,1,0,1,0,1,0,0,1,0
0,1,0,1,1,0,1,0,0,1
0,0,1,0,1,0,1,1,1,1
0,0,0,1,0,1,1,1,1,1
Patch Antenna850
1,1,1,1,1,0,0,0,1,0
0,0,1,1,1,1,1,0,0,1
1,1,0,0,0,0,0,1,0,1
1,1,0,1,0,0,0,1,1,0
0,0,0,1,1,0,1,1,0,1
1,1,0,1,0,1,0,0,1,0
1,1,1,1,0,0,1,1,0,0
0,1,0,1,1,0,0,1,1,1
0,1,1,0,1,0,1,1,0,0
1,1,0,0,0,1,0,1,0,0
Patch Antenna851
1,1,0,1,0,1,0,0,1,0
0,0,1,1,0,0,0,1,1,1
1,1,1,0,1,1,1,0,1,1
0,1,1,0,1,0,1,0,0,0
1,1,1,0,0,0,0,1,0,1
1,0,0,0,1,0,0,0,0,0
1,0,1,0,0,0,0,0,0,1
0,1,1,1,0,0,0,1,1,1
1,0,1,0,0,0,0,0,0,0
1,0,0,0,0,1,1,0,0,1
Patch Antenna852
1,0,1,1,0,1,0,1,1,1
1,0,0,0,1,0,0,0,1,1
1,1,0,1,0,0,1,1,1,1
0,1,1,1,1,1,1,0,0,0
0,0,0,1,0,0,1,0,0,1
1,1,1,0,0,0,0,0,0,1
1,0,1,0,0,1,0,0,1,1
0,0,0,1,1,1,1,0,1,0
0,0,0,1,0,1,1,0,1,0
0,1,0,0,1,0,1,1,1,1
Patch Antenna853
1,1,0,0,0,0,1,0,1,0
1,1,0,0,1,0,0,1,0,0
1,0,1,1,1,0,0,0,0,1
1,1,1,0,0,0,0,1,1,1
1,1,1,0,1,0,0,1,1,1
1,1,1,0,1,0,1,1,1,0
0,0,0,0,1,1,0,1,1,0
1,0,0,1,0,0,1,1,0,0
1,0,1,0,0,0,0,0,0,0
0,1,1,0,1,1,0,1,0,1
Patch Antenna854
0,0,1,1,1,1,1,0,1,0
0,0,1,0,1,0,0,1,1,0
0,1,1,0,1,1,1,0,1,1
0,1,0,0,1,1,1,1,0,0
1,1,0,0,0,0,0,0,0,0
0,0,0,0,1,1,0,1,1,1
1,0,1,1,1,1,0,1,1,0
1,1,0,0,1,1,0,0,1,1
1,1,0,0,1,0,1,1,1,1
0,1,0,0,0,0,0,0,1,1
Patch Antenna855
1,1,1,1,0,1,0,1,0,1
0,1,1,0,1,1,0,1,1,1
1,1,1,0,0,1,1,0,0,0
1,0,1,0,0,1,1,1,1,0
1,0,0,0,0,1,0,0,0,1
1,1,0,0,0,1,0,1,0,1
0,0,1,1,0,1,0,1,1,1
1,1,0,0,0,0,1,1,1,0
0,0,0,1,0,1,1,1,1,0
1,0,1,0,0,1,0,1,1,1
Patch Antenna856
1,1,0,1,0,1,1,0,1,0
1,1,1,1,1,1,0,1,0,1
0,1,1,1,1,1,1,1,0,0
1,1,1,1,0,1,0,0,1,0
1,0,0,0,1,1,1,1,1,1
0,1,1,0,0,0,1,0,1,1
1,1,0,1,1,0,0,0,1,0
1,1,0,1,1,1,0,1,1,0
0,0,1,0,0,1,0,0,1,0
0,0,1,1,1,0,1,0,0,0
Patch Antenna857
1,1,1,0,0,1,0,1,1,1
1,0,0,0,0,1,0,1,0,0
1,0,1,1,1,0,1,1,1,1
0,0,0,0,1,1,0,1,1,0
1,0,0,0,0,0,1,1,1,0
1,1,1,1,1,1,0,0,1,1
0,1,0,0,1,0,1,0,1,1
0,1,0,1,1,0,0,1,1,1
0,0,1,0,1,1,0,0,0,1
0,1,1,1,1,0,0,0,0,0
Patch Antenna858
1,1,0,0,1,1,1,0,1,1
0,0,1,1,1,0,1,0,0,0
0,1,0,1,1,1,0,0,1,0
0,1,1,0,0,1,0,1,1,1
0,1,1,1,1,0,0,0,0,1
0,1,1,0,0,1,1,0,1,1
1,0,1,0,1,1,1,1,0,0
0,0,0,0,0,0,0,0,1,0
1,1,1,1,1,0,0,0,1,1
0,0,1,1,1,0,1,0,0,0
Patch Antenna859
0,0,1,1,0,0,1,1,0,1
0,0,0,1,1,1,0,0,1,1
0,1,0,1,1,0,1,1,1,1
1,1,0,0,1,0,0,1,1,0
0,1,1,0,1,1,1,1,0,0
1,0,0,0,1,0,0,0,0,1
1,1,0,1,0,1,1,0,1,1
1,0,0,0,0,1,0,0,0,0
0,1,0,0,1,0,1,0,1,0
1,1,0,1,1,1,1,0,1,0
Patch Antenna860
0,0,1,0,1,0,0,0,1,0
0,0,1,1,0,0,0,1,1,1
0,0,0,0,0,1,1,1,0,1
0,1,1,0,0,0,1,0,0,0
1,0,0,1,1,0,1,0,1,1
0,1,0,1,0,0,0,0,0,0
0,1,0,1,0,1,1,0,1,0
0,1,0,1,0,1,0,0,0,0
0,0,1,0,0,0,0,0,1,0
1,0,0,1,1,1,0,1,0,0
Patch Antenna861
1,0,0,1,1,0,1,1,1,1
0,1,1,1,0,1,0,1,1,0
0,1,1,0,1,0,0,1,1,1
1,1,1,1,1,0,1,1,0,0
1,1,1,0,0,1,0,0,0,0
0,1,1,1,1,0,1,1,1,1
0,1,0,0,1,1,1,0,0,1
0,0,1,1,1,1,1,0,0,1
1,1,1,1,1,0,1,1,0,1
0,0,0,0,1,0,1,0,0,0
Patch Antenna862
0,1,1,1,1,1,0,1,0,0
0,1,0,0,0,0,1,0,1,0
0,0,1,1,0,1,0,0,1,0
0,0,1,1,1,0,0,1,0,1
0,1,0,0,0,0,0,0,0,1
0,0,1,0,0,1,0,0,1,1
1,1,1,1,1,0,0,1,1,1
0,0,1,0,1,0,1,1,1,1
0,1,0,0,1,1,1,1,0,1
0,1,1,0,0,0,0,0,0,1
Patch Antenna863
0,1,0,1,0,0,0,0,1,1
1,1,0,0,0,0,0,1,0,1
1,0,1,1,1,1,1,0,1,0
0,0,0,1,0,0,0,0,0,1
1,0,0,0,1,0,1,0,1,0
0,1,0,1,1,0,0,1,0,0
0,0,1,0,0,1,1,1,1,0
1,1,1,0,1,1,1,0,0,0
1,1,1,1,0,0,0,0,1,1
0,1,1,1,1,0,0,0,1,1
Patch Antenna864
0,0,0,0,0,1,1,0,0,0
0,1,1,1,0,1,0,0,1,0
0,0,1,0,1,0,0,0,0,0
1,0,0,0,1,0,1,0,0,1
0,0,1,1,0,1,0,1,1,1
1,0,1,0,1,1,0,0,0,0
0,0,1,0,0,0,0,0,0,0
1,0,0,1,0,0,0,1,1,0
0,1,0,1,0,1,1,1,1,0
0,1,1,1,0,1,0,1,0,0
Patch Antenna865
0,0,0,0,1,0,1,0,1,0
0,0,0,1,1,0,0,1,1,1
0,0,0,0,0,1,0,1,1,0
0,0,1,0,1,0,0,0,1,0
1,0,1,0,1,1,0,1,0,1
0,1,1,0,1,1,0,0,1,0
1,0,0,0,0,1,0,0,1,0
0,1,0,1,0,1,1,0,0,0
0,1,0,1,1,1,0,0,1,1
0,1,1,1,0,1,0,0,1,0
Patch Antenna866
0,1,0,0,1,0,1,1,0,1
0,1,0,1,0,0,1,1,1,0
0,1,1,1,0,0,1,0,1,0
1,1,1,0,1,1,1,0,0,0
0,0,0,0,0,0,0,1,1,0
0,0,0,0,0,0,0,0,0,0
1,0,0,1,0,0,1,1,1,1
1,0,0,0,0,1,0,0,0,0
0,1,0,1,1,0,1,1,1,1
0,0,0,1,1,0,1,1,1,1
Patch Antenna867
0,1,0,1,0,0,1,1,1,0
1,1,0,1,1,1,0,0,0,1
1,1,1,1,0,1,0,0,1,0
1,0,0,0,1,0,1,1,1,1
1,0,0,1,1,1,1,1,1,1
0,0,1,0,0,1,1,1,0,1
1,1,0,0,1,0,1,1,0,1
1,0,1,0,0,0,0,1,0,1
0,0,1,1,1,1,1,1,0,1
1,1,1,1,1,1,0,0,1,1
Patch Antenna868
0,1,0,1,1,1,1,0,0,1
1,1,1,0,1,1,1,1,1,0
1,1,0,1,0,0,0,1,1,0
1,0,1,1,1,0,0,1,0,1
0,0,0,0,0,1,0,1,0,1
1,1,0,1,1,1,0,0,0,0
1,0,0,0,1,1,0,1,1,1
0,0,1,1,0,1,1,0,1,1
1,0,0,1,0,1,0,0,0,0
1,1,0,0,1,0,1,0,0,0
Patch Antenna869
0,0,0,1,0,0,0,1,1,0
1,0,0,1,0,1,0,0,0,1
1,1,1,0,1,1,0,0,1,0
0,0,1,1,1,1,0,0,1,0
1,1,0,0,1,1,1,1,1,0
0,0,1,1,0,1,1,1,0,1
0,1,1,0,0,0,1,0,0,0
1,0,1,1,0,0,1,1,0,0
0,0,1,1,0,0,1,0,0,0
0,1,0,0,0,0,1,1,1,0
Patch Antenna870
0,1,0,0,0,0,1,0,1,1
0,1,0,0,1,0,1,0,0,0
1,1,1,0,0,1,0,0,1,1
1,1,0,1,0,0,1,1,1,0
1,0,0,0,1,1,1,0,1,0
0,1,1,1,0,1,1,0,0,0
0,0,0,0,0,0,1,1,0,1
1,0,1,0,0,0,1,1,1,1
1,1,1,1,0,1,0,1,1,1
1,1,0,1,1,0,1,0,0,1
Patch Antenna871
0,1,0,0,0,1,0,0,1,0
1,1,0,1,0,0,1,1,0,1
0,0,1,1,1,1,0,1,1,1
1,0,0,0,0,1,0,1,1,0
1,0,1,1,0,0,1,0,0,0
0,1,1,1,0,1,1,0,0,0
1,0,0,1,0,1,0,0,1,1
1,1,0,1,1,1,1,0,0,1
0,1,1,0,0,0,0,1,0,0
0,0,1,1,0,1,0,1,0,1
Patch Antenna872
1,1,0,0,0,1,1,1,1,1
0,0,1,1,1,0,0,1,1,1
0,1,0,0,0,1,0,1,0,1
0,1,0,1,1,0,1,1,1,0
0,1,1,1,1,1,1,1,0,1
0,0,1,0,0,1,0,0,1,0
0,1,0,0,1,1,1,0,0,1
1,0,1,0,1,1,1,1,1,0
1,0,1,0,0,1,0,0,0,1
1,0,1,1,1,0,1,1,1,0
Patch Antenna873
1,0,1,1,0,0,1,0,0,0
1,0,1,0,0,0,0,1,0,0
0,1,0,1,0,1,1,1,1,0
1,1,1,0,1,0,0,0,0,0
1,1,0,0,1,1,0,1,0,0
0,1,1,1,1,1,0,0,1,0
1,1,1,1,1,0,0,0,0,0
1,0,1,0,1,1,1,1,1,0
0,0,1,1,1,0,1,0,0,0
1,1,1,1,0,0,1,0,1,1
Patch Antenna874
1,0,0,0,0,1,0,1,0,1
1,0,0,0,0,0,0,1,1,0
0,0,1,1,1,0,0,1,0,0
1,0,1,1,0,0,1,1,0,0
1,0,0,1,1,0,0,0,1,0
0,0,1,0,0,1,0,0,0,1
0,0,1,1,0,0,1,1,1,1
1,1,1,1,1,0,1,1,1,1
1,1,0,1,1,0,0,0,1,1
1,1,1,1,1,1,0,1,1,1
Patch Antenna875
0,0,0,1,1,1,0,1,1,1
0,0,1,1,0,0,0,1,1,0
0,0,1,1,1,1,0,0,1,1
1,1,0,1,1,0,0,0,1,0
0,0,1,1,1,1,1,1,0,0
0,0,0,1,1,0,0,1,0,1
0,0,1,0,0,1,0,1,0,1
1,0,0,1,0,1,1,1,0,0
0,1,0,1,1,0,1,1,0,1
1,0,1,1,0,0,0,1,1,0
Patch Antenna876
0,1,1,0,0,1,1,1,0,1
0,0,0,0,0,1,1,0,1,0
0,0,1,1,1,0,0,1,1,1
1,1,1,1,0,0,0,0,1,0
0,1,1,0,0,0,1,0,0,0
0,0,0,1,0,0,0,1,0,0
1,1,1,1,0,1,0,0,0,1
1,0,1,1,1,1,0,0,1,1
0,0,1,0,0,1,0,1,1,1
0,0,0,0,1,0,0,0,1,1
Patch Antenna877
0,1,1,1,0,0,1,0,0,1
1,0,1,1,0,1,1,1,0,0
0,1,1,1,0,1,0,0,0,1
1,0,0,1,0,1,1,0,0,1
0,0,1,1,1,1,0,0,0,1
1,0,0,0,1,1,1,0,1,1
0,1,1,1,0,0,0,0,1,1
1,0,0,1,1,1,1,0,1,1
0,0,1,1,0,1,0,0,1,0
0,1,0,1,0,0,1,0,1,1
Patch Antenna878
0,1,0,1,1,1,1,1,0,0
0,0,1,1,0,0,0,1,1,1
1,0,1,0,1,1,1,1,1,0
0,0,1,1,0,0,1,1,1,0
0,1,0,1,1,0,1,0,0,0
1,1,0,0,0,1,0,1,0,1
0,1,0,1,1,1,1,1,1,1
1,0,1,1,0,1,1,0,1,0
1,1,1,1,1,0,1,0,1,1
1,1,1,1,1,0,0,1,0,1
Patch Antenna879
1,1,1,1,1,0,0,0,0,0
1,0,1,0,0,1,0,0,0,1
0,0,0,0,0,0,0,0,1,1
1,1,1,0,0,1,0,1,1,0
1,0,1,1,1,0,0,0,0,1
0,0,0,1,0,1,0,0,0,1
0,0,0,1,1,1,0,0,1,1
0,1,1,0,1,1,0,0,0,1
0,1,0,0,0,0,0,1,0,0
0,1,1,0,1,1,1,1,1,1
Patch Antenna880
1,1,1,1,0,0,0,1,0,1
0,1,0,1,1,0,0,1,1,1
1,0,1,1,0,1,1,1,1,0
1,0,1,1,0,0,0,0,1,0
0,0,1,1,1,0,1,0,1,1
0,0,1,1,0,0,0,1,0,0
1,1,1,1,1,1,1,0,1,1
0,0,0,1,0,1,0,1,0,1
1,1,0,0,0,1,0,0,1,1
0,1,1,0,1,0,0,1,0,0
Patch Antenna881
0,0,0,1,1,0,0,1,0,1
1,0,0,1,1,0,1,1,1,0
1,0,1,1,0,0,1,1,1,1
0,1,0,1,1,0,1,1,0,0
1,0,1,0,0,0,1,0,1,1
0,0,1,1,1,0,0,0,1,0
0,1,1,1,0,1,0,1,0,0
1,1,1,0,0,0,1,1,1,0
0,1,1,0,1,1,1,1,1,0
1,1,0,1,1,1,1,0,1,1
Patch Antenna882
1,1,0,1,0,0,0,1,1,1
0,0,0,0,0,0,1,1,0,1
1,0,0,1,0,1,1,1,1,0
0,1,1,1,0,1,1,0,0,0
0,0,1,1,1,1,0,0,1,1
0,0,1,1,0,0,1,1,1,1
0,1,0,1,1,0,1,1,1,1
1,0,0,1,1,0,1,1,0,0
0,1,0,0,1,1,1,0,1,1
0,0,0,1,1,0,1,1,1,1
Patch Antenna883
0,1,0,0,0,1,1,1,1,0
1,0,0,0,0,1,1,0,0,1
1,1,0,0,0,1,1,0,1,0
0,1,1,0,1,0,0,0,0,1
1,0,0,1,1,1,0,0,0,0
0,1,0,0,1,1,1,0,0,0
1,1,1,1,0,0,1,0,0,0
1,1,0,0,1,1,0,0,1,0
1,0,0,0,1,0,1,1,1,1
0,1,1,0,0,1,0,0,0,1
Patch Antenna884
1,1,0,0,1,1,1,1,0,1
0,1,1,1,0,0,1,0,1,1
1,0,1,1,0,0,1,0,1,0
0,1,0,1,0,0,0,0,1,1
0,0,0,1,1,1,0,1,1,1
0,1,1,0,1,1,1,1,0,0
1,1,1,1,1,1,0,1,1,0
1,1,0,1,0,0,0,1,1,0
0,1,0,1,0,1,0,0,1,1
0,1,1,1,1,1,0,0,0,1
Patch Antenna885
0,1,1,0,1,1,1,1,0,1
1,0,0,1,1,1,0,0,1,1
1,0,1,1,0,1,1,1,1,0
1,1,0,0,1,1,1,0,1,0
1,0,0,1,0,1,1,0,1,1
0,1,1,0,0,0,1,1,1,1
0,0,1,1,1,1,0,1,1,1
0,0,0,1,1,0,1,1,0,1
0,0,1,0,0,0,0,1,0,1
1,0,1,1,0,1,0,1,1,0
Patch Antenna886
1,0,0,1,1,0,0,0,1,0
1,1,1,1,1,1,0,1,1,0
0,1,1,0,1,0,1,0,1,1
1,1,1,0,0,1,1,0,1,1
0,1,1,1,0,0,0,0,1,0
1,0,0,1,1,1,0,1,0,1
0,1,0,0,1,1,1,0,0,1
1,0,0,0,1,0,0,1,1,1
1,0,1,1,0,1,0,1,1,1
1,0,1,1,1,0,1,0,1,0
Patch Antenna887
1,0,0,0,1,1,0,0,0,1
0,1,1,1,1,0,1,1,0,0
0,0,1,1,1,0,0,1,1,1
1,1,1,0,0,1,1,1,0,1
1,1,1,1,1,0,0,1,0,1
1,1,1,0,0,1,0,0,0,1
0,0,0,1,0,0,1,0,0,1
1,0,0,1,1,0,1,0,1,0
0,0,1,0,1,1,0,1,1,1
0,0,1,1,1,1,0,0,1,0
Patch Antenna888
1,1,0,1,1,0,1,0,1,1
0,0,1,0,1,1,0,1,0,1
1,1,1,0,1,1,1,0,1,0
0,0,1,0,0,0,1,1,0,0
1,1,0,1,0,0,1,1,0,0
1,0,0,0,1,1,0,1,0,1
1,1,0,0,1,0,0,1,1,1
1,0,1,0,0,0,0,0,1,1
0,1,1,1,0,1,0,1,1,1
0,1,1,0,0,0,0,1,0,1
Patch Antenna889
0,1,0,0,1,0,0,0,1,1
0,1,0,1,1,0,0,1,0,0
1,0,1,0,1,1,0,0,1,0
0,0,1,0,1,0,0,1,0,1
1,0,0,1,0,0,0,1,0,1
0,0,1,1,1,1,1,1,1,1
1,0,0,0,1,1,0,0,1,1
0,0,1,0,1,0,0,1,1,0
0,0,1,1,1,1,1,1,1,1
0,0,0,1,0,1,0,0,1,1
Patch Antenna890
0,1,0,1,0,1,0,1,0,0
1,0,0,1,1,0,0,0,1,1
0,1,0,0,0,0,0,1,0,0
0,1,0,0,0,0,0,1,0,1
1,0,0,1,1,1,0,0,0,0
0,1,1,0,1,0,1,1,0,1
0,1,0,1,1,0,0,0,1,0
1,0,0,1,0,1,0,1,0,0
0,1,1,0,0,0,0,0,1,1
0,1,1,1,0,0,0,0,1,0
Patch Antenna891
0,1,1,1,1,0,1,1,1,1
1,1,0,0,0,1,1,1,0,0
1,0,0,1,0,0,1,1,0,1
1,0,0,0,1,0,1,1,0,0
0,0,1,0,1,0,1,0,0,0
1,1,1,0,1,0,0,1,0,1
0,1,0,1,1,1,0,1,1,1
0,1,1,1,1,0,0,1,0,0
1,1,0,0,0,0,0,1,0,0
1,0,1,1,1,1,1,0,0,1
Patch Antenna892
1,1,1,0,1,0,0,0,0,0
1,0,0,0,1,0,0,0,1,0
1,1,1,1,0,1,0,1,0,0
0,0,1,1,1,1,1,0,1,0
1,0,0,0,0,1,0,0,0,1
1,1,0,0,1,1,0,0,0,1
0,1,0,1,1,0,0,1,1,1
1,1,0,0,0,0,1,0,1,1
1,0,0,0,0,1,0,0,0,1
1,0,1,1,0,1,0,0,1,0
Patch Antenna893
1,1,1,0,0,1,0,1,1,1
0,1,0,1,1,1,0,0,1,1
0,0,0,0,1,1,0,0,0,0
1,0,1,1,1,1,1,1,1,1
1,1,1,0,1,0,1,1,1,0
1,1,1,1,1,1,1,0,0,0
1,1,1,0,1,1,0,0,0,1
1,0,1,1,0,0,1,1,0,0
0,1,0,0,1,1,1,1,1,1
0,0,1,1,1,0,0,1,0,1
Patch Antenna894
1,1,1,1,0,1,0,0,1,1
1,0,0,0,1,0,0,1,0,0
0,0,1,1,0,0,1,0,0,0
0,1,1,0,0,0,0,0,0,0
1,0,1,0,0,0,1,1,0,1
0,0,0,1,0,1,0,1,0,1
0,0,1,0,1,1,1,1,1,1
1,0,0,1,1,0,0,1,1,1
1,0,1,0,0,0,1,1,0,0
1,1,0,0,0,0,1,0,1,0
Patch Antenna895
0,0,0,0,1,0,1,0,0,1
1,1,0,0,1,1,1,1,1,1
0,0,0,0,0,0,1,0,0,0
0,0,0,1,0,1,0,1,0,1
1,1,0,0,0,0,1,0,0,0
0,1,1,0,0,1,1,1,0,1
1,0,1,0,1,0,0,1,0,0
1,1,1,1,0,1,0,0,1,0
1,1,1,1,0,1,0,0,0,0
1,1,0,0,0,1,0,0,0,0
Patch Antenna896
1,0,0,1,0,1,1,0,1,1
1,1,1,1,0,0,0,0,0,0
0,0,0,0,0,1,0,0,0,0
0,0,0,0,1,0,1,1,1,0
1,1,1,0,1,1,0,0,0,0
0,1,0,0,0,0,1,1,0,1
1,0,0,0,1,0,0,0,1,0
0,1,0,0,1,0,0,0,0,1
0,0,1,0,1,0,0,1,0,0
1,1,0,1,1,0,0,0,0,1
Patch Antenna897
0,0,1,0,0,1,0,1,0,1
1,0,0,0,0,1,0,1,0,0
1,1,1,0,1,1,1,0,0,0
0,1,0,1,0,0,1,1,1,1
1,0,0,0,1,0,1,0,0,1
1,1,0,0,1,1,1,0,1,1
1,0,1,0,0,0,1,0,0,0
0,1,1,1,0,0,0,0,0,0
1,0,0,0,0,0,1,0,0,1
1,0,0,1,1,0,0,1,0,1
Patch Antenna898
0,1,1,0,1,0,0,0,0,1
1,1,0,1,1,1,0,0,1,0
1,0,0,0,1,1,1,0,0,0
0,0,1,1,1,1,0,0,0,1
0,1,0,0,0,1,1,1,1,0
1,0,0,1,1,0,0,1,1,1
0,1,0,1,0,1,0,1,0,1
0,0,0,0,1,0,1,0,1,1
0,0,0,1,0,1,1,0,0,0
1,1,1,1,1,0,0,1,0,1
Patch Antenna899
0,1,0,0,1,0,0,1,0,0
1,1,1,1,1,1,0,1,1,1
1,0,1,0,0,0,0,0,1,0
0,0,1,0,0,1,0,0,0,1
0,1,0,0,1,0,1,1,1,1
0,0,1,1,1,0,1,0,1,0
1,0,1,0,1,0,1,0,1,1
1,1,1,1,0,0,0,0,1,1
1,0,0,1,1,1,1,1,0,0
0,1,1,0,1,0,1,0,0,0
Patch Antenna900
1,0,1,0,1,0,0,0,1,0
0,0,1,1,0,1,1,0,1,1
0,0,0,1,0,0,1,0,1,1
0,1,0,0,0,0,0,0,0,1
0,0,0,1,1,0,1,1,0,1
0,0,1,1,1,1,0,1,1,0
1,1,0,0,1,1,1,1,1,1
0,0,1,1,0,1,0,1,0,1
0,0,1,0,1,0,0,1,1,0
0,1,1,1,1,0,1,1,1,0
Patch Antenna901
1,0,1,0,1,0,0,1,1,0
1,0,1,1,1,0,0,0,1,0
1,0,0,0,0,0,1,1,0,0
1,1,1,0,0,0,0,0,1,0
1,0,0,1,0,1,0,0,1,1
1,1,1,0,0,0,0,0,0,1
0,0,1,1,0,0,0,0,0,0
1,1,0,1,0,1,1,0,1,0
1,0,0,1,0,0,0,1,1,1
0,1,1,0,0,1,0,1,1,0
Patch Antenna902
0,1,1,1,0,0,0,0,1,1
0,1,1,1,0,1,0,1,0,0
1,0,1,1,0,0,1,1,1,1
1,1,1,1,1,0,1,0,1,1
0,0,1,1,1,0,1,1,1,1
1,1,0,0,1,1,1,0,0,1
0,1,1,0,1,0,0,1,1,1
1,1,1,0,0,1,0,0,1,0
0,0,1,1,1,1,0,0,0,0
0,0,1,0,1,0,1,0,1,0
Patch Antenna903
0,1,1,1,0,0,1,1,1,1
1,0,1,1,1,0,1,1,1,0
0,1,1,0,0,0,1,0,0,1
0,1,1,0,0,1,1,0,0,0
1,1,1,1,1,1,1,1,0,1
0,0,0,1,0,1,1,0,0,1
1,1,1,0,0,1,1,0,0,0
0,1,0,1,1,1,0,0,1,1
0,0,1,0,0,1,1,1,1,0
0,0,0,0,1,0,0,1,1,0
Patch Antenna904
1,1,1,0,0,0,0,0,0,0
0,0,0,1,0,1,0,1,1,0
1,0,0,1,1,0,0,0,0,0
1,0,1,1,1,0,1,1,1,0
0,0,1,0,1,0,0,0,1,1
0,0,1,0,0,0,1,0,0,0
1,0,1,1,1,1,1,1,1,1
1,0,1,0,0,1,1,1,0,1
1,1,0,0,0,0,1,1,0,0
1,1,1,0,0,0,1,0,0,0
Patch Antenna905
0,1,1,0,1,1,1,1,0,0
1,0,0,0,1,0,1,0,1,0
1,1,0,0,1,0,0,1,1,0
1,1,0,0,0,0,0,1,0,0
1,1,1,1,0,0,0,0,1,1
1,1,1,0,0,1,1,1,1,1
0,0,1,1,0,1,0,0,0,1
0,0,1,1,1,1,0,1,0,1
0,1,1,0,0,0,1,1,0,0
1,0,0,0,1,0,1,1,1,1
Patch Antenna906
0,1,0,0,1,0,1,0,0,1
1,1,1,1,0,1,0,0,0,1
1,1,1,0,0,1,1,1,1,1
0,0,1,0,0,1,1,1,1,1
1,0,1,1,0,0,1,0,1,0
1,1,1,0,0,1,0,0,0,0
0,0,1,1,0,0,0,0,1,0
0,0,1,0,1,0,0,1,0,1
0,0,1,0,1,0,0,0,1,1
0,1,1,1,0,0,1,0,1,0
Patch Antenna907
1,0,1,1,1,1,1,1,1,1
0,0,1,0,1,1,0,1,0,1
0,1,0,1,0,1,1,1,0,0
0,0,0,1,1,0,0,1,1,0
0,0,0,0,1,0,1,0,1,0
0,1,1,1,0,0,1,0,0,1
0,1,1,0,0,0,0,0,1,0
1,0,0,1,0,1,0,1,1,0
0,0,0,1,1,1,0,0,0,1
0,0,0,1,1,1,0,0,1,1
Patch Antenna908
0,1,0,1,1,1,0,0,0,0
1,0,1,1,1,0,1,1,0,1
0,1,1,1,1,0,1,1,0,0
0,0,0,0,0,0,0,0,1,0
1,1,0,0,1,0,0,1,1,0
0,1,1,1,1,1,0,0,0,0
0,0,1,0,1,0,0,0,0,0
1,1,1,1,1,1,0,1,1,0
0,0,0,1,0,0,0,0,1,1
0,0,0,1,0,0,0,1,0,1
Patch Antenna909
0,1,0,1,1,1,0,1,0,1
0,0,0,1,0,0,1,1,0,1
1,0,0,0,0,1,0,1,0,0
1,0,1,0,1,0,1,1,1,1
0,0,0,1,0,0,1,1,1,0
0,1,1,0,1,0,0,1,1,0
0,1,0,0,1,1,0,0,0,1
0,1,0,0,1,0,1,1,1,0
0,1,0,1,1,1,1,0,1,1
1,1,0,1,0,1,1,0,0,0
Patch Antenna910
0,1,1,0,0,1,0,0,1,1
0,0,0,0,1,0,0,0,1,0
0,0,1,0,1,1,1,1,1,1
0,1,0,0,0,1,1,1,0,1
0,1,0,1,0,1,1,0,1,1
1,1,1,0,1,1,0,1,0,1
1,1,0,1,1,1,0,0,0,0
1,0,0,0,0,0,1,0,0,1
1,0,0,1,0,1,0,1,1,1
0,1,0,1,0,1,0,1,1,1
Patch Antenna911
0,1,0,0,1,0,0,1,1,1
1,0,1,1,0,0,0,0,1,0
0,1,1,1,1,0,1,1,0,0
1,0,1,0,1,1,0,0,1,0
0,0,0,1,1,0,0,1,0,0
0,0,0,0,0,0,1,0,1,1
1,1,0,0,1,1,1,0,1,1
0,1,0,1,1,1,1,1,1,0
0,1,1,1,0,1,0,1,1,0
1,0,0,0,0,0,0,0,0,0
Patch Antenna912
0,0,1,0,0,0,0,1,1,1
1,1,0,0,1,1,0,0,1,1
0,0,0,0,1,1,0,1,0,1
0,1,1,0,0,0,0,1,1,1
1,1,1,1,1,1,0,1,1,0
1,0,0,1,1,1,1,0,1,0
1,0,1,0,0,1,0,1,1,1
1,0,1,0,1,1,0,1,0,0
1,1,1,0,0,0,1,0,0,1
0,0,1,1,1,0,1,1,0,0
Patch Antenna913
0,0,1,1,0,0,1,0,0,1
1,1,1,0,1,0,1,1,1,1
1,0,1,0,1,1,1,0,1,1
0,0,1,0,1,0,0,1,1,1
1,1,0,0,1,0,1,0,0,1
1,1,1,1,1,1,1,0,1,1
1,1,1,1,1,0,0,0,1,1
1,0,1,0,1,0,1,0,0,1
1,0,1,0,1,0,1,1,0,1
0,1,0,0,0,0,1,1,0,0
Patch Antenna914
1,0,1,0,0,1,0,0,1,0
0,1,0,0,0,0,1,0,1,1
0,1,1,1,1,1,0,0,0,0
0,0,0,0,1,1,1,1,0,0
0,0,1,1,0,1,1,1,0,1
0,1,0,1,1,0,0,1,0,1
1,0,1,0,0,0,0,1,1,1
0,1,1,0,1,0,0,0,0,0
0,0,1,1,0,0,0,1,1,1
1,1,0,0,0,1,1,1,1,0
Patch Antenna915
0,0,0,1,0,0,1,0,0,0
0,1,0,1,0,0,0,0,0,0
1,1,1,0,0,1,0,0,1,1
0,0,1,0,1,0,0,1,0,1
0,0,0,1,1,1,0,1,0,1
0,1,1,1,0,1,0,1,1,0
0,1,0,0,1,1,0,1,1,1
1,1,1,0,1,0,1,0,0,0
0,1,1,0,1,0,0,0,0,0
1,0,0,0,0,0,1,1,1,0
Patch Antenna916
1,0,0,0,0,1,1,1,0,1
0,1,0,0,1,0,1,0,0,1
1,1,0,0,0,0,0,1,0,0
0,0,0,1,1,1,1,1,1,0
0,1,0,0,1,0,0,0,0,0
1,1,0,1,0,0,0,1,0,0
0,0,1,0,1,0,1,0,0,1
0,0,0,1,1,1,1,1,1,1
1,1,1,1,0,1,1,0,0,1
0,0,1,1,1,1,1,0,0,1
Patch Antenna917
1,1,1,0,0,1,1,1,0,1
1,1,1,1,1,0,1,0,1,1
0,0,1,1,1,0,0,0,1,1
1,0,1,0,0,1,1,1,0,0
1,0,0,1,0,0,1,1,0,1
0,0,0,1,0,0,0,0,1,1
0,0,0,0,1,0,1,0,0,1
1,0,1,0,0,1,0,0,1,1
1,1,1,1,1,0,1,0,0,1
1,1,0,1,1,0,1,1,1,1
Patch Antenna918
0,1,1,1,0,0,1,1,0,0
0,1,1,1,0,1,1,1,0,1
0,1,1,0,0,0,1,1,0,0
0,1,0,0,1,0,0,1,0,1
0,1,1,1,0,1,0,1,1,1
1,0,1,1,1,1,1,0,0,0
1,0,1,0,0,0,0,1,1,0
1,1,1,1,1,1,0,0,0,1
1,1,0,0,0,1,1,1,1,1
0,1,1,0,1,1,1,0,0,0
Patch Antenna919
1,0,1,1,1,1,1,0,1,1
0,1,0,0,0,1,0,0,1,0
0,1,0,0,1,1,1,1,0,0
1,1,1,0,0,0,0,0,0,0
0,0,0,0,0,1,0,1,0,1
0,1,1,1,0,1,0,1,1,0
0,1,1,0,1,0,0,1,0,0
1,1,0,0,1,1,1,1,0,1
1,1,0,1,1,0,1,1,0,0
1,1,1,1,0,1,1,1,0,0
Patch Antenna920
1,0,1,0,1,0,1,0,1,1
0,0,0,0,0,1,1,0,0,1
1,1,1,0,0,1,1,1,1,1
0,1,1,0,1,1,1,1,1,0
0,1,0,0,0,1,1,1,1,0
0,0,0,1,1,0,1,0,1,1
1,0,1,1,1,1,0,1,1,0
0,0,0,0,0,0,1,1,1,0
0,1,0,0,0,0,1,1,0,1
1,1,1,0,1,1,1,1,0,0
Patch Antenna921
0,1,1,0,1,0,0,1,0,0
1,1,1,0,0,0,1,1,0,1
0,0,1,0,1,0,1,0,1,0
1,1,0,1,0,0,0,1,0,1
1,1,0,1,1,0,0,0,1,0
1,1,1,1,0,0,0,0,1,1
1,1,0,0,1,0,1,1,1,0
0,1,1,0,0,0,1,1,0,0
1,0,1,0,0,1,0,0,1,0
0,0,1,0,0,0,1,0,0,1
Patch Antenna922
0,0,0,0,1,1,1,0,1,1
0,0,0,1,1,1,1,1,1,1
1,1,1,1,1,1,0,1,0,1
1,1,0,0,1,0,0,1,0,0
1,1,1,1,0,0,1,1,0,1
0,0,1,0,1,0,1,1,0,1
1,1,1,1,1,0,0,1,0,1
0,1,1,0,0,1,0,1,1,1
1,0,1,0,1,1,0,1,0,0
1,0,1,0,1,1,0,0,0,1
Patch Antenna923
0,0,1,1,0,1,1,1,0,1
1,1,1,0,1,1,0,1,1,0
1,1,1,1,0,1,1,1,0,0
0,0,1,1,0,1,0,1,1,0
0,1,0,1,0,0,0,1,1,1
1,0,1,0,0,1,0,1,1,1
1,1,0,0,0,0,1,1,1,1
1,0,1,1,0,1,0,0,1,0
1,0,1,0,1,0,1,1,1,1
1,0,0,1,1,0,1,1,1,0
Patch Antenna924
1,1,0,1,1,1,0,1,0,0
0,1,1,0,0,0,0,1,0,1
0,1,1,0,1,0,0,1,0,1
0,1,1,1,0,0,1,0,1,1
0,1,1,1,1,0,1,0,1,1
1,1,1,0,1,1,0,1,1,0
0,1,0,1,0,0,1,1,0,1
1,0,0,1,1,1,1,1,1,1
0,1,1,1,0,1,1,1,0,0
1,0,1,0,1,1,1,0,1,0
Patch Antenna925
1,0,0,1,0,0,0,1,0,1
0,0,0,1,0,0,1,1,0,0
0,0,1,0,1,0,1,1,1,1
1,0,1,1,0,1,0,1,1,0
1,1,1,0,0,0,1,0,1,1
0,1,1,0,0,1,1,1,0,0
1,0,0,1,1,0,1,0,0,1
0,0,1,0,0,0,0,1,0,1
1,1,1,1,0,0,1,0,0,0
1,1,1,1,0,1,0,0,0,1
Patch Antenna926
0,0,1,0,1,0,0,1,0,0
0,1,0,0,0,1,1,0,0,0
0,0,0,1,0,0,1,0,1,0
1,1,0,1,0,1,1,0,1,1
1,0,1,0,0,1,0,0,1,1
0,1,0,0,1,0,1,1,0,0
0,0,1,1,1,0,0,0,1,0
0,0,1,1,1,0,1,0,1,0
0,1,0,0,0,1,0,0,0,1
0,1,0,0,1,0,1,1,0,0
Patch Antenna927
1,1,1,1,0,0,0,1,0,1
0,1,1,0,0,1,1,1,0,1
0,1,1,1,1,0,0,0,1,1
1,0,1,0,1,0,0,0,0,1
0,0,0,0,1,1,0,0,1,0
0,1,1,1,0,1,0,1,0,1
1,0,1,1,1,0,1,0,1,1
1,1,1,0,1,1,0,1,1,0
1,1,0,1,0,0,1,1,1,0
1,0,1,1,1,0,1,1,0,1
Patch Antenna928
0,1,1,0,1,0,1,0,1,1
0,1,0,0,1,0,1,1,1,1
1,0,0,0,1,0,0,0,0,0
0,0,1,0,0,0,0,1,0,1
0,1,0,0,0,1,0,1,0,1
1,1,0,0,0,0,0,0,1,1
1,0,1,1,1,1,1,1,0,0
1,1,0,1,0,1,0,0,1,0
0,1,0,0,0,0,0,1,1,1
1,0,0,1,0,0,0,1,0,1
Patch Antenna929
0,1,0,1,1,1,1,0,0,0
1,0,1,1,1,0,0,0,0,1
0,1,1,0,1,1,1,1,1,1
1,1,0,1,1,1,1,1,0,1
0,1,0,1,0,0,1,0,1,0
1,1,0,0,0,1,0,1,0,1
0,1,1,0,1,1,1,1,0,0
0,1,1,0,0,0,0,1,0,1
1,1,0,1,0,0,1,1,0,0
0,1,0,0,1,0,0,0,1,0
Patch Antenna930
0,1,1,0,1,1,1,0,1,1
1,1,0,1,1,0,0,0,1,1
0,0,1,1,0,0,0,1,0,1
1,0,0,1,1,0,1,1,1,1
1,1,1,1,0,1,0,0,0,0
1,1,0,1,0,0,0,0,1,1
0,0,1,0,0,1,0,0,0,1
1,0,0,0,0,0,1,1,1,1
1,1,1,0,0,1,1,1,0,1
0,1,0,0,1,0,0,1,0,0
Patch Antenna931
1,1,1,0,1,1,0,1,1,0
1,0,1,1,1,0,0,1,1,1
1,1,0,1,0,1,1,0,1,1
1,0,1,1,0,0,0,0,0,1
1,0,0,0,0,1,1,1,1,0
0,1,0,1,0,1,0,0,1,1
0,1,0,1,0,1,1,0,1,0
1,1,1,0,0,0,0,1,0,0
0,0,1,0,1,0,0,0,1,0
0,0,1,1,1,1,1,1,0,0
Patch Antenna932
1,1,0,1,0,0,1,0,0,1
0,1,1,0,1,0,0,0,0,1
1,1,0,0,0,0,1,0,1,1
0,0,1,1,1,0,1,0,0,0
0,0,1,1,1,1,1,0,1,0
0,1,1,1,0,1,1,1,1,0
1,0,0,1,0,1,1,1,0,1
1,0,0,1,1,1,0,0,0,1
1,1,0,1,1,0,0,0,0,1
1,0,0,0,1,1,1,0,0,1
Patch Antenna933
0,1,0,1,1,1,1,1,0,0
1,0,0,0,1,0,1,1,0,1
1,0,1,1,1,0,1,1,1,1
1,0,1,1,1,0,0,1,0,1
1,0,0,0,1,1,0,0,1,0
1,0,0,0,0,0,1,0,1,0
0,0,1,1,0,1,0,1,0,0
0,0,1,1,1,0,0,1,1,0
0,0,0,0,0,0,1,1,0,1
0,1,1,1,1,0,0,1,0,0
Patch Antenna934
1,1,1,0,0,1,0,1,1,0
0,0,1,0,0,0,1,0,0,0
0,1,1,1,1,0,1,1,1,0
0,1,0,0,0,0,1,0,1,1
0,1,1,0,0,1,1,1,1,0
1,1,1,1,1,0,1,0,1,0
1,1,0,1,0,0,0,0,0,1
1,0,1,0,0,0,0,0,1,1
1,1,1,0,1,0,0,1,1,0
0,0,1,0,0,0,1,1,0,0
Patch Antenna935
1,1,0,0,0,0,1,0,0,1
0,1,0,0,0,0,1,1,1,0
1,0,0,1,1,0,1,0,1,1
0,1,0,0,1,0,0,0,0,1
0,0,0,0,1,0,1,1,1,0
0,1,1,0,1,1,1,0,0,0
1,0,0,0,0,0,1,1,0,1
1,0,0,1,0,1,1,1,1,0
0,1,0,1,0,0,1,1,1,0
0,1,0,0,0,0,0,1,1,1
Patch Antenna936
0,0,0,1,0,1,1,1,0,1
0,1,1,0,0,1,0,1,1,1
1,0,0,1,0,0,0,1,0,0
0,0,1,0,1,0,1,0,1,0
1,1,0,1,1,1,1,0,1,0
1,0,0,0,1,0,0,1,1,1
1,1,1,1,1,0,0,0,1,0
0,1,0,0,0,0,1,1,0,0
0,0,0,0,1,0,0,0,1,1
0,1,0,0,1,0,0,0,0,1
Patch Antenna937
0,1,0,1,0,1,1,0,1,0
0,1,1,1,1,1,1,0,1,0
1,1,0,0,1,1,1,1,1,1
0,0,0,1,1,0,0,1,1,0
1,0,0,0,0,1,0,1,1,1
1,1,1,0,0,1,1,1,1,1
0,0,1,1,0,1,0,1,1,0
0,0,0,1,1,1,0,0,1,1
0,1,1,1,1,1,1,1,1,0
1,1,0,0,1,1,0,0,1,0
Patch Antenna938
0,0,1,0,1,0,1,0,0,0
1,1,1,0,0,1,1,0,1,1
0,1,1,0,1,1,0,1,0,0
1,0,1,0,1,1,1,0,0,1
0,1,0,1,0,0,0,1,1,1
0,1,1,1,0,0,1,1,1,1
0,0,1,0,0,0,1,0,0,1
0,0,0,1,1,1,0,1,0,1
1,0,0,1,0,1,0,1,1,0
0,1,1,1,0,0,0,1,1,1
Patch Antenna939
0,0,1,0,1,1,0,1,1,1
1,1,1,0,0,0,0,0,1,0
1,1,1,1,1,1,1,1,1,1
0,1,1,1,1,0,0,0,0,0
0,0,1,1,0,0,1,0,1,0
0,1,1,0,1,0,0,1,1,1
0,1,1,1,0,0,0,1,0,1
1,1,0,0,1,0,0,1,0,0
0,1,1,0,1,1,0,1,1,1
1,1,0,0,0,0,0,1,1,1
Patch Antenna940
1,0,0,0,0,1,0,1,1,1
1,0,0,1,0,0,0,1,0,1
0,1,0,1,0,0,0,0,0,0
0,1,1,0,0,1,1,0,0,0
1,0,0,0,0,0,1,1,1,0
1,0,1,1,1,1,1,1,0,0
1,1,0,0,1,1,0,0,1,0
0,0,0,0,0,1,0,1,1,0
1,1,0,0,0,0,1,1,1,0
0,0,0,1,1,0,1,0,1,0
Patch Antenna941
1,0,0,1,1,1,1,1,1,1
0,0,0,1,0,1,0,0,0,1
0,0,0,0,1,0,0,1,0,1
1,0,0,1,0,1,0,0,0,0
1,0,1,1,1,0,0,0,1,1
0,0,0,1,0,0,0,0,1,0
1,1,0,1,0,1,0,1,1,0
1,0,1,1,1,1,0,1,1,0
0,1,0,1,1,0,0,1,0,1
0,1,0,1,0,0,1,0,1,0
Patch Antenna942
1,0,1,1,1,1,1,1,1,1
0,0,0,0,0,0,0,0,1,1
0,0,1,1,1,0,1,1,1,0
0,0,1,0,1,1,1,0,1,0
0,0,0,0,1,0,0,0,1,0
0,1,0,1,1,1,0,1,0,1
0,0,0,0,1,0,1,0,1,0
1,1,1,0,1,1,0,0,0,1
0,1,0,0,0,1,0,1,0,1
0,0,1,1,1,1,1,0,1,1
Patch Antenna943
1,1,1,1,1,0,0,1,0,0
0,1,1,0,0,1,0,1,1,1
0,1,0,0,0,0,1,1,1,0
1,1,0,0,1,1,1,0,1,1
0,0,0,1,0,0,1,1,0,0
1,1,1,1,1,1,1,1,0,1
0,1,0,0,1,1,1,1,1,1
1,0,0,1,0,0,1,0,0,1
0,0,1,1,1,0,0,1,0,1
0,0,1,1,0,1,0,0,1,1
Patch Antenna944
0,1,1,0,0,0,0,0,1,1
1,1,0,0,0,0,0,1,0,0
0,0,1,0,0,1,0,1,0,1
0,1,1,1,1,0,1,0,0,0
1,0,1,0,1,1,0,1,0,1
0,1,1,1,0,0,1,0,0,0
1,1,0,0,1,0,1,1,1,0
1,1,1,0,1,1,0,1,0,0
0,0,0,1,1,1,0,0,0,0
0,1,1,0,0,1,0,0,1,0
Patch Antenna945
1,1,0,0,0,0,0,1,1,1
1,0,1,0,1,1,0,0,1,1
0,1,0,1,1,1,1,0,0,0
1,1,0,0,1,1,1,0,1,1
1,1,0,0,0,1,1,1,0,1
1,0,0,0,1,0,0,1,1,0
1,0,1,1,0,0,0,0,0,1
1,1,1,0,1,1,1,1,0,1
0,1,1,0,1,1,1,1,0,0
1,1,0,0,1,0,0,0,0,0
Patch Antenna946
1,0,1,1,0,1,0,1,0,0
0,1,1,0,0,1,0,0,1,1
0,1,1,1,1,0,1,1,0,1
0,0,0,0,1,1,1,0,1,0
1,1,0,1,1,1,0,0,1,0
0,0,0,1,0,0,0,1,0,1
0,1,1,0,1,1,0,1,0,1
0,0,0,0,0,0,1,1,1,1
1,0,1,1,0,0,1,0,0,0
0,0,0,0,0,0,1,0,1,1
Patch Antenna947
1,0,0,1,0,1,1,1,1,0
0,0,0,0,1,1,1,0,0,0
1,1,1,0,0,0,1,0,0,1
1,0,1,0,1,0,1,1,1,0
1,0,0,0,0,0,0,0,1,1
1,0,0,0,0,0,0,1,1,1
1,1,0,1,1,1,0,1,1,0
0,0,0,1,0,0,1,1,0,1
0,1,1,1,0,1,1,0,0,1
0,1,1,0,0,0,0,0,1,1
Patch Antenna948
1,0,0,1,0,1,1,1,1,1
0,0,1,1,1,1,1,0,1,1
0,1,1,0,1,1,1,0,1,0
0,1,0,0,1,1,0,0,0,1
0,1,1,0,1,1,0,0,0,1
0,0,0,1,1,1,1,1,1,1
0,1,1,1,1,1,1,0,0,1
1,0,1,0,1,0,0,1,0,0
1,0,0,0,0,0,0,0,1,0
1,1,0,0,1,1,1,0,0,0
Patch Antenna949
0,0,1,1,1,0,1,0,0,0
1,1,1,0,1,0,0,0,1,1
1,1,1,1,0,0,0,0,0,1
1,0,0,1,0,1,1,1,0,0
0,0,1,0,0,1,1,1,0,1
0,0,1,1,1,1,0,1,0,1
1,1,0,1,1,1,1,0,0,0
1,1,0,1,1,0,1,1,0,0
0,1,1,1,1,1,1,1,1,0
1,0,0,1,0,1,0,0,1,1
Patch Antenna950
0,0,0,1,0,1,0,0,1,0
1,0,0,1,0,0,0,1,1,1
1,0,0,0,1,1,1,1,1,1
1,0,0,0,1,0,1,0,1,1
0,1,0,1,1,0,1,0,1,0
0,1,1,1,1,0,1,0,1,1
1,1,0,1,0,0,1,1,1,0
1,0,1,1,1,1,0,0,0,1
0,1,0,0,1,0,0,1,1,0
1,1,1,1,1,1,1,0,1,1
Patch Antenna951
0,0,1,1,0,1,1,1,1,0
0,1,1,1,0,0,1,0,1,0
1,1,1,1,0,0,1,0,1,0
0,0,1,0,1,1,0,1,1,0
1,1,1,1,1,0,1,1,0,1
0,0,0,0,0,1,0,1,0,0
0,0,1,0,1,0,1,0,1,0
1,1,0,1,0,0,1,0,1,0
1,0,0,0,0,1,0,0,0,0
1,0,0,0,1,0,1,1,1,1
Patch Antenna952
1,0,0,1,0,0,1,1,1,1
0,1,1,1,0,0,0,0,0,1
1,0,1,0,1,0,1,0,1,0
1,1,0,1,0,0,0,1,1,1
1,1,1,1,0,0,0,0,0,1
1,1,1,0,0,0,1,1,0,1
0,1,0,0,0,1,1,0,0,1
0,1,1,0,1,1,0,0,0,1
1,0,0,0,1,1,1,1,1,1
1,0,1,0,1,0,1,0,1,1
Patch Antenna953
1,0,0,1,0,1,1,1,0,0
0,1,0,0,1,1,0,1,1,0
0,1,1,1,1,1,1,1,1,0
1,0,0,0,1,0,0,1,0,1
0,1,1,1,0,0,1,1,0,1
0,1,0,1,0,1,0,1,0,1
0,1,0,0,0,1,1,1,1,0
1,1,0,0,0,0,0,0,1,0
0,0,0,0,1,0,0,1,1,1
0,0,0,0,0,1,0,0,0,0
Patch Antenna954
1,1,0,0,1,1,1,0,0,0
0,1,1,1,0,0,1,0,0,1
1,1,1,0,0,1,0,1,1,1
1,1,1,1,1,0,1,0,0,0
0,0,0,0,1,1,1,1,1,1
0,0,1,1,0,1,0,0,0,0
0,0,1,0,0,0,1,1,0,1
1,1,0,0,0,0,1,1,1,0
1,0,0,0,0,1,1,1,1,1
1,0,0,0,1,1,0,0,0,0
Patch Antenna955
1,0,0,1,0,0,0,0,1,0
0,1,0,1,0,0,1,1,0,1
1,1,0,1,0,0,0,0,0,0
1,1,1,1,0,0,1,1,1,0
1,1,0,1,1,1,1,0,1,1
1,0,1,0,0,0,1,1,1,1
0,0,0,1,1,0,0,0,1,0
1,0,0,0,0,1,1,0,1,1
1,1,0,0,1,1,1,1,0,0
0,0,1,0,0,0,0,0,1,1
Patch Antenna956
0,1,0,0,1,0,1,1,0,0
0,1,0,1,1,1,1,1,0,1
0,0,0,1,1,1,0,0,0,1
1,0,1,0,0,0,0,1,1,0
0,1,0,1,0,0,0,0,0,1
1,1,1,1,0,1,1,0,1,0
0,0,1,1,0,1,1,0,1,1
0,0,1,1,1,1,0,0,1,0
1,1,1,1,1,1,1,1,1,1
1,0,1,0,1,1,0,0,0,1
Patch Antenna957
0,1,1,0,0,0,1,0,0,0
0,0,1,1,0,1,0,0,0,0
0,0,1,1,1,0,0,0,1,1
0,1,0,0,0,0,1,1,0,0
0,0,0,0,0,1,0,1,0,1
0,0,0,0,1,1,1,0,1,1
0,1,1,1,1,0,0,1,1,1
0,1,0,0,0,0,0,0,0,0
0,1,0,0,0,0,0,0,1,0
1,0,1,0,1,1,0,1,0,0
Patch Antenna958
1,1,1,0,0,1,0,0,1,1
0,0,1,1,0,0,1,1,1,0
1,1,1,1,0,1,0,1,1,1
0,0,0,0,0,0,0,0,0,0
1,1,1,1,0,1,1,0,0,0
0,1,1,0,0,1,0,0,0,0
0,1,1,1,1,1,0,1,0,1
1,0,1,1,0,1,1,1,1,0
1,0,1,0,1,0,1,1,1,1
0,1,0,1,0,1,1,1,1,0
Patch Antenna959
0,1,1,0,1,0,0,0,1,0
1,1,0,1,1,1,0,0,0,1
0,1,1,1,1,0,1,0,0,1
0,1,0,1,0,1,0,0,1,1
0,0,0,0,1,0,0,1,0,1
1,0,1,1,0,1,0,0,0,1
1,0,0,1,0,0,0,1,0,1
0,0,0,0,1,0,1,1,0,1
1,0,1,1,1,1,1,1,1,1
0,0,0,0,1,0,1,1,1,1
Patch Antenna960
1,1,0,0,1,0,0,0,1,0
0,1,0,1,0,1,0,0,0,0
1,1,1,1,0,0,0,0,0,1
1,1,0,0,0,0,1,1,0,1
1,1,0,1,0,1,0,1,1,1
0,1,1,0,1,0,0,1,0,0
1,0,1,1,1,1,1,1,0,0
0,1,1,0,0,0,0,0,1,1
0,1,1,1,1,1,1,1,0,1
0,0,0,0,1,0,1,0,0,1
Patch Antenna961
0,1,0,1,0,0,1,1,0,0
0,1,0,1,1,1,1,1,1,1
0,1,0,0,0,0,1,0,0,1
0,1,1,1,0,0,0,0,0,1
0,0,0,0,0,1,0,1,0,0
0,1,1,0,0,0,1,0,0,1
0,0,0,1,1,1,1,1,0,1
1,0,0,0,0,0,1,0,1,0
1,0,1,0,0,0,1,1,1,1
0,1,0,1,1,0,1,0,0,0
Patch Antenna962
1,1,0,0,0,0,0,0,0,0
0,0,1,0,1,0,0,1,0,1
0,0,0,1,1,0,0,0,0,0
1,0,1,0,1,0,0,1,0,0
1,1,0,1,1,1,0,0,0,0
1,0,1,1,1,0,0,1,0,0
1,1,0,1,1,1,1,0,1,0
1,1,0,0,1,0,0,1,1,0
0,1,0,1,0,1,0,0,0,0
0,0,0,0,0,1,0,1,1,1
Patch Antenna963
1,1,0,0,0,0,1,1,1,0
0,1,0,0,1,0,0,1,1,1
1,0,0,1,0,1,1,0,1,0
1,1,0,0,0,0,1,1,1,0
1,0,1,0,1,0,1,1,0,0
1,1,0,1,1,0,0,1,0,1
1,1,1,1,0,1,0,1,1,0
1,0,1,1,1,1,0,1,1,0
1,0,1,0,0,0,1,0,1,0
1,1,1,1,1,1,1,0,0,1
Patch Antenna964
1,0,1,1,0,0,0,1,0,1
1,1,1,0,1,0,0,1,0,1
1,0,1,0,0,1,1,1,1,1
1,1,1,0,1,1,1,1,1,0
1,1,0,0,0,0,1,1,1,0
0,1,0,1,0,0,0,0,0,1
1,0,0,0,1,1,1,0,0,1
0,1,1,0,0,0,1,1,0,1
0,0,0,0,1,0,1,1,0,1
1,0,0,1,1,1,0,0,0,1
Patch Antenna965
1,1,0,1,0,1,1,0,0,0
1,0,0,1,0,0,1,1,1,0
0,1,0,1,1,1,0,1,1,1
0,1,0,0,1,0,0,1,1,0
0,0,1,0,0,0,1,1,1,1
1,1,0,1,1,1,0,1,1,0
0,1,1,1,0,1,1,1,1,1
1,1,1,1,0,1,1,0,1,0
0,0,0,0,1,0,0,0,0,1
1,1,0,1,0,0,1,1,0,0
Patch Antenna966
1,0,0,0,0,1,0,1,0,0
1,1,1,1,0,1,0,0,0,0
1,1,0,1,0,1,0,0,1,0
1,0,0,1,1,1,1,1,1,1
1,1,0,0,0,0,1,0,1,1
0,0,1,0,0,0,1,1,1,0
1,0,1,0,1,1,1,1,1,0
0,1,0,1,0,1,1,0,1,1
1,1,1,1,0,1,0,0,0,1
1,1,1,0,1,0,0,1,1,0
Patch Antenna967
1,0,1,1,1,0,1,0,0,0
1,0,1,1,1,0,1,0,1,0
0,0,1,0,1,1,0,1,1,1
1,1,0,0,1,1,0,1,0,1
0,1,1,0,1,1,0,0,0,1
0,0,0,1,0,1,1,1,0,1
0,0,1,1,1,0,0,0,0,0
0,0,0,1,1,0,0,1,1,1
0,1,0,1,0,1,0,1,1,0
0,0,0,0,1,0,1,0,1,0
Patch Antenna968
0,1,1,0,1,1,1,0,0,0
1,1,1,0,1,1,0,0,0,0
0,0,0,0,1,0,1,0,0,1
1,0,1,0,1,1,0,0,0,0
0,0,0,0,0,1,1,1,1,0
0,1,1,0,1,0,1,0,1,0
0,0,0,0,1,1,0,0,0,1
0,1,1,1,1,0,1,0,1,1
1,1,0,1,1,0,1,0,1,1
1,0,1,1,1,1,1,1,0,0
Patch Antenna969
0,1,1,0,0,0,0,0,1,0
0,0,0,0,0,1,1,0,1,1
0,0,0,0,0,0,1,1,1,1
0,1,1,1,0,0,1,1,1,1
1,1,0,1,0,1,1,1,0,0
1,1,0,0,0,0,0,0,1,1
1,0,1,0,1,0,1,0,1,0
1,0,1,1,0,1,1,0,0,0
1,0,1,0,0,1,1,1,0,1
0,1,1,1,1,0,1,1,0,0
Patch Antenna970
0,0,1,0,0,0,1,1,1,0
1,1,1,1,1,1,1,0,0,0
1,0,1,0,0,1,1,1,0,0
0,1,0,1,1,0,0,0,0,1
1,0,0,0,0,1,0,0,1,0
1,0,0,1,1,1,1,1,0,1
0,0,0,0,0,1,1,0,1,1
1,0,1,1,0,0,1,0,1,0
1,1,1,0,1,0,0,1,1,0
1,0,0,1,0,1,0,0,0,0
Patch Antenna971
0,0,0,0,1,1,0,1,0,1
0,1,1,0,0,0,0,0,1,0
0,0,1,0,1,0,0,0,0,0
1,1,1,0,0,0,1,1,1,0
0,0,1,0,1,1,1,0,0,1
0,1,1,0,1,1,0,1,1,0
0,1,1,0,1,0,1,0,1,0
1,1,0,1,1,0,0,1,1,0
1,1,0,1,0,0,1,1,1,1
1,0,0,0,0,1,0,1,0,0
Patch Antenna972
0,1,1,0,0,0,1,1,1,0
0,1,1,1,1,0,0,1,1,0
0,1,1,1,0,1,1,1,1,0
0,1,1,0,1,1,0,0,0,1
0,1,0,1,1,1,1,1,0,1
1,1,0,1,1,0,1,0,1,0
1,1,0,0,0,0,0,0,1,1
1,0,0,1,1,0,1,0,0,1
1,1,0,1,1,0,1,1,1,1
1,0,0,1,1,1,0,1,1,1
Patch Antenna973
0,0,0,1,0,0,0,1,0,1
1,1,0,1,0,0,0,1,1,1
0,0,1,0,0,0,0,1,0,1
1,1,1,0,1,1,1,1,0,0
0,1,0,1,0,0,1,1,0,1
1,0,1,0,0,0,0,0,1,1
0,0,0,0,1,1,1,0,0,0
0,0,0,1,0,1,0,0,1,0
0,0,0,1,0,0,1,1,0,0
0,0,1,0,1,0,0,1,0,1
Patch Antenna974
1,1,1,0,1,0,0,0,0,1
1,1,1,0,1,1,1,0,0,1
0,0,1,0,0,0,0,1,1,1
0,0,1,0,0,1,0,1,0,0
0,1,1,1,0,0,0,1,1,0
1,0,1,1,0,1,1,0,0,0
1,0,1,1,0,1,0,0,1,1
1,1,0,0,0,1,0,0,1,1
0,0,0,1,0,1,1,1,1,0
1,0,0,0,1,0,1,0,0,1
Patch Antenna975
1,0,0,1,0,1,1,0,1,0
0,1,0,1,1,1,1,0,0,1
1,0,0,1,0,0,1,0,0,0
0,0,1,1,1,0,0,1,1,0
0,0,1,1,1,0,0,1,1,1
0,0,1,1,1,1,0,1,1,0
0,1,1,1,0,1,1,0,1,1
1,0,1,1,0,0,0,0,1,1
0,0,0,0,1,0,1,1,1,0
0,1,0,1,0,0,0,0,0,0
Patch Antenna976
1,0,1,0,1,1,1,1,0,1
1,1,0,0,1,0,1,1,1,0
0,0,1,0,1,0,0,0,1,1
0,0,1,0,1,1,1,1,0,1
1,1,0,0,0,1,0,1,0,1
0,1,0,1,0,0,1,1,0,1
1,1,1,1,0,1,0,0,0,1
1,0,0,1,0,1,1,0,1,0
0,1,1,1,1,1,0,1,0,0
1,0,1,1,1,1,0,1,0,0
Patch Antenna977
1,0,1,0,0,0,1,1,1,0
1,0,1,1,0,1,1,1,1,0
1,0,0,0,1,1,1,0,1,1
1,0,1,0,1,1,1,1,1,0
0,1,0,0,0,0,1,0,1,1
1,0,1,1,1,1,0,0,0,1
1,0,1,1,1,1,0,0,1,0
1,0,0,1,0,1,1,0,0,0
0,0,1,1,0,1,1,1,0,0
0,0,1,0,0,1,1,0,1,0
Patch Antenna978
1,1,1,0,1,1,1,0,1,1
0,0,1,0,0,0,1,1,1,1
1,0,1,0,0,0,1,0,1,1
0,0,1,1,0,0,1,1,0,0
0,1,0,0,0,0,1,1,1,1
1,0,0,0,0,0,1,1,1,0
1,1,0,0,0,0,1,0,0,0
1,0,0,0,1,1,1,1,1,0
0,1,1,1,0,1,1,0,1,1
1,1,0,0,1,1,1,1,1,0
Patch Antenna979
1,1,1,0,1,0,1,1,1,0
1,0,0,0,0,1,0,0,0,0
1,0,1,0,0,0,0,0,1,1
1,0,1,1,0,1,0,1,1,0
0,1,1,1,1,0,0,0,0,1
0,0,0,1,0,1,1,1,0,0
0,0,1,1,1,1,0,0,1,1
1,1,0,1,1,1,1,1,0,1
1,1,0,0,1,0,0,0,0,1
1,0,1,1,1,1,0,1,1,1
Patch Antenna980
1,1,1,0,1,0,1,1,0,1
1,0,1,0,0,1,1,1,1,0
0,0,1,0,1,1,0,1,0,1
0,1,1,1,0,0,0,1,1,1
0,0,1,1,1,0,1,0,0,0
1,1,1,1,1,0,0,0,1,0
0,0,1,0,1,1,0,1,1,0
1,0,1,0,0,1,1,1,1,0
1,1,0,1,1,0,1,0,0,1
0,1,0,0,0,1,1,0,0,1
Patch Antenna981
1,0,1,1,1,1,1,1,1,0
1,1,1,0,0,0,1,1,1,1
1,0,1,0,0,1,1,0,1,0
1,0,1,1,1,1,0,0,1,0
0,0,0,1,0,0,0,1,1,0
1,0,0,0,0,0,1,0,0,1
1,0,0,1,0,1,1,1,0,1
1,0,0,0,1,0,0,0,0,1
1,0,1,1,1,1,0,0,1,1
0,1,0,1,0,1,1,1,1,0
Patch Antenna982
1,1,1,0,1,1,0,0,0,0
1,0,1,0,0,0,1,1,1,1
0,1,0,0,0,1,1,1,0,1
0,0,1,0,0,0,1,0,0,0
0,0,1,1,0,1,0,1,1,1
1,0,1,0,0,1,0,1,1,0
0,0,0,0,1,0,1,1,0,1
0,1,1,1,0,1,1,0,1,0
1,0,1,1,1,1,0,1,1,0
0,1,1,0,1,1,0,1,0,0
Patch Antenna983
0,0,0,1,1,1,0,1,1,0
1,0,0,1,0,0,0,1,0,1
0,0,1,0,0,0,1,1,0,0
1,1,0,0,1,1,1,0,1,0
0,0,1,1,1,1,1,1,1,0
0,1,0,0,1,0,1,1,1,0
1,0,1,1,1,1,1,0,0,0
1,1,1,1,0,0,1,1,1,0
0,0,1,1,0,1,0,1,0,0
0,1,0,0,0,1,0,0,0,1
Patch Antenna984
0,1,0,1,1,0,1,1,0,1
1,1,0,0,0,0,0,0,1,0
1,0,1,0,0,1,0,0,0,1
0,1,0,0,0,1,1,0,0,1
1,1,0,0,0,0,0,1,0,0
0,0,0,1,0,1,0,0,1,0
0,1,0,0,1,1,1,1,0,1
1,0,1,1,0,1,0,1,0,1
0,1,0,1,0,1,0,0,1,1
1,1,0,1,0,1,0,1,1,1
Patch Antenna985
1,1,0,1,0,1,1,1,1,0
1,0,1,1,1,1,0,1,1,1
0,1,0,0,0,1,1,0,1,0
0,1,1,0,0,1,0,1,1,0
0,1,1,0,0,0,1,1,0,0
1,0,1,1,1,0,0,0,0,0
1,1,0,0,0,0,1,1,1,0
1,1,0,1,1,0,0,1,1,1
0,0,0,1,0,0,0,0,0,1
1,1,0,0,1,1,0,1,1,1
Patch Antenna986
1,0,1,0,1,1,0,0,0,1
0,1,1,1,0,1,1,1,0,0
0,1,0,0,1,0,0,0,0,0
1,1,0,0,0,1,1,0,0,1
1,1,0,1,1,1,1,1,1,1
0,0,0,1,1,1,1,0,1,0
1,1,1,1,0,1,1,0,1,1
1,1,1,1,0,0,1,0,1,1
0,0,1,0,1,1,0,0,1,1
1,0,1,1,0,0,1,1,1,0
Patch Antenna987
0,1,1,1,1,1,0,0,1,1
0,0,1,1,0,0,0,0,0,1
0,1,1,1,1,1,1,0,1,1
0,0,1,1,1,0,1,1,1,0
1,1,0,1,1,1,0,0,1,0
1,1,1,0,0,0,1,0,1,1
1,1,0,1,0,1,1,0,1,0
0,0,1,0,1,0,0,1,0,0
0,0,1,1,1,1,1,1,1,1
0,1,1,1,1,0,1,0,0,1
Patch Antenna988
1,1,1,0,0,0,1,0,1,0
0,0,0,0,0,1,0,1,0,1
0,1,1,0,1,0,1,1,0,0
0,1,1,0,1,1,1,0,0,0
1,1,0,1,1,1,0,0,1,1
1,0,0,1,0,0,0,0,0,0
0,0,0,1,1,1,1,0,1,1
0,1,1,1,0,0,0,0,0,0
0,0,1,0,1,0,1,0,1,1
0,1,0,1,1,0,0,1,1,1
Patch Antenna989
1,0,1,1,0,1,1,0,0,1
1,0,1,0,1,1,0,0,1,0
0,1,0,1,1,0,1,1,0,0
1,0,0,1,0,0,0,0,1,1
0,1,0,1,0,0,1,0,1,1
0,1,1,1,0,0,1,1,0,0
0,1,0,1,0,0,0,0,1,0
0,0,0,0,1,1,0,0,0,0
0,0,0,0,1,0,0,0,1,0
0,0,1,1,0,0,0,0,1,1
Patch Antenna990
0,1,1,0,1,0,1,0,0,1
1,1,1,0,1,0,0,0,1,0
0,0,0,0,1,0,0,0,0,0
0,1,1,1,0,0,1,0,1,0
1,0,1,0,0,1,0,1,1,0
0,1,0,0,1,1,0,1,1,0
0,0,1,0,0,0,0,1,1,1
0,1,0,0,0,0,1,0,1,1
1,0,1,0,1,0,1,1,1,1
0,0,0,0,1,1,1,0,0,1
Patch Antenna991
0,1,0,0,0,1,0,0,0,1
1,1,0,0,1,1,0,1,0,1
0,1,1,1,0,1,1,0,1,0
1,1,1,0,0,1,1,1,0,1
1,1,0,0,1,1,0,1,0,0
0,1,1,1,0,1,1,0,0,0
0,1,1,1,1,1,0,0,0,0
1,0,1,0,0,1,1,0,1,0
1,1,0,1,1,1,1,0,0,1
0,1,1,1,1,0,1,1,0,0
Patch Antenna992
1,1,1,1,0,0,1,0,0,0
1,0,1,1,0,1,0,1,0,1
0,0,0,0,0,1,1,0,0,1
0,1,0,1,0,1,0,0,1,1
1,1,1,1,0,1,0,1,1,1
1,0,0,0,0,1,0,1,1,1
0,0,0,1,0,1,0,0,0,1
1,1,1,0,1,1,1,0,0,0
1,0,1,0,1,1,0,0,0,0
1,0,1,0,0,1,0,0,0,1
Patch Antenna993
0,1,0,1,1,0,1,1,0,1
1,0,1,0,1,0,1,1,0,1
0,1,1,1,1,0,0,1,0,0
0,1,1,1,1,0,1,0,0,1
1,0,1,0,0,0,0,0,0,0
1,1,0,0,1,0,0,0,1,1
1,0,0,1,1,1,0,1,1,0
1,1,0,0,0,0,0,0,0,0
0,1,0,0,1,1,0,0,1,0
1,0,1,0,1,1,1,1,0,1
Patch Antenna994
1,1,0,0,1,0,1,0,1,1
0,1,1,0,0,1,1,1,1,1
1,1,1,1,0,1,0,1,1,1
0,0,0,0,0,0,0,1,1,0
1,0,0,0,1,1,0,1,1,0
0,0,1,0,0,1,1,1,1,1
1,1,1,1,0,1,0,1,1,1
0,0,1,1,1,0,0,1,1,1
0,1,0,1,1,1,0,1,1,1
1,1,1,0,0,1,0,0,0,1
Patch Antenna995
0,1,1,1,1,1,1,1,1,0
0,0,0,0,0,0,0,0,0,1
1,0,1,1,1,0,1,1,1,0
1,0,1,1,1,0,0,1,0,1
0,1,0,1,0,0,1,1,1,0
1,1,1,0,0,1,0,0,1,0
0,0,0,0,1,0,1,0,0,1
0,0,1,1,0,0,1,1,1,0
0,0,0,1,0,0,1,1,0,1
1,0,0,1,1,0,1,1,0,0
Patch Antenna996
1,0,0,0,0,1,0,0,1,1
0,1,0,1,0,0,0,1,1,1
1,1,0,1,0,0,1,0,1,1
1,0,0,1,0,0,0,0,1,0
0,1,0,1,1,1,0,1,0,1
0,0,1,1,0,1,1,0,0,1
1,1,0,0,1,0,0,0,1,0
1,1,0,1,0,1,1,0,0,1
0,0,0,1,1,0,1,0,0,0
1,1,1,1,0,1,0,1,1,1
Patch Antenna997
0,0,1,0,0,1,1,0,0,0
0,1,1,1,1,1,0,1,0,0
1,0,1,1,0,1,1,0,1,0
1,0,0,0,0,1,0,0,1,1
1,0,0,0,1,1,1,0,1,0
1,1,1,0,1,0,1,0,0,0
1,0,0,0,0,1,0,0,0,1
1,1,1,0,1,1,0,1,1,0
1,0,0,1,1,0,0,0,1,0
1,0,0,1,0,0,0,1,1,0
Patch Antenna998
1,1,1,0,1,1,0,0,0,1
1,1,0,1,1,1,0,0,0,0
0,1,1,0,0,0,0,0,0,0
0,0,1,0,1,1,1,0,0,0
0,0,1,1,1,1,1,1,1,1
1,1,1,0,0,0,1,1,1,1
1,0,1,0,1,0,1,1,1,1
0,1,1,0,0,0,0,0,0,1
0,1,1,1,1,0,0,1,1,0
1,0,0,0,0,0,0,1,1,0
Patch Antenna999
1,1,0,0,0,1,0,0,1,1
0,1,0,1,1,1,1,0,1,0
0,0,0,1,1,1,1,1,1,1
0,1,1,0,1,0,1,1,0,0
0,0,1,1,0,0,1,0,1,0
0,1,0,1,1,1,1,1,0,1
1,0,1,0,0,1,1,0,0,0
0,1,1,1,0,0,0,0,1,0
1,0,0,1,0,1,0,1,1,1
1,1,1,1,0,1,1,1,0,1
Patch Antenna1000
1,0,1,1,1,0,1,1,0,1
0,1,1,1,0,0,1,0,0,1
1,1,1,0,1,0,1,0,1,0
1,1,0,0,0,0,0,0,0,0
0,0,1,0,1,0,1,1,1,1
1,0,1,1,1,1,0,1,0,0
1,1,0,0,0,1,0,1,1,1
1,0,1,0,1,1,1,1,1,0
0,0,1,1,1,0,1,0,1,0
1,0,1,0,0,0,0,1,1,1
